C,NEMP.WORLD,TRADINGIS,AEMO,PUBLIC,2025/05/28,05:30:10,0000000465201023,TRADINGIS,0000000465201022
I,TRADING,INTERCONNECTORRES,2,SETTLEMENTDATE,RUNNO,INTERCONNECTORID,PERIODID,METEREDMWFLOW,MWFLOW,MWLOSSES,LASTCHANGED
D,TRADING,INTERCONNECTORRES,2,"2025/05/28 05:35:00",1,N-Q-MNSP1,67,0.1,0,0,"2025/05/28 05:30:03"
D,TRADING,INTERCONNECTORRES,2,"2025/05/28 05:35:00",1,NSW1-QLD1,67,163.9,116.05,2.55,"2025/05/28 05:30:03"
D,TRADING,INTERCONNECTORRES,2,"2025/05/28 05:35:00",1,T-V-MNSP1,67,-400.4,-406.97,18.81,"2025/05/28 05:30:03"
D,TRADING,INTERCONNECTORRES,2,"2025/05/28 05:35:00",1,V-S-MNSP1,67,163,168.91,21.97,"2025/05/28 05:30:03"
D,TRADING,INTERCONNECTORRES,2,"2025/05/28 05:35:00",1,V-SA,67,558.39,570.23,40.85,"2025/05/28 05:30:03"
D,TRADING,INTERCONNECTORRES,2,"2025/05/28 05:35:00",1,VIC1-NSW1,67,824.65,787.05,76.39,"2025/05/28 05:30:03"
I,TRADING,PRICE,3,SETTLEMENTDATE,RUNNO,REGIONID,PERIODID,RRP,EEP,INVALIDFLAG,LASTCHANGED,ROP,RAISE6SECRRP,RAISE6SECROP,RAISE60SECRRP,RAISE60SECROP,RAISE5MINRRP,RAISE5MINROP,RAISEREGRRP,RAISEREGROP,LOWER6SECRRP,LOWER6SECROP,LOWER60SECRRP,LOWER60SECROP,LOWER5MINRRP,LOWER5MINROP,LOWERREGRRP,LOWERREGROP,RAISE1SECRRP,RAISE1SECROP,LOWER1SECRRP,LOWER1SECROP,PRICE_STATUS
D,TRADING,PRICE,3,"2025/05/28 05:35:00",1,SA1,67,65.72,0,0,"2025/05/28 05:30:03",65.72,0.38,0.38,0.38,0.38,0.38,0.38,5,5,0.38,0.38,0.38,0.38,0.38,0.38,1,1,0.38,0.38,0,0,FIRM
D,TRADING,PRICE,3,"2025/05/28 05:35:00",1,NSW1,67,57.01,0,0,"2025/05/28 05:30:03",57.01,0.38,0.38,0.38,0.38,0.38,0.38,5,5,0.38,0.38,0.38,0.38,0.38,0.38,1,1,0.38,0.38,0,0,FIRM
D,TRADING,PRICE,3,"2025/05/28 05:35:00",1,QLD1,67,58.74,0,0,"2025/05/28 05:30:03",58.74,0.38,0.38,0.38,0.38,0.38,0.38,5,5,0.38,0.38,0.38,0.38,0.38,0.38,1,1,0.38,0.38,0,0,FIRM
D,TRADING,PRICE,3,"2025/05/28 05:35:00",1,TAS1,67,31.19,0,0,"2025/05/28 05:30:03",31.19,0.38,0.38,0.38,0.38,0.38,0.38,7.4,7.4,0.38,0.38,0.38,0.38,0.38,0.38,6.39,6.39,0.38,0.38,0,0,FIRM
D,TRADING,PRICE,3,"2025/05/28 05:35:00",1,VIC1,67,29.07,0,0,"2025/05/28 05:30:03",29.07,0.38,0.38,0.38,0.38,0.38,0.38,5,5,0.38,0.38,0.38,0.38,0.38,0.38,1,1,0.38,0.38,0,0,FIRM
C,"END OF REPORT",15
