C,NEMP.WORLD,TRADINGIS,AEMO,PUBLIC,2025/05/27,02:15:17,0000000465031946,TRADINGIS,0000000465031945
I,TRADING,INTERCONNECTORRES,2,SETTLEMENTDATE,RUNNO,INTERCONNECTORID,PERIODID,METEREDMWFLOW,MWFLOW,MWLOSSES,LASTCHANGED
D,TRADING,INTERCONNECTORRES,2,"2025/05/27 02:20:00",1,N-Q-MNSP1,28,8.9,9,0.6,"2025/05/27 02:15:07"
D,TRADING,INTERCONNECTORRES,2,"2025/05/27 02:20:00",1,NSW1-QLD1,28,488.7,484.49,20.6,"2025/05/27 02:15:07"
D,TRADING,INTERCONNECTORRES,2,"2025/05/27 02:20:00",1,T-V-MNSP1,28,-460.9,-457.59,23.56,"2025/05/27 02:15:07"
D,TRADING,INTERCONNECTORRES,2,"2025/05/27 02:20:00",1,V-S-MNSP1,28,-146,-146.6,36.71,"2025/05/27 02:15:07"
D,TRADING,INTERCONNECTORRES,2,"2025/05/27 02:20:00",1,V-SA,28,-272.69,-287.27,3.11,"2025/05/27 02:15:07"
D,TRADING,INTERCONNECTORRES,2,"2025/05/27 02:20:00",1,VIC1-NSW1,28,962.49,938.85,93.3,"2025/05/27 02:15:07"
I,TRADING,PRICE,3,SETTLEMENTDATE,RUNNO,REGIONID,PERIODID,RRP,EEP,INVALIDFLAG,LASTCHANGED,ROP,RAISE6SECRRP,RAISE6SECROP,RAISE60SECRRP,RAISE60SECROP,RAISE5MINRRP,RAISE5MINROP,RAISEREGRRP,RAISEREGROP,LOWER6SECRRP,LOWER6SECROP,LOWER60SECRRP,LOWER60SECROP,LOWER5MINRRP,LOWER5MINROP,LOWERREGRRP,LOWERREGROP,RAISE1SECRRP,RAISE1SECROP,LOWER1SECRRP,LOWER1SECROP,PRICE_STATUS
D,TRADING,PRICE,3,"2025/05/27 02:20:00",1,SA1,28,-13.33,0,0,"2025/05/27 02:15:07",-13.33,0.01,0.01,0.01,0.01,0.04,0.04,5.99,5.99,0.38,0.38,0.38,0.38,0.1,0.1,3.65,3.65,0.1,0.1,0,0,FIRM
D,TRADING,PRICE,3,"2025/05/27 02:20:00",1,NSW1,28,41.34,0,0,"2025/05/27 02:15:07",41.34,0.01,0.01,0.01,0.01,0.04,0.04,5.99,5.99,0.38,0.38,0.38,0.38,0.1,0.1,3.65,3.65,0.1,0.1,0,0,FIRM
D,TRADING,PRICE,3,"2025/05/27 02:20:00",1,QLD1,28,44.94,0,0,"2025/05/27 02:15:07",44.94,0.01,0.01,0.01,0.01,0.04,0.04,5.99,5.99,0.38,0.38,0.38,0.38,0.1,0.1,3.65,3.65,0.1,0.1,0,0,FIRM
D,TRADING,PRICE,3,"2025/05/27 02:20:00",1,TAS1,28,11.25,0,0,"2025/05/27 02:15:07",11.25,0.38,0.38,0.38,0.38,0.04,0.04,6.97,6.97,0.38,0.38,0.38,0.38,0,0,2.55,2.55,0.1,0.1,0,0,FIRM
D,TRADING,PRICE,3,"2025/05/27 02:20:00",1,VIC1,28,-13.91,0,0,"2025/05/27 02:15:07",-13.91,0.01,0.01,0.01,0.01,0.04,0.04,5.99,5.99,0.38,0.38,0.38,0.38,0.1,0.1,3.65,3.65,0.1,0.1,0,0,FIRM
C,"END OF REPORT",15
