C,NEMP.WORLD,TRADINGIS,AEMO,PUBLIC,2025/05/27,22:35:10,0000000465160402,TRADINGIS,0000000465160401
I,TRADING,INTERCONNECTORRES,2,SETTLEMENTDATE,RUNNO,INTERCONNECTORID,PERIODID,METEREDMWFLOW,MWFLOW,MWLOSSES,LASTCHANGED
D,TRADING,INTERCONNECTORRES,2,"2025/05/27 22:40:00",1,N-Q-MNSP1,272,9.1,9,0.6,"2025/05/27 22:35:03"
D,TRADING,INTERCONNECTORRES,2,"2025/05/27 22:40:00",1,NSW1-QLD1,272,332.5,329.99,18.72,"2025/05/27 22:35:03"
D,TRADING,INTERCONNECTORRES,2,"2025/05/27 22:40:00",1,T-V-MNSP1,272,-474.3,-475.17,25.33,"2025/05/27 22:35:03"
D,TRADING,INTERCONNECTORRES,2,"2025/05/27 22:40:00",1,V-S-MNSP1,272,171,149.75,16.03,"2025/05/27 22:35:03"
D,TRADING,INTERCONNECTORRES,2,"2025/05/27 22:40:00",1,V-SA,272,544.31,570.64,42.17,"2025/05/27 22:35:03"
D,TRADING,INTERCONNECTORRES,2,"2025/05/27 22:40:00",1,VIC1-NSW1,272,202.07,208.01,7.67,"2025/05/27 22:35:03"
I,TRADING,PRICE,3,SETTLEMENTDATE,RUNNO,REGIONID,PERIODID,RRP,EEP,INVALIDFLAG,LASTCHANGED,ROP,RAISE6SECRRP,RAISE6SECROP,RAISE60SECRRP,RAISE60SECROP,RAISE5MINRRP,RAISE5MINROP,RAISEREGRRP,RAISEREGROP,LOWER6SECRRP,LOWER6SECROP,LOWER60SECRRP,LOWER60SECROP,LOWER5MINRRP,LOWER5MINROP,LOWERREGRRP,LOWERREGROP,RAISE1SECRRP,RAISE1SECROP,LOWER1SECRRP,LOWER1SECROP,PRICE_STATUS
D,TRADING,PRICE,3,"2025/05/27 22:40:00",1,SA1,272,80.63,0,0,"2025/05/27 22:35:03",80.63,0.1,0.1,0.04,0.04,0.01,0.01,0.01,0.01,0.1,0.1,0.45,0.45,0.1,0.1,3.7,3.7,0.04,0.04,0,0,FIRM
D,TRADING,PRICE,3,"2025/05/27 22:40:00",1,NSW1,272,65.01,0,0,"2025/05/27 22:35:03",65.01,0.1,0.1,0.04,0.04,0.01,0.01,0.01,0.01,0.1,0.1,0.45,0.45,0.1,0.1,3.7,3.7,0.04,0.04,0,0,FIRM
D,TRADING,PRICE,3,"2025/05/27 22:40:00",1,QLD1,272,70.93,0,0,"2025/05/27 22:35:03",70.93,0.1,0.1,0.04,0.04,0.01,0.01,0.01,0.01,0.1,0.1,0.45,0.45,0.1,0.1,3.7,3.7,0.04,0.04,0,0,FIRM
D,TRADING,PRICE,3,"2025/05/27 22:40:00",1,TAS1,272,75.02,0,0,"2025/05/27 22:35:03",75.02,0.38,0.38,0.38,0.38,0.36,0.36,7.4,7.4,0.1,0.1,0.38,0.38,0,0,2.48,2.48,0.04,0.04,0,0,FIRM
D,TRADING,PRICE,3,"2025/05/27 22:40:00",1,VIC1,272,61.51,0,0,"2025/05/27 22:35:03",61.51,0.1,0.1,0.04,0.04,0.01,0.01,0.01,0.01,0.1,0.1,0.45,0.45,0.1,0.1,3.7,3.7,0.04,0.04,0,0,FIRM
C,"END OF REPORT",15
