C,NEMP.WORLD,TRADINGIS,AEMO,PUBLIC,2025/05/28,19:55:10,0000000465289414,TRADINGIS,0000000465289413
I,TRADING,INTERCONNECTORRES,2,SETTLEMENTDATE,RUNNO,INTERCONNECTORID,PERIODID,METEREDMWFLOW,MWFLOW,MWLOSSES,LASTCHANGED
D,TRADING,INTERCONNECTORRES,2,"2025/05/28 20:00:00",1,N-Q-MNSP1,240,-31.6,-33,1.59,"2025/05/28 19:55:03"
D,TRADING,INTERCONNECTORRES,2,"2025/05/28 20:00:00",1,NSW1-QLD1,240,-984.8,-979.36,33.08,"2025/05/28 19:55:03"
D,TRADING,INTERCONNECTORRES,2,"2025/05/28 20:00:00",1,T-V-MNSP1,240,86,123.02,1.1,"2025/05/28 19:55:03"
D,TRADING,INTERCONNECTORRES,2,"2025/05/28 20:00:00",1,V-S-MNSP1,240,54,54,-0.46,"2025/05/28 19:55:03"
D,TRADING,INTERCONNECTORRES,2,"2025/05/28 20:00:00",1,V-SA,240,170.79,206.41,6.86,"2025/05/28 19:55:03"
D,TRADING,INTERCONNECTORRES,2,"2025/05/28 20:00:00",1,VIC1-NSW1,240,104.17,127.74,1.64,"2025/05/28 19:55:03"
I,TRADING,PRICE,3,SETTLEMENTDATE,RUNNO,REGIONID,PERIODID,RRP,EEP,INVALIDFLAG,LASTCHANGED,ROP,RAISE6SECRRP,RAISE6SECROP,RAISE60SECRRP,RAISE60SECROP,RAISE5MINRRP,RAISE5MINROP,RAISEREGRRP,RAISEREGROP,LOWER6SECRRP,LOWER6SECROP,LOWER60SECRRP,LOWER60SECROP,LOWER5MINRRP,LOWER5MINROP,LOWERREGRRP,LOWERREGROP,RAISE1SECRRP,RAISE1SECROP,LOWER1SECRRP,LOWER1SECROP,PRICE_STATUS
D,TRADING,PRICE,3,"2025/05/28 20:00:00",1,SA1,240,129.99,0,0,"2025/05/28 19:55:03",129.99,0.38,0.38,0.23,0.23,0.23,0.23,10.98,10.98,0.1,0.1,0.38,0.38,0.1,0.1,0.1,0.1,0.37,0.37,0,0,FIRM
D,TRADING,PRICE,3,"2025/05/28 20:00:00",1,NSW1,240,125.42,0,0,"2025/05/28 19:55:03",125.42,0.38,0.38,0.23,0.23,0.23,0.23,10.98,10.98,0.1,0.1,0.38,0.38,0.1,0.1,0.1,0.1,0.37,0.37,0,0,FIRM
D,TRADING,PRICE,3,"2025/05/28 20:00:00",1,QLD1,240,110.7,0,0,"2025/05/28 19:55:03",110.7,0.38,0.38,0.23,0.23,0.23,0.23,10.98,10.98,0.1,0.1,0.38,0.38,0.1,0.1,0.1,0.1,0.37,0.37,0,0,FIRM
D,TRADING,PRICE,3,"2025/05/28 20:00:00",1,TAS1,240,117.54,0,0,"2025/05/28 19:55:03",117.54,0.38,0.38,0.38,0.38,0.23,0.23,9.4,9.4,0.1,0.1,0.38,0.38,0.1,0.1,3.48,3.48,0.37,0.37,0,0,FIRM
D,TRADING,PRICE,3,"2025/05/28 20:00:00",1,VIC1,240,122.69,0,0,"2025/05/28 19:55:03",122.69,0.38,0.38,0.23,0.23,0.23,0.23,10.98,10.98,0.1,0.1,0.38,0.38,0.1,0.1,0.1,0.1,0.37,0.37,0,0,FIRM
C,"END OF REPORT",15
