C,NEMP.WORLD,TRADINGIS,AEMO,PUBLIC,2025/05/29,02:50:11,0000000465329006,TRADINGIS,0000000465329005
I,TRADING,INTERCONNECTORRES,2,SETTLEMENTDATE,RUNNO,INTERCONNECTORID,PERIODID,METEREDMWFLOW,MWFLOW,MWLOSSES,LASTCHANGED
D,TRADING,INTERCONNECTORRES,2,"2025/05/29 02:55:00",1,N-Q-MNSP1,35,-17.3,-17,0.07,"2025/05/29 02:50:04"
D,TRADING,INTERCONNECTORRES,2,"2025/05/29 02:55:00",1,NSW1-QLD1,35,-359.1,-374.81,13.28,"2025/05/29 02:50:04"
D,TRADING,INTERCONNECTORRES,2,"2025/05/29 02:55:00",1,T-V-MNSP1,35,-414.5,-437.17,21.58,"2025/05/29 02:50:04"
D,TRADING,INTERCONNECTORRES,2,"2025/05/29 02:55:00",1,V-S-MNSP1,35,63,63,0.15,"2025/05/29 02:50:04"
D,TRADING,INTERCONNECTORRES,2,"2025/05/29 02:55:00",1,V-SA,35,327.1,327.76,16.48,"2025/05/29 02:50:04"
D,TRADING,INTERCONNECTORRES,2,"2025/05/29 02:55:00",1,VIC1-NSW1,35,489.63,484.33,33.71,"2025/05/29 02:50:04"
I,TRADING,PRICE,3,SETTLEMENTDATE,RUNNO,REGIONID,PERIODID,RRP,EEP,INVALIDFLAG,LASTCHANGED,ROP,RAISE6SECRRP,RAISE6SECROP,RAISE60SECRRP,RAISE60SECROP,RAISE5MINRRP,RAISE5MINROP,RAISEREGRRP,RAISEREGROP,LOWER6SECRRP,LOWER6SECROP,LOWER60SECRRP,LOWER60SECROP,LOWER5MINRRP,LOWER5MINROP,LOWERREGRRP,LOWERREGROP,RAISE1SECRRP,RAISE1SECROP,LOWER1SECRRP,LOWER1SECROP,PRICE_STATUS
D,TRADING,PRICE,3,"2025/05/29 02:55:00",1,SA1,35,74.63,0,0,"2025/05/29 02:50:04",74.63,0.23,0.23,0.1,0.1,0.1,0.1,5.99,5.99,0.5,0.5,1.63,1.63,0.1,0.1,1.49,1.49,0.38,0.38,0,0,FIRM
D,TRADING,PRICE,3,"2025/05/29 02:55:00",1,NSW1,35,76.58,0,0,"2025/05/29 02:50:04",76.58,0.23,0.23,0.1,0.1,0.1,0.1,5.99,5.99,0.5,0.5,1.63,1.63,0.1,0.1,1.49,1.49,0.38,0.38,0,0,FIRM
D,TRADING,PRICE,3,"2025/05/29 02:55:00",1,QLD1,35,71.44,0,0,"2025/05/29 02:50:04",71.44,0.23,0.23,0.1,0.1,0.1,0.1,5.99,5.99,0.5,0.5,1.63,1.63,0.1,0.1,1.49,1.49,0.38,0.38,0,0,FIRM
D,TRADING,PRICE,3,"2025/05/29 02:55:00",1,TAS1,35,77.3,0,0,"2025/05/29 02:50:04",77.3,0.38,0.38,0.38,0.38,0.38,0.38,8.4,8.4,0.38,0.38,0.38,0.38,0,0,2.48,2.48,0.38,0.38,0,0,FIRM
D,TRADING,PRICE,3,"2025/05/29 02:55:00",1,VIC1,35,68.38,0,0,"2025/05/29 02:50:04",68.38,0.23,0.23,0.1,0.1,0.1,0.1,5.99,5.99,0.5,0.5,1.63,1.63,0.1,0.1,1.49,1.49,0.38,0.38,0,0,FIRM
C,"END OF REPORT",15
