C,NEMP.WORLD,TRADINGIS,AEMO,PUBLIC,2025/06/04,13:10:11,0000000466245947,TRADINGIS,0000000466245946
I,TRADING,INTERCONNECTORRES,2,SETTLEMENTDATE,RUNNO,INTERCONNECTORID,PERIODID,METEREDMWFLOW,MWFLOW,MWLOSSES,LASTCHANGED
D,TRADING,INTERCONNECTORRES,2,"2025/06/04 13:15:00",1,N-Q-MNSP1,159,82.9,44.73,7.43,"2025/06/04 13:10:03"
D,TRADING,INTERCONNECTORRES,2,"2025/06/04 13:15:00",1,NSW1-QLD1,159,-1099.7,-1102.02,109.2,"2025/06/04 13:10:03"
D,TRADING,INTERCONNECTORRES,2,"2025/06/04 13:15:00",1,T-V-MNSP1,159,-470.6,-478,25.62,"2025/06/04 13:10:03"
D,TRADING,INTERCONNECTORRES,2,"2025/06/04 13:15:00",1,V-S-MNSP1,159,-27,-86.22,15.33,"2025/06/04 13:10:03"
D,TRADING,INTERCONNECTORRES,2,"2025/06/04 13:15:00",1,V-SA,159,-472.9,-486.74,50.36,"2025/06/04 13:10:03"
D,TRADING,INTERCONNECTORRES,2,"2025/06/04 13:15:00",1,VIC1-NSW1,159,-14.5,-112.87,-7.72,"2025/06/04 13:10:03"
I,TRADING,PRICE,3,SETTLEMENTDATE,RUNNO,REGIONID,PERIODID,RRP,EEP,INVALIDFLAG,LASTCHANGED,ROP,RAISE6SECRRP,RAISE6SECROP,RAISE60SECRRP,RAISE60SECROP,RAISE5MINRRP,RAISE5MINROP,RAISEREGRRP,RAISEREGROP,LOWER6SECRRP,LOWER6SECROP,LOWER60SECRRP,LOWER60SECROP,LOWER5MINRRP,LOWER5MINROP,LOWERREGRRP,LOWERREGROP,RAISE1SECRRP,RAISE1SECROP,LOWER1SECRRP,LOWER1SECROP,PRICE_STATUS
D,TRADING,PRICE,3,"2025/06/04 13:15:00",1,SA1,159,39.85,0,0,"2025/06/04 13:10:03",39.85,0.1,0.1,0.04,0.04,0.04,0.04,3.98,3.98,0.39,0.39,1.84,1.84,0.39,0.39,4,4,0.1,0.1,0,0,FIRM
D,TRADING,PRICE,3,"2025/06/04 13:15:00",1,NSW1,159,57.01,0,0,"2025/06/04 13:10:03",57.01,0.1,0.1,0.04,0.04,0.04,0.04,3.98,3.98,0.39,0.39,1.84,1.84,0.39,0.39,4,4,0.1,0.1,0,0,FIRM
D,TRADING,PRICE,3,"2025/06/04 13:15:00",1,QLD1,159,-19.51,0,0,"2025/06/04 13:10:03",-19.51,0.1,0.1,0.04,0.04,0.04,0.04,3.98,3.98,0.39,0.39,1.84,1.84,0.39,0.39,4,4,0.1,0.1,0,0,FIRM
D,TRADING,PRICE,3,"2025/06/04 13:15:00",1,TAS1,159,150.24,0,0,"2025/06/04 13:10:03",150.24,0.38,0.38,0.38,0.38,0.36,0.36,8.31,8.31,0.38,0.38,1.37,1.37,0,0,3.1,3.1,0.1,0.1,0,0,FIRM
D,TRADING,PRICE,3,"2025/06/04 13:15:00",1,VIC1,159,53.71,0,0,"2025/06/04 13:10:03",53.71,0.1,0.1,0.04,0.04,0.04,0.04,3.98,3.98,0.39,0.39,1.84,1.84,0.39,0.39,4,4,0.1,0.1,0,0,FIRM
C,"END OF REPORT",15
