C,NEMP.WORLD,TRADINGIS,AEMO,PUBLIC,2025/05/29,13:10:11,0000000465390540,TRADINGIS,0000000465390539
I,TRADING,INTERCONNECTORRES,2,SETTLEMENTDATE,RUNNO,INTERCONNECTORID,PERIODID,METEREDMWFLOW,MWFLOW,MWLOSSES,LASTCHANGED
D,TRADING,INTERCONNECTORRES,2,"2025/05/29 13:15:00",1,N-Q-MNSP1,159,-6.5,-9,-0.16,"2025/05/29 13:10:04"
D,TRADING,INTERCONNECTORRES,2,"2025/05/29 13:15:00",1,NSW1-QLD1,159,-156,-59.52,-0.43,"2025/05/29 13:10:04"
D,TRADING,INTERCONNECTORRES,2,"2025/05/29 13:15:00",1,T-V-MNSP1,159,-438.3,-455.08,23.31,"2025/05/29 13:10:04"
D,TRADING,INTERCONNECTORRES,2,"2025/05/29 13:15:00",1,V-S-MNSP1,159,9,-9,0.76,"2025/05/29 13:10:04"
D,TRADING,INTERCONNECTORRES,2,"2025/05/29 13:15:00",1,V-SA,159,-114.04,-302.64,20.93,"2025/05/29 13:10:04"
D,TRADING,INTERCONNECTORRES,2,"2025/05/29 13:15:00",1,VIC1-NSW1,159,269.87,481.24,57.09,"2025/05/29 13:10:04"
I,TRADING,PRICE,3,SETTLEMENTDATE,RUNNO,REGIONID,PERIODID,RRP,EEP,INVALIDFLAG,LASTCHANGED,ROP,RAISE6SECRRP,RAISE6SECROP,RAISE60SECRRP,RAISE60SECROP,RAISE5MINRRP,RAISE5MINROP,RAISEREGRRP,RAISEREGROP,LOWER6SECRRP,LOWER6SECROP,LOWER60SECRRP,LOWER60SECROP,LOWER5MINRRP,LOWER5MINROP,LOWERREGRRP,LOWERREGROP,RAISE1SECRRP,RAISE1SECROP,LOWER1SECRRP,LOWER1SECROP,PRICE_STATUS
D,TRADING,PRICE,3,"2025/05/29 13:15:00",1,SA1,159,49.65,0,0,"2025/05/29 13:10:04",49.65,0.01,0.01,0,0,0.04,0.04,5.65,5.65,0.38,0.38,0.39,0.39,0.38,0.38,0.38,0.38,0.38,0.38,0,0,FIRM
D,TRADING,PRICE,3,"2025/05/29 13:15:00",1,NSW1,159,65.01,0,0,"2025/05/29 13:10:04",65.01,0.01,0.01,0,0,0.04,0.04,5.65,5.65,0.38,0.38,0.39,0.39,0.38,0.38,0.38,0.38,0.38,0.38,0,0,FIRM
D,TRADING,PRICE,3,"2025/05/29 13:15:00",1,QLD1,159,75.63,0,0,"2025/05/29 13:10:04",75.63,4.85,4.85,5.41,5.41,0.38,0.38,5.99,5.99,0.38,0.38,0.38,0.38,0.38,0.38,0.38,0.38,0.38,0.38,0,0,FIRM
D,TRADING,PRICE,3,"2025/05/29 13:15:00",1,TAS1,159,102.04,0,0,"2025/05/29 13:10:04",102.04,0.38,0.38,0.38,0.38,0.36,0.36,7.54,7.54,0.38,0.38,0.38,0.38,0,0,2.46,2.46,0.38,0.38,0,0,FIRM
D,TRADING,PRICE,3,"2025/05/29 13:15:00",1,VIC1,159,55.13,0,0,"2025/05/29 13:10:04",55.13,0.01,0.01,0,0,0.04,0.04,5.65,5.65,0.38,0.38,0.39,0.39,0.38,0.38,0.38,0.38,0.38,0.38,0,0,FIRM
C,"END OF REPORT",15
