C,NEMP.WORLD,TRADINGIS,AEMO,PUBLIC,2025/05/28,22:20:10,0000000465303570,TRADINGIS,0000000465303569
I,TRADING,INTERCONNECTORRES,2,SETTLEMENTDATE,RUNNO,INTERCONNECTORID,PERIODID,METEREDMWFLOW,MWFLOW,MWLOSSES,LASTCHANGED
D,TRADING,INTERCONNECTORRES,2,"2025/05/28 22:25:00",1,N-Q-MNSP1,269,-24,-25,0.65,"2025/05/28 22:20:03"
D,TRADING,INTERCONNECTORRES,2,"2025/05/28 22:25:00",1,NSW1-QLD1,269,-748.1,-611.41,14.02,"2025/05/28 22:20:03"
D,TRADING,INTERCONNECTORRES,2,"2025/05/28 22:25:00",1,T-V-MNSP1,269,-444.4,-438,21.66,"2025/05/28 22:20:03"
D,TRADING,INTERCONNECTORRES,2,"2025/05/28 22:25:00",1,V-S-MNSP1,269,59,54,-0.46,"2025/05/28 22:20:03"
D,TRADING,INTERCONNECTORRES,2,"2025/05/28 22:25:00",1,V-SA,269,242.14,234.24,8.12,"2025/05/28 22:20:03"
D,TRADING,INTERCONNECTORRES,2,"2025/05/28 22:25:00",1,VIC1-NSW1,269,78.85,112.23,3.11,"2025/05/28 22:20:03"
I,TRADING,PRICE,3,SETTLEMENTDATE,RUNNO,REGIONID,PERIODID,RRP,EEP,INVALIDFLAG,LASTCHANGED,ROP,RAISE6SECRRP,RAISE6SECROP,RAISE60SECRRP,RAISE60SECROP,RAISE5MINRRP,RAISE5MINROP,RAISEREGRRP,RAISEREGROP,LOWER6SECRRP,LOWER6SECROP,LOWER60SECRRP,LOWER60SECROP,LOWER5MINRRP,LOWER5MINROP,LOWERREGRRP,LOWERREGROP,RAISE1SECRRP,RAISE1SECROP,LOWER1SECRRP,LOWER1SECROP,PRICE_STATUS
D,TRADING,PRICE,3,"2025/05/28 22:25:00",1,SA1,269,125.83,0,0,"2025/05/28 22:20:03",125.83,0.38,0.38,0.1,0.1,0.15,0.15,9.89,9.89,0.1,0.1,0.45,0.45,0,0,0,0,0.38,0.38,0,0,FIRM
D,TRADING,PRICE,3,"2025/05/28 22:25:00",1,NSW1,269,123.14,0,0,"2025/05/28 22:20:03",123.14,0.38,0.38,0.1,0.1,0.15,0.15,9.89,9.89,0.1,0.1,0.45,0.45,0,0,0,0,0.38,0.38,0,0,FIRM
D,TRADING,PRICE,3,"2025/05/28 22:25:00",1,QLD1,269,113.83,0,0,"2025/05/28 22:20:03",113.83,0.38,0.38,0.1,0.1,0.15,0.15,9.89,9.89,0.1,0.1,0.45,0.45,0,0,0,0,0.38,0.38,0,0,FIRM
D,TRADING,PRICE,3,"2025/05/28 22:25:00",1,TAS1,269,150.24,0,0,"2025/05/28 22:20:03",150.24,0.38,0.38,0.38,0.38,0.36,0.36,8.4,8.4,0,0,0,0,0,0,2.48,2.48,0.38,0.38,0,0,FIRM
D,TRADING,PRICE,3,"2025/05/28 22:25:00",1,VIC1,269,118.52,0,0,"2025/05/28 22:20:03",118.52,0.38,0.38,0.1,0.1,0.15,0.15,9.89,9.89,0.1,0.1,0.45,0.45,0,0,0,0,0.38,0.38,0,0,FIRM
C,"END OF REPORT",15
