C,NEMP.WORLD,TRADINGIS,AEMO,PUBLIC,2025/05/27,12:30:12,0000000465096179,TRADINGIS,0000000465096178
I,TRADING,INTERCONNECTORRES,2,SETTLEMENTDATE,RUNNO,INTERCONNECTORID,PERIODID,METEREDMWFLOW,MWFLOW,MWLOSSES,LASTCHANGED
D,TRADING,INTERCONNECTORRES,2,"2025/05/27 12:35:00",1,N-Q-MNSP1,151,-8.1,-9,-0.16,"2025/05/27 12:30:03"
D,TRADING,INTERCONNECTORRES,2,"2025/05/27 12:35:00",1,NSW1-QLD1,151,6.9,-71.55,0.15,"2025/05/27 12:30:03"
D,TRADING,INTERCONNECTORRES,2,"2025/05/27 12:35:00",1,T-V-MNSP1,151,-443.2,-478,25.62,"2025/05/27 12:30:03"
D,TRADING,INTERCONNECTORRES,2,"2025/05/27 12:35:00",1,V-S-MNSP1,151,113,123.6,9.34,"2025/05/27 12:30:03"
D,TRADING,INTERCONNECTORRES,2,"2025/05/27 12:35:00",1,V-SA,151,-565.93,-551.67,54.72,"2025/05/27 12:30:03"
D,TRADING,INTERCONNECTORRES,2,"2025/05/27 12:35:00",1,VIC1-NSW1,151,-185.19,-153.84,-7.15,"2025/05/27 12:30:03"
I,TRADING,PRICE,3,SETTLEMENTDATE,RUNNO,REGIONID,PERIODID,RRP,EEP,INVALIDFLAG,LASTCHANGED,ROP,RAISE6SECRRP,RAISE6SECROP,RAISE60SECRRP,RAISE60SECROP,RAISE5MINRRP,RAISE5MINROP,RAISEREGRRP,RAISEREGROP,LOWER6SECRRP,LOWER6SECROP,LOWER60SECRRP,LOWER60SECROP,LOWER5MINRRP,LOWER5MINROP,LOWERREGRRP,LOWERREGROP,RAISE1SECRRP,RAISE1SECROP,LOWER1SECRRP,LOWER1SECROP,PRICE_STATUS
D,TRADING,PRICE,3,"2025/05/27 12:35:00",1,SA1,151,-14.64,0,0,"2025/05/27 12:30:03",-14.64,0,0,0.01,0.01,0.01,0.01,5,5,0.37,0.37,0.86,0.86,0.1,0.1,0.1,0.1,0.01,0.01,0,0,FIRM
D,TRADING,PRICE,3,"2025/05/27 12:35:00",1,NSW1,151,48.98,0,0,"2025/05/27 12:30:03",48.98,0,0,0.01,0.01,0.01,0.01,5,5,0.37,0.37,0.86,0.86,0.1,0.1,0.1,0.1,0.01,0.01,0,0,FIRM
D,TRADING,PRICE,3,"2025/05/27 12:35:00",1,QLD1,151,50.75,0,0,"2025/05/27 12:30:03",50.75,0.37,0.37,0.01,0.01,1.8,1.8,6.79,6.79,0.37,0.37,0.86,0.86,0.1,0.1,0.1,0.1,0.01,0.01,0,0,FIRM
D,TRADING,PRICE,3,"2025/05/27 12:35:00",1,TAS1,151,75.18,0,0,"2025/05/27 12:30:03",75.18,0.38,0.38,0.38,0.38,0.36,0.36,7.4,7.4,0.37,0.37,0.86,0.86,0,0,2.48,2.48,0.01,0.01,0,0,FIRM
D,TRADING,PRICE,3,"2025/05/27 12:35:00",1,VIC1,151,47.39,0,0,"2025/05/27 12:30:03",47.39,0,0,0.01,0.01,0.01,0.01,5,5,0.37,0.37,0.86,0.86,0.1,0.1,0.1,0.1,0.01,0.01,0,0,FIRM
C,"END OF REPORT",15
