C,NEMP.WORLD,TRADINGIS,AEMO,PUBLIC,2025/06/10,00:20:10,0000000467012221,TRADINGIS,0000000467012220
I,TRADING,INTERCONNECTORRES,2,SETTLEMENTDATE,RUNNO,INTERCONNECTORID,PERIODID,METEREDMWFLOW,MWFLOW,MWLOSSES,LASTCHANGED
D,TRADING,INTERCONNECTORRES,2,"2025/06/10 00:25:00",1,N-Q-MNSP1,5,-15,-17,0.07,"2025/06/10 00:20:03"
D,TRADING,INTERCONNECTORRES,2,"2025/06/10 00:25:00",1,NSW1-QLD1,5,-392.6,-379.22,5.92,"2025/06/10 00:20:03"
D,TRADING,INTERCONNECTORRES,2,"2025/06/10 00:25:00",1,T-V-MNSP1,5,-356.5,-435.14,21.39,"2025/06/10 00:20:03"
D,TRADING,INTERCONNECTORRES,2,"2025/06/10 00:25:00",1,V-S-MNSP1,5,45,45,-0.87,"2025/06/10 00:20:03"
D,TRADING,INTERCONNECTORRES,2,"2025/06/10 00:25:00",1,V-SA,5,-127.96,-129.05,0.33,"2025/06/10 00:20:03"
D,TRADING,INTERCONNECTORRES,2,"2025/06/10 00:25:00",1,VIC1-NSW1,5,-304.75,-305.56,1.37,"2025/06/10 00:20:03"
I,TRADING,PRICE,3,SETTLEMENTDATE,RUNNO,REGIONID,PERIODID,RRP,EEP,INVALIDFLAG,LASTCHANGED,ROP,RAISE6SECRRP,RAISE6SECROP,RAISE60SECRRP,RAISE60SECROP,RAISE5MINRRP,RAISE5MINROP,RAISEREGRRP,RAISEREGROP,LOWER6SECRRP,LOWER6SECROP,LOWER60SECRRP,LOWER60SECROP,LOWER5MINRRP,LOWER5MINROP,LOWERREGRRP,LOWERREGROP,RAISE1SECRRP,RAISE1SECROP,LOWER1SECRRP,LOWER1SECROP,PRICE_STATUS
D,TRADING,PRICE,3,"2025/06/10 00:25:00",1,SA1,5,135.63,0,0,"2025/06/10 00:20:03",135.63,0.37,0.37,0.1,0.1,0.1,0.1,9.89,9.89,0.1,0.1,0.38,0.38,0,0,0,0,0.38,0.38,0,0,FIRM
D,TRADING,PRICE,3,"2025/06/10 00:25:00",1,NSW1,5,65.88,0,0,"2025/06/10 00:20:03",65.88,0.37,0.37,0.1,0.1,0.1,0.1,9.89,9.89,0.1,0.1,0.38,0.38,0,0,0,0,0.38,0.38,0,0,FIRM
D,TRADING,PRICE,3,"2025/06/10 00:25:00",1,QLD1,5,62.73,0,0,"2025/06/10 00:20:03",62.73,0.37,0.37,0.1,0.1,0.1,0.1,9.89,9.89,0.1,0.1,0.38,0.38,0,0,0,0,0.38,0.38,0,0,FIRM
D,TRADING,PRICE,3,"2025/06/10 00:25:00",1,TAS1,5,150.24,0,0,"2025/06/10 00:20:03",150.24,0.38,0.38,0.38,0.38,0.1,0.1,8.16,8.16,0.1,0.1,0.38,0.38,0,0,1.74,1.74,0.38,0.38,0,0,FIRM
D,TRADING,PRICE,3,"2025/06/10 00:25:00",1,VIC1,5,137.96,0,0,"2025/06/10 00:20:03",137.96,0.37,0.37,0.1,0.1,0.1,0.1,9.89,9.89,0.1,0.1,0.38,0.38,0,0,0,0,0.38,0.38,0,0,FIRM
C,"END OF REPORT",15
