C,NEMP.WORLD,TRADINGIS,AEMO,PUBLIC,2025/05/27,07:20:10,0000000465062651,TRADINGIS,0000000465062650
I,TRADING,INTERCONNECTORRES,2,SETTLEMENTDATE,RUNNO,INTERCONNECTORID,PERIODID,METEREDMWFLOW,MWFLOW,MWLOSSES,LASTCHANGED
D,TRADING,INTERCONNECTORRES,2,"2025/05/27 07:25:00",1,N-Q-MNSP1,89,-7.5,0,0,"2025/05/27 07:20:03"
D,TRADING,INTERCONNECTORRES,2,"2025/05/27 07:25:00",1,NSW1-QLD1,89,-173.6,-115.92,-2.78,"2025/05/27 07:20:03"
D,TRADING,INTERCONNECTORRES,2,"2025/05/27 07:25:00",1,T-V-MNSP1,89,-452.3,-461.62,23.96,"2025/05/27 07:20:03"
D,TRADING,INTERCONNECTORRES,2,"2025/05/27 07:25:00",1,V-S-MNSP1,89,-107,-107.61,21.88,"2025/05/27 07:20:03"
D,TRADING,INTERCONNECTORRES,2,"2025/05/27 07:25:00",1,V-SA,89,-29.89,-51.22,0.47,"2025/05/27 07:20:03"
D,TRADING,INTERCONNECTORRES,2,"2025/05/27 07:25:00",1,VIC1-NSW1,89,845.2,808.48,67.13,"2025/05/27 07:20:03"
I,TRADING,PRICE,3,SETTLEMENTDATE,RUNNO,REGIONID,PERIODID,RRP,EEP,INVALIDFLAG,LASTCHANGED,ROP,RAISE6SECRRP,RAISE6SECROP,RAISE60SECRRP,RAISE60SECROP,RAISE5MINRRP,RAISE5MINROP,RAISEREGRRP,RAISEREGROP,LOWER6SECRRP,LOWER6SECROP,LOWER60SECRRP,LOWER60SECROP,LOWER5MINRRP,LOWER5MINROP,LOWERREGRRP,LOWERREGROP,RAISE1SECRRP,RAISE1SECROP,LOWER1SECRRP,LOWER1SECROP,PRICE_STATUS
D,TRADING,PRICE,3,"2025/05/27 07:25:00",1,SA1,89,54.69,0,0,"2025/05/27 07:20:03",54.69,0.1,0.1,0.04,0.04,0.1,0.1,1.5,1.5,0.01,0.01,0.1,0.1,0.01,0.01,3.75,3.75,0.38,0.38,0,0,FIRM
D,TRADING,PRICE,3,"2025/05/27 07:25:00",1,NSW1,89,65.02,0,0,"2025/05/27 07:20:03",65.02,0.1,0.1,0.04,0.04,0.1,0.1,1.5,1.5,0.01,0.01,0.1,0.1,0.01,0.01,3.75,3.75,0.38,0.38,0,0,FIRM
D,TRADING,PRICE,3,"2025/05/27 07:25:00",1,QLD1,89,79.99,0,0,"2025/05/27 07:20:03",79.99,4.85,4.85,4.85,4.85,0.38,0.38,1.78,1.78,0.01,0.01,0.1,0.1,0.01,0.01,3.75,3.75,0.38,0.38,0,0,FIRM
D,TRADING,PRICE,3,"2025/05/27 07:25:00",1,TAS1,89,100.28,0,0,"2025/05/27 07:20:03",100.28,0.38,0.38,0.38,0.38,0.1,0.1,8.4,8.4,0.01,0.01,0.1,0.1,0,0,2.48,2.48,0.38,0.38,0,0,FIRM
D,TRADING,PRICE,3,"2025/05/27 07:25:00",1,VIC1,89,55.63,0,0,"2025/05/27 07:20:03",55.63,0.1,0.1,0.04,0.04,0.1,0.1,1.5,1.5,0.01,0.01,0.1,0.1,0.01,0.01,3.75,3.75,0.38,0.38,0,0,FIRM
C,"END OF REPORT",15
