C,NEMP.WORLD,TRADINGIS,AEMO,PUBLIC,2025/05/29,12:10:11,0000000465383533,TRADINGIS,0000000465383532
I,TRADING,INTERCONNECTORRES,2,SETTLEMENTDATE,RUNNO,INTERCONNECTORID,PERIODID,METEREDMWFLOW,MWFLOW,MWLOSSES,LASTCHANGED
D,TRADING,INTERCONNECTORRES,2,"2025/05/29 12:15:00",1,N-Q-MNSP1,147,-23.9,-25,0.65,"2025/05/29 12:10:04"
D,TRADING,INTERCONNECTORRES,2,"2025/05/29 12:15:00",1,NSW1-QLD1,147,-499.6,-559.34,27.67,"2025/05/29 12:10:04"
D,TRADING,INTERCONNECTORRES,2,"2025/05/29 12:15:00",1,T-V-MNSP1,147,-466.4,-462.94,24.09,"2025/05/29 12:10:04"
D,TRADING,INTERCONNECTORRES,2,"2025/05/29 12:15:00",1,V-S-MNSP1,147,9,9,-0.56,"2025/05/29 12:10:04"
D,TRADING,INTERCONNECTORRES,2,"2025/05/29 12:15:00",1,V-SA,147,-83.22,-87.64,3.63,"2025/05/29 12:10:04"
D,TRADING,INTERCONNECTORRES,2,"2025/05/29 12:15:00",1,VIC1-NSW1,147,151.44,84.88,6.74,"2025/05/29 12:10:04"
I,TRADING,PRICE,3,SETTLEMENTDATE,RUNNO,REGIONID,PERIODID,RRP,EEP,INVALIDFLAG,LASTCHANGED,ROP,RAISE6SECRRP,RAISE6SECROP,RAISE60SECRRP,RAISE60SECROP,RAISE5MINRRP,RAISE5MINROP,RAISEREGRRP,RAISEREGROP,LOWER6SECRRP,LOWER6SECROP,LOWER60SECRRP,LOWER60SECROP,LOWER5MINRRP,LOWER5MINROP,LOWERREGRRP,LOWERREGROP,RAISE1SECRRP,RAISE1SECROP,LOWER1SECRRP,LOWER1SECROP,PRICE_STATUS
D,TRADING,PRICE,3,"2025/05/29 12:15:00",1,SA1,147,63.34,0,0,"2025/05/29 12:10:04",63.34,0.1,0.1,0.1,0.1,0.1,0.1,5.99,5.99,0,0,0.04,0.04,0.1,0.1,0.7,0.7,0.3,0.3,0,0,FIRM
D,TRADING,PRICE,3,"2025/05/29 12:15:00",1,NSW1,147,72.75,0,0,"2025/05/29 12:10:04",72.75,0.1,0.1,0.1,0.1,0.1,0.1,5.99,5.99,0,0,0.04,0.04,0.1,0.1,0.7,0.7,0.3,0.3,0,0,FIRM
D,TRADING,PRICE,3,"2025/05/29 12:15:00",1,QLD1,147,50.75,0,0,"2025/05/29 12:10:04",50.75,0.1,0.1,0.1,0.1,0.1,0.1,5.99,5.99,7.89,7.89,7.89,7.89,0.1,0.1,0.7,0.7,0.3,0.3,0,0,FIRM
D,TRADING,PRICE,3,"2025/05/29 12:15:00",1,TAS1,147,101.08,0,0,"2025/05/29 12:10:04",101.08,0.38,0.38,0.38,0.38,0.1,0.1,7.54,7.54,0,0,0.04,0.04,0,0,2.46,2.46,0.3,0.3,0,0,FIRM
D,TRADING,PRICE,3,"2025/05/29 12:15:00",1,VIC1,147,66.8,0,0,"2025/05/29 12:10:04",66.8,0.1,0.1,0.1,0.1,0.1,0.1,5.99,5.99,0,0,0.04,0.04,0.1,0.1,0.7,0.7,0.3,0.3,0,0,FIRM
C,"END OF REPORT",15
