C,NEMP.WORLD,TRADINGIS,AEMO,PUBLIC,2025/05/28,16:05:11,0000000465265976,TRADINGIS,0000000465265975
I,TRADING,INTERCONNECTORRES,2,SETTLEMENTDATE,RUNNO,INTERCONNECTORID,PERIODID,METEREDMWFLOW,MWFLOW,MWLOSSES,LASTCHANGED
D,TRADING,INTERCONNECTORRES,2,"2025/05/28 16:10:00",1,N-Q-MNSP1,194,-18.5,-25,0.65,"2025/05/28 16:05:03"
D,TRADING,INTERCONNECTORRES,2,"2025/05/28 16:10:00",1,NSW1-QLD1,194,-593.3,-660.47,16.73,"2025/05/28 16:05:03"
D,TRADING,INTERCONNECTORRES,2,"2025/05/28 16:10:00",1,T-V-MNSP1,194,-149.5,-154.79,3.1,"2025/05/28 16:05:03"
D,TRADING,INTERCONNECTORRES,2,"2025/05/28 16:10:00",1,V-S-MNSP1,194,63,63,0.15,"2025/05/28 16:05:03"
D,TRADING,INTERCONNECTORRES,2,"2025/05/28 16:10:00",1,V-SA,194,441.42,459.43,15.11,"2025/05/28 16:05:03"
D,TRADING,INTERCONNECTORRES,2,"2025/05/28 16:10:00",1,VIC1-NSW1,194,106.02,179.95,9.21,"2025/05/28 16:05:03"
I,TRADING,PRICE,3,SETTLEMENTDATE,RUNNO,REGIONID,PERIODID,RRP,EEP,INVALIDFLAG,LASTCHANGED,ROP,RAISE6SECRRP,RAISE6SECROP,RAISE60SECRRP,RAISE60SECROP,RAISE5MINRRP,RAISE5MINROP,RAISEREGRRP,RAISEREGROP,LOWER6SECRRP,LOWER6SECROP,LOWER60SECRRP,LOWER60SECROP,LOWER5MINRRP,LOWER5MINROP,LOWERREGRRP,LOWERREGROP,RAISE1SECRRP,RAISE1SECROP,LOWER1SECRRP,LOWER1SECROP,PRICE_STATUS
D,TRADING,PRICE,3,"2025/05/28 16:10:00",1,SA1,194,156.76,0,0,"2025/05/28 16:05:03",156.76,0.38,0.38,0.36,0.36,0.15,0.15,7.84,7.84,0,0,0.07,0.07,0.1,0.1,3.42,3.42,0.38,0.38,0,0,FIRM
D,TRADING,PRICE,3,"2025/05/28 16:10:00",1,NSW1,194,153.35,0,0,"2025/05/28 16:05:03",153.35,0.38,0.38,0.36,0.36,0.15,0.15,7.84,7.84,0,0,0.07,0.07,0.1,0.1,3.42,3.42,0.38,0.38,0,0,FIRM
D,TRADING,PRICE,3,"2025/05/28 16:10:00",1,QLD1,194,113.83,0,0,"2025/05/28 16:05:03",113.83,0.38,0.38,0.36,0.36,0.15,0.15,7.84,7.84,13.33,13.33,14.62,14.62,0.38,0.38,3.7,3.7,0.38,0.38,0,0,FIRM
D,TRADING,PRICE,3,"2025/05/28 16:10:00",1,TAS1,194,145.93,0,0,"2025/05/28 16:05:03",145.93,0.38,0.38,0.38,0.38,0.15,0.15,8.4,8.4,0.38,0.38,0.38,0.38,0.1,0.1,2.48,2.48,0.38,0.38,0,0,FIRM
D,TRADING,PRICE,3,"2025/05/28 16:10:00",1,VIC1,194,143.79,0,0,"2025/05/28 16:05:03",143.79,0.38,0.38,0.36,0.36,0.15,0.15,7.84,7.84,0,0,0.07,0.07,0.1,0.1,3.42,3.42,0.38,0.38,0,0,FIRM
C,"END OF REPORT",15
