C,NEMP.WORLD,TRADINGIS,AEMO,PUBLIC,2025/05/27,20:00:11,0000000465145358,TRADINGIS,0000000465145357
I,TRADING,INTERCONNECTORRES,2,SETTLEMENTDATE,RUNNO,INTERCONNECTORID,PERIODID,METEREDMWFLOW,MWFLOW,MWLOSSES,LASTCHANGED
D,TRADING,INTERCONNECTORRES,2,"2025/05/27 20:05:00",1,N-Q-MNSP1,241,-9.2,-9,-0.16,"2025/05/27 20:00:03"
D,TRADING,INTERCONNECTORRES,2,"2025/05/27 20:05:00",1,NSW1-QLD1,241,-375.9,-358.46,-8.65,"2025/05/27 20:00:03"
D,TRADING,INTERCONNECTORRES,2,"2025/05/27 20:05:00",1,T-V-MNSP1,241,-282.6,-264.75,8.33,"2025/05/27 20:00:03"
D,TRADING,INTERCONNECTORRES,2,"2025/05/27 20:05:00",1,V-S-MNSP1,241,63,63,0.15,"2025/05/27 20:00:03"
D,TRADING,INTERCONNECTORRES,2,"2025/05/27 20:05:00",1,V-SA,241,298.44,288.3,11.25,"2025/05/27 20:00:03"
D,TRADING,INTERCONNECTORRES,2,"2025/05/27 20:05:00",1,VIC1-NSW1,241,-355.45,-256.98,4.21,"2025/05/27 20:00:03"
I,TRADING,PRICE,3,SETTLEMENTDATE,RUNNO,REGIONID,PERIODID,RRP,EEP,INVALIDFLAG,LASTCHANGED,ROP,RAISE6SECRRP,RAISE6SECROP,RAISE60SECRRP,RAISE60SECROP,RAISE5MINRRP,RAISE5MINROP,RAISEREGRRP,RAISEREGROP,LOWER6SECRRP,LOWER6SECROP,LOWER60SECRRP,LOWER60SECROP,LOWER5MINRRP,LOWER5MINROP,LOWERREGRRP,LOWERREGROP,RAISE1SECRRP,RAISE1SECROP,LOWER1SECRRP,LOWER1SECROP,PRICE_STATUS
D,TRADING,PRICE,3,"2025/05/27 20:05:00",1,SA1,241,103.79,0,0,"2025/05/27 20:00:03",103.79,0.38,0.38,0.15,0.15,0.1,0.1,2,2,0.01,0.01,0.1,0.1,0.01,0.01,3.99,3.99,0.1,0.1,0,0,FIRM
D,TRADING,PRICE,3,"2025/05/27 20:05:00",1,NSW1,241,85.37,0,0,"2025/05/27 20:00:03",85.37,0.38,0.38,0.15,0.15,0.1,0.1,2,2,0.01,0.01,0.1,0.1,0.01,0.01,3.99,3.99,0.1,0.1,0,0,FIRM
D,TRADING,PRICE,3,"2025/05/27 20:05:00",1,QLD1,241,84.45,0,0,"2025/05/27 20:00:03",84.45,0.38,0.38,0.15,0.15,0.1,0.1,2,2,0.01,0.01,0.1,0.1,0.01,0.01,3.99,3.99,0.1,0.1,0,0,FIRM
D,TRADING,PRICE,3,"2025/05/27 20:05:00",1,TAS1,241,101.04,0,0,"2025/05/27 20:00:03",101.04,0.38,0.38,0.36,0.36,0.1,0.1,7.4,7.4,0.01,0.01,0.1,0.1,0.01,0.01,3.48,3.48,0.1,0.1,0,0,FIRM
D,TRADING,PRICE,3,"2025/05/27 20:05:00",1,VIC1,241,96.82,0,0,"2025/05/27 20:00:03",96.82,0.38,0.38,0.15,0.15,0.1,0.1,2,2,0.01,0.01,0.1,0.1,0.01,0.01,3.99,3.99,0.1,0.1,0,0,FIRM
C,"END OF REPORT",15
