C,NEMP.WORLD,TRADINGIS,AEMO,PUBLIC,2025/05/27,11:35:16,0000000465088377,TRADINGIS,0000000465088376
I,TRADING,INTERCONNECTORRES,2,SETTLEMENTDATE,RUNNO,INTERCONNECTORID,PERIODID,METEREDMWFLOW,MWFLOW,MWLOSSES,LASTCHANGED
D,TRADING,INTERCONNECTORRES,2,"2025/05/27 11:40:00",1,N-Q-MNSP1,140,-142,-124.83,37.5,"2025/05/27 11:35:09"
D,TRADING,INTERCONNECTORRES,2,"2025/05/27 11:40:00",1,NSW1-QLD1,140,58.6,77.55,0.71,"2025/05/27 11:35:09"
D,TRADING,INTERCONNECTORRES,2,"2025/05/27 11:40:00",1,T-V-MNSP1,140,-352.2,-420.76,20.05,"2025/05/27 11:35:09"
D,TRADING,INTERCONNECTORRES,2,"2025/05/27 11:40:00",1,V-S-MNSP1,140,-61,-43.55,5.5,"2025/05/27 11:35:09"
D,TRADING,INTERCONNECTORRES,2,"2025/05/27 11:40:00",1,V-SA,140,-565.79,-554.91,45.08,"2025/05/27 11:35:09"
D,TRADING,INTERCONNECTORRES,2,"2025/05/27 11:40:00",1,VIC1-NSW1,140,63.78,41.38,2.13,"2025/05/27 11:35:09"
I,TRADING,PRICE,3,SETTLEMENTDATE,RUNNO,REGIONID,PERIODID,RRP,EEP,INVALIDFLAG,LASTCHANGED,ROP,RAISE6SECRRP,RAISE6SECROP,RAISE60SECRRP,RAISE60SECROP,RAISE5MINRRP,RAISE5MINROP,RAISEREGRRP,RAISEREGROP,LOWER6SECRRP,LOWER6SECROP,LOWER60SECRRP,LOWER60SECROP,LOWER5MINRRP,LOWER5MINROP,LOWERREGRRP,LOWERREGROP,RAISE1SECRRP,RAISE1SECROP,LOWER1SECRRP,LOWER1SECROP,PRICE_STATUS
D,TRADING,PRICE,3,"2025/05/27 11:40:00",1,SA1,140,-18,0,0,"2025/05/27 11:35:09",-18,0,0,0,0,0,0,7.85,7.85,0.1,0.1,0.39,0.39,0.1,0.1,0.1,0.1,0.01,0.01,0,0,FIRM
D,TRADING,PRICE,3,"2025/05/27 11:40:00",1,NSW1,140,-0.16,0,0,"2025/05/27 11:35:09",-0.16,0,0,0,0,0,0,7.85,7.85,0.1,0.1,0.39,0.39,0.1,0.1,0.1,0.1,0.01,0.01,0,0,FIRM
D,TRADING,PRICE,3,"2025/05/27 11:40:00",1,QLD1,140,0.37,0,0,"2025/05/27 11:35:09",0.37,0.1,0.1,0.04,0.04,0.38,0.38,8.23,8.23,0.1,0.1,0.38,0.38,0.1,0.1,0.1,0.1,0.01,0.01,0,0,FIRM
D,TRADING,PRICE,3,"2025/05/27 11:40:00",1,TAS1,140,-7.36,0,0,"2025/05/27 11:35:09",-7.36,0.38,0.38,0.38,0.38,0,0,7.4,7.4,0.1,0.1,0.39,0.39,0.1,0.1,2.48,2.48,0.01,0.01,0,0,FIRM
D,TRADING,PRICE,3,"2025/05/27 11:40:00",1,VIC1,140,-7.55,0,0,"2025/05/27 11:35:09",-7.55,0,0,0,0,0,0,7.85,7.85,0.1,0.1,0.39,0.39,0.1,0.1,0.1,0.1,0.01,0.01,0,0,FIRM
C,"END OF REPORT",15
