C,NEMP.WORLD,TRADINGIS,AEMO,PUBLIC,2025/06/01,16:05:11,0000000465834513,TRADINGIS,0000000465834512
I,TRADING,INTERCONNECTORRES,2,SETTLEMENTDATE,RUNNO,INTERCONNECTORID,PERIODID,METEREDMWFLOW,MWFLOW,MWLOSSES,LASTCHANGED
D,TRADING,INTERCONNECTORRES,2,"2025/06/01 16:10:00",1,N-Q-MNSP1,194,-41.3,-65,8.83,"2025/06/01 16:05:04"
D,TRADING,INTERCONNECTORRES,2,"2025/06/01 16:10:00",1,NSW1-QLD1,194,-1101.8,-1221.3,100.77,"2025/06/01 16:05:04"
D,TRADING,INTERCONNECTORRES,2,"2025/06/01 16:10:00",1,T-V-MNSP1,194,-423,-313.93,11.48,"2025/06/01 16:05:04"
D,TRADING,INTERCONNECTORRES,2,"2025/06/01 16:10:00",1,V-S-MNSP1,194,40,54,-0.46,"2025/06/01 16:05:04"
D,TRADING,INTERCONNECTORRES,2,"2025/06/01 16:10:00",1,V-SA,194,144.23,316.83,8.2,"2025/06/01 16:05:04"
D,TRADING,INTERCONNECTORRES,2,"2025/06/01 16:10:00",1,VIC1-NSW1,194,448.72,429.97,33.64,"2025/06/01 16:05:04"
I,TRADING,PRICE,3,SETTLEMENTDATE,RUNNO,REGIONID,PERIODID,RRP,EEP,INVALIDFLAG,LASTCHANGED,ROP,RAISE6SECRRP,RAISE6SECROP,RAISE60SECRRP,RAISE60SECROP,RAISE5MINRRP,RAISE5MINROP,RAISEREGRRP,RAISEREGROP,LOWER6SECRRP,LOWER6SECROP,LOWER60SECRRP,LOWER60SECROP,LOWER5MINRRP,LOWER5MINROP,LOWERREGRRP,LOWERREGROP,RAISE1SECRRP,RAISE1SECROP,LOWER1SECRRP,LOWER1SECROP,PRICE_STATUS
D,TRADING,PRICE,3,"2025/06/01 16:10:00",1,SA1,194,170.09,0,0,"2025/06/01 16:05:04",170.09,0.38,0.38,0.15,0.15,0.15,0.15,26,26,0.39,0.39,0.39,0.39,0.39,0.39,3.7,3.7,0.38,0.38,0,0,FIRM
D,TRADING,PRICE,3,"2025/06/01 16:10:00",1,NSW1,194,180.2,0,0,"2025/06/01 16:05:04",180.2,0.38,0.38,0.15,0.15,0.15,0.15,26,26,0.39,0.39,0.39,0.39,0.39,0.39,3.7,3.7,0.38,0.38,0,0,FIRM
D,TRADING,PRICE,3,"2025/06/01 16:10:00",1,QLD1,194,129.77,0,0,"2025/06/01 16:05:04",129.77,0.38,0.38,0.15,0.15,0.15,0.15,26,26,0.39,0.39,0.39,0.39,0.39,0.39,3.7,3.7,0.38,0.38,0,0,FIRM
D,TRADING,PRICE,3,"2025/06/01 16:10:00",1,TAS1,194,168.69,0,0,"2025/06/01 16:05:04",168.69,0.38,0.38,0.36,0.36,0.15,0.15,16.03,16.03,0.39,0.39,0.39,0.39,0.39,0.39,2.74,2.74,0.38,0.38,0,0,FIRM
D,TRADING,PRICE,3,"2025/06/01 16:10:00",1,VIC1,194,160,0,0,"2025/06/01 16:05:04",160,0.38,0.38,0.15,0.15,0.15,0.15,26,26,0.39,0.39,0.39,0.39,0.39,0.39,3.7,3.7,0.38,0.38,0,0,FIRM
C,"END OF REPORT",15
