C,NEMP.WORLD,TRADINGIS,AEMO,PUBLIC,2025/05/29,15:45:17,0000000465407052,TRADINGIS,0000000465407051
I,TRADING,INTERCONNECTORRES,2,SETTLEMENTDATE,RUNNO,INTERCONNECTORID,PERIODID,METEREDMWFLOW,MWFLOW,MWLOSSES,LASTCHANGED
D,TRADING,INTERCONNECTORRES,2,"2025/05/29 15:50:00",1,N-Q-MNSP1,190,-9.9,-9,-0.16,"2025/05/29 15:45:10"
D,TRADING,INTERCONNECTORRES,2,"2025/05/29 15:50:00",1,NSW1-QLD1,190,-312.4,-303.47,-4.22,"2025/05/29 15:45:10"
D,TRADING,INTERCONNECTORRES,2,"2025/05/29 15:50:00",1,T-V-MNSP1,190,-442.6,-478,25.62,"2025/05/29 15:45:10"
D,TRADING,INTERCONNECTORRES,2,"2025/05/29 15:50:00",1,V-S-MNSP1,190,-143,-150.06,38.21,"2025/05/29 15:45:10"
D,TRADING,INTERCONNECTORRES,2,"2025/05/29 15:50:00",1,V-SA,190,300.04,248.35,1.58,"2025/05/29 15:45:10"
D,TRADING,INTERCONNECTORRES,2,"2025/05/29 15:50:00",1,VIC1-NSW1,190,-958.36,-933.06,19.85,"2025/05/29 15:45:10"
I,TRADING,PRICE,3,SETTLEMENTDATE,RUNNO,REGIONID,PERIODID,RRP,EEP,INVALIDFLAG,LASTCHANGED,ROP,RAISE6SECRRP,RAISE6SECROP,RAISE60SECRRP,RAISE60SECROP,RAISE5MINRRP,RAISE5MINROP,RAISEREGRRP,RAISEREGROP,LOWER6SECRRP,LOWER6SECROP,LOWER60SECRRP,LOWER60SECROP,LOWER5MINRRP,LOWER5MINROP,LOWERREGRRP,LOWERREGROP,RAISE1SECRRP,RAISE1SECROP,LOWER1SECRRP,LOWER1SECROP,PRICE_STATUS
D,TRADING,PRICE,3,"2025/05/29 15:50:00",1,SA1,190,-10.15,0,0,"2025/05/29 15:45:10",-10.15,0.1,0.1,0.1,0.1,0.1,0.1,5.99,5.99,0.38,0.38,0.39,0.39,0.38,0.38,3.99,3.99,0.1,0.1,0,0,FIRM
D,TRADING,PRICE,3,"2025/05/29 15:50:00",1,NSW1,190,131.24,0,0,"2025/05/29 15:45:10",131.24,0.1,0.1,0.1,0.1,0.1,0.1,5.99,5.99,0.38,0.38,0.39,0.39,0.38,0.38,3.99,3.99,0.1,0.1,0,0,FIRM
D,TRADING,PRICE,3,"2025/05/29 15:50:00",1,QLD1,190,129.45,0,0,"2025/05/29 15:45:10",129.45,0.1,0.1,0.1,0.1,0.1,0.1,5.99,5.99,0.38,0.38,0.39,0.39,0.38,0.38,3.99,3.99,0.1,0.1,0,0,FIRM
D,TRADING,PRICE,3,"2025/05/29 15:50:00",1,TAS1,190,11.12,0,0,"2025/05/29 15:45:10",11.12,0.38,0.38,0.4,0.4,0.38,0.38,7.54,7.54,0.38,0.38,0.38,0.38,0,0,2.46,2.46,0.1,0.1,0,0,FIRM
D,TRADING,PRICE,3,"2025/05/29 15:50:00",1,VIC1,190,-9.81,0,0,"2025/05/29 15:45:10",-9.81,0.1,0.1,0.1,0.1,0.1,0.1,5.99,5.99,0.38,0.38,0.39,0.39,0.38,0.38,3.99,3.99,0.1,0.1,0,0,FIRM
C,"END OF REPORT",15
