C,NEMP.WORLD,TRADINGIS,AEMO,PUBLIC,2025/05/27,11:55:15,0000000465090668,TRADINGIS,0000000465090667
I,TRADING,INTERCONNECTORRES,2,SETTLEMENTDATE,RUNNO,INTERCONNECTORID,PERIODID,METEREDMWFLOW,MWFLOW,MWLOSSES,LASTCHANGED
D,TRADING,INTERCONNECTORRES,2,"2025/05/27 12:00:00",1,N-Q-MNSP1,144,-5.4,-9,-0.16,"2025/05/27 11:55:08"
D,TRADING,INTERCONNECTORRES,2,"2025/05/27 12:00:00",1,NSW1-QLD1,144,-41.3,19.52,0.09,"2025/05/27 11:55:08"
D,TRADING,INTERCONNECTORRES,2,"2025/05/27 12:00:00",1,T-V-MNSP1,144,-400.4,-438.08,21.67,"2025/05/27 11:55:08"
D,TRADING,INTERCONNECTORRES,2,"2025/05/27 12:00:00",1,V-S-MNSP1,144,56,125.08,9.66,"2025/05/27 11:55:08"
D,TRADING,INTERCONNECTORRES,2,"2025/05/27 12:00:00",1,V-SA,144,-545.68,-592.52,53.53,"2025/05/27 11:55:08"
D,TRADING,INTERCONNECTORRES,2,"2025/05/27 12:00:00",1,VIC1-NSW1,144,219.14,267.51,19.73,"2025/05/27 11:55:08"
I,TRADING,PRICE,3,SETTLEMENTDATE,RUNNO,REGIONID,PERIODID,RRP,EEP,INVALIDFLAG,LASTCHANGED,ROP,RAISE6SECRRP,RAISE6SECROP,RAISE60SECRRP,RAISE60SECROP,RAISE5MINRRP,RAISE5MINROP,RAISEREGRRP,RAISEREGROP,LOWER6SECRRP,LOWER6SECROP,LOWER60SECRRP,LOWER60SECROP,LOWER5MINRRP,LOWER5MINROP,LOWERREGRRP,LOWERREGROP,RAISE1SECRRP,RAISE1SECROP,LOWER1SECRRP,LOWER1SECROP,PRICE_STATUS
D,TRADING,PRICE,3,"2025/05/27 12:00:00",1,SA1,144,-17.51,0,0,"2025/05/27 11:55:08",-17.51,0,0,0,0,0,0,7.85,7.85,0.1,0.1,0.39,0.39,0.01,0.01,0.01,0.01,0.01,0.01,0,0,FIRM
D,TRADING,PRICE,3,"2025/05/27 12:00:00",1,NSW1,144,13.99,0,0,"2025/05/27 11:55:08",13.99,0,0,0,0,0,0,7.85,7.85,0.1,0.1,0.39,0.39,0.01,0.01,0.01,0.01,0.01,0.01,0,0,FIRM
D,TRADING,PRICE,3,"2025/05/27 12:00:00",1,QLD1,144,15.27,0,0,"2025/05/27 11:55:08",15.27,0.38,0.38,0.38,0.38,0.38,0.38,8.23,8.23,0.1,0.1,0.39,0.39,0.01,0.01,0.01,0.01,0.01,0.01,0,0,FIRM
D,TRADING,PRICE,3,"2025/05/27 12:00:00",1,TAS1,144,8.2,0,0,"2025/05/27 11:55:08",8.2,0.38,0.38,0.38,0.38,0,0,7.4,7.4,0.1,0.1,0.38,0.38,0,0,4.48,4.48,0.01,0.01,0,0,FIRM
D,TRADING,PRICE,3,"2025/05/27 12:00:00",1,VIC1,144,0,0,0,"2025/05/27 11:55:08",0,0,0,0,0,0,0,7.85,7.85,0.1,0.1,0.39,0.39,0.01,0.01,0.01,0.01,0.01,0.01,0,0,FIRM
C,"END OF REPORT",15
