C,NEMP.WORLD,TRADINGIS,AEMO,PUBLIC,2025/05/26,19:35:12,0000000464991698,TRADINGIS,0000000464991697
I,TRADING,INTERCONNECTORRES,2,SETTLEMENTDATE,RUNNO,INTERCONNECTORID,PERIODID,METEREDMWFLOW,MWFLOW,MWLOSSES,LASTCHANGED
D,TRADING,INTERCONNECTORRES,2,"2025/05/26 19:40:00",1,N-Q-MNSP1,236,9.9,9,0.6,"2025/05/26 19:35:05"
D,TRADING,INTERCONNECTORRES,2,"2025/05/26 19:40:00",1,NSW1-QLD1,236,119.4,155.15,11.11,"2025/05/26 19:35:05"
D,TRADING,INTERCONNECTORRES,2,"2025/05/26 19:40:00",1,T-V-MNSP1,236,-434.6,-452.53,23.06,"2025/05/26 19:35:05"
D,TRADING,INTERCONNECTORRES,2,"2025/05/26 19:40:00",1,V-S-MNSP1,236,177,177.54,24.94,"2025/05/26 19:35:05"
D,TRADING,INTERCONNECTORRES,2,"2025/05/26 19:40:00",1,V-SA,236,264.74,224.51,12.07,"2025/05/26 19:35:05"
D,TRADING,INTERCONNECTORRES,2,"2025/05/26 19:40:00",1,VIC1-NSW1,236,446.19,557.74,20.76,"2025/05/26 19:35:05"
I,TRADING,PRICE,3,SETTLEMENTDATE,RUNNO,REGIONID,PERIODID,RRP,EEP,INVALIDFLAG,LASTCHANGED,ROP,RAISE6SECRRP,RAISE6SECROP,RAISE60SECRRP,RAISE60SECROP,RAISE5MINRRP,RAISE5MINROP,RAISEREGRRP,RAISEREGROP,LOWER6SECRRP,LOWER6SECROP,LOWER60SECRRP,LOWER60SECROP,LOWER5MINRRP,LOWER5MINROP,LOWERREGRRP,LOWERREGROP,RAISE1SECRRP,RAISE1SECROP,LOWER1SECRRP,LOWER1SECROP,PRICE_STATUS
D,TRADING,PRICE,3,"2025/05/26 19:40:00",1,SA1,236,-20,0,0,"2025/05/26 19:35:05",-20,0.38,0.38,0.38,0.38,0.15,0.15,0.15,0.15,0.1,0.1,0.38,0.38,0.1,0.1,3.99,3.99,0.81,0.81,0,0,FIRM
D,TRADING,PRICE,3,"2025/05/26 19:40:00",1,NSW1,236,77.39,0,0,"2025/05/26 19:35:05",77.39,0.38,0.38,0.38,0.38,0.15,0.15,0.15,0.15,0.1,0.1,0.38,0.38,0.1,0.1,3.99,3.99,0.81,0.81,0,0,FIRM
D,TRADING,PRICE,3,"2025/05/26 19:40:00",1,QLD1,236,84.45,0,0,"2025/05/26 19:35:05",84.45,0.38,0.38,0.38,0.38,0.15,0.15,0.15,0.15,0.1,0.1,0.38,0.38,0.1,0.1,3.99,3.99,0.81,0.81,0,0,FIRM
D,TRADING,PRICE,3,"2025/05/26 19:40:00",1,TAS1,236,35.24,0,0,"2025/05/26 19:35:05",35.24,0.38,0.38,0.38,0.38,0.36,0.36,8.8,8.8,0.1,0.1,0.38,0.38,0,0,2.55,2.55,0.81,0.81,0,0,FIRM
D,TRADING,PRICE,3,"2025/05/26 19:40:00",1,VIC1,236,8.95,0,0,"2025/05/26 19:35:05",8.95,0.38,0.38,0.38,0.38,0.15,0.15,0.15,0.15,0.1,0.1,0.38,0.38,0.1,0.1,3.99,3.99,0.81,0.81,0,0,FIRM
C,"END OF REPORT",15
