C,NEMP.WORLD,TRADINGIS,AEMO,PUBLIC,2025/05/28,20:40:11,0000000465293631,TRADINGIS,0000000465293630
I,TRADING,INTERCONNECTORRES,2,SETTLEMENTDATE,RUNNO,INTERCONNECTORID,PERIODID,METEREDMWFLOW,MWFLOW,MWLOSSES,LASTCHANGED
D,TRADING,INTERCONNECTORRES,2,"2025/05/28 20:45:00",1,N-Q-MNSP1,249,-33.1,-25,0.65,"2025/05/28 20:40:03"
D,TRADING,INTERCONNECTORRES,2,"2025/05/28 20:45:00",1,NSW1-QLD1,249,-960.2,-900.76,28.15,"2025/05/28 20:40:03"
D,TRADING,INTERCONNECTORRES,2,"2025/05/28 20:45:00",1,T-V-MNSP1,249,-119,-76.93,0.92,"2025/05/28 20:40:03"
D,TRADING,INTERCONNECTORRES,2,"2025/05/28 20:45:00",1,V-S-MNSP1,249,63,63,0.15,"2025/05/28 20:40:03"
D,TRADING,INTERCONNECTORRES,2,"2025/05/28 20:45:00",1,V-SA,249,327.6,330.34,16.08,"2025/05/28 20:40:03"
D,TRADING,INTERCONNECTORRES,2,"2025/05/28 20:45:00",1,VIC1-NSW1,249,53.07,94.17,1.2,"2025/05/28 20:40:03"
I,TRADING,PRICE,3,SETTLEMENTDATE,RUNNO,REGIONID,PERIODID,RRP,EEP,INVALIDFLAG,LASTCHANGED,ROP,RAISE6SECRRP,RAISE6SECROP,RAISE60SECRRP,RAISE60SECROP,RAISE5MINRRP,RAISE5MINROP,RAISEREGRRP,RAISEREGROP,LOWER6SECRRP,LOWER6SECROP,LOWER60SECRRP,LOWER60SECROP,LOWER5MINRRP,LOWER5MINROP,LOWERREGRRP,LOWERREGROP,RAISE1SECRRP,RAISE1SECROP,LOWER1SECRRP,LOWER1SECROP,PRICE_STATUS
D,TRADING,PRICE,3,"2025/05/28 20:45:00",1,SA1,249,136.17,0,0,"2025/05/28 20:40:03",136.17,0.39,0.39,0.24,0.24,0.23,0.23,5.99,5.99,0,0,0.1,0.1,0.1,0.1,1,1,0.37,0.37,0,0,FIRM
D,TRADING,PRICE,3,"2025/05/28 20:45:00",1,NSW1,249,127.15,0,0,"2025/05/28 20:40:03",127.15,0.39,0.39,0.24,0.24,0.23,0.23,5.99,5.99,0,0,0.1,0.1,0.1,0.1,1,1,0.37,0.37,0,0,FIRM
D,TRADING,PRICE,3,"2025/05/28 20:45:00",1,QLD1,249,113.83,0,0,"2025/05/28 20:40:03",113.83,0.39,0.39,0.24,0.24,0.23,0.23,5.99,5.99,0,0,0.1,0.1,0.1,0.1,1,1,0.37,0.37,0,0,FIRM
D,TRADING,PRICE,3,"2025/05/28 20:45:00",1,TAS1,249,112.54,0,0,"2025/05/28 20:40:03",112.54,0.38,0.38,0.38,0.38,0,0,9.4,9.4,5.64,5.64,0.38,0.38,0.1,0.1,3.48,3.48,0,0,0,0,FIRM
D,TRADING,PRICE,3,"2025/05/28 20:45:00",1,VIC1,249,124.99,0,0,"2025/05/28 20:40:03",124.99,0.39,0.39,0.24,0.24,0.23,0.23,5.99,5.99,0,0,0.1,0.1,0.1,0.1,1,1,0.37,0.37,0,0,FIRM
C,"END OF REPORT",15
