C,NEMP.WORLD,TRADINGIS,AEMO,PUBLIC,2025/05/28,12:15:14,0000000465242236,TRADINGIS,0000000465242235
I,TRADING,INTERCONNECTORRES,2,SETTLEMENTDATE,RUNNO,INTERCONNECTORID,PERIODID,METEREDMWFLOW,MWFLOW,MWLOSSES,LASTCHANGED
D,TRADING,INTERCONNECTORRES,2,"2025/05/28 12:20:00",1,N-Q-MNSP1,148,97.5,96.36,29.59,"2025/05/28 12:15:07"
D,TRADING,INTERCONNECTORRES,2,"2025/05/28 12:20:00",1,NSW1-QLD1,148,-359.7,-274.59,12.2,"2025/05/28 12:15:07"
D,TRADING,INTERCONNECTORRES,2,"2025/05/28 12:20:00",1,T-V-MNSP1,148,-412.6,-420.96,20.07,"2025/05/28 12:15:07"
D,TRADING,INTERCONNECTORRES,2,"2025/05/28 12:20:00",1,V-S-MNSP1,148,127,128.88,10.56,"2025/05/28 12:15:07"
D,TRADING,INTERCONNECTORRES,2,"2025/05/28 12:20:00",1,V-SA,148,609.95,601.22,34.84,"2025/05/28 12:15:07"
D,TRADING,INTERCONNECTORRES,2,"2025/05/28 12:20:00",1,VIC1-NSW1,148,-118.51,-158.18,-4.47,"2025/05/28 12:15:07"
I,TRADING,PRICE,3,SETTLEMENTDATE,RUNNO,REGIONID,PERIODID,RRP,EEP,INVALIDFLAG,LASTCHANGED,ROP,RAISE6SECRRP,RAISE6SECROP,RAISE60SECRRP,RAISE60SECROP,RAISE5MINRRP,RAISE5MINROP,RAISEREGRRP,RAISEREGROP,LOWER6SECRRP,LOWER6SECROP,LOWER60SECRRP,LOWER60SECROP,LOWER5MINRRP,LOWER5MINROP,LOWERREGRRP,LOWERREGROP,RAISE1SECRRP,RAISE1SECROP,LOWER1SECRRP,LOWER1SECROP,PRICE_STATUS
D,TRADING,PRICE,3,"2025/05/28 12:20:00",1,SA1,148,11.27,0,0,"2025/05/28 12:15:07",11.27,0.23,0.23,0.1,0.1,0.1,0.1,7.85,7.85,0.38,0.38,0.39,0.39,0.3,0.3,0.93,0.93,0.04,0.04,0,0,FIRM
D,TRADING,PRICE,3,"2025/05/28 12:20:00",1,NSW1,148,-20.51,0,0,"2025/05/28 12:15:07",-20.51,0.23,0.23,0.1,0.1,0.1,0.1,7.85,7.85,0.38,0.38,0.39,0.39,0.3,0.3,0.93,0.93,0.04,0.04,0,0,FIRM
D,TRADING,PRICE,3,"2025/05/28 12:20:00",1,QLD1,148,-33.1,0,0,"2025/05/28 12:15:07",-33.1,0.23,0.23,0.1,0.1,0.1,0.1,7.85,7.85,7.89,7.89,7.2,7.2,0.3,0.3,0.93,0.93,0.04,0.04,0,0,FIRM
D,TRADING,PRICE,3,"2025/05/28 12:20:00",1,TAS1,148,35.08,0,0,"2025/05/28 12:15:07",35.08,0.38,0.38,0.38,0.38,0.1,0.1,6.4,6.4,0.38,0.38,0.38,0.38,0.3,0.3,2.52,2.52,0.04,0.04,0,0,FIRM
D,TRADING,PRICE,3,"2025/05/28 12:20:00",1,VIC1,148,8.95,0,0,"2025/05/28 12:15:07",8.95,0.23,0.23,0.1,0.1,0.1,0.1,7.85,7.85,0.38,0.38,0.39,0.39,0.3,0.3,0.93,0.93,0.04,0.04,0,0,FIRM
C,"END OF REPORT",15
