C,NEMP.WORLD,TRADINGIS,AEMO,PUBLIC,2025/05/28,06:35:11,0000000465207257,TRADINGIS,0000000465207256
I,TRADING,INTERCONNECTORRES,2,SETTLEMENTDATE,RUNNO,INTERCONNECTORID,PERIODID,METEREDMWFLOW,MWFLOW,MWLOSSES,LASTCHANGED
D,TRADING,INTERCONNECTORRES,2,"2025/05/28 06:40:00",1,N-Q-MNSP1,80,9.1,0,0,"2025/05/28 06:35:03"
D,TRADING,INTERCONNECTORRES,2,"2025/05/28 06:40:00",1,NSW1-QLD1,80,62.4,-42.73,-1.27,"2025/05/28 06:35:03"
D,TRADING,INTERCONNECTORRES,2,"2025/05/28 06:40:00",1,T-V-MNSP1,80,-415.7,-437.2,21.58,"2025/05/28 06:35:03"
D,TRADING,INTERCONNECTORRES,2,"2025/05/28 06:40:00",1,V-S-MNSP1,80,164,173.06,23.38,"2025/05/28 06:35:03"
D,TRADING,INTERCONNECTORRES,2,"2025/05/28 06:40:00",1,V-SA,80,579.75,571.47,38.65,"2025/05/28 06:35:03"
D,TRADING,INTERCONNECTORRES,2,"2025/05/28 06:40:00",1,VIC1-NSW1,80,412.57,360.73,19.6,"2025/05/28 06:35:03"
I,TRADING,PRICE,3,SETTLEMENTDATE,RUNNO,REGIONID,PERIODID,RRP,EEP,INVALIDFLAG,LASTCHANGED,ROP,RAISE6SECRRP,RAISE6SECROP,RAISE60SECRRP,RAISE60SECROP,RAISE5MINRRP,RAISE5MINROP,RAISEREGRRP,RAISEREGROP,LOWER6SECRRP,LOWER6SECROP,LOWER60SECRRP,LOWER60SECROP,LOWER5MINRRP,LOWER5MINROP,LOWERREGRRP,LOWERREGROP,RAISE1SECRRP,RAISE1SECROP,LOWER1SECRRP,LOWER1SECROP,PRICE_STATUS
D,TRADING,PRICE,3,"2025/05/28 06:40:00",1,SA1,80,94,0,0,"2025/05/28 06:35:03",94,0.38,0.38,0.38,0.38,0.32,0.32,5.99,5.99,0.1,0.1,0.38,0.38,0.01,0.01,0.01,0.01,0.86,0.86,0,0,FIRM
D,TRADING,PRICE,3,"2025/05/28 06:40:00",1,NSW1,80,69.61,0,0,"2025/05/28 06:35:03",69.61,0.38,0.38,0.38,0.38,0.32,0.32,5.99,5.99,0.1,0.1,0.38,0.38,0.01,0.01,0.01,0.01,0.86,0.86,0,0,FIRM
D,TRADING,PRICE,3,"2025/05/28 06:40:00",1,QLD1,80,115.63,0,0,"2025/05/28 06:35:03",115.63,0.38,0.38,0.38,0.38,0.32,0.32,5.99,5.99,0.1,0.1,0.38,0.38,0.01,0.01,0.01,0.01,0.86,0.86,0,0,FIRM
D,TRADING,PRICE,3,"2025/05/28 06:40:00",1,TAS1,80,75.1,0,0,"2025/05/28 06:35:03",75.1,0.38,0.38,0.38,0.38,0.32,0.32,7.4,7.4,0.1,0.1,0.38,0.38,0,0,2.48,2.48,0.86,0.86,0,0,FIRM
D,TRADING,PRICE,3,"2025/05/28 06:40:00",1,VIC1,80,64,0,0,"2025/05/28 06:35:03",64,0.38,0.38,0.38,0.38,0.32,0.32,5.99,5.99,0.1,0.1,0.38,0.38,0.01,0.01,0.01,0.01,0.86,0.86,0,0,FIRM
C,"END OF REPORT",15
