C,NEMP.WORLD,TRADINGIS,AEMO,PUBLIC,2025/05/28,08:05:13,0000000465215499,TRADINGIS,0000000465215498
I,TRADING,INTERCONNECTORRES,2,SETTLEMENTDATE,RUNNO,INTERCONNECTORID,PERIODID,METEREDMWFLOW,MWFLOW,MWLOSSES,LASTCHANGED
D,TRADING,INTERCONNECTORRES,2,"2025/05/28 08:10:00",1,N-Q-MNSP1,98,-24.7,-25,0.65,"2025/05/28 08:05:03"
D,TRADING,INTERCONNECTORRES,2,"2025/05/28 08:10:00",1,NSW1-QLD1,98,-642.7,-625.07,21.03,"2025/05/28 08:05:03"
D,TRADING,INTERCONNECTORRES,2,"2025/05/28 08:10:00",1,T-V-MNSP1,98,-255.1,-413.71,19.41,"2025/05/28 08:05:03"
D,TRADING,INTERCONNECTORRES,2,"2025/05/28 08:10:00",1,V-S-MNSP1,98,112,72,0.95,"2025/05/28 08:05:03"
D,TRADING,INTERCONNECTORRES,2,"2025/05/28 08:10:00",1,V-SA,98,559.71,426.69,20.62,"2025/05/28 08:05:03"
D,TRADING,INTERCONNECTORRES,2,"2025/05/28 08:10:00",1,VIC1-NSW1,98,-421.59,-440.62,10.11,"2025/05/28 08:05:03"
I,TRADING,PRICE,3,SETTLEMENTDATE,RUNNO,REGIONID,PERIODID,RRP,EEP,INVALIDFLAG,LASTCHANGED,ROP,RAISE6SECRRP,RAISE6SECROP,RAISE60SECRRP,RAISE60SECROP,RAISE5MINRRP,RAISE5MINROP,RAISEREGRRP,RAISEREGROP,LOWER6SECRRP,LOWER6SECROP,LOWER60SECRRP,LOWER60SECROP,LOWER5MINRRP,LOWER5MINROP,LOWERREGRRP,LOWERREGROP,RAISE1SECRRP,RAISE1SECROP,LOWER1SECRRP,LOWER1SECROP,PRICE_STATUS
D,TRADING,PRICE,3,"2025/05/28 08:10:00",1,SA1,98,154.05,0,0,"2025/05/28 08:05:03",154.05,0.37,0.37,0.1,0.1,0.15,0.15,10.98,10.98,0,0,0.01,0.01,0.1,0.1,3.42,3.42,0.38,0.38,0,0,FIRM
D,TRADING,PRICE,3,"2025/05/28 08:10:00",1,NSW1,98,76.58,0,0,"2025/05/28 08:05:03",76.58,0.37,0.37,0.1,0.1,0.15,0.15,10.98,10.98,0,0,0.01,0.01,0.1,0.1,3.42,3.42,0.38,0.38,0,0,FIRM
D,TRADING,PRICE,3,"2025/05/28 08:10:00",1,QLD1,98,50.75,0,0,"2025/05/28 08:05:03",50.75,0.37,0.37,0.1,0.1,0.15,0.15,10.98,10.98,11.03,11.03,8.68,8.68,0.38,0.38,3.7,3.7,0.38,0.38,0,0,FIRM
D,TRADING,PRICE,3,"2025/05/28 08:10:00",1,TAS1,98,150.24,0,0,"2025/05/28 08:05:03",150.24,0.38,0.38,0.38,0.38,0.15,0.15,7.4,7.4,0,0,0.01,0.01,0.1,0.1,2.52,2.52,0.38,0.38,0,0,FIRM
D,TRADING,PRICE,3,"2025/05/28 08:10:00",1,VIC1,98,139.76,0,0,"2025/05/28 08:05:03",139.76,0.37,0.37,0.1,0.1,0.15,0.15,10.98,10.98,0,0,0.01,0.01,0.1,0.1,3.42,3.42,0.38,0.38,0,0,FIRM
C,"END OF REPORT",15
