C,NEMP.WORLD,TRADINGIS,AEMO,PUBLIC,2025/05/29,14:20:11,0000000465397805,TRADINGIS,0000000465397804
I,TRADING,INTERCONNECTORRES,2,SETTLEMENTDATE,RUNNO,INTERCONNECTORID,PERIODID,METEREDMWFLOW,MWFLOW,MWLOSSES,LASTCHANGED
D,TRADING,INTERCONNECTORRES,2,"2025/05/29 14:25:00",1,N-Q-MNSP1,173,-16.9,-9,-0.16,"2025/05/29 14:20:03"
D,TRADING,INTERCONNECTORRES,2,"2025/05/29 14:25:00",1,NSW1-QLD1,173,-187.3,-187,-0.68,"2025/05/29 14:20:03"
D,TRADING,INTERCONNECTORRES,2,"2025/05/29 14:25:00",1,T-V-MNSP1,173,-458.4,-478,25.62,"2025/05/29 14:20:03"
D,TRADING,INTERCONNECTORRES,2,"2025/05/29 14:25:00",1,V-S-MNSP1,173,-10,-36,4.21,"2025/05/29 14:20:03"
D,TRADING,INTERCONNECTORRES,2,"2025/05/29 14:25:00",1,V-SA,173,-190.1,-172.36,8.95,"2025/05/29 14:20:03"
D,TRADING,INTERCONNECTORRES,2,"2025/05/29 14:25:00",1,VIC1-NSW1,173,644.12,639.81,82.28,"2025/05/29 14:20:03"
I,TRADING,PRICE,3,SETTLEMENTDATE,RUNNO,REGIONID,PERIODID,RRP,EEP,INVALIDFLAG,LASTCHANGED,ROP,RAISE6SECRRP,RAISE6SECROP,RAISE60SECRRP,RAISE60SECROP,RAISE5MINRRP,RAISE5MINROP,RAISEREGRRP,RAISEREGROP,LOWER6SECRRP,LOWER6SECROP,LOWER60SECRRP,LOWER60SECROP,LOWER5MINRRP,LOWER5MINROP,LOWERREGRRP,LOWERREGROP,RAISE1SECRRP,RAISE1SECROP,LOWER1SECRRP,LOWER1SECROP,PRICE_STATUS
D,TRADING,PRICE,3,"2025/05/29 14:25:00",1,SA1,173,31.47,0,0,"2025/05/29 14:20:03",31.47,0.1,0.1,0.1,0.1,0.1,0.1,0.91,0.91,0.38,0.38,0.86,0.86,0.1,0.1,0.1,0.1,0.81,0.81,0,0,FIRM
D,TRADING,PRICE,3,"2025/05/29 14:25:00",1,NSW1,173,76.8,0,0,"2025/05/29 14:20:03",76.8,0.1,0.1,0.1,0.1,0.1,0.1,0.91,0.91,0.38,0.38,0.86,0.86,0.1,0.1,0.1,0.1,0.81,0.81,0,0,FIRM
D,TRADING,PRICE,3,"2025/05/29 14:25:00",1,QLD1,173,75.63,0,0,"2025/05/29 14:20:03",75.63,0.1,0.1,0.1,0.1,0.1,0.1,0.91,0.91,0.38,0.38,0.86,0.86,0.1,0.1,0.1,0.1,0.81,0.81,0,0,FIRM
D,TRADING,PRICE,3,"2025/05/29 14:25:00",1,TAS1,173,75.13,0,0,"2025/05/29 14:20:03",75.13,0.38,0.38,0.38,0.38,0.38,0.38,7.54,7.54,0.38,0.38,0.38,0.38,0,0,3.46,3.46,0.81,0.81,0,0,FIRM
D,TRADING,PRICE,3,"2025/05/29 14:25:00",1,VIC1,173,33.89,0,0,"2025/05/29 14:20:03",33.89,0.1,0.1,0.1,0.1,0.1,0.1,0.91,0.91,0.38,0.38,0.86,0.86,0.1,0.1,0.1,0.1,0.81,0.81,0,0,FIRM
C,"END OF REPORT",15
