C,NEMP.WORLD,TRADINGIS,AEMO,PUBLIC,2025/05/27,02:55:15,0000000465035793,TRADINGIS,0000000465035792
I,TRADING,INTERCONNECTORRES,2,SETTLEMENTDATE,RUNNO,INTERCONNECTORID,PERIODID,METEREDMWFLOW,MWFLOW,MWLOSSES,LASTCHANGED
D,TRADING,INTERCONNECTORRES,2,"2025/05/27 03:00:00",1,N-Q-MNSP1,36,9,9,0.6,"2025/05/27 02:55:08"
D,TRADING,INTERCONNECTORRES,2,"2025/05/27 03:00:00",1,NSW1-QLD1,36,596.1,570.26,29.37,"2025/05/27 02:55:08"
D,TRADING,INTERCONNECTORRES,2,"2025/05/27 03:00:00",1,T-V-MNSP1,36,-457.8,-459.27,23.73,"2025/05/27 02:55:08"
D,TRADING,INTERCONNECTORRES,2,"2025/05/27 03:00:00",1,V-S-MNSP1,36,-148,-145.92,36.42,"2025/05/27 02:55:08"
D,TRADING,INTERCONNECTORRES,2,"2025/05/27 03:00:00",1,V-SA,36,-337,-336.62,6.17,"2025/05/27 02:55:08"
D,TRADING,INTERCONNECTORRES,2,"2025/05/27 03:00:00",1,VIC1-NSW1,36,1000.55,939.5,95.61,"2025/05/27 02:55:08"
I,TRADING,PRICE,3,SETTLEMENTDATE,RUNNO,REGIONID,PERIODID,RRP,EEP,INVALIDFLAG,LASTCHANGED,ROP,RAISE6SECRRP,RAISE6SECROP,RAISE60SECRRP,RAISE60SECROP,RAISE5MINRRP,RAISE5MINROP,RAISEREGRRP,RAISEREGROP,LOWER6SECRRP,LOWER6SECROP,LOWER60SECRRP,LOWER60SECROP,LOWER5MINRRP,LOWER5MINROP,LOWERREGRRP,LOWERREGROP,RAISE1SECRRP,RAISE1SECROP,LOWER1SECRRP,LOWER1SECROP,PRICE_STATUS
D,TRADING,PRICE,3,"2025/05/27 03:00:00",1,SA1,36,-18.88,0,0,"2025/05/27 02:55:08",-18.88,0.1,0.1,0.04,0.04,0.1,0.1,9.24,9.24,0.38,0.38,0.39,0.39,0,0,0,0,0.37,0.37,0,0,FIRM
D,TRADING,PRICE,3,"2025/05/27 03:00:00",1,NSW1,36,45.8,0,0,"2025/05/27 02:55:08",45.8,0.1,0.1,0.04,0.04,0.1,0.1,9.24,9.24,0.38,0.38,0.39,0.39,0,0,0,0,0.37,0.37,0,0,FIRM
D,TRADING,PRICE,3,"2025/05/27 03:00:00",1,QLD1,36,50.75,0,0,"2025/05/27 02:55:08",50.75,0.1,0.1,0.04,0.04,0.1,0.1,9.24,9.24,0.38,0.38,0.39,0.39,0,0,0,0,0.37,0.37,0,0,FIRM
D,TRADING,PRICE,3,"2025/05/27 03:00:00",1,TAS1,36,11.25,0,0,"2025/05/27 02:55:08",11.25,0.38,0.38,0.38,0.38,0.1,0.1,6.97,6.97,0.38,0.38,0.38,0.38,0,0,2.55,2.55,0.37,0.37,0,0,FIRM
D,TRADING,PRICE,3,"2025/05/27 03:00:00",1,VIC1,36,-19.97,0,0,"2025/05/27 02:55:08",-19.97,0.1,0.1,0.04,0.04,0.1,0.1,9.24,9.24,0.38,0.38,0.39,0.39,0,0,0,0,0.37,0.37,0,0,FIRM
C,"END OF REPORT",15
