C,NEMP.WORLD,TRADINGIS,AEMO,PUBLIC,2025/05/29,07:40:10,0000000465356442,TRADINGIS,0000000465356441
I,TRADING,INTERCONNECTORRES,2,SETTLEMENTDATE,RUNNO,INTERCONNECTORID,PERIODID,METEREDMWFLOW,MWFLOW,MWLOSSES,LASTCHANGED
D,TRADING,INTERCONNECTORRES,2,"2025/05/29 07:45:00",1,N-Q-MNSP1,93,-14.5,-17,0.07,"2025/05/29 07:40:03"
D,TRADING,INTERCONNECTORRES,2,"2025/05/29 07:45:00",1,NSW1-QLD1,93,-478.8,-514.41,2.61,"2025/05/29 07:40:03"
D,TRADING,INTERCONNECTORRES,2,"2025/05/29 07:45:00",1,T-V-MNSP1,93,-194.1,-231.07,6.46,"2025/05/29 07:40:03"
D,TRADING,INTERCONNECTORRES,2,"2025/05/29 07:45:00",1,V-S-MNSP1,93,9,10.45,-0.62,"2025/05/29 07:40:03"
D,TRADING,INTERCONNECTORRES,2,"2025/05/29 07:45:00",1,V-SA,93,-159.43,-153,3.46,"2025/05/29 07:40:03"
D,TRADING,INTERCONNECTORRES,2,"2025/05/29 07:45:00",1,VIC1-NSW1,93,56.12,-21.4,-0.34,"2025/05/29 07:40:03"
I,TRADING,PRICE,3,SETTLEMENTDATE,RUNNO,REGIONID,PERIODID,RRP,EEP,INVALIDFLAG,LASTCHANGED,ROP,RAISE6SECRRP,RAISE6SECROP,RAISE60SECRRP,RAISE60SECROP,RAISE5MINRRP,RAISE5MINROP,RAISEREGRRP,RAISEREGROP,LOWER6SECRRP,LOWER6SECROP,LOWER60SECRRP,LOWER60SECROP,LOWER5MINRRP,LOWER5MINROP,LOWERREGRRP,LOWERREGROP,RAISE1SECRRP,RAISE1SECROP,LOWER1SECRRP,LOWER1SECROP,PRICE_STATUS
D,TRADING,PRICE,3,"2025/05/29 07:45:00",1,SA1,93,139.18,0,0,"2025/05/29 07:40:03",139.18,0.39,0.39,0.38,0.38,0.23,0.23,0.23,0.23,0.03,0.03,0.1,0.1,0.1,0.1,3.65,3.65,0.38,0.38,0,0,FIRM
D,TRADING,PRICE,3,"2025/05/29 07:45:00",1,NSW1,93,147.39,0,0,"2025/05/29 07:40:03",147.39,0.39,0.39,0.38,0.38,0.23,0.23,0.23,0.23,0.03,0.03,0.1,0.1,0.1,0.1,3.65,3.65,0.38,0.38,0,0,FIRM
D,TRADING,PRICE,3,"2025/05/29 07:45:00",1,QLD1,93,140.1,0,0,"2025/05/29 07:40:03",140.1,0.39,0.39,0.38,0.38,0.23,0.23,0.23,0.23,0.03,0.03,0.1,0.1,0.1,0.1,3.65,3.65,0.38,0.38,0,0,FIRM
D,TRADING,PRICE,3,"2025/05/29 07:45:00",1,TAS1,93,150.24,0,0,"2025/05/29 07:40:03",150.24,1.75,1.75,0.38,0.38,0.23,0.23,5.54,5.54,0.03,0.03,0.1,0.1,0.1,0.1,2.46,2.46,0.38,0.38,0,0,FIRM
D,TRADING,PRICE,3,"2025/05/29 07:45:00",1,VIC1,93,145.07,0,0,"2025/05/29 07:40:03",145.07,0.39,0.39,0.38,0.38,0.23,0.23,0.23,0.23,0.03,0.03,0.1,0.1,0.1,0.1,3.65,3.65,0.38,0.38,0,0,FIRM
C,"END OF REPORT",15
