C,NEMP.WORLD,TRADINGIS,AEMO,PUBLIC,2025/05/27,02:40:14,0000000465034429,TRADINGIS,0000000465034428
I,TRADING,INTERCONNECTORRES,2,SETTLEMENTDATE,RUNNO,INTERCONNECTORID,PERIODID,METEREDMWFLOW,MWFLOW,MWLOSSES,LASTCHANGED
D,TRADING,INTERCONNECTORRES,2,"2025/05/27 02:45:00",1,N-Q-MNSP1,33,8.1,9,0.6,"2025/05/27 02:40:07"
D,TRADING,INTERCONNECTORRES,2,"2025/05/27 02:45:00",1,NSW1-QLD1,33,448.7,425,15.99,"2025/05/27 02:40:07"
D,TRADING,INTERCONNECTORRES,2,"2025/05/27 02:45:00",1,T-V-MNSP1,33,-444.4,-458.4,23.64,"2025/05/27 02:40:07"
D,TRADING,INTERCONNECTORRES,2,"2025/05/27 02:45:00",1,V-S-MNSP1,33,-146,-147.08,36.92,"2025/05/27 02:40:07"
D,TRADING,INTERCONNECTORRES,2,"2025/05/27 02:45:00",1,V-SA,33,-296.92,-310.79,5.16,"2025/05/27 02:40:07"
D,TRADING,INTERCONNECTORRES,2,"2025/05/27 02:45:00",1,VIC1-NSW1,33,967.7,944.34,97.11,"2025/05/27 02:40:07"
I,TRADING,PRICE,3,SETTLEMENTDATE,RUNNO,REGIONID,PERIODID,RRP,EEP,INVALIDFLAG,LASTCHANGED,ROP,RAISE6SECRRP,RAISE6SECROP,RAISE60SECRRP,RAISE60SECROP,RAISE5MINRRP,RAISE5MINROP,RAISEREGRRP,RAISEREGROP,LOWER6SECRRP,LOWER6SECROP,LOWER60SECRRP,LOWER60SECROP,LOWER5MINRRP,LOWER5MINROP,LOWERREGRRP,LOWERREGROP,RAISE1SECRRP,RAISE1SECROP,LOWER1SECRRP,LOWER1SECROP,PRICE_STATUS
D,TRADING,PRICE,3,"2025/05/27 02:45:00",1,SA1,33,-14.44,0,0,"2025/05/27 02:40:07",-14.44,0.1,0.1,0.04,0.04,0.1,0.1,9.24,9.24,0.1,0.1,0.86,0.86,0.01,0.01,1.51,1.51,0.37,0.37,0,0,FIRM
D,TRADING,PRICE,3,"2025/05/27 02:45:00",1,NSW1,33,56.5,0,0,"2025/05/27 02:40:07",56.5,0.1,0.1,0.04,0.04,0.1,0.1,9.24,9.24,0.1,0.1,0.86,0.86,0.01,0.01,1.51,1.51,0.37,0.37,0,0,FIRM
D,TRADING,PRICE,3,"2025/05/27 02:45:00",1,QLD1,33,60.88,0,0,"2025/05/27 02:40:07",60.88,0.1,0.1,0.04,0.04,0.1,0.1,9.24,9.24,0.1,0.1,0.86,0.86,0.01,0.01,1.51,1.51,0.37,0.37,0,0,FIRM
D,TRADING,PRICE,3,"2025/05/27 02:45:00",1,TAS1,33,11.25,0,0,"2025/05/27 02:40:07",11.25,0.38,0.38,0.38,0.38,0.1,0.1,6.97,6.97,0.1,0.1,0.38,0.38,0,0,2.55,2.55,0.37,0.37,0,0,FIRM
D,TRADING,PRICE,3,"2025/05/27 02:45:00",1,VIC1,33,-15.24,0,0,"2025/05/27 02:40:07",-15.24,0.1,0.1,0.04,0.04,0.1,0.1,9.24,9.24,0.1,0.1,0.86,0.86,0.01,0.01,1.51,1.51,0.37,0.37,0,0,FIRM
C,"END OF REPORT",15
