C,NEMP.WORLD,TRADINGIS,AEMO,PUBLIC,2025/05/29,03:55:10,0000000465335116,TRADINGIS,0000000465335115
I,TRADING,INTERCONNECTORRES,2,SETTLEMENTDATE,RUNNO,INTERCONNECTORID,PERIODID,METEREDMWFLOW,MWFLOW,MWLOSSES,LASTCHANGED
D,TRADING,INTERCONNECTORRES,2,"2025/05/29 04:00:00",1,N-Q-MNSP1,48,-18,-17,0.07,"2025/05/29 03:55:03"
D,TRADING,INTERCONNECTORRES,2,"2025/05/29 04:00:00",1,NSW1-QLD1,48,-327.3,-386.54,14.02,"2025/05/29 03:55:03"
D,TRADING,INTERCONNECTORRES,2,"2025/05/29 04:00:00",1,T-V-MNSP1,48,-433.4,-438,21.66,"2025/05/29 03:55:03"
D,TRADING,INTERCONNECTORRES,2,"2025/05/29 04:00:00",1,V-S-MNSP1,48,63,63,0.15,"2025/05/29 03:55:03"
D,TRADING,INTERCONNECTORRES,2,"2025/05/29 04:00:00",1,V-SA,48,317.33,300.5,14,"2025/05/29 03:55:03"
D,TRADING,INTERCONNECTORRES,2,"2025/05/29 04:00:00",1,VIC1-NSW1,48,393.78,353.24,20.89,"2025/05/29 03:55:03"
I,TRADING,PRICE,3,SETTLEMENTDATE,RUNNO,REGIONID,PERIODID,RRP,EEP,INVALIDFLAG,LASTCHANGED,ROP,RAISE6SECRRP,RAISE6SECROP,RAISE60SECRRP,RAISE60SECROP,RAISE5MINRRP,RAISE5MINROP,RAISEREGRRP,RAISEREGROP,LOWER6SECRRP,LOWER6SECROP,LOWER60SECRRP,LOWER60SECROP,LOWER5MINRRP,LOWER5MINROP,LOWERREGRRP,LOWERREGROP,RAISE1SECRRP,RAISE1SECROP,LOWER1SECRRP,LOWER1SECROP,PRICE_STATUS
D,TRADING,PRICE,3,"2025/05/29 04:00:00",1,SA1,48,77.18,0,0,"2025/05/29 03:55:03",77.18,0.37,0.37,0.1,0.1,0.1,0.1,7.6,7.6,0.39,0.39,1.63,1.63,0.01,0.01,0.01,0.01,0.86,0.86,0,0,FIRM
D,TRADING,PRICE,3,"2025/05/29 04:00:00",1,NSW1,48,77.97,0,0,"2025/05/29 03:55:03",77.97,0.37,0.37,0.1,0.1,0.1,0.1,7.6,7.6,0.39,0.39,1.63,1.63,0.01,0.01,0.01,0.01,0.86,0.86,0,0,FIRM
D,TRADING,PRICE,3,"2025/05/29 04:00:00",1,QLD1,48,72.75,0,0,"2025/05/29 03:55:03",72.75,0.37,0.37,0.1,0.1,0.1,0.1,7.6,7.6,0.39,0.39,1.63,1.63,0.01,0.01,0.01,0.01,0.86,0.86,0,0,FIRM
D,TRADING,PRICE,3,"2025/05/29 04:00:00",1,TAS1,48,100.24,0,0,"2025/05/29 03:55:03",100.24,0.38,0.38,0.38,0.38,0.38,0.38,8.4,8.4,0.38,0.38,0.38,0.38,0,0,2.48,2.48,0.86,0.86,0,0,FIRM
D,TRADING,PRICE,3,"2025/05/29 04:00:00",1,VIC1,48,71.29,0,0,"2025/05/29 03:55:03",71.29,0.37,0.37,0.1,0.1,0.1,0.1,7.6,7.6,0.39,0.39,1.63,1.63,0.01,0.01,0.01,0.01,0.86,0.86,0,0,FIRM
C,"END OF REPORT",15
