C,NEMP.WORLD,TRADINGIS,AEMO,PUBLIC,2025/05/28,23:05:10,0000000465307633,TRADINGIS,0000000465307632
I,TRADING,INTERCONNECTORRES,2,SETTLEMENTDATE,RUNNO,INTERCONNECTORID,PERIODID,METEREDMWFLOW,MWFLOW,MWLOSSES,LASTCHANGED
D,TRADING,INTERCONNECTORRES,2,"2025/05/28 23:10:00",1,N-Q-MNSP1,278,-21,-17,0.07,"2025/05/28 23:05:03"
D,TRADING,INTERCONNECTORRES,2,"2025/05/28 23:10:00",1,NSW1-QLD1,278,-274.3,-362.79,3.84,"2025/05/28 23:05:03"
D,TRADING,INTERCONNECTORRES,2,"2025/05/28 23:10:00",1,T-V-MNSP1,278,-435.8,-438,21.66,"2025/05/28 23:05:03"
D,TRADING,INTERCONNECTORRES,2,"2025/05/28 23:10:00",1,V-S-MNSP1,278,61,63,0.15,"2025/05/28 23:05:03"
D,TRADING,INTERCONNECTORRES,2,"2025/05/28 23:10:00",1,V-SA,278,266.39,301.75,11.4,"2025/05/28 23:05:03"
D,TRADING,INTERCONNECTORRES,2,"2025/05/28 23:10:00",1,VIC1-NSW1,278,313.82,256.06,12.04,"2025/05/28 23:05:03"
I,TRADING,PRICE,3,SETTLEMENTDATE,RUNNO,REGIONID,PERIODID,RRP,EEP,INVALIDFLAG,LASTCHANGED,ROP,RAISE6SECRRP,RAISE6SECROP,RAISE60SECRRP,RAISE60SECROP,RAISE5MINRRP,RAISE5MINROP,RAISEREGRRP,RAISEREGROP,LOWER6SECRRP,LOWER6SECROP,LOWER60SECRRP,LOWER60SECROP,LOWER5MINRRP,LOWER5MINROP,LOWERREGRRP,LOWERREGROP,RAISE1SECRRP,RAISE1SECROP,LOWER1SECRRP,LOWER1SECROP,PRICE_STATUS
D,TRADING,PRICE,3,"2025/05/28 23:10:00",1,SA1,278,101.44,0,0,"2025/05/28 23:05:03",101.44,0.37,0.37,0.1,0.1,0.1,0.1,5.99,5.99,0.1,0.1,0.45,0.45,0.1,0.1,3.7,3.7,0.81,0.81,0,0,FIRM
D,TRADING,PRICE,3,"2025/05/28 23:10:00",1,NSW1,278,101.33,0,0,"2025/05/28 23:05:03",101.33,0.37,0.37,0.1,0.1,0.1,0.1,5.99,5.99,0.1,0.1,0.45,0.45,0.1,0.1,3.7,3.7,0.81,0.81,0,0,FIRM
D,TRADING,PRICE,3,"2025/05/28 23:10:00",1,QLD1,278,96.83,0,0,"2025/05/28 23:05:03",96.83,0.37,0.37,0.1,0.1,0.1,0.1,5.99,5.99,0.1,0.1,0.45,0.45,0.1,0.1,3.7,3.7,0.81,0.81,0,0,FIRM
D,TRADING,PRICE,3,"2025/05/28 23:10:00",1,TAS1,278,150.24,0,0,"2025/05/28 23:05:03",150.24,0.38,0.38,0.38,0.38,0.36,0.36,8.4,8.4,0.1,0.1,0.38,0.38,0,0,2.48,2.48,0.81,0.81,0,0,FIRM
D,TRADING,PRICE,3,"2025/05/28 23:10:00",1,VIC1,278,94.52,0,0,"2025/05/28 23:05:03",94.52,0.37,0.37,0.1,0.1,0.1,0.1,5.99,5.99,0.1,0.1,0.45,0.45,0.1,0.1,3.7,3.7,0.81,0.81,0,0,FIRM
C,"END OF REPORT",15
