C,NEMP.WORLD,TRADINGIS,AEMO,PUBLIC,2025/05/27,12:45:14,0000000465097922,TRADINGIS,0000000465097921
I,TRADING,INTERCONNECTORRES,2,SETTLEMENTDATE,RUNNO,INTERCONNECTORID,PERIODID,METEREDMWFLOW,MWFLOW,MWLOSSES,LASTCHANGED
D,TRADING,INTERCONNECTORRES,2,"2025/05/27 12:50:00",1,N-Q-MNSP1,154,-8.6,-9,-0.16,"2025/05/27 12:45:07"
D,TRADING,INTERCONNECTORRES,2,"2025/05/27 12:50:00",1,NSW1-QLD1,154,-116.8,-123.02,0.96,"2025/05/27 12:45:07"
D,TRADING,INTERCONNECTORRES,2,"2025/05/27 12:50:00",1,T-V-MNSP1,154,-471.9,-478,25.62,"2025/05/27 12:45:07"
D,TRADING,INTERCONNECTORRES,2,"2025/05/27 12:50:00",1,V-S-MNSP1,154,169,173.21,23.43,"2025/05/27 12:45:07"
D,TRADING,INTERCONNECTORRES,2,"2025/05/27 12:50:00",1,V-SA,154,-357.75,-134.68,7.03,"2025/05/27 12:45:07"
D,TRADING,INTERCONNECTORRES,2,"2025/05/27 12:50:00",1,VIC1-NSW1,154,-409.61,-396.54,-10.85,"2025/05/27 12:45:07"
I,TRADING,PRICE,3,SETTLEMENTDATE,RUNNO,REGIONID,PERIODID,RRP,EEP,INVALIDFLAG,LASTCHANGED,ROP,RAISE6SECRRP,RAISE6SECROP,RAISE60SECRRP,RAISE60SECROP,RAISE5MINRRP,RAISE5MINROP,RAISEREGRRP,RAISEREGROP,LOWER6SECRRP,LOWER6SECROP,LOWER60SECRRP,LOWER60SECROP,LOWER5MINRRP,LOWER5MINROP,LOWERREGRRP,LOWERREGROP,RAISE1SECRRP,RAISE1SECROP,LOWER1SECRRP,LOWER1SECROP,PRICE_STATUS
D,TRADING,PRICE,3,"2025/05/27 12:50:00",1,SA1,154,-93.49,0,0,"2025/05/27 12:45:07",-93.49,0.01,0.01,0.1,0.1,0.1,0.1,20.52,20.52,0.39,0.39,1.44,1.44,0.39,0.39,10.38,10.38,0.17,0.17,0,0,FIRM
D,TRADING,PRICE,3,"2025/05/27 12:50:00",1,NSW1,154,36.5,0,0,"2025/05/27 12:45:07",36.5,0.01,0.01,0.1,0.1,0.1,0.1,20.52,20.52,0.39,0.39,1.44,1.44,0.39,0.39,10.38,10.38,0.17,0.17,0,0,FIRM
D,TRADING,PRICE,3,"2025/05/27 12:50:00",1,QLD1,154,35.73,0,0,"2025/05/27 12:45:07",35.73,0.01,0.01,0.1,0.1,0.1,0.1,20.52,20.52,0.39,0.39,1.44,1.44,0.39,0.39,10.38,10.38,0.17,0.17,0,0,FIRM
D,TRADING,PRICE,3,"2025/05/27 12:50:00",1,TAS1,154,75.18,0,0,"2025/05/27 12:45:07",75.18,0.38,0.38,0.38,0.38,0.36,0.36,7.4,7.4,0.38,0.38,1.37,1.37,0,0,2.48,2.48,0.17,0.17,0,0,FIRM
D,TRADING,PRICE,3,"2025/05/27 12:50:00",1,VIC1,154,36.69,0,0,"2025/05/27 12:45:07",36.69,0.01,0.01,0.1,0.1,0.1,0.1,20.52,20.52,0.39,0.39,1.44,1.44,0.39,0.39,10.38,10.38,0.17,0.17,0,0,FIRM
C,"END OF REPORT",15
