C,NEMP.WORLD,TRADINGIS,AEMO,PUBLIC,2025/05/28,07:40:11,0000000465213105,TRADINGIS,0000000465213104
I,TRADING,INTERCONNECTORRES,2,SETTLEMENTDATE,RUNNO,INTERCONNECTORID,PERIODID,METEREDMWFLOW,MWFLOW,MWLOSSES,LASTCHANGED
D,TRADING,INTERCONNECTORRES,2,"2025/05/28 07:45:00",1,N-Q-MNSP1,93,-24.1,-25,0.65,"2025/05/28 07:40:04"
D,TRADING,INTERCONNECTORRES,2,"2025/05/28 07:45:00",1,NSW1-QLD1,93,-786.3,-710.71,21.08,"2025/05/28 07:40:04"
D,TRADING,INTERCONNECTORRES,2,"2025/05/28 07:45:00",1,T-V-MNSP1,93,-398.6,-399.7,18.17,"2025/05/28 07:40:04"
D,TRADING,INTERCONNECTORRES,2,"2025/05/28 07:45:00",1,V-S-MNSP1,93,86,81,1.95,"2025/05/28 07:40:04"
D,TRADING,INTERCONNECTORRES,2,"2025/05/28 07:45:00",1,V-SA,93,601.98,524.03,31.23,"2025/05/28 07:40:04"
D,TRADING,INTERCONNECTORRES,2,"2025/05/28 07:45:00",1,VIC1-NSW1,93,-386.59,-361.63,5.52,"2025/05/28 07:40:04"
I,TRADING,PRICE,3,SETTLEMENTDATE,RUNNO,REGIONID,PERIODID,RRP,EEP,INVALIDFLAG,LASTCHANGED,ROP,RAISE6SECRRP,RAISE6SECROP,RAISE60SECRRP,RAISE60SECROP,RAISE5MINRRP,RAISE5MINROP,RAISEREGRRP,RAISEREGROP,LOWER6SECRRP,LOWER6SECROP,LOWER60SECRRP,LOWER60SECROP,LOWER5MINRRP,LOWER5MINROP,LOWERREGRRP,LOWERREGROP,RAISE1SECRRP,RAISE1SECROP,LOWER1SECRRP,LOWER1SECROP,PRICE_STATUS
D,TRADING,PRICE,3,"2025/05/28 07:45:00",1,SA1,93,138,0,0,"2025/05/28 07:40:04",138,0.39,0.39,0.38,0.38,0.24,0.24,3,3,0,0,0.1,0.1,0.01,0.01,3.33,3.33,0.94,0.94,0,0,FIRM
D,TRADING,PRICE,3,"2025/05/28 07:45:00",1,NSW1,93,74.47,0,0,"2025/05/28 07:40:04",74.47,0.39,0.39,0.38,0.38,0.24,0.24,3,3,0,0,0.1,0.1,0.01,0.01,3.33,3.33,0.94,0.94,0,0,FIRM
D,TRADING,PRICE,3,"2025/05/28 07:45:00",1,QLD1,93,32.08,0,0,"2025/05/28 07:40:04",32.08,0.39,0.39,0.38,0.38,0.24,0.24,3,3,19.92,19.92,16.68,16.68,0.38,0.38,3.7,3.7,0.94,0.94,0,0,FIRM
D,TRADING,PRICE,3,"2025/05/28 07:45:00",1,TAS1,93,131.43,0,0,"2025/05/28 07:40:04",131.43,0.39,0.39,0.38,0.38,0.24,0.24,8.4,8.4,0,0,0.1,0.1,0.01,0.01,2.48,2.48,0.94,0.94,0,0,FIRM
D,TRADING,PRICE,3,"2025/05/28 07:45:00",1,VIC1,93,122.8,0,0,"2025/05/28 07:40:04",122.8,0.39,0.39,0.38,0.38,0.24,0.24,3,3,0,0,0.1,0.1,0.01,0.01,3.33,3.33,0.94,0.94,0,0,FIRM
C,"END OF REPORT",15
