C,NEMP.WORLD,TRADINGIS,AEMO,PUBLIC,2025/05/28,07:05:11,0000000465209892,TRADINGIS,0000000465209891
I,TRADING,INTERCONNECTORRES,2,SETTLEMENTDATE,RUNNO,INTERCONNECTORID,PERIODID,METEREDMWFLOW,MWFLOW,MWLOSSES,LASTCHANGED
D,TRADING,INTERCONNECTORRES,2,"2025/05/28 07:10:00",1,N-Q-MNSP1,86,-16.4,-17,0.07,"2025/05/28 07:05:04"
D,TRADING,INTERCONNECTORRES,2,"2025/05/28 07:10:00",1,NSW1-QLD1,86,-332.7,-457.63,0.39,"2025/05/28 07:05:04"
D,TRADING,INTERCONNECTORRES,2,"2025/05/28 07:10:00",1,T-V-MNSP1,86,-414.5,-436.37,21.51,"2025/05/28 07:05:04"
D,TRADING,INTERCONNECTORRES,2,"2025/05/28 07:10:00",1,V-S-MNSP1,86,135,99.14,4.55,"2025/05/28 07:05:04"
D,TRADING,INTERCONNECTORRES,2,"2025/05/28 07:10:00",1,V-SA,86,493.67,574.38,37.42,"2025/05/28 07:05:04"
D,TRADING,INTERCONNECTORRES,2,"2025/05/28 07:10:00",1,VIC1-NSW1,86,300.19,234.57,9.65,"2025/05/28 07:05:04"
I,TRADING,PRICE,3,SETTLEMENTDATE,RUNNO,REGIONID,PERIODID,RRP,EEP,INVALIDFLAG,LASTCHANGED,ROP,RAISE6SECRRP,RAISE6SECROP,RAISE60SECRRP,RAISE60SECROP,RAISE5MINRRP,RAISE5MINROP,RAISEREGRRP,RAISEREGROP,LOWER6SECRRP,LOWER6SECROP,LOWER60SECRRP,LOWER60SECROP,LOWER5MINRRP,LOWER5MINROP,LOWERREGRRP,LOWERREGROP,RAISE1SECRRP,RAISE1SECROP,LOWER1SECRRP,LOWER1SECROP,PRICE_STATUS
D,TRADING,PRICE,3,"2025/05/28 07:10:00",1,SA1,86,124,0,0,"2025/05/28 07:05:04",124,0.39,0.39,0.38,0.38,0.36,0.36,1,1,0.1,0.1,0.38,0.38,0.1,0.1,0.72,0.72,0.81,0.81,0,0,FIRM
D,TRADING,PRICE,3,"2025/05/28 07:10:00",1,NSW1,86,110.78,0,0,"2025/05/28 07:05:04",110.78,0.39,0.39,0.38,0.38,0.36,0.36,1,1,0.1,0.1,0.38,0.38,0.1,0.1,0.72,0.72,0.81,0.81,0,0,FIRM
D,TRADING,PRICE,3,"2025/05/28 07:10:00",1,QLD1,86,130.15,0,0,"2025/05/28 07:05:04",130.15,4.85,4.85,19.9,19.9,0.36,0.36,1,1,0.1,0.1,0.38,0.38,0.1,0.1,0.72,0.72,0.81,0.81,0,0,FIRM
D,TRADING,PRICE,3,"2025/05/28 07:10:00",1,TAS1,86,150.24,0,0,"2025/05/28 07:05:04",150.24,0.39,0.39,0.38,0.38,0.36,0.36,8.4,8.4,0.1,0.1,0.38,0.38,0,0,2.48,2.48,0.81,0.81,0,0,FIRM
D,TRADING,PRICE,3,"2025/05/28 07:10:00",1,VIC1,86,104.58,0,0,"2025/05/28 07:05:04",104.58,0.39,0.39,0.38,0.38,0.36,0.36,1,1,0.1,0.1,0.38,0.38,0.1,0.1,0.72,0.72,0.81,0.81,0,0,FIRM
C,"END OF REPORT",15
