C,NEMP.WORLD,TRADINGIS,AEMO,PUBLIC,2025/05/27,12:40:10,0000000465097338,TRADINGIS,0000000465097337
I,TRADING,INTERCONNECTORRES,2,SETTLEMENTDATE,RUNNO,INTERCONNECTORID,PERIODID,METEREDMWFLOW,MWFLOW,MWLOSSES,LASTCHANGED
D,TRADING,INTERCONNECTORRES,2,"2025/05/27 12:45:00",1,N-Q-MNSP1,153,-2.2,-9,-0.16,"2025/05/27 12:40:03"
D,TRADING,INTERCONNECTORRES,2,"2025/05/27 12:45:00",1,NSW1-QLD1,153,-103.2,-142.77,1.34,"2025/05/27 12:40:03"
D,TRADING,INTERCONNECTORRES,2,"2025/05/27 12:45:00",1,T-V-MNSP1,153,-439.5,-478,25.62,"2025/05/27 12:40:03"
D,TRADING,INTERCONNECTORRES,2,"2025/05/27 12:45:00",1,V-S-MNSP1,153,160,169.54,22.18,"2025/05/27 12:40:03"
D,TRADING,INTERCONNECTORRES,2,"2025/05/27 12:45:00",1,V-SA,153,-381.8,-371.7,29.2,"2025/05/27 12:40:03"
D,TRADING,INTERCONNECTORRES,2,"2025/05/27 12:45:00",1,VIC1-NSW1,153,-193.9,-233.96,-9.46,"2025/05/27 12:40:03"
I,TRADING,PRICE,3,SETTLEMENTDATE,RUNNO,REGIONID,PERIODID,RRP,EEP,INVALIDFLAG,LASTCHANGED,ROP,RAISE6SECRRP,RAISE6SECROP,RAISE60SECRRP,RAISE60SECROP,RAISE5MINRRP,RAISE5MINROP,RAISEREGRRP,RAISEREGROP,LOWER6SECRRP,LOWER6SECROP,LOWER60SECRRP,LOWER60SECROP,LOWER5MINRRP,LOWER5MINROP,LOWERREGRRP,LOWERREGROP,RAISE1SECRRP,RAISE1SECROP,LOWER1SECRRP,LOWER1SECROP,PRICE_STATUS
D,TRADING,PRICE,3,"2025/05/27 12:45:00",1,SA1,153,-82.31,0,0,"2025/05/27 12:40:03",-82.31,0.01,0.01,0.01,0.01,0.1,0.1,9.24,9.24,0.38,0.38,0.38,0.38,0.39,0.39,15.17,15.17,0.04,0.04,0,0,FIRM
D,TRADING,PRICE,3,"2025/05/27 12:45:00",1,NSW1,153,51.83,0,0,"2025/05/27 12:40:03",51.83,0.01,0.01,0.01,0.01,0.1,0.1,9.24,9.24,0.38,0.38,0.38,0.38,0.39,0.39,15.17,15.17,0.04,0.04,0,0,FIRM
D,TRADING,PRICE,3,"2025/05/27 12:45:00",1,QLD1,153,50.75,0,0,"2025/05/27 12:40:03",50.75,0.01,0.01,0.01,0.01,0.1,0.1,9.24,9.24,0.38,0.38,0.38,0.38,0.39,0.39,15.17,15.17,0.04,0.04,0,0,FIRM
D,TRADING,PRICE,3,"2025/05/27 12:45:00",1,TAS1,153,75.18,0,0,"2025/05/27 12:40:03",75.18,0.38,0.38,0.38,0.38,0.36,0.36,7.4,7.4,0.38,0.38,0.38,0.38,0,0,2.48,2.48,0.04,0.04,0,0,FIRM
D,TRADING,PRICE,3,"2025/05/27 12:45:00",1,VIC1,153,50.92,0,0,"2025/05/27 12:40:03",50.92,0.01,0.01,0.01,0.01,0.1,0.1,9.24,9.24,0.38,0.38,0.38,0.38,0.39,0.39,15.17,15.17,0.04,0.04,0,0,FIRM
C,"END OF REPORT",15
