C,NEMP.WORLD,TRADINGIS,AEMO,PUBLIC,2025/05/29,00:30:11,0000000465315738,TRADINGIS,0000000465315737
I,TRADING,INTERCONNECTORRES,2,SETTLEMENTDATE,RUNNO,INTERCONNECTORID,PERIODID,METEREDMWFLOW,MWFLOW,MWLOSSES,LASTCHANGED
D,TRADING,INTERCONNECTORRES,2,"2025/05/29 00:35:00",1,N-Q-MNSP1,7,-16,-17,0.07,"2025/05/29 00:30:03"
D,TRADING,INTERCONNECTORRES,2,"2025/05/29 00:35:00",1,NSW1-QLD1,7,-276.6,-341.58,7.78,"2025/05/29 00:30:03"
D,TRADING,INTERCONNECTORRES,2,"2025/05/29 00:35:00",1,T-V-MNSP1,7,-419.4,-437.53,21.61,"2025/05/29 00:30:03"
D,TRADING,INTERCONNECTORRES,2,"2025/05/29 00:35:00",1,V-S-MNSP1,7,72,72,0.95,"2025/05/29 00:30:03"
D,TRADING,INTERCONNECTORRES,2,"2025/05/29 00:35:00",1,V-SA,7,436.4,391,22.05,"2025/05/29 00:30:03"
D,TRADING,INTERCONNECTORRES,2,"2025/05/29 00:35:00",1,VIC1-NSW1,7,278.19,223.13,9.23,"2025/05/29 00:30:03"
I,TRADING,PRICE,3,SETTLEMENTDATE,RUNNO,REGIONID,PERIODID,RRP,EEP,INVALIDFLAG,LASTCHANGED,ROP,RAISE6SECRRP,RAISE6SECROP,RAISE60SECRRP,RAISE60SECROP,RAISE5MINRRP,RAISE5MINROP,RAISEREGRRP,RAISEREGROP,LOWER6SECRRP,LOWER6SECROP,LOWER60SECRRP,LOWER60SECROP,LOWER5MINRRP,LOWER5MINROP,LOWERREGRRP,LOWERREGROP,RAISE1SECRRP,RAISE1SECROP,LOWER1SECRRP,LOWER1SECROP,PRICE_STATUS
D,TRADING,PRICE,3,"2025/05/29 00:35:00",1,SA1,7,80,0,0,"2025/05/29 00:30:03",80,0.23,0.23,0.1,0.1,0.1,0.1,5.99,5.99,0.39,0.39,0.45,0.45,0.1,0.1,1,1,0.37,0.37,0,0,FIRM
D,TRADING,PRICE,3,"2025/05/29 00:35:00",1,NSW1,7,76.8,0,0,"2025/05/29 00:30:03",76.8,0.23,0.23,0.1,0.1,0.1,0.1,5.99,5.99,0.39,0.39,0.45,0.45,0.1,0.1,1,1,0.37,0.37,0,0,FIRM
D,TRADING,PRICE,3,"2025/05/29 00:35:00",1,QLD1,7,72.8,0,0,"2025/05/29 00:30:03",72.8,0.23,0.23,0.1,0.1,0.1,0.1,5.99,5.99,0.39,0.39,0.45,0.45,0.1,0.1,1,1,0.37,0.37,0,0,FIRM
D,TRADING,PRICE,3,"2025/05/29 00:35:00",1,TAS1,7,79.88,0,0,"2025/05/29 00:30:03",79.88,0.38,0.38,0.38,0.38,0.38,0.38,8.4,8.4,0.38,0.38,0.38,0.38,0,0,2.48,2.48,0.37,0.37,0,0,FIRM
D,TRADING,PRICE,3,"2025/05/29 00:35:00",1,VIC1,7,72.42,0,0,"2025/05/29 00:30:03",72.42,0.23,0.23,0.1,0.1,0.1,0.1,5.99,5.99,0.39,0.39,0.45,0.45,0.1,0.1,1,1,0.37,0.37,0,0,FIRM
C,"END OF REPORT",15
