C,NEMP.WORLD,TRADINGIS,AEMO,PUBLIC,2025/05/29,08:10:11,0000000465359150,TRADINGIS,0000000465359149
I,TRADING,INTERCONNECTORRES,2,SETTLEMENTDATE,RUNNO,INTERCONNECTORID,PERIODID,METEREDMWFLOW,MWFLOW,MWLOSSES,LASTCHANGED
D,TRADING,INTERCONNECTORRES,2,"2025/05/29 08:15:00",1,N-Q-MNSP1,99,-14.5,-17,0.07,"2025/05/29 08:10:04"
D,TRADING,INTERCONNECTORRES,2,"2025/05/29 08:15:00",1,NSW1-QLD1,99,-373.6,-402.78,-1.61,"2025/05/29 08:10:04"
D,TRADING,INTERCONNECTORRES,2,"2025/05/29 08:15:00",1,T-V-MNSP1,99,-73.8,-122.75,2.05,"2025/05/29 08:10:04"
D,TRADING,INTERCONNECTORRES,2,"2025/05/29 08:15:00",1,V-S-MNSP1,99,17,27,-1.11,"2025/05/29 08:10:04"
D,TRADING,INTERCONNECTORRES,2,"2025/05/29 08:15:00",1,V-SA,99,-181.75,0.13,0,"2025/05/29 08:10:04"
D,TRADING,INTERCONNECTORRES,2,"2025/05/29 08:15:00",1,VIC1-NSW1,99,288.96,134.07,3.47,"2025/05/29 08:10:04"
I,TRADING,PRICE,3,SETTLEMENTDATE,RUNNO,REGIONID,PERIODID,RRP,EEP,INVALIDFLAG,LASTCHANGED,ROP,RAISE6SECRRP,RAISE6SECROP,RAISE60SECRRP,RAISE60SECROP,RAISE5MINRRP,RAISE5MINROP,RAISEREGRRP,RAISEREGROP,LOWER6SECRRP,LOWER6SECROP,LOWER60SECRRP,LOWER60SECROP,LOWER5MINRRP,LOWER5MINROP,LOWERREGRRP,LOWERREGROP,RAISE1SECRRP,RAISE1SECROP,LOWER1SECRRP,LOWER1SECROP,PRICE_STATUS
D,TRADING,PRICE,3,"2025/05/29 08:15:00",1,SA1,99,171.24,0,0,"2025/05/29 08:10:04",171.24,20.29,20.29,0.39,0.39,0.39,0.39,20.68,20.68,0.01,0.01,0.1,0.1,0.01,0.01,6,6,0.86,0.86,0,0,FIRM
D,TRADING,PRICE,3,"2025/05/29 08:15:00",1,NSW1,99,177.02,0,0,"2025/05/29 08:10:04",177.02,20.29,20.29,0.39,0.39,0.39,0.39,20.68,20.68,0.01,0.01,0.1,0.1,0.01,0.01,6,6,0.86,0.86,0,0,FIRM
D,TRADING,PRICE,3,"2025/05/29 08:15:00",1,QLD1,99,171.25,0,0,"2025/05/29 08:10:04",171.25,20.29,20.29,0.39,0.39,0.39,0.39,20.68,20.68,0.01,0.01,0.1,0.1,0.01,0.01,6,6,0.86,0.86,0,0,FIRM
D,TRADING,PRICE,3,"2025/05/29 08:15:00",1,TAS1,99,154.23,0,0,"2025/05/29 08:10:04",154.23,1.75,1.75,0.38,0.38,0.38,0.38,7.54,7.54,0.38,0.38,0.38,0.38,0.01,0.01,2.46,2.46,0.86,0.86,0,0,FIRM
D,TRADING,PRICE,3,"2025/05/29 08:15:00",1,VIC1,99,170.99,0,0,"2025/05/29 08:10:04",170.99,20.29,20.29,0.39,0.39,0.39,0.39,20.68,20.68,0.01,0.01,0.1,0.1,0.01,0.01,6,6,0.86,0.86,0,0,FIRM
C,"END OF REPORT",15
