C,NEMP.WORLD,TRADINGIS,AEMO,PUBLIC,2025/05/26,13:00:16,0000000464949032,TRADINGIS,0000000464949031
I,TRADING,INTERCONNECTORRES,2,SETTLEMENTDATE,RUNNO,INTERCONNECTORID,PERIODID,METEREDMWFLOW,MWFLOW,MWLOSSES,LASTCHANGED
D,TRADING,INTERCONNECTORRES,2,"2025/05/26 13:05:00",1,N-Q-MNSP1,157,-7.3,-5.63,-0.1,"2025/05/26 13:00:09"
D,TRADING,INTERCONNECTORRES,2,"2025/05/26 13:05:00",1,NSW1-QLD1,157,-953.7,-886.51,67.42,"2025/05/26 13:00:09"
D,TRADING,INTERCONNECTORRES,2,"2025/05/26 13:05:00",1,T-V-MNSP1,157,-423,-442.39,22.07,"2025/05/26 13:00:09"
D,TRADING,INTERCONNECTORRES,2,"2025/05/26 13:05:00",1,V-S-MNSP1,157,164,163.55,20.22,"2025/05/26 13:00:09"
D,TRADING,INTERCONNECTORRES,2,"2025/05/26 13:05:00",1,V-SA,157,245.54,250.1,18.75,"2025/05/26 13:00:09"
D,TRADING,INTERCONNECTORRES,2,"2025/05/26 13:05:00",1,VIC1-NSW1,157,307.86,121.64,2.08,"2025/05/26 13:00:09"
I,TRADING,PRICE,3,SETTLEMENTDATE,RUNNO,REGIONID,PERIODID,RRP,EEP,INVALIDFLAG,LASTCHANGED,ROP,RAISE6SECRRP,RAISE6SECROP,RAISE60SECRRP,RAISE60SECROP,RAISE5MINRRP,RAISE5MINROP,RAISEREGRRP,RAISEREGROP,LOWER6SECRRP,LOWER6SECROP,LOWER60SECRRP,LOWER60SECROP,LOWER5MINRRP,LOWER5MINROP,LOWERREGRRP,LOWERREGROP,RAISE1SECRRP,RAISE1SECROP,LOWER1SECRRP,LOWER1SECROP,PRICE_STATUS
D,TRADING,PRICE,3,"2025/05/26 13:05:00",1,SA1,157,-21,0,0,"2025/05/26 13:00:09",-21,0.01,0.01,0.01,0.01,0.04,0.04,9.24,9.24,0.34,0.34,0.86,0.86,0.01,0.01,0.01,0.01,0.1,0.1,0,0,FIRM
D,TRADING,PRICE,3,"2025/05/26 13:05:00",1,NSW1,157,106.54,0,0,"2025/05/26 13:00:09",106.54,0.01,0.01,0.01,0.01,0.04,0.04,9.24,9.24,0.34,0.34,0.86,0.86,0.01,0.01,0.01,0.01,0.1,0.1,0,0,FIRM
D,TRADING,PRICE,3,"2025/05/26 13:05:00",1,QLD1,157,34.75,0,0,"2025/05/26 13:00:09",34.75,0.01,0.01,0.01,0.01,0.04,0.04,9.24,9.24,0.34,0.34,0.86,0.86,0.01,0.01,0.01,0.01,0.1,0.1,0,0,FIRM
D,TRADING,PRICE,3,"2025/05/26 13:05:00",1,TAS1,157,11.25,0,0,"2025/05/26 13:00:09",11.25,0.38,0.38,0.38,0.38,0.36,0.36,8.8,8.8,0.34,0.34,0.86,0.86,0,0,2.55,2.55,0.1,0.1,0,0,FIRM
D,TRADING,PRICE,3,"2025/05/26 13:05:00",1,VIC1,157,-27.8,0,0,"2025/05/26 13:00:09",-27.8,0.01,0.01,0.01,0.01,0.04,0.04,9.24,9.24,0.34,0.34,0.86,0.86,0.01,0.01,0.01,0.01,0.1,0.1,0,0,FIRM
C,"END OF REPORT",15
