C,NEMP.WORLD,TRADINGIS,AEMO,PUBLIC,2025/05/26,22:40:11,0000000465010319,TRADINGIS,0000000465010318
I,TRADING,INTERCONNECTORRES,2,SETTLEMENTDATE,RUNNO,INTERCONNECTORID,PERIODID,METEREDMWFLOW,MWFLOW,MWLOSSES,LASTCHANGED
D,TRADING,INTERCONNECTORRES,2,"2025/05/26 22:45:00",1,N-Q-MNSP1,273,7.6,9,0.6,"2025/05/26 22:40:03"
D,TRADING,INTERCONNECTORRES,2,"2025/05/26 22:45:00",1,NSW1-QLD1,273,277.5,300.09,15.55,"2025/05/26 22:40:03"
D,TRADING,INTERCONNECTORRES,2,"2025/05/26 22:45:00",1,T-V-MNSP1,273,-460.9,-453.11,23.12,"2025/05/26 22:40:03"
D,TRADING,INTERCONNECTORRES,2,"2025/05/26 22:45:00",1,V-S-MNSP1,273,-146,-145.91,36.41,"2025/05/26 22:40:03"
D,TRADING,INTERCONNECTORRES,2,"2025/05/26 22:45:00",1,V-SA,273,-271.95,-311.35,5.2,"2025/05/26 22:40:03"
D,TRADING,INTERCONNECTORRES,2,"2025/05/26 22:45:00",1,VIC1-NSW1,273,1043.38,1088.83,113.6,"2025/05/26 22:40:03"
I,TRADING,PRICE,3,SETTLEMENTDATE,RUNNO,REGIONID,PERIODID,RRP,EEP,INVALIDFLAG,LASTCHANGED,ROP,RAISE6SECRRP,RAISE6SECROP,RAISE60SECRRP,RAISE60SECROP,RAISE5MINRRP,RAISE5MINROP,RAISEREGRRP,RAISEREGROP,LOWER6SECRRP,LOWER6SECROP,LOWER60SECRRP,LOWER60SECROP,LOWER5MINRRP,LOWER5MINROP,LOWERREGRRP,LOWERREGROP,RAISE1SECRRP,RAISE1SECROP,LOWER1SECRRP,LOWER1SECROP,PRICE_STATUS
D,TRADING,PRICE,3,"2025/05/26 22:45:00",1,SA1,273,0,0,0,"2025/05/26 22:40:03",0,0.1,0.1,0.1,0.1,0.1,0.1,9.24,9.24,0.1,0.1,0.38,0.38,0.1,0.1,1.51,1.51,0.38,0.38,0,0,FIRM
D,TRADING,PRICE,3,"2025/05/26 22:45:00",1,NSW1,273,56.98,0,0,"2025/05/26 22:40:03",56.98,0.1,0.1,0.1,0.1,0.1,0.1,9.24,9.24,0.1,0.1,0.38,0.38,0.1,0.1,1.51,1.51,0.38,0.38,0,0,FIRM
D,TRADING,PRICE,3,"2025/05/26 22:45:00",1,QLD1,273,61.66,0,0,"2025/05/26 22:40:03",61.66,0.1,0.1,0.1,0.1,0.1,0.1,9.24,9.24,0.1,0.1,0.38,0.38,0.1,0.1,1.51,1.51,0.38,0.38,0,0,FIRM
D,TRADING,PRICE,3,"2025/05/26 22:45:00",1,TAS1,273,55.24,0,0,"2025/05/26 22:40:03",55.24,0.38,0.38,0.38,0.38,0.1,0.1,8.8,8.8,0.1,0.1,0.38,0.38,0,0,2.55,2.55,0.38,0.38,0,0,FIRM
D,TRADING,PRICE,3,"2025/05/26 22:45:00",1,VIC1,273,0,0,0,"2025/05/26 22:40:03",0,0.1,0.1,0.1,0.1,0.1,0.1,9.24,9.24,0.1,0.1,0.38,0.38,0.1,0.1,1.51,1.51,0.38,0.38,0,0,FIRM
C,"END OF REPORT",15
