C,NEMP.WORLD,TRADINGIS,AEMO,PUBLIC,2025/05/26,17:40:17,0000000464979262,TRADINGIS,0000000464979261
I,TRADING,INTERCONNECTORRES,2,SETTLEMENTDATE,RUNNO,INTERCONNECTORID,PERIODID,METEREDMWFLOW,MWFLOW,MWLOSSES,LASTCHANGED
D,TRADING,INTERCONNECTORRES,2,"2025/05/26 17:45:00",1,N-Q-MNSP1,213,-1.1,0,0,"2025/05/26 17:40:09"
D,TRADING,INTERCONNECTORRES,2,"2025/05/26 17:45:00",1,NSW1-QLD1,213,-113.7,-54.67,-3.78,"2025/05/26 17:40:09"
D,TRADING,INTERCONNECTORRES,2,"2025/05/26 17:45:00",1,T-V-MNSP1,213,-438.9,-446.7,22.49,"2025/05/26 17:40:09"
D,TRADING,INTERCONNECTORRES,2,"2025/05/26 17:45:00",1,V-S-MNSP1,213,76,-4,0.34,"2025/05/26 17:40:09"
D,TRADING,INTERCONNECTORRES,2,"2025/05/26 17:45:00",1,V-SA,213,218.31,232.79,11.33,"2025/05/26 17:40:09"
D,TRADING,INTERCONNECTORRES,2,"2025/05/26 17:45:00",1,VIC1-NSW1,213,-1015.44,-915.44,72.8,"2025/05/26 17:40:09"
I,TRADING,PRICE,3,SETTLEMENTDATE,RUNNO,REGIONID,PERIODID,RRP,EEP,INVALIDFLAG,LASTCHANGED,ROP,RAISE6SECRRP,RAISE6SECROP,RAISE60SECRRP,RAISE60SECROP,RAISE5MINRRP,RAISE5MINROP,RAISEREGRRP,RAISEREGROP,LOWER6SECRRP,LOWER6SECROP,LOWER60SECRRP,LOWER60SECROP,LOWER5MINRRP,LOWER5MINROP,LOWERREGRRP,LOWERREGROP,RAISE1SECRRP,RAISE1SECROP,LOWER1SECRRP,LOWER1SECROP,PRICE_STATUS
D,TRADING,PRICE,3,"2025/05/26 17:45:00",1,SA1,213,-19.9,0,0,"2025/05/26 17:40:09",-19.9,0.38,0.38,0.23,0.23,0.32,0.32,5.99,5.99,0.1,0.1,0.38,0.38,0.1,0.1,0.1,0.1,0.86,0.86,0,0,FIRM
D,TRADING,PRICE,3,"2025/05/26 17:45:00",1,NSW1,213,149.99,0,0,"2025/05/26 17:40:09",149.99,0.38,0.38,0.23,0.23,0.32,0.32,5.99,5.99,0.1,0.1,0.38,0.38,0.1,0.1,0.1,0.1,0.86,0.86,0,0,FIRM
D,TRADING,PRICE,3,"2025/05/26 17:45:00",1,QLD1,213,159.45,0,0,"2025/05/26 17:40:09",159.45,0.38,0.38,0.23,0.23,0.32,0.32,5.99,5.99,0.1,0.1,0.38,0.38,0.1,0.1,0.1,0.1,0.86,0.86,0,0,FIRM
D,TRADING,PRICE,3,"2025/05/26 17:45:00",1,TAS1,213,160.02,0,0,"2025/05/26 17:40:09",160.02,0.38,0.38,0.38,0.38,0.32,0.32,8.8,8.8,0.1,0.1,0.38,0.38,0,0,2.55,2.55,0.86,0.86,0,0,FIRM
D,TRADING,PRICE,3,"2025/05/26 17:45:00",1,VIC1,213,-19.97,0,0,"2025/05/26 17:40:09",-19.97,0.38,0.38,0.23,0.23,0.32,0.32,5.99,5.99,0.1,0.1,0.38,0.38,0.1,0.1,0.1,0.1,0.86,0.86,0,0,FIRM
C,"END OF REPORT",15
