C,NEMP.WORLD,TRADINGIS,AEMO,PUBLIC,2025/05/26,16:40:13,0000000464972644,TRADINGIS,0000000464972643
I,TRADING,INTERCONNECTORRES,2,SETTLEMENTDATE,RUNNO,INTERCONNECTORID,PERIODID,METEREDMWFLOW,MWFLOW,MWLOSSES,LASTCHANGED
D,TRADING,INTERCONNECTORRES,2,"2025/05/26 16:45:00",1,N-Q-MNSP1,201,-1.6,0,0,"2025/05/26 16:40:04"
D,TRADING,INTERCONNECTORRES,2,"2025/05/26 16:45:00",1,NSW1-QLD1,201,-19.3,13.21,0.82,"2025/05/26 16:40:04"
D,TRADING,INTERCONNECTORRES,2,"2025/05/26 16:45:00",1,T-V-MNSP1,201,-438.9,-448.35,22.65,"2025/05/26 16:40:04"
D,TRADING,INTERCONNECTORRES,2,"2025/05/26 16:45:00",1,V-S-MNSP1,201,168,171.55,22.85,"2025/05/26 16:40:04"
D,TRADING,INTERCONNECTORRES,2,"2025/05/26 16:45:00",1,V-SA,201,182.41,186.83,6.3,"2025/05/26 16:40:04"
D,TRADING,INTERCONNECTORRES,2,"2025/05/26 16:45:00",1,VIC1-NSW1,201,956.41,783.08,60.67,"2025/05/26 16:40:04"
I,TRADING,PRICE,3,SETTLEMENTDATE,RUNNO,REGIONID,PERIODID,RRP,EEP,INVALIDFLAG,LASTCHANGED,ROP,RAISE6SECRRP,RAISE6SECROP,RAISE60SECRRP,RAISE60SECROP,RAISE5MINRRP,RAISE5MINROP,RAISEREGRRP,RAISEREGROP,LOWER6SECRRP,LOWER6SECROP,LOWER60SECRRP,LOWER60SECROP,LOWER5MINRRP,LOWER5MINROP,LOWERREGRRP,LOWERREGROP,RAISE1SECRRP,RAISE1SECROP,LOWER1SECRRP,LOWER1SECROP,PRICE_STATUS
D,TRADING,PRICE,3,"2025/05/26 16:45:00",1,SA1,201,-20.07,0,0,"2025/05/26 16:40:04",-20.07,0.38,0.38,0.38,0.38,0.38,0.38,9.24,9.24,0.38,0.38,0.38,0.38,0.38,0.38,3.7,3.7,0.38,0.38,0,0,FIRM
D,TRADING,PRICE,3,"2025/05/26 16:45:00",1,NSW1,201,126.02,0,0,"2025/05/26 16:40:04",126.02,0.38,0.38,0.38,0.38,0.38,0.38,9.24,9.24,0.38,0.38,0.38,0.38,0.38,0.38,3.7,3.7,0.38,0.38,0,0,FIRM
D,TRADING,PRICE,3,"2025/05/26 16:45:00",1,QLD1,201,133.98,0,0,"2025/05/26 16:40:04",133.98,0.38,0.38,0.38,0.38,0.38,0.38,9.24,9.24,0.38,0.38,0.38,0.38,0.38,0.38,3.7,3.7,0.38,0.38,0,0,FIRM
D,TRADING,PRICE,3,"2025/05/26 16:45:00",1,TAS1,201,150.24,0,0,"2025/05/26 16:40:04",150.24,0.38,0.38,0.38,0.38,0.38,0.38,8.8,8.8,0.38,0.38,0.38,0.38,0,0,3.55,3.55,0.38,0.38,0,0,FIRM
D,TRADING,PRICE,3,"2025/05/26 16:45:00",1,VIC1,201,17.9,0,0,"2025/05/26 16:40:04",17.9,0.38,0.38,0.38,0.38,0.38,0.38,9.24,9.24,0.38,0.38,0.38,0.38,0.38,0.38,3.7,3.7,0.38,0.38,0,0,FIRM
C,"END OF REPORT",15
