C,NEMP.WORLD,TRADINGIS,AEMO,PUBLIC,2025/05/28,07:00:11,0000000465209415,TRADINGIS,0000000465209414
I,TRADING,INTERCONNECTORRES,2,SETTLEMENTDATE,RUNNO,INTERCONNECTORID,PERIODID,METEREDMWFLOW,MWFLOW,MWLOSSES,LASTCHANGED
D,TRADING,INTERCONNECTORRES,2,"2025/05/28 07:05:00",1,N-Q-MNSP1,85,-17.4,-17,0.07,"2025/05/28 07:00:04"
D,TRADING,INTERCONNECTORRES,2,"2025/05/28 07:05:00",1,NSW1-QLD1,85,-465.6,-485.52,3.3,"2025/05/28 07:00:04"
D,TRADING,INTERCONNECTORRES,2,"2025/05/28 07:05:00",1,T-V-MNSP1,85,-385.2,-437.27,21.59,"2025/05/28 07:00:04"
D,TRADING,INTERCONNECTORRES,2,"2025/05/28 07:05:00",1,V-S-MNSP1,85,169,135,12.03,"2025/05/28 07:00:04"
D,TRADING,INTERCONNECTORRES,2,"2025/05/28 07:05:00",1,V-SA,85,550.7,572.23,37.65,"2025/05/28 07:00:04"
D,TRADING,INTERCONNECTORRES,2,"2025/05/28 07:05:00",1,VIC1-NSW1,85,129.85,217.36,8.58,"2025/05/28 07:00:04"
I,TRADING,PRICE,3,SETTLEMENTDATE,RUNNO,REGIONID,PERIODID,RRP,EEP,INVALIDFLAG,LASTCHANGED,ROP,RAISE6SECRRP,RAISE6SECROP,RAISE60SECRRP,RAISE60SECROP,RAISE5MINRRP,RAISE5MINROP,RAISEREGRRP,RAISEREGROP,LOWER6SECRRP,LOWER6SECROP,LOWER60SECRRP,LOWER60SECROP,LOWER5MINRRP,LOWER5MINROP,LOWERREGRRP,LOWERREGROP,RAISE1SECRRP,RAISE1SECROP,LOWER1SECRRP,LOWER1SECROP,PRICE_STATUS
D,TRADING,PRICE,3,"2025/05/28 07:05:00",1,SA1,85,138,0,0,"2025/05/28 07:00:04",138,0.39,0.39,0.39,0.39,0.38,0.38,5,5,0.1,0.1,0.39,0.39,0.1,0.1,3.99,3.99,0.94,0.94,0,0,FIRM
D,TRADING,PRICE,3,"2025/05/28 07:05:00",1,NSW1,85,115.42,0,0,"2025/05/28 07:00:04",115.42,0.39,0.39,0.39,0.39,0.38,0.38,5,5,0.1,0.1,0.39,0.39,0.1,0.1,3.99,3.99,0.94,0.94,0,0,FIRM
D,TRADING,PRICE,3,"2025/05/28 07:05:00",1,QLD1,85,113.83,0,0,"2025/05/28 07:00:04",113.83,2.28,2.28,2.49,2.49,0.38,0.38,5,5,0.1,0.1,0.39,0.39,0.1,0.1,3.99,3.99,0.94,0.94,0,0,FIRM
D,TRADING,PRICE,3,"2025/05/28 07:05:00",1,TAS1,85,150.24,0,0,"2025/05/28 07:00:04",150.24,0.39,0.39,0.39,0.39,0.38,0.38,8.4,8.4,0.1,0.1,0.38,0.38,0,0,2.48,2.48,0.94,0.94,0,0,FIRM
D,TRADING,PRICE,3,"2025/05/28 07:05:00",1,VIC1,85,109,0,0,"2025/05/28 07:00:04",109,0.39,0.39,0.39,0.39,0.38,0.38,5,5,0.1,0.1,0.39,0.39,0.1,0.1,3.99,3.99,0.94,0.94,0,0,FIRM
C,"END OF REPORT",15
