C,NEMP.WORLD,TRADINGIS,AEMO,PUBLIC,2025/05/26,19:55:11,0000000464993651,TRADINGIS,0000000464993650
I,TRADING,INTERCONNECTORRES,2,SETTLEMENTDATE,RUNNO,INTERCONNECTORID,PERIODID,METEREDMWFLOW,MWFLOW,MWLOSSES,LASTCHANGED
D,TRADING,INTERCONNECTORRES,2,"2025/05/26 20:00:00",1,N-Q-MNSP1,240,8.3,9,0.6,"2025/05/26 19:55:04"
D,TRADING,INTERCONNECTORRES,2,"2025/05/26 20:00:00",1,NSW1-QLD1,240,197.1,196.8,14.45,"2025/05/26 19:55:04"
D,TRADING,INTERCONNECTORRES,2,"2025/05/26 20:00:00",1,T-V-MNSP1,240,-442,-439.31,21.78,"2025/05/26 19:55:04"
D,TRADING,INTERCONNECTORRES,2,"2025/05/26 20:00:00",1,V-S-MNSP1,240,176,177.13,24.8,"2025/05/26 19:55:04"
D,TRADING,INTERCONNECTORRES,2,"2025/05/26 20:00:00",1,V-SA,240,175.39,184.28,8.85,"2025/05/26 19:55:04"
D,TRADING,INTERCONNECTORRES,2,"2025/05/26 20:00:00",1,VIC1-NSW1,240,808.71,901.3,61.03,"2025/05/26 19:55:04"
I,TRADING,PRICE,3,SETTLEMENTDATE,RUNNO,REGIONID,PERIODID,RRP,EEP,INVALIDFLAG,LASTCHANGED,ROP,RAISE6SECRRP,RAISE6SECROP,RAISE60SECRRP,RAISE60SECROP,RAISE5MINRRP,RAISE5MINROP,RAISEREGRRP,RAISEREGROP,LOWER6SECRRP,LOWER6SECROP,LOWER60SECRRP,LOWER60SECROP,LOWER5MINRRP,LOWER5MINROP,LOWERREGRRP,LOWERREGROP,RAISE1SECRRP,RAISE1SECROP,LOWER1SECRRP,LOWER1SECROP,PRICE_STATUS
D,TRADING,PRICE,3,"2025/05/26 20:00:00",1,SA1,240,-20,0,0,"2025/05/26 19:55:04",-20,0.38,0.38,0.38,0.38,0.38,0.38,6,6,0.14,0.14,0.39,0.39,0,0,0,0,0.37,0.37,0,0,FIRM
D,TRADING,PRICE,3,"2025/05/26 20:00:00",1,NSW1,240,69.21,0,0,"2025/05/26 19:55:04",69.21,0.38,0.38,0.38,0.38,0.38,0.38,6,6,0.14,0.14,0.39,0.39,0,0,0,0,0.37,0.37,0,0,FIRM
D,TRADING,PRICE,3,"2025/05/26 20:00:00",1,QLD1,240,75.83,0,0,"2025/05/26 19:55:04",75.83,0.38,0.38,0.38,0.38,0.38,0.38,6,6,0.14,0.14,0.39,0.39,0,0,0,0,0.37,0.37,0,0,FIRM
D,TRADING,PRICE,3,"2025/05/26 20:00:00",1,TAS1,240,35.24,0,0,"2025/05/26 19:55:04",35.24,0.38,0.38,0.38,0.38,0.38,0.38,8.8,8.8,0.14,0.14,0.38,0.38,0,0,2.55,2.55,0.37,0.37,0,0,FIRM
D,TRADING,PRICE,3,"2025/05/26 20:00:00",1,VIC1,240,19.01,0,0,"2025/05/26 19:55:04",19.01,0.38,0.38,0.38,0.38,0.38,0.38,6,6,0.14,0.14,0.39,0.39,0,0,0,0,0.37,0.37,0,0,FIRM
C,"END OF REPORT",15
