C,NEMP.WORLD,TRADINGIS,AEMO,PUBLIC,2025/05/29,04:55:11,0000000465341101,TRADINGIS,0000000465341100
I,TRADING,INTERCONNECTORRES,2,SETTLEMENTDATE,RUNNO,INTERCONNECTORID,PERIODID,METEREDMWFLOW,MWFLOW,MWLOSSES,LASTCHANGED
D,TRADING,INTERCONNECTORRES,2,"2025/05/29 05:00:00",1,N-Q-MNSP1,60,-17.4,-17,0.07,"2025/05/29 04:55:02"
D,TRADING,INTERCONNECTORRES,2,"2025/05/29 05:00:00",1,NSW1-QLD1,60,-242.1,-289,6.51,"2025/05/29 04:55:02"
D,TRADING,INTERCONNECTORRES,2,"2025/05/29 05:00:00",1,T-V-MNSP1,60,-420,-438,21.66,"2025/05/29 04:55:02"
D,TRADING,INTERCONNECTORRES,2,"2025/05/29 05:00:00",1,V-S-MNSP1,60,45,45,-0.87,"2025/05/29 04:55:02"
D,TRADING,INTERCONNECTORRES,2,"2025/05/29 05:00:00",1,V-SA,60,147.05,145.96,3.31,"2025/05/29 04:55:02"
D,TRADING,INTERCONNECTORRES,2,"2025/05/29 05:00:00",1,VIC1-NSW1,60,652.18,645.11,56.68,"2025/05/29 04:55:02"
I,TRADING,PRICE,3,SETTLEMENTDATE,RUNNO,REGIONID,PERIODID,RRP,EEP,INVALIDFLAG,LASTCHANGED,ROP,RAISE6SECRRP,RAISE6SECROP,RAISE60SECRRP,RAISE60SECROP,RAISE5MINRRP,RAISE5MINROP,RAISEREGRRP,RAISEREGROP,LOWER6SECRRP,LOWER6SECROP,LOWER60SECRRP,LOWER60SECROP,LOWER5MINRRP,LOWER5MINROP,LOWERREGRRP,LOWERREGROP,RAISE1SECRRP,RAISE1SECROP,LOWER1SECRRP,LOWER1SECROP,PRICE_STATUS
D,TRADING,PRICE,3,"2025/05/29 05:00:00",1,SA1,60,69.03,0,0,"2025/05/29 04:55:02",69.03,0.37,0.37,0.1,0.1,0.04,0.04,0.04,0.04,0.38,0.38,0.38,0.38,0.1,0.1,0.1,0.1,0.86,0.86,0,0,FIRM
D,TRADING,PRICE,3,"2025/05/29 05:00:00",1,NSW1,60,76.58,0,0,"2025/05/29 04:55:02",76.58,0.37,0.37,0.1,0.1,0.04,0.04,0.04,0.04,0.38,0.38,0.38,0.38,0.1,0.1,0.1,0.1,0.86,0.86,0,0,FIRM
D,TRADING,PRICE,3,"2025/05/29 05:00:00",1,QLD1,60,72.75,0,0,"2025/05/29 04:55:02",72.75,0.37,0.37,0.1,0.1,0.04,0.04,0.04,0.04,0.38,0.38,0.38,0.38,0.1,0.1,0.1,0.1,0.86,0.86,0,0,FIRM
D,TRADING,PRICE,3,"2025/05/29 05:00:00",1,TAS1,60,100.24,0,0,"2025/05/29 04:55:02",100.24,0.38,0.38,0.38,0.38,0.38,0.38,7.54,7.54,0.38,0.38,0.38,0.38,0,0,2.46,2.46,0.86,0.86,0,0,FIRM
D,TRADING,PRICE,3,"2025/05/29 05:00:00",1,VIC1,60,66.4,0,0,"2025/05/29 04:55:02",66.4,0.37,0.37,0.1,0.1,0.04,0.04,0.04,0.04,0.38,0.38,0.38,0.38,0.1,0.1,0.1,0.1,0.86,0.86,0,0,FIRM
C,"END OF REPORT",15
