C,NEMP.WORLD,TRADINGIS,AEMO,PUBLIC,2025/05/28,01:05:11,0000000465175099,TRADINGIS,0000000465175098
I,TRADING,INTERCONNECTORRES,2,SETTLEMENTDATE,RUNNO,INTERCONNECTORID,PERIODID,METEREDMWFLOW,MWFLOW,MWLOSSES,LASTCHANGED
D,TRADING,INTERCONNECTORRES,2,"2025/05/28 01:10:00",1,N-Q-MNSP1,14,-13.9,-9,-0.16,"2025/05/28 01:05:04"
D,TRADING,INTERCONNECTORRES,2,"2025/05/28 01:10:00",1,NSW1-QLD1,14,26.6,-77.08,0.22,"2025/05/28 01:05:04"
D,TRADING,INTERCONNECTORRES,2,"2025/05/28 01:10:00",1,T-V-MNSP1,14,-419.4,-471,24.91,"2025/05/28 01:05:04"
D,TRADING,INTERCONNECTORRES,2,"2025/05/28 01:10:00",1,V-S-MNSP1,14,178,154.9,17.54,"2025/05/28 01:05:04"
D,TRADING,INTERCONNECTORRES,2,"2025/05/28 01:10:00",1,V-SA,14,571.28,573.18,46.75,"2025/05/28 01:05:04"
D,TRADING,INTERCONNECTORRES,2,"2025/05/28 01:10:00",1,VIC1-NSW1,14,692.4,613.82,44.86,"2025/05/28 01:05:04"
I,TRADING,PRICE,3,SETTLEMENTDATE,RUNNO,REGIONID,PERIODID,RRP,EEP,INVALIDFLAG,LASTCHANGED,ROP,RAISE6SECRRP,RAISE6SECROP,RAISE60SECRRP,RAISE60SECROP,RAISE5MINRRP,RAISE5MINROP,RAISEREGRRP,RAISEREGROP,LOWER6SECRRP,LOWER6SECROP,LOWER60SECRRP,LOWER60SECROP,LOWER5MINRRP,LOWER5MINROP,LOWERREGRRP,LOWERREGROP,RAISE1SECRRP,RAISE1SECROP,LOWER1SECRRP,LOWER1SECROP,PRICE_STATUS
D,TRADING,PRICE,3,"2025/05/28 01:10:00",1,SA1,14,2.71,0,0,"2025/05/28 01:05:04",2.71,0.23,0.23,0.1,0.1,0.15,0.15,0.91,0.91,0.01,0.01,0.38,0.38,0.01,0.01,0.93,0.93,0.3,0.3,0,0,FIRM
D,TRADING,PRICE,3,"2025/05/28 01:10:00",1,NSW1,14,56.19,0,0,"2025/05/28 01:05:04",56.19,0.23,0.23,0.1,0.1,0.15,0.15,0.91,0.91,0.01,0.01,0.38,0.38,0.01,0.01,0.93,0.93,0.3,0.3,0,0,FIRM
D,TRADING,PRICE,3,"2025/05/28 01:10:00",1,QLD1,14,55.73,0,0,"2025/05/28 01:05:04",55.73,0.23,0.23,0.1,0.1,0.15,0.15,0.91,0.91,0.01,0.01,0.38,0.38,0.01,0.01,0.93,0.93,0.3,0.3,0,0,FIRM
D,TRADING,PRICE,3,"2025/05/28 01:10:00",1,TAS1,14,35.02,0,0,"2025/05/28 01:05:04",35.02,0.38,0.38,0.38,0.38,0.36,0.36,7.4,7.4,0.01,0.01,0.38,0.38,0,0,2.48,2.48,0.3,0.3,0,0,FIRM
D,TRADING,PRICE,3,"2025/05/28 01:10:00",1,VIC1,14,2.03,0,0,"2025/05/28 01:05:04",2.03,0.23,0.23,0.1,0.1,0.15,0.15,0.91,0.91,0.01,0.01,0.38,0.38,0.01,0.01,0.93,0.93,0.3,0.3,0,0,FIRM
C,"END OF REPORT",15
