C,NEMP.WORLD,TRADINGIS,AEMO,PUBLIC,2025/05/27,21:00:11,0000000465151045,TRADINGIS,0000000465151044
I,TRADING,INTERCONNECTORRES,2,SETTLEMENTDATE,RUNNO,INTERCONNECTORID,PERIODID,METEREDMWFLOW,MWFLOW,MWLOSSES,LASTCHANGED
D,TRADING,INTERCONNECTORRES,2,"2025/05/27 21:05:00",1,N-Q-MNSP1,253,-12.7,-9,-0.16,"2025/05/27 21:00:03"
D,TRADING,INTERCONNECTORRES,2,"2025/05/27 21:05:00",1,NSW1-QLD1,253,-236.8,-257.67,-6.16,"2025/05/27 21:00:03"
D,TRADING,INTERCONNECTORRES,2,"2025/05/27 21:05:00",1,T-V-MNSP1,253,-470.6,-478,25.62,"2025/05/27 21:00:03"
D,TRADING,INTERCONNECTORRES,2,"2025/05/27 21:05:00",1,V-S-MNSP1,253,81,81,1.95,"2025/05/27 21:00:03"
D,TRADING,INTERCONNECTORRES,2,"2025/05/27 21:05:00",1,V-SA,253,509.73,512.81,35.48,"2025/05/27 21:00:03"
D,TRADING,INTERCONNECTORRES,2,"2025/05/27 21:05:00",1,VIC1-NSW1,253,-282.37,-227.88,2.65,"2025/05/27 21:00:03"
I,TRADING,PRICE,3,SETTLEMENTDATE,RUNNO,REGIONID,PERIODID,RRP,EEP,INVALIDFLAG,LASTCHANGED,ROP,RAISE6SECRRP,RAISE6SECROP,RAISE60SECRRP,RAISE60SECROP,RAISE5MINRRP,RAISE5MINROP,RAISEREGRRP,RAISEREGROP,LOWER6SECRRP,LOWER6SECROP,LOWER60SECRRP,LOWER60SECROP,LOWER5MINRRP,LOWER5MINROP,LOWERREGRRP,LOWERREGROP,RAISE1SECRRP,RAISE1SECROP,LOWER1SECRRP,LOWER1SECROP,PRICE_STATUS
D,TRADING,PRICE,3,"2025/05/27 21:05:00",1,SA1,253,98.71,0,0,"2025/05/27 21:00:03",98.71,0.1,0.1,0.04,0.04,0.01,0.01,0.01,0.01,0.01,0.01,0.1,0.1,0,0,0,0,0.04,0.04,0,0,FIRM
D,TRADING,PRICE,3,"2025/05/27 21:05:00",1,NSW1,253,84.6,0,0,"2025/05/27 21:00:03",84.6,0.1,0.1,0.04,0.04,0.01,0.01,0.01,0.01,0.01,0.01,0.1,0.1,0,0,0,0,0.04,0.04,0,0,FIRM
D,TRADING,PRICE,3,"2025/05/27 21:05:00",1,QLD1,253,84.45,0,0,"2025/05/27 21:00:03",84.45,0.1,0.1,0.04,0.04,0.01,0.01,0.01,0.01,0.01,0.01,0.1,0.1,0,0,0,0,0.04,0.04,0,0,FIRM
D,TRADING,PRICE,3,"2025/05/27 21:05:00",1,TAS1,253,100.02,0,0,"2025/05/27 21:00:03",100.02,0.38,0.38,0.38,0.38,0.36,0.36,6.4,6.4,0.01,0.01,0.1,0.1,0,0,2.48,2.48,0.04,0.04,0,0,FIRM
D,TRADING,PRICE,3,"2025/05/27 21:05:00",1,VIC1,253,86.93,0,0,"2025/05/27 21:00:03",86.93,0.1,0.1,0.04,0.04,0.01,0.01,0.01,0.01,0.01,0.01,0.1,0.1,0,0,0,0,0.04,0.04,0,0,FIRM
C,"END OF REPORT",15
