C,NEMP.WORLD,TRADINGIS,AEMO,PUBLIC,2025/05/26,13:35:14,0000000464952749,TRADINGIS,0000000464952748
I,TRADING,INTERCONNECTORRES,2,SETTLEMENTDATE,RUNNO,INTERCONNECTORID,PERIODID,METEREDMWFLOW,MWFLOW,MWLOSSES,LASTCHANGED
D,TRADING,INTERCONNECTORRES,2,"2025/05/26 13:40:00",1,N-Q-MNSP1,164,-39.2,-40.29,2.76,"2025/05/26 13:35:06"
D,TRADING,INTERCONNECTORRES,2,"2025/05/26 13:40:00",1,NSW1-QLD1,164,-1034,-1018.2,83.22,"2025/05/26 13:35:06"
D,TRADING,INTERCONNECTORRES,2,"2025/05/26 13:40:00",1,T-V-MNSP1,164,-452.3,-442.12,22.05,"2025/05/26 13:35:06"
D,TRADING,INTERCONNECTORRES,2,"2025/05/26 13:40:00",1,V-S-MNSP1,164,167,173.85,23.66,"2025/05/26 13:35:06"
D,TRADING,INTERCONNECTORRES,2,"2025/05/26 13:40:00",1,V-SA,164,73.27,250.1,11.39,"2025/05/26 13:35:06"
D,TRADING,INTERCONNECTORRES,2,"2025/05/26 13:40:00",1,VIC1-NSW1,164,187.41,8.12,0.31,"2025/05/26 13:35:06"
I,TRADING,PRICE,3,SETTLEMENTDATE,RUNNO,REGIONID,PERIODID,RRP,EEP,INVALIDFLAG,LASTCHANGED,ROP,RAISE6SECRRP,RAISE6SECROP,RAISE60SECRRP,RAISE60SECROP,RAISE5MINRRP,RAISE5MINROP,RAISEREGRRP,RAISEREGROP,LOWER6SECRRP,LOWER6SECROP,LOWER60SECRRP,LOWER60SECROP,LOWER5MINRRP,LOWER5MINROP,LOWERREGRRP,LOWERREGROP,RAISE1SECRRP,RAISE1SECROP,LOWER1SECRRP,LOWER1SECROP,PRICE_STATUS
D,TRADING,PRICE,3,"2025/05/26 13:40:00",1,SA1,164,-25.5,0,0,"2025/05/26 13:35:06",-25.5,0.01,0.01,0.01,0.01,0.01,0.01,10,10,0.38,0.38,1.83,1.83,0.38,0.38,3.62,3.62,0.04,0.04,0.01,0.01,FIRM
D,TRADING,PRICE,3,"2025/05/26 13:40:00",1,NSW1,164,80.87,0,0,"2025/05/26 13:35:06",80.87,0.01,0.01,0.01,0.01,0.01,0.01,10,10,0.38,0.38,1.83,1.83,0.38,0.38,3.62,3.62,0.04,0.04,0.01,0.01,FIRM
D,TRADING,PRICE,3,"2025/05/26 13:40:00",1,QLD1,164,55.73,0,0,"2025/05/26 13:35:06",55.73,0.01,0.01,0.01,0.01,0.01,0.01,10,10,0.38,0.38,1.83,1.83,0.38,0.38,3.62,3.62,0.04,0.04,0.01,0.01,FIRM
D,TRADING,PRICE,3,"2025/05/26 13:40:00",1,TAS1,164,11.25,0,0,"2025/05/26 13:35:06",11.25,0.38,0.38,0.38,0.38,0.01,0.01,8.8,8.8,0.38,0.38,1.33,1.33,0,0,3.55,3.55,0.04,0.04,0.01,0.01,FIRM
D,TRADING,PRICE,3,"2025/05/26 13:40:00",1,VIC1,164,-50.21,0,0,"2025/05/26 13:35:06",-50.21,0.01,0.01,0.01,0.01,0.01,0.01,10,10,0.38,0.38,1.83,1.83,0.38,0.38,3.62,3.62,0.04,0.04,0.01,0.01,FIRM
C,"END OF REPORT",15
