C,NEMP.WORLD,TRADINGIS,AEMO,PUBLIC,2025/05/27,17:40:10,0000000465130641,TRADINGIS,0000000465130640
I,TRADING,INTERCONNECTORRES,2,SETTLEMENTDATE,RUNNO,INTERCONNECTORID,PERIODID,METEREDMWFLOW,MWFLOW,MWLOSSES,LASTCHANGED
D,TRADING,INTERCONNECTORRES,2,"2025/05/27 17:45:00",1,N-Q-MNSP1,213,0.5,0,0,"2025/05/27 17:40:03"
D,TRADING,INTERCONNECTORRES,2,"2025/05/27 17:45:00",1,NSW1-QLD1,213,-470.4,-256.48,-13.54,"2025/05/27 17:40:03"
D,TRADING,INTERCONNECTORRES,2,"2025/05/27 17:45:00",1,T-V-MNSP1,213,-428.5,-478,25.62,"2025/05/27 17:40:03"
D,TRADING,INTERCONNECTORRES,2,"2025/05/27 17:45:00",1,V-S-MNSP1,213,27,27,-1.11,"2025/05/27 17:40:03"
D,TRADING,INTERCONNECTORRES,2,"2025/05/27 17:45:00",1,V-SA,213,-36.13,-27,0.3,"2025/05/27 17:40:03"
D,TRADING,INTERCONNECTORRES,2,"2025/05/27 17:45:00",1,VIC1-NSW1,213,-939.47,-914.68,57.52,"2025/05/27 17:40:03"
I,TRADING,PRICE,3,SETTLEMENTDATE,RUNNO,REGIONID,PERIODID,RRP,EEP,INVALIDFLAG,LASTCHANGED,ROP,RAISE6SECRRP,RAISE6SECROP,RAISE60SECRRP,RAISE60SECROP,RAISE5MINRRP,RAISE5MINROP,RAISEREGRRP,RAISEREGROP,LOWER6SECRRP,LOWER6SECROP,LOWER60SECRRP,LOWER60SECROP,LOWER5MINRRP,LOWER5MINROP,LOWERREGRRP,LOWERREGROP,RAISE1SECRRP,RAISE1SECROP,LOWER1SECRRP,LOWER1SECROP,PRICE_STATUS
D,TRADING,PRICE,3,"2025/05/27 17:45:00",1,SA1,213,91.44,0,0,"2025/05/27 17:40:03",91.44,0.37,0.37,0.1,0.1,0.1,0.1,0.1,0.1,0.1,0.1,0.38,0.38,0.1,0.1,3.7,3.7,0.37,0.37,0,0,"NOT FIRM"
D,TRADING,PRICE,3,"2025/05/27 17:45:00",1,NSW1,213,112.55,0,0,"2025/05/27 17:40:03",112.55,0.37,0.37,0.1,0.1,0.1,0.1,0.1,0.1,0.1,0.1,0.38,0.38,0.1,0.1,3.7,3.7,0.37,0.37,0,0,"NOT FIRM"
D,TRADING,PRICE,3,"2025/05/27 17:45:00",1,QLD1,213,115.61,0,0,"2025/05/27 17:40:03",115.61,0.37,0.37,0.1,0.1,0.1,0.1,0.1,0.1,0.1,0.1,0.38,0.38,0.1,0.1,3.7,3.7,0.37,0.37,0,0,"NOT FIRM"
D,TRADING,PRICE,3,"2025/05/27 17:45:00",1,TAS1,213,150.24,0,0,"2025/05/27 17:40:03",150.24,0.38,0.38,0.38,0.38,0.38,0.38,8.4,8.4,0.1,0.1,0.38,0.38,0,0,2.48,2.48,0.37,0.37,0,0,"NOT FIRM"
D,TRADING,PRICE,3,"2025/05/27 17:45:00",1,VIC1,213,20.04,0,0,"2025/05/27 17:40:03",20.04,0.37,0.37,0.1,0.1,0.1,0.1,0.1,0.1,0.1,0.1,0.38,0.38,0.1,0.1,3.7,3.7,0.37,0.37,0,0,"NOT FIRM"
C,"END OF REPORT",15
