C,NEMP.WORLD,TRADINGIS,AEMO,PUBLIC,2025/05/27,17:45:10,0000000465131102,TRADINGIS,0000000465131101
I,TRADING,INTERCONNECTORRES,2,SETTLEMENTDATE,RUNNO,INTERCONNECTORID,PERIODID,METEREDMWFLOW,MWFLOW,MWLOSSES,LASTCHANGED
D,TRADING,INTERCONNECTORRES,2,"2025/05/27 17:50:00",1,N-Q-MNSP1,214,-0.7,0,0,"2025/05/27 17:45:03"
D,TRADING,INTERCONNECTORRES,2,"2025/05/27 17:50:00",1,NSW1-QLD1,214,-430.9,-220.44,-12.73,"2025/05/27 17:45:03"
D,TRADING,INTERCONNECTORRES,2,"2025/05/27 17:50:00",1,T-V-MNSP1,214,-429.7,-478,25.62,"2025/05/27 17:45:03"
D,TRADING,INTERCONNECTORRES,2,"2025/05/27 17:50:00",1,V-S-MNSP1,214,27,27,-1.11,"2025/05/27 17:45:03"
D,TRADING,INTERCONNECTORRES,2,"2025/05/27 17:50:00",1,V-SA,214,-39.82,-27,0.21,"2025/05/27 17:45:03"
D,TRADING,INTERCONNECTORRES,2,"2025/05/27 17:50:00",1,VIC1-NSW1,214,-918.73,-789.08,44.14,"2025/05/27 17:45:03"
I,TRADING,PRICE,3,SETTLEMENTDATE,RUNNO,REGIONID,PERIODID,RRP,EEP,INVALIDFLAG,LASTCHANGED,ROP,RAISE6SECRRP,RAISE6SECROP,RAISE60SECRRP,RAISE60SECROP,RAISE5MINRRP,RAISE5MINROP,RAISEREGRRP,RAISEREGROP,LOWER6SECRRP,LOWER6SECROP,LOWER60SECRRP,LOWER60SECROP,LOWER5MINRRP,LOWER5MINROP,LOWERREGRRP,LOWERREGROP,RAISE1SECRRP,RAISE1SECROP,LOWER1SECRRP,LOWER1SECROP,PRICE_STATUS
D,TRADING,PRICE,3,"2025/05/27 17:50:00",1,SA1,214,170.44,0,0,"2025/05/27 17:45:03",170.44,0.38,0.38,0.24,0.24,0.32,0.32,1.28,1.28,0.1,0.1,0.39,0.39,0.2,0.2,7.95,7.95,0.38,0.38,0,0,"NOT FIRM"
D,TRADING,PRICE,3,"2025/05/27 17:50:00",1,NSW1,214,120.89,0,0,"2025/05/27 17:45:03",120.89,0.38,0.38,0.24,0.24,0.32,0.32,1.28,1.28,0.1,0.1,0.39,0.39,0.2,0.2,7.95,7.95,0.38,0.38,0,0,"NOT FIRM"
D,TRADING,PRICE,3,"2025/05/27 17:50:00",1,QLD1,214,125.9,0,0,"2025/05/27 17:45:03",125.9,0.38,0.38,0.24,0.24,0.32,0.32,1.28,1.28,0.1,0.1,0.39,0.39,0.2,0.2,7.95,7.95,0.38,0.38,0,0,"NOT FIRM"
D,TRADING,PRICE,3,"2025/05/27 17:50:00",1,TAS1,214,150.24,0,0,"2025/05/27 17:45:03",150.24,0.38,0.38,0.38,0.38,0.38,0.38,8.4,8.4,0.1,0.1,0.38,0.38,0,0,2.48,2.48,0.38,0.38,0,0,"NOT FIRM"
D,TRADING,PRICE,3,"2025/05/27 17:50:00",1,VIC1,214,81.12,0,0,"2025/05/27 17:45:03",81.12,0.38,0.38,0.24,0.24,0.32,0.32,1.28,1.28,0.1,0.1,0.39,0.39,0.2,0.2,7.95,7.95,0.38,0.38,0,0,"NOT FIRM"
C,"END OF REPORT",15
