C,NEMP.WORLD,TRADINGIS,AEMO,PUBLIC,2025/05/28,05:45:10,0000000465202240,TRADINGIS,0000000465202239
I,TRADING,INTERCONNECTORRES,2,SETTLEMENTDATE,RUNNO,INTERCONNECTORID,PERIODID,METEREDMWFLOW,MWFLOW,MWLOSSES,LASTCHANGED
D,TRADING,INTERCONNECTORRES,2,"2025/05/28 05:50:00",1,N-Q-MNSP1,70,-0.4,0,0,"2025/05/28 05:45:03"
D,TRADING,INTERCONNECTORRES,2,"2025/05/28 05:50:00",1,NSW1-QLD1,70,287.6,253.24,9.62,"2025/05/28 05:45:03"
D,TRADING,INTERCONNECTORRES,2,"2025/05/28 05:50:00",1,T-V-MNSP1,70,-346.7,-386.92,17.08,"2025/05/28 05:45:03"
D,TRADING,INTERCONNECTORRES,2,"2025/05/28 05:50:00",1,V-S-MNSP1,70,170,173.1,23.39,"2025/05/28 05:45:03"
D,TRADING,INTERCONNECTORRES,2,"2025/05/28 05:50:00",1,V-SA,70,560.86,567.46,41.01,"2025/05/28 05:45:03"
D,TRADING,INTERCONNECTORRES,2,"2025/05/28 05:50:00",1,VIC1-NSW1,70,838.86,814.78,78.24,"2025/05/28 05:45:03"
I,TRADING,PRICE,3,SETTLEMENTDATE,RUNNO,REGIONID,PERIODID,RRP,EEP,INVALIDFLAG,LASTCHANGED,ROP,RAISE6SECRRP,RAISE6SECROP,RAISE60SECRRP,RAISE60SECROP,RAISE5MINRRP,RAISE5MINROP,RAISEREGRRP,RAISEREGROP,LOWER6SECRRP,LOWER6SECROP,LOWER60SECRRP,LOWER60SECROP,LOWER5MINRRP,LOWER5MINROP,LOWERREGRRP,LOWERREGROP,RAISE1SECRRP,RAISE1SECROP,LOWER1SECRRP,LOWER1SECROP,PRICE_STATUS
D,TRADING,PRICE,3,"2025/05/28 05:50:00",1,SA1,70,70.44,0,0,"2025/05/28 05:45:03",70.44,0.39,0.39,0.38,0.38,0.38,0.38,5.46,5.46,0.38,0.38,0.38,0.38,0.38,0.38,6,6,0.86,0.86,0,0,FIRM
D,TRADING,PRICE,3,"2025/05/28 05:50:00",1,NSW1,70,79.72,0,0,"2025/05/28 05:45:03",79.72,0.39,0.39,0.38,0.38,0.38,0.38,5.46,5.46,0.38,0.38,0.38,0.38,0.38,0.38,6,6,0.86,0.86,0,0,FIRM
D,TRADING,PRICE,3,"2025/05/28 05:50:00",1,QLD1,70,84.45,0,0,"2025/05/28 05:45:03",84.45,0.39,0.39,0.38,0.38,0.38,0.38,5.46,5.46,0.38,0.38,0.38,0.38,0.38,0.38,6,6,0.86,0.86,0,0,FIRM
D,TRADING,PRICE,3,"2025/05/28 05:50:00",1,TAS1,70,35.1,0,0,"2025/05/28 05:45:03",35.1,0.39,0.39,0.38,0.38,0.38,0.38,7.4,7.4,0.38,0.38,0.38,0.38,0.38,0.38,2.48,2.48,0.86,0.86,0,0,FIRM
D,TRADING,PRICE,3,"2025/05/28 05:50:00",1,VIC1,70,32.88,0,0,"2025/05/28 05:45:03",32.88,0.39,0.39,0.38,0.38,0.38,0.38,5.46,5.46,0.38,0.38,0.38,0.38,0.38,0.38,6,6,0.86,0.86,0,0,FIRM
C,"END OF REPORT",15
