C,NEMP.WORLD,TRADINGIS,AEMO,PUBLIC,2025/05/28,06:55:11,0000000465208960,TRADINGIS,0000000465208959
I,TRADING,INTERCONNECTORRES,2,SETTLEMENTDATE,RUNNO,INTERCONNECTORID,PERIODID,METEREDMWFLOW,MWFLOW,MWLOSSES,LASTCHANGED
D,TRADING,INTERCONNECTORRES,2,"2025/05/28 07:00:00",1,N-Q-MNSP1,84,3.9,-17,0.07,"2025/05/28 06:55:04"
D,TRADING,INTERCONNECTORRES,2,"2025/05/28 07:00:00",1,NSW1-QLD1,84,-312.4,-427.37,0.4,"2025/05/28 06:55:04"
D,TRADING,INTERCONNECTORRES,2,"2025/05/28 07:00:00",1,T-V-MNSP1,84,-382.7,-419.92,19.98,"2025/05/28 06:55:04"
D,TRADING,INTERCONNECTORRES,2,"2025/05/28 07:00:00",1,V-S-MNSP1,84,156,169.58,22.19,"2025/05/28 06:55:04"
D,TRADING,INTERCONNECTORRES,2,"2025/05/28 07:00:00",1,V-SA,84,544.7,573.14,37.88,"2025/05/28 06:55:04"
D,TRADING,INTERCONNECTORRES,2,"2025/05/28 07:00:00",1,VIC1-NSW1,84,258.17,102.39,3.15,"2025/05/28 06:55:04"
I,TRADING,PRICE,3,SETTLEMENTDATE,RUNNO,REGIONID,PERIODID,RRP,EEP,INVALIDFLAG,LASTCHANGED,ROP,RAISE6SECRRP,RAISE6SECROP,RAISE60SECRRP,RAISE60SECROP,RAISE5MINRRP,RAISE5MINROP,RAISEREGRRP,RAISEREGROP,LOWER6SECRRP,LOWER6SECROP,LOWER60SECRRP,LOWER60SECROP,LOWER5MINRRP,LOWER5MINROP,LOWERREGRRP,LOWERREGROP,RAISE1SECRRP,RAISE1SECROP,LOWER1SECRRP,LOWER1SECROP,PRICE_STATUS
D,TRADING,PRICE,3,"2025/05/28 07:00:00",1,SA1,84,138,0,0,"2025/05/28 06:55:04",138,0.39,0.39,0.38,0.38,0.36,0.36,5,5,0.1,0.1,0.38,0.38,0,0,0,0,0.86,0.86,0,0,FIRM
D,TRADING,PRICE,3,"2025/05/28 07:00:00",1,NSW1,84,103.41,0,0,"2025/05/28 06:55:04",103.41,0.39,0.39,0.38,0.38,0.36,0.36,5,5,0.1,0.1,0.38,0.38,0,0,0,0,0.86,0.86,0,0,FIRM
D,TRADING,PRICE,3,"2025/05/28 07:00:00",1,QLD1,84,99.15,0,0,"2025/05/28 06:55:04",99.15,0.39,0.39,0.38,0.38,0.36,0.36,5,5,0.1,0.1,0.38,0.38,0,0,0,0,0.86,0.86,0,0,FIRM
D,TRADING,PRICE,3,"2025/05/28 07:00:00",1,TAS1,84,106.61,0,0,"2025/05/28 06:55:04",106.61,0.39,0.39,0.38,0.38,0.36,0.36,8.41,8.41,0.1,0.1,0.38,0.38,0,0,2.48,2.48,0.86,0.86,0,0,FIRM
D,TRADING,PRICE,3,"2025/05/28 07:00:00",1,VIC1,84,99.12,0,0,"2025/05/28 06:55:04",99.12,0.39,0.39,0.38,0.38,0.36,0.36,5,5,0.1,0.1,0.38,0.38,0,0,0,0,0.86,0.86,0,0,FIRM
C,"END OF REPORT",15
