C,NEMP.WORLD,TRADINGIS,AEMO,PUBLIC,2025/05/28,13:45:15,0000000465251442,TRADINGIS,0000000465251441
I,TRADING,INTERCONNECTORRES,2,SETTLEMENTDATE,RUNNO,INTERCONNECTORID,PERIODID,METEREDMWFLOW,MWFLOW,MWLOSSES,LASTCHANGED
D,TRADING,INTERCONNECTORRES,2,"2025/05/28 13:50:00",1,N-Q-MNSP1,166,95.3,91.52,26.91,"2025/05/28 13:45:07"
D,TRADING,INTERCONNECTORRES,2,"2025/05/28 13:50:00",1,NSW1-QLD1,166,-352.4,-394.77,19.01,"2025/05/28 13:45:07"
D,TRADING,INTERCONNECTORRES,2,"2025/05/28 13:50:00",1,T-V-MNSP1,166,-445.6,-429.58,20.86,"2025/05/28 13:45:07"
D,TRADING,INTERCONNECTORRES,2,"2025/05/28 13:50:00",1,V-S-MNSP1,166,149,150.11,16.13,"2025/05/28 13:45:07"
D,TRADING,INTERCONNECTORRES,2,"2025/05/28 13:50:00",1,V-SA,166,490.88,531.16,22.67,"2025/05/28 13:45:07"
D,TRADING,INTERCONNECTORRES,2,"2025/05/28 13:50:00",1,VIC1-NSW1,166,-291.08,-387.94,-6.71,"2025/05/28 13:45:07"
I,TRADING,PRICE,3,SETTLEMENTDATE,RUNNO,REGIONID,PERIODID,RRP,EEP,INVALIDFLAG,LASTCHANGED,ROP,RAISE6SECRRP,RAISE6SECROP,RAISE60SECRRP,RAISE60SECROP,RAISE5MINRRP,RAISE5MINROP,RAISEREGRRP,RAISEREGROP,LOWER6SECRRP,LOWER6SECROP,LOWER60SECRRP,LOWER60SECROP,LOWER5MINRRP,LOWER5MINROP,LOWERREGRRP,LOWERREGROP,RAISE1SECRRP,RAISE1SECROP,LOWER1SECRRP,LOWER1SECROP,PRICE_STATUS
D,TRADING,PRICE,3,"2025/05/28 13:50:00",1,SA1,166,100,0,0,"2025/05/28 13:45:07",100,0.01,0.01,0.1,0.1,0.1,0.1,9.24,9.24,0.01,0.01,0.39,0.39,0.01,0.01,0.01,0.01,0.01,0.01,0,0,FIRM
D,TRADING,PRICE,3,"2025/05/28 13:50:00",1,NSW1,166,8.37,0,0,"2025/05/28 13:45:07",8.37,0.01,0.01,0.1,0.1,0.1,0.1,9.24,9.24,0.01,0.01,0.39,0.39,0.01,0.01,0.01,0.01,0.01,0.01,0,0,FIRM
D,TRADING,PRICE,3,"2025/05/28 13:50:00",1,QLD1,166,-18.67,0,0,"2025/05/28 13:45:07",-18.67,0.01,0.01,0.1,0.1,0.1,0.1,9.24,9.24,16.68,16.68,10.81,10.81,0.1,0.1,0.1,0.1,0.01,0.01,0,0,FIRM
D,TRADING,PRICE,3,"2025/05/28 13:50:00",1,TAS1,166,35.12,0,0,"2025/05/28 13:45:07",35.12,0.38,0.38,0.38,0.38,0.1,0.1,6.44,6.44,0.01,0.01,0.38,0.38,0.01,0.01,2.48,2.48,0.01,0.01,0,0,FIRM
D,TRADING,PRICE,3,"2025/05/28 13:50:00",1,VIC1,166,8.95,0,0,"2025/05/28 13:45:07",8.95,0.01,0.01,0.1,0.1,0.1,0.1,9.24,9.24,0.01,0.01,0.39,0.39,0.01,0.01,0.01,0.01,0.01,0.01,0,0,FIRM
C,"END OF REPORT",15
