C,NEMP.WORLD,TRADINGIS,AEMO,PUBLIC,2025/05/26,14:15:15,0000000464956861,TRADINGIS,0000000464956860
I,TRADING,INTERCONNECTORRES,2,SETTLEMENTDATE,RUNNO,INTERCONNECTORID,PERIODID,METEREDMWFLOW,MWFLOW,MWLOSSES,LASTCHANGED
D,TRADING,INTERCONNECTORRES,2,"2025/05/26 14:20:00",1,N-Q-MNSP1,172,-34,-25,0.65,"2025/05/26 14:15:08"
D,TRADING,INTERCONNECTORRES,2,"2025/05/26 14:20:00",1,NSW1-QLD1,172,-843.5,-735.08,33.04,"2025/05/26 14:15:08"
D,TRADING,INTERCONNECTORRES,2,"2025/05/26 14:20:00",1,T-V-MNSP1,172,-421.8,-436.36,21.5,"2025/05/26 14:15:08"
D,TRADING,INTERCONNECTORRES,2,"2025/05/26 14:20:00",1,V-S-MNSP1,172,172,172.72,23.26,"2025/05/26 14:15:08"
D,TRADING,INTERCONNECTORRES,2,"2025/05/26 14:20:00",1,V-SA,172,309.25,250.1,12.57,"2025/05/26 14:15:08"
D,TRADING,INTERCONNECTORRES,2,"2025/05/26 14:20:00",1,VIC1-NSW1,172,111.5,513.56,35.92,"2025/05/26 14:15:08"
I,TRADING,PRICE,3,SETTLEMENTDATE,RUNNO,REGIONID,PERIODID,RRP,EEP,INVALIDFLAG,LASTCHANGED,ROP,RAISE6SECRRP,RAISE6SECROP,RAISE60SECRRP,RAISE60SECROP,RAISE5MINRRP,RAISE5MINROP,RAISEREGRRP,RAISEREGROP,LOWER6SECRRP,LOWER6SECROP,LOWER60SECRRP,LOWER60SECROP,LOWER5MINRRP,LOWER5MINROP,LOWERREGRRP,LOWERREGROP,RAISE1SECRRP,RAISE1SECROP,LOWER1SECRRP,LOWER1SECROP,PRICE_STATUS
D,TRADING,PRICE,3,"2025/05/26 14:20:00",1,SA1,172,-20.57,0,0,"2025/05/26 14:15:08",-20.57,0.1,0.1,0.04,0.04,0.04,0.04,9.24,9.24,0.38,0.38,1.33,1.33,0.1,0.1,0.1,0.1,0.3,0.3,0.01,0.01,FIRM
D,TRADING,PRICE,3,"2025/05/26 14:20:00",1,NSW1,172,56.93,0,0,"2025/05/26 14:15:08",56.93,0.1,0.1,0.04,0.04,0.04,0.04,9.24,9.24,0.38,0.38,1.33,1.33,0.1,0.1,0.1,0.1,0.3,0.3,0.01,0.01,FIRM
D,TRADING,PRICE,3,"2025/05/26 14:20:00",1,QLD1,172,50.75,0,0,"2025/05/26 14:15:08",50.75,0.1,0.1,0.04,0.04,0.04,0.04,9.24,9.24,0.38,0.38,1.33,1.33,0.1,0.1,0.1,0.1,0.3,0.3,0.01,0.01,FIRM
D,TRADING,PRICE,3,"2025/05/26 14:20:00",1,TAS1,172,11.25,0,0,"2025/05/26 14:15:08",11.25,0.38,0.38,0.38,0.38,0.04,0.04,8.8,8.8,0.38,0.38,1.33,1.33,0,0,3.55,3.55,0.3,0.3,0.01,0.01,FIRM
D,TRADING,PRICE,3,"2025/05/26 14:20:00",1,VIC1,172,-20.6,0,0,"2025/05/26 14:15:08",-20.6,0.1,0.1,0.04,0.04,0.04,0.04,9.24,9.24,0.38,0.38,1.33,1.33,0.1,0.1,0.1,0.1,0.3,0.3,0.01,0.01,FIRM
C,"END OF REPORT",15
