C,NEMP.WORLD,TRADINGIS,AEMO,PUBLIC,2025/05/29,01:05:10,0000000465319160,TRADINGIS,0000000465319159
I,TRADING,INTERCONNECTORRES,2,SETTLEMENTDATE,RUNNO,INTERCONNECTORID,PERIODID,METEREDMWFLOW,MWFLOW,MWLOSSES,LASTCHANGED
D,TRADING,INTERCONNECTORRES,2,"2025/05/29 01:10:00",1,N-Q-MNSP1,14,-19.3,-25,0.65,"2025/05/29 01:05:03"
D,TRADING,INTERCONNECTORRES,2,"2025/05/29 01:10:00",1,NSW1-QLD1,14,-399.5,-444.85,15.28,"2025/05/29 01:05:03"
D,TRADING,INTERCONNECTORRES,2,"2025/05/29 01:10:00",1,T-V-MNSP1,14,-409,-438,21.66,"2025/05/29 01:05:03"
D,TRADING,INTERCONNECTORRES,2,"2025/05/29 01:10:00",1,V-S-MNSP1,14,72,72,0.95,"2025/05/29 01:05:03"
D,TRADING,INTERCONNECTORRES,2,"2025/05/29 01:10:00",1,V-SA,14,353.14,325.54,16.66,"2025/05/29 01:05:03"
D,TRADING,INTERCONNECTORRES,2,"2025/05/29 01:10:00",1,VIC1-NSW1,14,272.34,248.81,10.88,"2025/05/29 01:05:03"
I,TRADING,PRICE,3,SETTLEMENTDATE,RUNNO,REGIONID,PERIODID,RRP,EEP,INVALIDFLAG,LASTCHANGED,ROP,RAISE6SECRRP,RAISE6SECROP,RAISE60SECRRP,RAISE60SECROP,RAISE5MINRRP,RAISE5MINROP,RAISEREGRRP,RAISEREGROP,LOWER6SECRRP,LOWER6SECROP,LOWER60SECRRP,LOWER60SECROP,LOWER5MINRRP,LOWER5MINROP,LOWERREGRRP,LOWERREGROP,RAISE1SECRRP,RAISE1SECROP,LOWER1SECRRP,LOWER1SECROP,PRICE_STATUS
D,TRADING,PRICE,3,"2025/05/29 01:10:00",1,SA1,14,80.38,0,0,"2025/05/29 01:05:03",80.38,0.15,0.15,0.1,0.1,0.1,0.1,5.99,5.99,0.39,0.39,1,1,0,0,0,0,0.36,0.36,0,0,FIRM
D,TRADING,PRICE,3,"2025/05/29 01:10:00",1,NSW1,14,78.64,0,0,"2025/05/29 01:05:03",78.64,0.15,0.15,0.1,0.1,0.1,0.1,5.99,5.99,0.39,0.39,1,1,0,0,0,0,0.36,0.36,0,0,FIRM
D,TRADING,PRICE,3,"2025/05/29 01:10:00",1,QLD1,14,73,0,0,"2025/05/29 01:05:03",73,0.15,0.15,0.1,0.1,0.1,0.1,5.99,5.99,0.39,0.39,1,1,0,0,0,0,0.36,0.36,0,0,FIRM
D,TRADING,PRICE,3,"2025/05/29 01:10:00",1,TAS1,14,100.24,0,0,"2025/05/29 01:05:03",100.24,0.38,0.38,0.38,0.38,0.38,0.38,8.4,8.4,0.38,0.38,0.38,0.38,0,0,2.48,2.48,0.36,0.36,0,0,FIRM
D,TRADING,PRICE,3,"2025/05/29 01:10:00",1,VIC1,14,73.56,0,0,"2025/05/29 01:05:03",73.56,0.15,0.15,0.1,0.1,0.1,0.1,5.99,5.99,0.39,0.39,1,1,0,0,0,0,0.36,0.36,0,0,FIRM
C,"END OF REPORT",15
