C,NEMP.WORLD,TRADINGIS,AEMO,PUBLIC,2025/05/27,19:25:11,0000000465141910,TRADINGIS,0000000465141909
I,TRADING,INTERCONNECTORRES,2,SETTLEMENTDATE,RUNNO,INTERCONNECTORID,PERIODID,METEREDMWFLOW,MWFLOW,MWLOSSES,LASTCHANGED
D,TRADING,INTERCONNECTORRES,2,"2025/05/27 19:30:00",1,N-Q-MNSP1,234,-9,-9,-0.16,"2025/05/27 19:25:03"
D,TRADING,INTERCONNECTORRES,2,"2025/05/27 19:30:00",1,NSW1-QLD1,234,-489.9,-438.2,-9.57,"2025/05/27 19:25:03"
D,TRADING,INTERCONNECTORRES,2,"2025/05/27 19:30:00",1,T-V-MNSP1,234,-272.2,-245.26,7.22,"2025/05/27 19:25:03"
D,TRADING,INTERCONNECTORRES,2,"2025/05/27 19:30:00",1,V-S-MNSP1,234,72,72,0.95,"2025/05/27 19:25:03"
D,TRADING,INTERCONNECTORRES,2,"2025/05/27 19:30:00",1,V-SA,234,403.57,400.96,20.82,"2025/05/27 19:25:03"
D,TRADING,INTERCONNECTORRES,2,"2025/05/27 19:30:00",1,VIC1-NSW1,234,-354.52,-336.78,8.89,"2025/05/27 19:25:03"
I,TRADING,PRICE,3,SETTLEMENTDATE,RUNNO,REGIONID,PERIODID,RRP,EEP,INVALIDFLAG,LASTCHANGED,ROP,RAISE6SECRRP,RAISE6SECROP,RAISE60SECRRP,RAISE60SECROP,RAISE5MINRRP,RAISE5MINROP,RAISEREGRRP,RAISEREGROP,LOWER6SECRRP,LOWER6SECROP,LOWER60SECRRP,LOWER60SECROP,LOWER5MINRRP,LOWER5MINROP,LOWERREGRRP,LOWERREGROP,RAISE1SECRRP,RAISE1SECROP,LOWER1SECRRP,LOWER1SECROP,PRICE_STATUS
D,TRADING,PRICE,3,"2025/05/27 19:30:00",1,SA1,234,119.02,0,0,"2025/05/27 19:25:03",119.02,0.38,0.38,0.36,0.36,0.1,0.1,0.1,0.1,0.03,0.03,0.38,0.38,0,0,0,0,0.81,0.81,0,0,FIRM
D,TRADING,PRICE,3,"2025/05/27 19:30:00",1,NSW1,234,101.04,0,0,"2025/05/27 19:25:03",101.04,0.38,0.38,0.36,0.36,0.1,0.1,0.1,0.1,0.03,0.03,0.38,0.38,0,0,0,0,0.81,0.81,0,0,FIRM
D,TRADING,PRICE,3,"2025/05/27 19:30:00",1,QLD1,234,99.22,0,0,"2025/05/27 19:25:03",99.22,0.38,0.38,0.36,0.36,0.1,0.1,0.1,0.1,0.03,0.03,0.38,0.38,0,0,0,0,0.81,0.81,0,0,FIRM
D,TRADING,PRICE,3,"2025/05/27 19:30:00",1,TAS1,234,112.25,0,0,"2025/05/27 19:25:03",112.25,0.38,0.38,0.36,0.36,0.1,0.1,8.4,8.4,0.03,0.03,0.38,0.38,0,0,2.48,2.48,0.81,0.81,0,0,FIRM
D,TRADING,PRICE,3,"2025/05/27 19:30:00",1,VIC1,234,108.11,0,0,"2025/05/27 19:25:03",108.11,0.38,0.38,0.36,0.36,0.1,0.1,0.1,0.1,0.03,0.03,0.38,0.38,0,0,0,0,0.81,0.81,0,0,FIRM
C,"END OF REPORT",15
