C,NEMP.WORLD,TRADINGIS,AEMO,PUBLIC,2025/05/29,08:25:11,0000000465360496,TRADINGIS,0000000465360495
I,TRADING,INTERCONNECTORRES,2,SETTLEMENTDATE,RUNNO,INTERCONNECTORID,PERIODID,METEREDMWFLOW,MWFLOW,MWLOSSES,LASTCHANGED
D,TRADING,INTERCONNECTORRES,2,"2025/05/29 08:30:00",1,N-Q-MNSP1,102,-17.7,-17,0.07,"2025/05/29 08:25:03"
D,TRADING,INTERCONNECTORRES,2,"2025/05/29 08:30:00",1,NSW1-QLD1,102,-310.7,-495.62,2.52,"2025/05/29 08:25:03"
D,TRADING,INTERCONNECTORRES,2,"2025/05/29 08:30:00",1,T-V-MNSP1,102,-272.2,-370.11,15.69,"2025/05/29 08:25:03"
D,TRADING,INTERCONNECTORRES,2,"2025/05/29 08:30:00",1,V-S-MNSP1,102,18,27,-1.11,"2025/05/29 08:25:03"
D,TRADING,INTERCONNECTORRES,2,"2025/05/29 08:30:00",1,V-SA,102,-194.96,-82.48,0.84,"2025/05/29 08:25:03"
D,TRADING,INTERCONNECTORRES,2,"2025/05/29 08:30:00",1,VIC1-NSW1,102,130.33,-44,-0.53,"2025/05/29 08:25:03"
I,TRADING,PRICE,3,SETTLEMENTDATE,RUNNO,REGIONID,PERIODID,RRP,EEP,INVALIDFLAG,LASTCHANGED,ROP,RAISE6SECRRP,RAISE6SECROP,RAISE60SECRRP,RAISE60SECROP,RAISE5MINRRP,RAISE5MINROP,RAISEREGRRP,RAISEREGROP,LOWER6SECRRP,LOWER6SECROP,LOWER60SECRRP,LOWER60SECROP,LOWER5MINRRP,LOWER5MINROP,LOWERREGRRP,LOWERREGROP,RAISE1SECRRP,RAISE1SECROP,LOWER1SECRRP,LOWER1SECROP,PRICE_STATUS
D,TRADING,PRICE,3,"2025/05/29 08:30:00",1,SA1,102,136.17,0,0,"2025/05/29 08:25:03",136.17,0.39,0.39,0.24,0.24,0.36,0.36,19.94,19.94,0.03,0.03,0.38,0.38,0.01,0.01,0.72,0.72,0.81,0.81,0,0,FIRM
D,TRADING,PRICE,3,"2025/05/29 08:30:00",1,NSW1,102,139.99,0,0,"2025/05/29 08:25:03",139.99,0.39,0.39,0.24,0.24,0.36,0.36,19.94,19.94,0.03,0.03,0.38,0.38,0.01,0.01,0.72,0.72,0.81,0.81,0,0,FIRM
D,TRADING,PRICE,3,"2025/05/29 08:30:00",1,QLD1,102,132.84,0,0,"2025/05/29 08:25:03",132.84,0.39,0.39,0.24,0.24,0.36,0.36,19.94,19.94,0.03,0.03,0.38,0.38,0.01,0.01,0.72,0.72,0.81,0.81,0,0,FIRM
D,TRADING,PRICE,3,"2025/05/29 08:30:00",1,TAS1,102,149.19,0,0,"2025/05/29 08:25:03",149.19,1.75,1.75,0.38,0.38,0.36,0.36,5.54,5.54,0.03,0.03,0.38,0.38,0.01,0.01,2.46,2.46,0.81,0.81,0,0,FIRM
D,TRADING,PRICE,3,"2025/05/29 08:30:00",1,VIC1,102,138.68,0,0,"2025/05/29 08:25:03",138.68,0.39,0.39,0.24,0.24,0.36,0.36,19.94,19.94,0.03,0.03,0.38,0.38,0.01,0.01,0.72,0.72,0.81,0.81,0,0,FIRM
C,"END OF REPORT",15
