C,NEMP.WORLD,TRADINGIS,AEMO,PUBLIC,2025/05/28,09:15:11,0000000465222681,TRADINGIS,0000000465222680
I,TRADING,INTERCONNECTORRES,2,SETTLEMENTDATE,RUNNO,INTERCONNECTORID,PERIODID,METEREDMWFLOW,MWFLOW,MWLOSSES,LASTCHANGED
D,TRADING,INTERCONNECTORRES,2,"2025/05/28 09:20:00",1,N-Q-MNSP1,112,-15.9,-17,0.07,"2025/05/28 09:15:04"
D,TRADING,INTERCONNECTORRES,2,"2025/05/28 09:20:00",1,NSW1-QLD1,112,-371,-449.42,18.27,"2025/05/28 09:15:04"
D,TRADING,INTERCONNECTORRES,2,"2025/05/28 09:20:00",1,T-V-MNSP1,112,-394.9,-411.74,19.24,"2025/05/28 09:15:04"
D,TRADING,INTERCONNECTORRES,2,"2025/05/28 09:20:00",1,V-S-MNSP1,112,81,81,1.95,"2025/05/28 09:15:04"
D,TRADING,INTERCONNECTORRES,2,"2025/05/28 09:20:00",1,V-SA,112,513.14,513.92,30.25,"2025/05/28 09:15:04"
D,TRADING,INTERCONNECTORRES,2,"2025/05/28 09:20:00",1,VIC1-NSW1,112,-352.61,-312.71,2.56,"2025/05/28 09:15:04"
I,TRADING,PRICE,3,SETTLEMENTDATE,RUNNO,REGIONID,PERIODID,RRP,EEP,INVALIDFLAG,LASTCHANGED,ROP,RAISE6SECRRP,RAISE6SECROP,RAISE60SECRRP,RAISE60SECROP,RAISE5MINRRP,RAISE5MINROP,RAISEREGRRP,RAISEREGROP,LOWER6SECRRP,LOWER6SECROP,LOWER60SECRRP,LOWER60SECROP,LOWER5MINRRP,LOWER5MINROP,LOWERREGRRP,LOWERREGROP,RAISE1SECRRP,RAISE1SECROP,LOWER1SECRRP,LOWER1SECROP,PRICE_STATUS
D,TRADING,PRICE,3,"2025/05/28 09:20:00",1,SA1,112,136.04,0,0,"2025/05/28 09:15:04",136.04,0.37,0.37,0.24,0.24,0.1,0.1,12.47,12.47,0,0,0.1,0.1,0.1,0.1,2,2,0.38,0.38,0,0,FIRM
D,TRADING,PRICE,3,"2025/05/28 09:20:00",1,NSW1,112,21.04,0,0,"2025/05/28 09:15:04",21.04,0.37,0.37,0.24,0.24,0.1,0.1,12.47,12.47,0,0,0.1,0.1,0.1,0.1,2,2,0.38,0.38,0,0,FIRM
D,TRADING,PRICE,3,"2025/05/28 09:20:00",1,QLD1,112,-19.51,0,0,"2025/05/28 09:15:04",-19.51,0.37,0.37,0.24,0.24,0.1,0.1,12.47,12.47,7.89,7.89,32,32,0.38,0.38,2.28,2.28,0.38,0.38,0,0,FIRM
D,TRADING,PRICE,3,"2025/05/28 09:20:00",1,TAS1,112,129.98,0,0,"2025/05/28 09:15:04",129.98,0.38,0.38,0.38,0.38,0.1,0.1,8.4,8.4,0,0,0.1,0.1,0.1,0.1,2.48,2.48,0.38,0.38,0,0,FIRM
D,TRADING,PRICE,3,"2025/05/28 09:20:00",1,VIC1,112,121.01,0,0,"2025/05/28 09:15:04",121.01,0.37,0.37,0.24,0.24,0.1,0.1,12.47,12.47,0,0,0.1,0.1,0.1,0.1,2,2,0.38,0.38,0,0,FIRM
C,"END OF REPORT",15
