C,NEMP.WORLD,TRADINGIS,AEMO,PUBLIC,2025/05/29,06:15:11,0000000465349040,TRADINGIS,0000000465349039
I,TRADING,INTERCONNECTORRES,2,SETTLEMENTDATE,RUNNO,INTERCONNECTORID,PERIODID,METEREDMWFLOW,MWFLOW,MWLOSSES,LASTCHANGED
D,TRADING,INTERCONNECTORRES,2,"2025/05/29 06:20:00",1,N-Q-MNSP1,76,-18.4,-17,0.07,"2025/05/29 06:15:03"
D,TRADING,INTERCONNECTORRES,2,"2025/05/29 06:20:00",1,NSW1-QLD1,76,-317.9,-442.2,5.05,"2025/05/29 06:15:03"
D,TRADING,INTERCONNECTORRES,2,"2025/05/29 06:20:00",1,T-V-MNSP1,76,-425.5,-434.2,21.3,"2025/05/29 06:15:03"
D,TRADING,INTERCONNECTORRES,2,"2025/05/29 06:20:00",1,V-S-MNSP1,76,36,36,-1.09,"2025/05/29 06:15:03"
D,TRADING,INTERCONNECTORRES,2,"2025/05/29 06:20:00",1,V-SA,76,18.6,59.43,0.2,"2025/05/29 06:15:03"
D,TRADING,INTERCONNECTORRES,2,"2025/05/29 06:20:00",1,VIC1-NSW1,76,136.77,7.14,0.24,"2025/05/29 06:15:03"
I,TRADING,PRICE,3,SETTLEMENTDATE,RUNNO,REGIONID,PERIODID,RRP,EEP,INVALIDFLAG,LASTCHANGED,ROP,RAISE6SECRRP,RAISE6SECROP,RAISE60SECRRP,RAISE60SECROP,RAISE5MINRRP,RAISE5MINROP,RAISEREGRRP,RAISEREGROP,LOWER6SECRRP,LOWER6SECROP,LOWER60SECRRP,LOWER60SECROP,LOWER5MINRRP,LOWER5MINROP,LOWERREGRRP,LOWERREGROP,RAISE1SECRRP,RAISE1SECROP,LOWER1SECRRP,LOWER1SECROP,PRICE_STATUS
D,TRADING,PRICE,3,"2025/05/29 06:20:00",1,SA1,76,110.1,0,0,"2025/05/29 06:15:03",110.1,0.37,0.37,0.1,0.1,0.1,0.1,5.99,5.99,0.1,0.1,0.38,0.38,0.1,0.1,0.1,0.1,0.86,0.86,0,0,FIRM
D,TRADING,PRICE,3,"2025/05/29 06:20:00",1,NSW1,76,113.04,0,0,"2025/05/29 06:15:03",113.04,0.37,0.37,0.1,0.1,0.1,0.1,5.99,5.99,0.1,0.1,0.38,0.38,0.1,0.1,0.1,0.1,0.86,0.86,0,0,FIRM
D,TRADING,PRICE,3,"2025/05/29 06:20:00",1,QLD1,76,107.38,0,0,"2025/05/29 06:15:03",107.38,0.37,0.37,0.1,0.1,0.1,0.1,5.99,5.99,0.1,0.1,0.38,0.38,0.1,0.1,0.1,0.1,0.86,0.86,0,0,FIRM
D,TRADING,PRICE,3,"2025/05/29 06:20:00",1,TAS1,76,118.2,0,0,"2025/05/29 06:15:03",118.2,0.38,0.38,0.38,0.38,0.38,0.38,7.54,7.54,0.1,0.1,0.38,0.38,0,0,2.46,2.46,0.86,0.86,0,0,FIRM
D,TRADING,PRICE,3,"2025/05/29 06:20:00",1,VIC1,76,109,0,0,"2025/05/29 06:15:03",109,0.37,0.37,0.1,0.1,0.1,0.1,5.99,5.99,0.1,0.1,0.38,0.38,0.1,0.1,0.1,0.1,0.86,0.86,0,0,FIRM
C,"END OF REPORT",15
