C,NEMP.WORLD,TRADINGIS,AEMO,PUBLIC,2025/05/29,06:00:11,0000000465347329,TRADINGIS,0000000465347328
I,TRADING,INTERCONNECTORRES,2,SETTLEMENTDATE,RUNNO,INTERCONNECTORID,PERIODID,METEREDMWFLOW,MWFLOW,MWLOSSES,LASTCHANGED
D,TRADING,INTERCONNECTORRES,2,"2025/05/29 06:05:00",1,N-Q-MNSP1,73,-17.5,-17,0.07,"2025/05/29 06:00:03"
D,TRADING,INTERCONNECTORRES,2,"2025/05/29 06:05:00",1,NSW1-QLD1,73,-427.7,-365.37,4.71,"2025/05/29 06:00:03"
D,TRADING,INTERCONNECTORRES,2,"2025/05/29 06:05:00",1,T-V-MNSP1,73,-412.6,-438,21.66,"2025/05/29 06:00:03"
D,TRADING,INTERCONNECTORRES,2,"2025/05/29 06:05:00",1,V-S-MNSP1,73,45,36,-1.09,"2025/05/29 06:00:03"
D,TRADING,INTERCONNECTORRES,2,"2025/05/29 06:05:00",1,V-SA,73,129.32,96.87,1.23,"2025/05/29 06:00:03"
D,TRADING,INTERCONNECTORRES,2,"2025/05/29 06:05:00",1,VIC1-NSW1,73,153.31,176.63,8.05,"2025/05/29 06:00:03"
I,TRADING,PRICE,3,SETTLEMENTDATE,RUNNO,REGIONID,PERIODID,RRP,EEP,INVALIDFLAG,LASTCHANGED,ROP,RAISE6SECRRP,RAISE6SECROP,RAISE60SECRRP,RAISE60SECROP,RAISE5MINRRP,RAISE5MINROP,RAISEREGRRP,RAISEREGROP,LOWER6SECRRP,LOWER6SECROP,LOWER60SECRRP,LOWER60SECROP,LOWER5MINRRP,LOWER5MINROP,LOWERREGRRP,LOWERREGROP,RAISE1SECRRP,RAISE1SECROP,LOWER1SECRRP,LOWER1SECROP,PRICE_STATUS
D,TRADING,PRICE,3,"2025/05/29 06:05:00",1,SA1,73,85.42,0,0,"2025/05/29 06:00:03",85.42,0.37,0.37,0.1,0.1,0.1,0.1,5.99,5.99,0.1,0.1,0.38,0.38,0.1,0.1,6,6,0.38,0.38,0,0,FIRM
D,TRADING,PRICE,3,"2025/05/29 06:05:00",1,NSW1,73,88.56,0,0,"2025/05/29 06:00:03",88.56,0.37,0.37,0.1,0.1,0.1,0.1,5.99,5.99,0.1,0.1,0.38,0.38,0.1,0.1,6,6,0.38,0.38,0,0,FIRM
D,TRADING,PRICE,3,"2025/05/29 06:05:00",1,QLD1,73,84.45,0,0,"2025/05/29 06:00:03",84.45,0.37,0.37,0.1,0.1,0.1,0.1,5.99,5.99,0.1,0.1,0.38,0.38,0.1,0.1,6,6,0.38,0.38,0,0,FIRM
D,TRADING,PRICE,3,"2025/05/29 06:05:00",1,TAS1,73,100.12,0,0,"2025/05/29 06:00:03",100.12,0.38,0.38,0.38,0.38,0.38,0.38,5.54,5.54,0.1,0.1,0.38,0.38,0,0,4.46,4.46,0.38,0.38,0,0,FIRM
D,TRADING,PRICE,3,"2025/05/29 06:05:00",1,VIC1,73,83.49,0,0,"2025/05/29 06:00:03",83.49,0.37,0.37,0.1,0.1,0.1,0.1,5.99,5.99,0.1,0.1,0.38,0.38,0.1,0.1,6,6,0.38,0.38,0,0,FIRM
C,"END OF REPORT",15
