C,NEMP.WORLD,TRADINGIS,AEMO,PUBLIC,2025/05/27,02:35:13,0000000465033915,TRADINGIS,0000000465033914
I,TRADING,INTERCONNECTORRES,2,SETTLEMENTDATE,RUNNO,INTERCONNECTORID,PERIODID,METEREDMWFLOW,MWFLOW,MWLOSSES,LASTCHANGED
D,TRADING,INTERCONNECTORRES,2,"2025/05/27 02:40:00",1,N-Q-MNSP1,32,8.2,9,0.6,"2025/05/27 02:35:06"
D,TRADING,INTERCONNECTORRES,2,"2025/05/27 02:40:00",1,NSW1-QLD1,32,529.6,436.76,16.5,"2025/05/27 02:35:06"
D,TRADING,INTERCONNECTORRES,2,"2025/05/27 02:40:00",1,T-V-MNSP1,32,-452.9,-456.4,23.44,"2025/05/27 02:35:06"
D,TRADING,INTERCONNECTORRES,2,"2025/05/27 02:40:00",1,V-S-MNSP1,32,-146,-146.93,36.86,"2025/05/27 02:35:06"
D,TRADING,INTERCONNECTORRES,2,"2025/05/27 02:40:00",1,V-SA,32,-317.66,-337.95,6.29,"2025/05/27 02:35:06"
D,TRADING,INTERCONNECTORRES,2,"2025/05/27 02:40:00",1,VIC1-NSW1,32,974.2,939.67,94.96,"2025/05/27 02:35:06"
I,TRADING,PRICE,3,SETTLEMENTDATE,RUNNO,REGIONID,PERIODID,RRP,EEP,INVALIDFLAG,LASTCHANGED,ROP,RAISE6SECRRP,RAISE6SECROP,RAISE60SECRRP,RAISE60SECROP,RAISE5MINRRP,RAISE5MINROP,RAISEREGRRP,RAISEREGROP,LOWER6SECRRP,LOWER6SECROP,LOWER60SECRRP,LOWER60SECROP,LOWER5MINRRP,LOWER5MINROP,LOWERREGRRP,LOWERREGROP,RAISE1SECRRP,RAISE1SECROP,LOWER1SECRRP,LOWER1SECROP,PRICE_STATUS
D,TRADING,PRICE,3,"2025/05/27 02:40:00",1,SA1,32,-13.15,0,0,"2025/05/27 02:35:06",-13.15,0.1,0.1,0.04,0.04,0.1,0.1,5.99,5.99,0.38,0.38,0.38,0.38,0.01,0.01,3.6,3.6,0.38,0.38,0,0,FIRM
D,TRADING,PRICE,3,"2025/05/27 02:40:00",1,NSW1,32,56.98,0,0,"2025/05/27 02:35:06",56.98,0.1,0.1,0.04,0.04,0.1,0.1,5.99,5.99,0.38,0.38,0.38,0.38,0.01,0.01,3.6,3.6,0.38,0.38,0,0,FIRM
D,TRADING,PRICE,3,"2025/05/27 02:40:00",1,QLD1,32,61.55,0,0,"2025/05/27 02:35:06",61.55,0.1,0.1,0.04,0.04,0.1,0.1,5.99,5.99,0.38,0.38,0.38,0.38,0.01,0.01,3.6,3.6,0.38,0.38,0,0,FIRM
D,TRADING,PRICE,3,"2025/05/27 02:40:00",1,TAS1,32,11.25,0,0,"2025/05/27 02:35:06",11.25,0.38,0.38,0.38,0.38,0.1,0.1,6.97,6.97,0.38,0.38,0.38,0.38,0,0,2.55,2.55,0.38,0.38,0,0,FIRM
D,TRADING,PRICE,3,"2025/05/27 02:40:00",1,VIC1,32,-13.91,0,0,"2025/05/27 02:35:06",-13.91,0.1,0.1,0.04,0.04,0.1,0.1,5.99,5.99,0.38,0.38,0.38,0.38,0.01,0.01,3.6,3.6,0.38,0.38,0,0,FIRM
C,"END OF REPORT",15
