C,NEMP.WORLD,TRADINGIS,AEMO,PUBLIC,2025/05/27,23:35:11,0000000465166124,TRADINGIS,0000000465166123
I,TRADING,INTERCONNECTORRES,2,SETTLEMENTDATE,RUNNO,INTERCONNECTORID,PERIODID,METEREDMWFLOW,MWFLOW,MWLOSSES,LASTCHANGED
D,TRADING,INTERCONNECTORRES,2,"2025/05/27 23:40:00",1,N-Q-MNSP1,284,-2.1,-9,-0.16,"2025/05/27 23:35:03"
D,TRADING,INTERCONNECTORRES,2,"2025/05/27 23:40:00",1,NSW1-QLD1,284,9.7,-10.59,-0.18,"2025/05/27 23:35:03"
D,TRADING,INTERCONNECTORRES,2,"2025/05/27 23:40:00",1,T-V-MNSP1,284,-468.2,-472.34,25.04,"2025/05/27 23:35:03"
D,TRADING,INTERCONNECTORRES,2,"2025/05/27 23:40:00",1,V-S-MNSP1,284,155,175.14,24.11,"2025/05/27 23:35:03"
D,TRADING,INTERCONNECTORRES,2,"2025/05/27 23:40:00",1,V-SA,284,606.78,569.21,42.06,"2025/05/27 23:35:03"
D,TRADING,INTERCONNECTORRES,2,"2025/05/27 23:40:00",1,VIC1-NSW1,284,612.74,608.81,43.39,"2025/05/27 23:35:03"
I,TRADING,PRICE,3,SETTLEMENTDATE,RUNNO,REGIONID,PERIODID,RRP,EEP,INVALIDFLAG,LASTCHANGED,ROP,RAISE6SECRRP,RAISE6SECROP,RAISE60SECRRP,RAISE60SECROP,RAISE5MINRRP,RAISE5MINROP,RAISEREGRRP,RAISEREGROP,LOWER6SECRRP,LOWER6SECROP,LOWER60SECRRP,LOWER60SECROP,LOWER5MINRRP,LOWER5MINROP,LOWERREGRRP,LOWERREGROP,RAISE1SECRRP,RAISE1SECROP,LOWER1SECRRP,LOWER1SECROP,PRICE_STATUS
D,TRADING,PRICE,3,"2025/05/27 23:40:00",1,SA1,284,65.72,0,0,"2025/05/27 23:35:03",65.72,0.01,0.01,0.04,0.04,0.09,0.09,3,3,0.01,0.01,0.38,0.38,0.01,0.01,2,2,0.04,0.04,0,0,FIRM
D,TRADING,PRICE,3,"2025/05/27 23:40:00",1,NSW1,284,71.53,0,0,"2025/05/27 23:35:03",71.53,0.01,0.01,0.04,0.04,0.09,0.09,3,3,0.01,0.01,0.38,0.38,0.01,0.01,2,2,0.04,0.04,0,0,FIRM
D,TRADING,PRICE,3,"2025/05/27 23:40:00",1,QLD1,284,72.75,0,0,"2025/05/27 23:35:03",72.75,0.01,0.01,0.04,0.04,0.09,0.09,3,3,0.01,0.01,0.38,0.38,0.01,0.01,2,2,0.04,0.04,0,0,FIRM
D,TRADING,PRICE,3,"2025/05/27 23:40:00",1,TAS1,284,100.24,0,0,"2025/05/27 23:35:03",100.24,0.38,0.38,0.38,0.38,0.36,0.36,8.4,8.4,0.01,0.01,0.38,0.38,0,0,2.48,2.48,0.04,0.04,0,0,FIRM
D,TRADING,PRICE,3,"2025/05/27 23:40:00",1,VIC1,284,20.01,0,0,"2025/05/27 23:35:03",20.01,0.01,0.01,0.04,0.04,0.09,0.09,3,3,0.01,0.01,0.38,0.38,0.01,0.01,2,2,0.04,0.04,0,0,FIRM
C,"END OF REPORT",15
