C,NEMP.WORLD,TRADINGIS,AEMO,PUBLIC,2025/06/10,11:10:14,0000000467073767,TRADINGIS,0000000467073766
I,TRADING,INTERCONNECTORRES,2,SETTLEMENTDATE,RUNNO,INTERCONNECTORID,PERIODID,METEREDMWFLOW,MWFLOW,MWLOSSES,LASTCHANGED
D,TRADING,INTERCONNECTORRES,2,"2025/06/10 11:15:00",1,N-Q-MNSP1,135,96.8,96.98,29.93,"2025/06/10 11:10:07"
D,TRADING,INTERCONNECTORRES,2,"2025/06/10 11:15:00",1,NSW1-QLD1,135,-1214.1,-1180.18,139.59,"2025/06/10 11:10:07"
D,TRADING,INTERCONNECTORRES,2,"2025/06/10 11:15:00",1,T-V-MNSP1,135,-216.1,-188.02,4.42,"2025/06/10 11:10:07"
D,TRADING,INTERCONNECTORRES,2,"2025/06/10 11:15:00",1,V-S-MNSP1,135,45,45,-0.87,"2025/06/10 11:10:07"
D,TRADING,INTERCONNECTORRES,2,"2025/06/10 11:15:00",1,V-SA,135,-316.56,-314.07,14.95,"2025/06/10 11:10:07"
D,TRADING,INTERCONNECTORRES,2,"2025/06/10 11:15:00",1,VIC1-NSW1,135,-301.45,-185.84,-4.66,"2025/06/10 11:10:07"
I,TRADING,PRICE,3,SETTLEMENTDATE,RUNNO,REGIONID,PERIODID,RRP,EEP,INVALIDFLAG,LASTCHANGED,ROP,RAISE6SECRRP,RAISE6SECROP,RAISE60SECRRP,RAISE60SECROP,RAISE5MINRRP,RAISE5MINROP,RAISEREGRRP,RAISEREGROP,LOWER6SECRRP,LOWER6SECROP,LOWER60SECRRP,LOWER60SECROP,LOWER5MINRRP,LOWER5MINROP,LOWERREGRRP,LOWERREGROP,RAISE1SECRRP,RAISE1SECROP,LOWER1SECRRP,LOWER1SECROP,PRICE_STATUS
D,TRADING,PRICE,3,"2025/06/10 11:15:00",1,SA1,135,170.44,0,0,"2025/06/10 11:10:07",170.44,0.23,0.23,0.1,0.1,0.04,0.04,25.1,25.1,0.38,0.38,0.38,0.38,0.38,0.38,0.38,0.38,0.04,0.04,0,0,FIRM
D,TRADING,PRICE,3,"2025/06/10 11:15:00",1,NSW1,135,0.53,0,0,"2025/06/10 11:10:07",0.53,0.23,0.23,0.1,0.1,0.04,0.04,25.1,25.1,0.38,0.38,0.38,0.38,0.38,0.38,0.38,0.38,0.04,0.04,0,0,FIRM
D,TRADING,PRICE,3,"2025/06/10 11:15:00",1,QLD1,135,-21.5,0,0,"2025/06/10 11:10:07",-21.5,0.23,0.23,0.1,0.1,0.04,0.04,25.1,25.1,0.38,0.38,0.38,0.38,0.38,0.38,0.38,0.38,0.04,0.04,0,0,FIRM
D,TRADING,PRICE,3,"2025/06/10 11:15:00",1,TAS1,135,190.7,0,0,"2025/06/10 11:10:07",190.7,0.36,0.36,0.36,0.36,0.04,0.04,18.86,18.86,0.38,0.38,0.38,0.38,0.38,0.38,2.84,2.84,0.04,0.04,0,0,FIRM
D,TRADING,PRICE,3,"2025/06/10 11:15:00",1,VIC1,135,185.57,0,0,"2025/06/10 11:10:07",185.57,0.23,0.23,0.1,0.1,0.04,0.04,25.1,25.1,0.38,0.38,0.38,0.38,0.38,0.38,0.38,0.38,0.04,0.04,0,0,FIRM
C,"END OF REPORT",15
