C,NEMP.WORLD,TRADINGIS,AEMO,PUBLIC,2025/05/29,07:00:12,0000000465352849,TRADINGIS,0000000465352848
I,TRADING,INTERCONNECTORRES,2,SETTLEMENTDATE,RUNNO,INTERCONNECTORID,PERIODID,METEREDMWFLOW,MWFLOW,MWLOSSES,LASTCHANGED
D,TRADING,INTERCONNECTORRES,2,"2025/05/29 07:05:00",1,N-Q-MNSP1,85,-18.9,-17,0.07,"2025/05/29 07:00:04"
D,TRADING,INTERCONNECTORRES,2,"2025/05/29 07:05:00",1,NSW1-QLD1,85,-491.8,-493,2.72,"2025/05/29 07:00:04"
D,TRADING,INTERCONNECTORRES,2,"2025/05/29 07:05:00",1,T-V-MNSP1,85,-441.3,-318.81,11.82,"2025/05/29 07:00:04"
D,TRADING,INTERCONNECTORRES,2,"2025/05/29 07:05:00",1,V-S-MNSP1,85,18,36,-1.09,"2025/05/29 07:00:04"
D,TRADING,INTERCONNECTORRES,2,"2025/05/29 07:05:00",1,V-SA,85,-149.16,51,0.12,"2025/05/29 07:00:04"
D,TRADING,INTERCONNECTORRES,2,"2025/05/29 07:05:00",1,VIC1-NSW1,85,70.86,-35.39,-0.73,"2025/05/29 07:00:04"
I,TRADING,PRICE,3,SETTLEMENTDATE,RUNNO,REGIONID,PERIODID,RRP,EEP,INVALIDFLAG,LASTCHANGED,ROP,RAISE6SECRRP,RAISE6SECROP,RAISE60SECRRP,RAISE60SECROP,RAISE5MINRRP,RAISE5MINROP,RAISEREGRRP,RAISEREGROP,LOWER6SECRRP,LOWER6SECROP,LOWER60SECRRP,LOWER60SECROP,LOWER5MINRRP,LOWER5MINROP,LOWERREGRRP,LOWERREGROP,RAISE1SECRRP,RAISE1SECROP,LOWER1SECRRP,LOWER1SECROP,PRICE_STATUS
D,TRADING,PRICE,3,"2025/05/29 07:05:00",1,SA1,85,138,0,0,"2025/05/29 07:00:04",138,0.38,0.38,0.38,0.38,0.36,0.36,0.76,0.76,0.1,0.1,0.38,0.38,0.1,0.1,1,1,0.38,0.38,0,0,FIRM
D,TRADING,PRICE,3,"2025/05/29 07:05:00",1,NSW1,85,139.99,0,0,"2025/05/29 07:00:04",139.99,0.38,0.38,0.38,0.38,0.36,0.36,0.76,0.76,0.1,0.1,0.38,0.38,0.1,0.1,1,1,0.38,0.38,0,0,FIRM
D,TRADING,PRICE,3,"2025/05/29 07:05:00",1,QLD1,85,133.5,0,0,"2025/05/29 07:00:04",133.5,0.38,0.38,0.38,0.38,0.36,0.36,0.76,0.76,0.1,0.1,0.38,0.38,0.1,0.1,1,1,0.38,0.38,0,0,FIRM
D,TRADING,PRICE,3,"2025/05/29 07:05:00",1,TAS1,85,144.55,0,0,"2025/05/29 07:00:04",144.55,0.38,0.38,0.38,0.38,0.36,0.36,7.54,7.54,0.1,0.1,0.38,0.38,0.1,0.1,2.46,2.46,0.38,0.38,0,0,FIRM
D,TRADING,PRICE,3,"2025/05/29 07:05:00",1,VIC1,85,137.11,0,0,"2025/05/29 07:00:04",137.11,0.38,0.38,0.38,0.38,0.36,0.36,0.76,0.76,0.1,0.1,0.38,0.38,0.1,0.1,1,1,0.38,0.38,0,0,FIRM
C,"END OF REPORT",15
