C,NEMP.WORLD,TRADINGIS,AEMO,PUBLIC,2025/05/26,18:00:17,0000000464981410,TRADINGIS,0000000464981409
I,TRADING,INTERCONNECTORRES,2,SETTLEMENTDATE,RUNNO,INTERCONNECTORID,PERIODID,METEREDMWFLOW,MWFLOW,MWLOSSES,LASTCHANGED
D,TRADING,INTERCONNECTORRES,2,"2025/05/26 18:05:00",1,N-Q-MNSP1,217,9.8,9,0.6,"2025/05/26 18:00:09"
D,TRADING,INTERCONNECTORRES,2,"2025/05/26 18:05:00",1,NSW1-QLD1,217,74.4,32.74,2.56,"2025/05/26 18:00:09"
D,TRADING,INTERCONNECTORRES,2,"2025/05/26 18:05:00",1,T-V-MNSP1,217,-423.6,-445.82,22.41,"2025/05/26 18:00:09"
D,TRADING,INTERCONNECTORRES,2,"2025/05/26 18:05:00",1,V-S-MNSP1,217,-150,-104.64,20.92,"2025/05/26 18:00:09"
D,TRADING,INTERCONNECTORRES,2,"2025/05/26 18:05:00",1,V-SA,217,258.44,250.1,14.47,"2025/05/26 18:00:09"
D,TRADING,INTERCONNECTORRES,2,"2025/05/26 18:05:00",1,VIC1-NSW1,217,-629.2,-529.2,29.89,"2025/05/26 18:00:09"
I,TRADING,PRICE,3,SETTLEMENTDATE,RUNNO,REGIONID,PERIODID,RRP,EEP,INVALIDFLAG,LASTCHANGED,ROP,RAISE6SECRRP,RAISE6SECROP,RAISE60SECRRP,RAISE60SECROP,RAISE5MINRRP,RAISE5MINROP,RAISEREGRRP,RAISEREGROP,LOWER6SECRRP,LOWER6SECROP,LOWER60SECRRP,LOWER60SECROP,LOWER5MINRRP,LOWER5MINROP,LOWERREGRRP,LOWERREGROP,RAISE1SECRRP,RAISE1SECROP,LOWER1SECRRP,LOWER1SECROP,PRICE_STATUS
D,TRADING,PRICE,3,"2025/05/26 18:05:00",1,SA1,217,-6.92,0,0,"2025/05/26 18:00:09",-6.92,0.38,0.38,0.36,0.36,0.36,0.36,3,3,0.1,0.1,0.38,0.38,0.1,0.1,0.1,0.1,0.86,0.86,0,0,FIRM
D,TRADING,PRICE,3,"2025/05/26 18:05:00",1,NSW1,217,118.78,0,0,"2025/05/26 18:00:09",118.78,0.38,0.38,0.36,0.36,0.36,0.36,3,3,0.1,0.1,0.38,0.38,0.1,0.1,0.1,0.1,0.86,0.86,0,0,FIRM
D,TRADING,PRICE,3,"2025/05/26 18:05:00",1,QLD1,217,128.73,0,0,"2025/05/26 18:00:09",128.73,0.38,0.38,0.36,0.36,0.36,0.36,3,3,0.1,0.1,0.38,0.38,0.1,0.1,0.1,0.1,0.86,0.86,0,0,FIRM
D,TRADING,PRICE,3,"2025/05/26 18:05:00",1,TAS1,217,55.24,0,0,"2025/05/26 18:00:09",55.24,0.38,0.38,0.38,0.38,0.36,0.36,8.8,8.8,0.1,0.1,0.38,0.38,0,0,2.55,2.55,0.86,0.86,0,0,FIRM
D,TRADING,PRICE,3,"2025/05/26 18:05:00",1,VIC1,217,-9.81,0,0,"2025/05/26 18:00:09",-9.81,0.38,0.38,0.36,0.36,0.36,0.36,3,3,0.1,0.1,0.38,0.38,0.1,0.1,0.1,0.1,0.86,0.86,0,0,FIRM
C,"END OF REPORT",15
