C,NEMP.WORLD,TRADINGIS,AEMO,PUBLIC,2025/05/28,04:30:11,0000000465195168,TRADINGIS,0000000465195167
I,TRADING,INTERCONNECTORRES,2,SETTLEMENTDATE,RUNNO,INTERCONNECTORID,PERIODID,METEREDMWFLOW,MWFLOW,MWLOSSES,LASTCHANGED
D,TRADING,INTERCONNECTORRES,2,"2025/05/28 04:35:00",1,N-Q-MNSP1,55,-1,0,0,"2025/05/28 04:30:03"
D,TRADING,INTERCONNECTORRES,2,"2025/05/28 04:35:00",1,NSW1-QLD1,55,134.7,135.39,1.81,"2025/05/28 04:30:03"
D,TRADING,INTERCONNECTORRES,2,"2025/05/28 04:35:00",1,T-V-MNSP1,55,-391.3,-434.13,21.29,"2025/05/28 04:30:03"
D,TRADING,INTERCONNECTORRES,2,"2025/05/28 04:35:00",1,V-S-MNSP1,55,166,166.13,21.06,"2025/05/28 04:30:03"
D,TRADING,INTERCONNECTORRES,2,"2025/05/28 04:35:00",1,V-SA,55,566.66,565.94,43.24,"2025/05/28 04:30:03"
D,TRADING,INTERCONNECTORRES,2,"2025/05/28 04:35:00",1,VIC1-NSW1,55,672.78,578.51,45.58,"2025/05/28 04:30:03"
I,TRADING,PRICE,3,SETTLEMENTDATE,RUNNO,REGIONID,PERIODID,RRP,EEP,INVALIDFLAG,LASTCHANGED,ROP,RAISE6SECRRP,RAISE6SECROP,RAISE60SECRRP,RAISE60SECROP,RAISE5MINRRP,RAISE5MINROP,RAISEREGRRP,RAISEREGROP,LOWER6SECRRP,LOWER6SECROP,LOWER60SECRRP,LOWER60SECROP,LOWER5MINRRP,LOWER5MINROP,LOWERREGRRP,LOWERREGROP,RAISE1SECRRP,RAISE1SECROP,LOWER1SECRRP,LOWER1SECROP,PRICE_STATUS
D,TRADING,PRICE,3,"2025/05/28 04:35:00",1,SA1,55,83.44,0,0,"2025/05/28 04:30:03",83.44,0.38,0.38,0.38,0.38,0.32,0.32,7.6,7.6,0.1,0.1,0.38,0.38,0,0,0,0,0.3,0.3,0,0,FIRM
D,TRADING,PRICE,3,"2025/05/28 04:35:00",1,NSW1,55,57.01,0,0,"2025/05/28 04:30:03",57.01,0.38,0.38,0.38,0.38,0.32,0.32,7.6,7.6,0.1,0.1,0.38,0.38,0,0,0,0,0.3,0.3,0,0,FIRM
D,TRADING,PRICE,3,"2025/05/28 04:35:00",1,QLD1,55,58.48,0,0,"2025/05/28 04:30:03",58.48,0.38,0.38,0.38,0.38,0.32,0.32,7.6,7.6,0.1,0.1,0.38,0.38,0,0,0,0,0.3,0.3,0,0,FIRM
D,TRADING,PRICE,3,"2025/05/28 04:35:00",1,TAS1,55,35.1,0,0,"2025/05/28 04:30:03",35.1,0.38,0.38,0.38,0.38,0.32,0.32,7.4,7.4,0.1,0.1,0.38,0.38,0,0,2.48,2.48,0.3,0.3,0,0,FIRM
D,TRADING,PRICE,3,"2025/05/28 04:35:00",1,VIC1,55,12.14,0,0,"2025/05/28 04:30:03",12.14,0.38,0.38,0.38,0.38,0.32,0.32,7.6,7.6,0.1,0.1,0.38,0.38,0,0,0,0,0.3,0.3,0,0,FIRM
C,"END OF REPORT",15
