C,NEMP.WORLD,TRADINGIS,AEMO,PUBLIC,2025/05/27,01:45:14,0000000465029035,TRADINGIS,0000000465029034
I,TRADING,INTERCONNECTORRES,2,SETTLEMENTDATE,RUNNO,INTERCONNECTORID,PERIODID,METEREDMWFLOW,MWFLOW,MWLOSSES,LASTCHANGED
D,TRADING,INTERCONNECTORRES,2,"2025/05/27 01:50:00",1,N-Q-MNSP1,22,9.9,9,0.6,"2025/05/27 01:45:06"
D,TRADING,INTERCONNECTORRES,2,"2025/05/27 01:50:00",1,NSW1-QLD1,22,452.1,442.35,18.65,"2025/05/27 01:45:06"
D,TRADING,INTERCONNECTORRES,2,"2025/05/27 01:50:00",1,T-V-MNSP1,22,-451.1,-456.62,23.46,"2025/05/27 01:45:06"
D,TRADING,INTERCONNECTORRES,2,"2025/05/27 01:50:00",1,V-S-MNSP1,22,-144,-145.55,36.26,"2025/05/27 01:45:06"
D,TRADING,INTERCONNECTORRES,2,"2025/05/27 01:50:00",1,V-SA,22,-366.02,-358.74,6.9,"2025/05/27 01:45:06"
D,TRADING,INTERCONNECTORRES,2,"2025/05/27 01:50:00",1,VIC1-NSW1,22,936.53,936.02,90.82,"2025/05/27 01:45:06"
I,TRADING,PRICE,3,SETTLEMENTDATE,RUNNO,REGIONID,PERIODID,RRP,EEP,INVALIDFLAG,LASTCHANGED,ROP,RAISE6SECRRP,RAISE6SECROP,RAISE60SECRRP,RAISE60SECROP,RAISE5MINRRP,RAISE5MINROP,RAISEREGRRP,RAISEREGROP,LOWER6SECRRP,LOWER6SECROP,LOWER60SECRRP,LOWER60SECROP,LOWER5MINRRP,LOWER5MINROP,LOWERREGRRP,LOWERREGROP,RAISE1SECRRP,RAISE1SECROP,LOWER1SECRRP,LOWER1SECROP,PRICE_STATUS
D,TRADING,PRICE,3,"2025/05/27 01:50:00",1,SA1,22,-13.9,0,0,"2025/05/27 01:45:06",-13.9,0.01,0.01,0.01,0.01,0.01,0.01,5.99,5.99,0.39,0.39,1.67,1.67,0,0,0,0,0.04,0.04,0,0,FIRM
D,TRADING,PRICE,3,"2025/05/27 01:50:00",1,NSW1,22,46.81,0,0,"2025/05/27 01:45:06",46.81,0.01,0.01,0.01,0.01,0.01,0.01,5.99,5.99,0.39,0.39,1.67,1.67,0,0,0,0,0.04,0.04,0,0,FIRM
D,TRADING,PRICE,3,"2025/05/27 01:50:00",1,QLD1,22,50.75,0,0,"2025/05/27 01:45:06",50.75,0.01,0.01,0.01,0.01,0.01,0.01,5.99,5.99,0.39,0.39,1.67,1.67,0,0,0,0,0.04,0.04,0,0,FIRM
D,TRADING,PRICE,3,"2025/05/27 01:50:00",1,TAS1,22,34.28,0,0,"2025/05/27 01:45:06",34.28,0.38,0.38,0.38,0.38,0.01,0.01,8.8,8.8,0.38,0.38,0.38,0.38,0,0,2.55,2.55,0.04,0.04,0,0,FIRM
D,TRADING,PRICE,3,"2025/05/27 01:50:00",1,VIC1,22,-14.8,0,0,"2025/05/27 01:45:06",-14.8,0.01,0.01,0.01,0.01,0.01,0.01,5.99,5.99,0.39,0.39,1.67,1.67,0,0,0,0,0.04,0.04,0,0,FIRM
C,"END OF REPORT",15
