C,NEMP.WORLD,TRADINGIS,AEMO,PUBLIC,2025/05/28,12:05:14,0000000465240427,TRADINGIS,0000000465240426
I,TRADING,INTERCONNECTORRES,2,SETTLEMENTDATE,RUNNO,INTERCONNECTORID,PERIODID,METEREDMWFLOW,MWFLOW,MWLOSSES,LASTCHANGED
D,TRADING,INTERCONNECTORRES,2,"2025/05/28 12:10:00",1,N-Q-MNSP1,146,97,96.76,29.81,"2025/05/28 12:05:07"
D,TRADING,INTERCONNECTORRES,2,"2025/05/28 12:10:00",1,NSW1-QLD1,146,-429,-278.78,12.54,"2025/05/28 12:05:07"
D,TRADING,INTERCONNECTORRES,2,"2025/05/28 12:10:00",1,T-V-MNSP1,146,-387.6,-408.01,18.91,"2025/05/28 12:05:07"
D,TRADING,INTERCONNECTORRES,2,"2025/05/28 12:10:00",1,V-S-MNSP1,146,155,154.28,17.35,"2025/05/28 12:05:07"
D,TRADING,INTERCONNECTORRES,2,"2025/05/28 12:10:00",1,V-SA,146,611.61,599.2,34.61,"2025/05/28 12:05:07"
D,TRADING,INTERCONNECTORRES,2,"2025/05/28 12:10:00",1,VIC1-NSW1,146,-151.22,-142.91,-4.24,"2025/05/28 12:05:07"
I,TRADING,PRICE,3,SETTLEMENTDATE,RUNNO,REGIONID,PERIODID,RRP,EEP,INVALIDFLAG,LASTCHANGED,ROP,RAISE6SECRRP,RAISE6SECROP,RAISE60SECRRP,RAISE60SECROP,RAISE5MINRRP,RAISE5MINROP,RAISEREGRRP,RAISEREGROP,LOWER6SECRRP,LOWER6SECROP,LOWER60SECRRP,LOWER60SECROP,LOWER5MINRRP,LOWER5MINROP,LOWERREGRRP,LOWERREGROP,RAISE1SECRRP,RAISE1SECROP,LOWER1SECRRP,LOWER1SECROP,PRICE_STATUS
D,TRADING,PRICE,3,"2025/05/28 12:10:00",1,SA1,146,35.94,0,0,"2025/05/28 12:05:07",35.94,0.23,0.23,0.36,0.36,0.1,0.1,5.98,5.98,0.39,0.39,1.07,1.07,0.38,0.38,0.7,0.7,0.04,0.04,0,0,FIRM
D,TRADING,PRICE,3,"2025/05/28 12:10:00",1,NSW1,146,-20.51,0,0,"2025/05/28 12:05:07",-20.51,0.23,0.23,0.36,0.36,0.1,0.1,5.98,5.98,0.39,0.39,1.07,1.07,0.38,0.38,0.7,0.7,0.04,0.04,0,0,FIRM
D,TRADING,PRICE,3,"2025/05/28 12:10:00",1,QLD1,146,-33.1,0,0,"2025/05/28 12:05:07",-33.1,0.23,0.23,0.36,0.36,0.1,0.1,5.98,5.98,7.89,7.89,7.89,7.89,0.38,0.38,0.7,0.7,0.04,0.04,0,0,FIRM
D,TRADING,PRICE,3,"2025/05/28 12:10:00",1,TAS1,146,10.29,0,0,"2025/05/28 12:05:07",10.29,0.38,0.38,0.38,0.38,0.1,0.1,6.4,6.4,0.39,0.39,0.38,0.38,0.38,0.38,4.48,4.48,0.04,0.04,0,0,FIRM
D,TRADING,PRICE,3,"2025/05/28 12:10:00",1,VIC1,146,8.95,0,0,"2025/05/28 12:05:07",8.95,0.23,0.23,0.36,0.36,0.1,0.1,5.98,5.98,0.39,0.39,1.07,1.07,0.38,0.38,0.7,0.7,0.04,0.04,0,0,FIRM
C,"END OF REPORT",15
