C,NEMP.WORLD,TRADINGIS,AEMO,PUBLIC,2025/05/27,01:05:15,0000000465025075,TRADINGIS,0000000465025074
I,TRADING,INTERCONNECTORRES,2,SETTLEMENTDATE,RUNNO,INTERCONNECTORID,PERIODID,METEREDMWFLOW,MWFLOW,MWLOSSES,LASTCHANGED
D,TRADING,INTERCONNECTORRES,2,"2025/05/27 01:10:00",1,N-Q-MNSP1,14,6.8,9,0.6,"2025/05/27 01:05:08"
D,TRADING,INTERCONNECTORRES,2,"2025/05/27 01:10:00",1,NSW1-QLD1,14,429.6,404.93,16.66,"2025/05/27 01:05:08"
D,TRADING,INTERCONNECTORRES,2,"2025/05/27 01:10:00",1,T-V-MNSP1,14,-445.6,-456.49,23.45,"2025/05/27 01:05:08"
D,TRADING,INTERCONNECTORRES,2,"2025/05/27 01:10:00",1,V-S-MNSP1,14,-143,-144.16,35.66,"2025/05/27 01:05:08"
D,TRADING,INTERCONNECTORRES,2,"2025/05/27 01:10:00",1,V-SA,14,-248.92,-310.73,4.39,"2025/05/27 01:05:08"
D,TRADING,INTERCONNECTORRES,2,"2025/05/27 01:10:00",1,VIC1-NSW1,14,961.88,1068.92,113.01,"2025/05/27 01:05:08"
I,TRADING,PRICE,3,SETTLEMENTDATE,RUNNO,REGIONID,PERIODID,RRP,EEP,INVALIDFLAG,LASTCHANGED,ROP,RAISE6SECRRP,RAISE6SECROP,RAISE60SECRRP,RAISE60SECROP,RAISE5MINRRP,RAISE5MINROP,RAISEREGRRP,RAISEREGROP,LOWER6SECRRP,LOWER6SECROP,LOWER60SECRRP,LOWER60SECROP,LOWER5MINRRP,LOWER5MINROP,LOWERREGRRP,LOWERREGROP,RAISE1SECRRP,RAISE1SECROP,LOWER1SECRRP,LOWER1SECROP,PRICE_STATUS
D,TRADING,PRICE,3,"2025/05/27 01:10:00",1,SA1,14,-13.07,0,0,"2025/05/27 01:05:08",-13.07,0.01,0.01,0.01,0.01,0.04,0.04,9.24,9.24,0.1,0.1,0.38,0.38,0.1,0.1,1,1,0.36,0.36,0,0,FIRM
D,TRADING,PRICE,3,"2025/05/27 01:10:00",1,NSW1,14,46.98,0,0,"2025/05/27 01:05:08",46.98,0.01,0.01,0.01,0.01,0.04,0.04,9.24,9.24,0.1,0.1,0.38,0.38,0.1,0.1,1,1,0.36,0.36,0,0,FIRM
D,TRADING,PRICE,3,"2025/05/27 01:10:00",1,QLD1,14,50.75,0,0,"2025/05/27 01:05:08",50.75,0.01,0.01,0.01,0.01,0.04,0.04,9.24,9.24,0.1,0.1,0.38,0.38,0.1,0.1,1,1,0.36,0.36,0,0,FIRM
D,TRADING,PRICE,3,"2025/05/27 01:10:00",1,TAS1,14,35.28,0,0,"2025/05/27 01:05:08",35.28,0.38,0.38,0.38,0.38,0.36,0.36,8.8,8.8,0.1,0.1,0.38,0.38,0,0,1.55,1.55,0.36,0.36,0,0,FIRM
D,TRADING,PRICE,3,"2025/05/27 01:10:00",1,VIC1,14,-13.76,0,0,"2025/05/27 01:05:08",-13.76,0.01,0.01,0.01,0.01,0.04,0.04,9.24,9.24,0.1,0.1,0.38,0.38,0.1,0.1,1,1,0.36,0.36,0,0,FIRM
C,"END OF REPORT",15
