C,NEMP.WORLD,TRADINGIS,AEMO,PUBLIC,2025/05/28,02:35:11,0000000465183730,TRADINGIS,0000000465183729
I,TRADING,INTERCONNECTORRES,2,SETTLEMENTDATE,RUNNO,INTERCONNECTORID,PERIODID,METEREDMWFLOW,MWFLOW,MWLOSSES,LASTCHANGED
D,TRADING,INTERCONNECTORRES,2,"2025/05/28 02:40:00",1,N-Q-MNSP1,32,-8.8,-9,-0.16,"2025/05/28 02:35:04"
D,TRADING,INTERCONNECTORRES,2,"2025/05/28 02:40:00",1,NSW1-QLD1,32,59.8,75.9,0.35,"2025/05/28 02:35:04"
D,TRADING,INTERCONNECTORRES,2,"2025/05/28 02:40:00",1,T-V-MNSP1,32,-422.4,-477.67,25.59,"2025/05/28 02:35:04"
D,TRADING,INTERCONNECTORRES,2,"2025/05/28 02:40:00",1,V-S-MNSP1,32,171,167.91,21.65,"2025/05/28 02:35:04"
D,TRADING,INTERCONNECTORRES,2,"2025/05/28 02:40:00",1,V-SA,32,569.18,567.99,44.16,"2025/05/28 02:35:04"
D,TRADING,INTERCONNECTORRES,2,"2025/05/28 02:40:00",1,VIC1-NSW1,32,675.08,645.37,53.4,"2025/05/28 02:35:04"
I,TRADING,PRICE,3,SETTLEMENTDATE,RUNNO,REGIONID,PERIODID,RRP,EEP,INVALIDFLAG,LASTCHANGED,ROP,RAISE6SECRRP,RAISE6SECROP,RAISE60SECRRP,RAISE60SECROP,RAISE5MINRRP,RAISE5MINROP,RAISEREGRRP,RAISEREGROP,LOWER6SECRRP,LOWER6SECROP,LOWER60SECRRP,LOWER60SECROP,LOWER5MINRRP,LOWER5MINROP,LOWERREGRRP,LOWERREGROP,RAISE1SECRRP,RAISE1SECROP,LOWER1SECRRP,LOWER1SECROP,PRICE_STATUS
D,TRADING,PRICE,3,"2025/05/28 02:40:00",1,SA1,32,99.45,0,0,"2025/05/28 02:35:04",99.45,0.38,0.38,0.36,0.36,0.36,0.36,1,1,0.1,0.1,0.39,0.39,0,0,0,0,0.1,0.1,0,0,FIRM
D,TRADING,PRICE,3,"2025/05/28 02:40:00",1,NSW1,32,54.21,0,0,"2025/05/28 02:35:04",54.21,0.38,0.38,0.36,0.36,0.36,0.36,1,1,0.1,0.1,0.39,0.39,0,0,0,0,0.1,0.1,0,0,FIRM
D,TRADING,PRICE,3,"2025/05/28 02:40:00",1,QLD1,32,54.76,0,0,"2025/05/28 02:35:04",54.76,0.38,0.38,0.36,0.36,0.36,0.36,1,1,0.1,0.1,0.39,0.39,0,0,0,0,0.1,0.1,0,0,FIRM
D,TRADING,PRICE,3,"2025/05/28 02:40:00",1,TAS1,32,35.02,0,0,"2025/05/28 02:35:04",35.02,0.38,0.38,0.38,0.38,0.36,0.36,7.4,7.4,0.1,0.1,0.38,0.38,0,0,2.48,2.48,0.1,0.1,0,0,FIRM
D,TRADING,PRICE,3,"2025/05/28 02:40:00",1,VIC1,32,8.95,0,0,"2025/05/28 02:35:04",8.95,0.38,0.38,0.36,0.36,0.36,0.36,1,1,0.1,0.1,0.39,0.39,0,0,0,0,0.1,0.1,0,0,FIRM
C,"END OF REPORT",15
