C,NEMP.WORLD,TRADINGIS,AEMO,PUBLIC,2025/05/26,13:40:15,0000000464953288,TRADINGIS,0000000464953287
I,TRADING,INTERCONNECTORRES,2,SETTLEMENTDATE,RUNNO,INTERCONNECTORID,PERIODID,METEREDMWFLOW,MWFLOW,MWLOSSES,LASTCHANGED
D,TRADING,INTERCONNECTORRES,2,"2025/05/26 13:45:00",1,N-Q-MNSP1,165,-39.7,-33,1.59,"2025/05/26 13:40:07"
D,TRADING,INTERCONNECTORRES,2,"2025/05/26 13:45:00",1,NSW1-QLD1,165,-954.1,-935,66.91,"2025/05/26 13:40:07"
D,TRADING,INTERCONNECTORRES,2,"2025/05/26 13:45:00",1,T-V-MNSP1,165,-444.4,-441.61,22,"2025/05/26 13:40:07"
D,TRADING,INTERCONNECTORRES,2,"2025/05/26 13:45:00",1,V-S-MNSP1,165,173,170.63,22.54,"2025/05/26 13:40:07"
D,TRADING,INTERCONNECTORRES,2,"2025/05/26 13:45:00",1,V-SA,165,186.49,250.1,9.18,"2025/05/26 13:40:07"
D,TRADING,INTERCONNECTORRES,2,"2025/05/26 13:45:00",1,VIC1-NSW1,165,41.4,244.14,15.66,"2025/05/26 13:40:07"
I,TRADING,PRICE,3,SETTLEMENTDATE,RUNNO,REGIONID,PERIODID,RRP,EEP,INVALIDFLAG,LASTCHANGED,ROP,RAISE6SECRRP,RAISE6SECROP,RAISE60SECRRP,RAISE60SECROP,RAISE5MINRRP,RAISE5MINROP,RAISEREGRRP,RAISEREGROP,LOWER6SECRRP,LOWER6SECROP,LOWER60SECRRP,LOWER60SECROP,LOWER5MINRRP,LOWER5MINROP,LOWERREGRRP,LOWERREGROP,RAISE1SECRRP,RAISE1SECROP,LOWER1SECRRP,LOWER1SECROP,PRICE_STATUS
D,TRADING,PRICE,3,"2025/05/26 13:45:00",1,SA1,165,-31.27,0,0,"2025/05/26 13:40:07",-31.27,0.01,0.01,0.01,0.01,0.01,0.01,8.26,8.26,0.39,0.39,1.33,1.33,0.39,0.39,1.51,1.51,0.04,0.04,0.01,0.01,FIRM
D,TRADING,PRICE,3,"2025/05/26 13:45:00",1,NSW1,165,65.01,0,0,"2025/05/26 13:40:07",65.01,0.01,0.01,0.01,0.01,0.01,0.01,8.26,8.26,0.39,0.39,1.33,1.33,0.39,0.39,1.51,1.51,0.04,0.04,0.01,0.01,FIRM
D,TRADING,PRICE,3,"2025/05/26 13:45:00",1,QLD1,165,55.63,0,0,"2025/05/26 13:40:07",55.63,0.01,0.01,0.01,0.01,0.01,0.01,8.26,8.26,0.39,0.39,1.33,1.33,0.39,0.39,1.51,1.51,0.04,0.04,0.01,0.01,FIRM
D,TRADING,PRICE,3,"2025/05/26 13:45:00",1,TAS1,165,11.25,0,0,"2025/05/26 13:40:07",11.25,0.38,0.38,0.38,0.38,0.01,0.01,8.8,8.8,0.38,0.38,1.33,1.33,0,0,2.55,2.55,0.04,0.04,0.01,0.01,FIRM
D,TRADING,PRICE,3,"2025/05/26 13:45:00",1,VIC1,165,-35.21,0,0,"2025/05/26 13:40:07",-35.21,0.01,0.01,0.01,0.01,0.01,0.01,8.26,8.26,0.39,0.39,1.33,1.33,0.39,0.39,1.51,1.51,0.04,0.04,0.01,0.01,FIRM
C,"END OF REPORT",15
