C,NEMP.WORLD,TRADINGIS,AEMO,PUBLIC,2025/05/29,13:20:11,0000000465391506,TRADINGIS,0000000465391505
I,TRADING,INTERCONNECTORRES,2,SETTLEMENTDATE,RUNNO,INTERCONNECTORID,PERIODID,METEREDMWFLOW,MWFLOW,MWLOSSES,LASTCHANGED
D,TRADING,INTERCONNECTORRES,2,"2025/05/29 13:25:00",1,N-Q-MNSP1,161,-13.1,-9,-0.16,"2025/05/29 13:20:04"
D,TRADING,INTERCONNECTORRES,2,"2025/05/29 13:25:00",1,NSW1-QLD1,161,-64.2,-126.36,-0.36,"2025/05/29 13:20:04"
D,TRADING,INTERCONNECTORRES,2,"2025/05/29 13:25:00",1,T-V-MNSP1,161,-442,-446.78,22.5,"2025/05/29 13:20:04"
D,TRADING,INTERCONNECTORRES,2,"2025/05/29 13:25:00",1,V-S-MNSP1,161,-8,-9,0.76,"2025/05/29 13:20:04"
D,TRADING,INTERCONNECTORRES,2,"2025/05/29 13:25:00",1,V-SA,161,-243.36,-251.18,15.67,"2025/05/29 13:20:04"
D,TRADING,INTERCONNECTORRES,2,"2025/05/29 13:25:00",1,VIC1-NSW1,161,451.9,444.32,51.27,"2025/05/29 13:20:04"
I,TRADING,PRICE,3,SETTLEMENTDATE,RUNNO,REGIONID,PERIODID,RRP,EEP,INVALIDFLAG,LASTCHANGED,ROP,RAISE6SECRRP,RAISE6SECROP,RAISE60SECRRP,RAISE60SECROP,RAISE5MINRRP,RAISE5MINROP,RAISEREGRRP,RAISEREGROP,LOWER6SECRRP,LOWER6SECROP,LOWER60SECRRP,LOWER60SECROP,LOWER5MINRRP,LOWER5MINROP,LOWERREGRRP,LOWERREGROP,RAISE1SECRRP,RAISE1SECROP,LOWER1SECRRP,LOWER1SECROP,PRICE_STATUS
D,TRADING,PRICE,3,"2025/05/29 13:25:00",1,SA1,161,59.08,0,0,"2025/05/29 13:20:04",59.08,0.1,0.1,0.04,0.04,0.1,0.1,5.99,5.99,0.38,0.38,0.38,0.38,0.38,0.38,5.49,5.49,0.38,0.38,0,0,FIRM
D,TRADING,PRICE,3,"2025/05/29 13:25:00",1,NSW1,161,75.7,0,0,"2025/05/29 13:20:04",75.7,0.1,0.1,0.04,0.04,0.1,0.1,5.99,5.99,0.38,0.38,0.38,0.38,0.38,0.38,5.49,5.49,0.38,0.38,0,0,FIRM
D,TRADING,PRICE,3,"2025/05/29 13:25:00",1,QLD1,161,84.45,0,0,"2025/05/29 13:20:04",84.45,4.85,4.85,4.85,4.85,0.1,0.1,5.99,5.99,0.38,0.38,0.38,0.38,0.38,0.38,5.49,5.49,0.38,0.38,0,0,FIRM
D,TRADING,PRICE,3,"2025/05/29 13:25:00",1,TAS1,161,76.09,0,0,"2025/05/29 13:20:04",76.09,0.38,0.38,0.38,0.38,0.1,0.1,6.54,6.54,0.38,0.38,0.38,0.38,0,0,2.46,2.46,0.38,0.38,0,0,FIRM
D,TRADING,PRICE,3,"2025/05/29 13:25:00",1,VIC1,161,64.74,0,0,"2025/05/29 13:20:04",64.74,0.1,0.1,0.04,0.04,0.1,0.1,5.99,5.99,0.38,0.38,0.38,0.38,0.38,0.38,5.49,5.49,0.38,0.38,0,0,FIRM
C,"END OF REPORT",15
