C,NEMP.WORLD,TRADINGIS,AEMO,PUBLIC,2025/05/29,11:50:11,0000000465380543,TRADINGIS,0000000465380542
I,TRADING,INTERCONNECTORRES,2,SETTLEMENTDATE,RUNNO,INTERCONNECTORID,PERIODID,METEREDMWFLOW,MWFLOW,MWLOSSES,LASTCHANGED
D,TRADING,INTERCONNECTORRES,2,"2025/05/29 11:55:00",1,N-Q-MNSP1,143,-24.6,-25,0.65,"2025/05/29 11:50:04"
D,TRADING,INTERCONNECTORRES,2,"2025/05/29 11:55:00",1,NSW1-QLD1,143,-645.4,-548.21,23.32,"2025/05/29 11:50:04"
D,TRADING,INTERCONNECTORRES,2,"2025/05/29 11:55:00",1,T-V-MNSP1,143,-455.4,-459.76,23.77,"2025/05/29 11:50:04"
D,TRADING,INTERCONNECTORRES,2,"2025/05/29 11:55:00",1,V-S-MNSP1,143,9,18,-0.93,"2025/05/29 11:50:04"
D,TRADING,INTERCONNECTORRES,2,"2025/05/29 11:55:00",1,V-SA,143,-21.67,-16.84,0.52,"2025/05/29 11:50:04"
D,TRADING,INTERCONNECTORRES,2,"2025/05/29 11:55:00",1,VIC1-NSW1,143,41.71,72.15,5.3,"2025/05/29 11:50:04"
I,TRADING,PRICE,3,SETTLEMENTDATE,RUNNO,REGIONID,PERIODID,RRP,EEP,INVALIDFLAG,LASTCHANGED,ROP,RAISE6SECRRP,RAISE6SECROP,RAISE60SECRRP,RAISE60SECROP,RAISE5MINRRP,RAISE5MINROP,RAISEREGRRP,RAISEREGROP,LOWER6SECRRP,LOWER6SECROP,LOWER60SECRRP,LOWER60SECROP,LOWER5MINRRP,LOWER5MINROP,LOWERREGRRP,LOWERREGROP,RAISE1SECRRP,RAISE1SECROP,LOWER1SECRRP,LOWER1SECROP,PRICE_STATUS
D,TRADING,PRICE,3,"2025/05/29 11:55:00",1,SA1,143,68.72,0,0,"2025/05/29 11:50:04",68.72,0.37,0.37,0.1,0.1,0.1,0.1,5.99,5.99,0,0,0,0,0.01,0.01,1,1,0.81,0.81,0,0,FIRM
D,TRADING,PRICE,3,"2025/05/29 11:55:00",1,NSW1,143,76.8,0,0,"2025/05/29 11:50:04",76.8,0.37,0.37,0.1,0.1,0.1,0.1,5.99,5.99,0,0,0,0,0.01,0.01,1,1,0.81,0.81,0,0,FIRM
D,TRADING,PRICE,3,"2025/05/29 11:55:00",1,QLD1,143,44.94,0,0,"2025/05/29 11:50:04",44.94,0.37,0.37,0.1,0.1,0.1,0.1,5.99,5.99,15.45,15.45,8.68,8.68,1.83,1.83,2.82,2.82,0.81,0.81,0,0,FIRM
D,TRADING,PRICE,3,"2025/05/29 11:55:00",1,TAS1,143,101.08,0,0,"2025/05/29 11:50:04",101.08,0.38,0.38,0.38,0.38,0.1,0.1,6.54,6.54,0,0,0,0,0,0,2.46,2.46,0.81,0.81,0,0,FIRM
D,TRADING,PRICE,3,"2025/05/29 11:55:00",1,VIC1,143,70.89,0,0,"2025/05/29 11:50:04",70.89,0.37,0.37,0.1,0.1,0.1,0.1,5.99,5.99,0,0,0,0,0.01,0.01,1,1,0.81,0.81,0,0,FIRM
C,"END OF REPORT",15
