C,NEMP.WORLD,TRADINGIS,AEMO,PUBLIC,2025/05/29,06:25:11,0000000465349871,TRADINGIS,0000000465349870
I,TRADING,INTERCONNECTORRES,2,SETTLEMENTDATE,RUNNO,INTERCONNECTORID,PERIODID,METEREDMWFLOW,MWFLOW,MWLOSSES,LASTCHANGED
D,TRADING,INTERCONNECTORRES,2,"2025/05/29 06:30:00",1,N-Q-MNSP1,78,-18.9,-17,0.07,"2025/05/29 06:25:04"
D,TRADING,INTERCONNECTORRES,2,"2025/05/29 06:30:00",1,NSW1-QLD1,78,-496.9,-514.95,8.09,"2025/05/29 06:25:04"
D,TRADING,INTERCONNECTORRES,2,"2025/05/29 06:30:00",1,T-V-MNSP1,78,-451.1,-438,21.66,"2025/05/29 06:25:04"
D,TRADING,INTERCONNECTORRES,2,"2025/05/29 06:30:00",1,V-S-MNSP1,78,36,27,-1.11,"2025/05/29 06:25:04"
D,TRADING,INTERCONNECTORRES,2,"2025/05/29 06:30:00",1,V-SA,78,6.79,2.47,-0.01,"2025/05/29 06:25:04"
D,TRADING,INTERCONNECTORRES,2,"2025/05/29 06:30:00",1,VIC1-NSW1,78,65.69,-16.29,-0.45,"2025/05/29 06:25:04"
I,TRADING,PRICE,3,SETTLEMENTDATE,RUNNO,REGIONID,PERIODID,RRP,EEP,INVALIDFLAG,LASTCHANGED,ROP,RAISE6SECRRP,RAISE6SECROP,RAISE60SECRRP,RAISE60SECROP,RAISE5MINRRP,RAISE5MINROP,RAISEREGRRP,RAISEREGROP,LOWER6SECRRP,LOWER6SECROP,LOWER60SECRRP,LOWER60SECROP,LOWER5MINRRP,LOWER5MINROP,LOWERREGRRP,LOWERREGROP,RAISE1SECRRP,RAISE1SECROP,LOWER1SECRRP,LOWER1SECROP,PRICE_STATUS
D,TRADING,PRICE,3,"2025/05/29 06:30:00",1,SA1,78,108.77,0,0,"2025/05/29 06:25:04",108.77,0.37,0.37,0.1,0.1,0.1,0.1,3.38,3.38,0.1,0.1,0.38,0.38,0.1,0.1,3.65,3.65,0.38,0.38,0,0,FIRM
D,TRADING,PRICE,3,"2025/05/29 06:30:00",1,NSW1,78,112.07,0,0,"2025/05/29 06:25:04",112.07,0.37,0.37,0.1,0.1,0.1,0.1,3.38,3.38,0.1,0.1,0.38,0.38,0.1,0.1,3.65,3.65,0.38,0.38,0,0,FIRM
D,TRADING,PRICE,3,"2025/05/29 06:30:00",1,QLD1,78,105.39,0,0,"2025/05/29 06:25:04",105.39,0.37,0.37,0.1,0.1,0.1,0.1,3.38,3.38,0.1,0.1,0.38,0.38,0.1,0.1,3.65,3.65,0.38,0.38,0,0,FIRM
D,TRADING,PRICE,3,"2025/05/29 06:30:00",1,TAS1,78,150.24,0,0,"2025/05/29 06:25:04",150.24,0.38,0.38,0.38,0.38,0.38,0.38,7.54,7.54,0,0,0,0,0,0,2.46,2.46,0.38,0.38,0,0,FIRM
D,TRADING,PRICE,3,"2025/05/29 06:30:00",1,VIC1,78,109,0,0,"2025/05/29 06:25:04",109,0.37,0.37,0.1,0.1,0.1,0.1,3.38,3.38,0.1,0.1,0.38,0.38,0.1,0.1,3.65,3.65,0.38,0.38,0,0,FIRM
C,"END OF REPORT",15
