C,NEMP.WORLD,TRADINGIS,AEMO,PUBLIC,2025/05/28,03:45:11,0000000465190316,TRADINGIS,0000000465190315
I,TRADING,INTERCONNECTORRES,2,SETTLEMENTDATE,RUNNO,INTERCONNECTORID,PERIODID,METEREDMWFLOW,MWFLOW,MWLOSSES,LASTCHANGED
D,TRADING,INTERCONNECTORRES,2,"2025/05/28 03:50:00",1,N-Q-MNSP1,46,-0.4,0,0,"2025/05/28 03:45:04"
D,TRADING,INTERCONNECTORRES,2,"2025/05/28 03:50:00",1,NSW1-QLD1,46,281.3,286.9,6.64,"2025/05/28 03:45:04"
D,TRADING,INTERCONNECTORRES,2,"2025/05/28 03:50:00",1,T-V-MNSP1,46,-451.7,-466.81,24.48,"2025/05/28 03:45:04"
D,TRADING,INTERCONNECTORRES,2,"2025/05/28 03:50:00",1,V-S-MNSP1,46,166,166.13,21.06,"2025/05/28 03:45:04"
D,TRADING,INTERCONNECTORRES,2,"2025/05/28 03:50:00",1,V-SA,46,570.28,567.69,43.68,"2025/05/28 03:45:04"
D,TRADING,INTERCONNECTORRES,2,"2025/05/28 03:50:00",1,VIC1-NSW1,46,683.51,709.74,63.79,"2025/05/28 03:45:04"
I,TRADING,PRICE,3,SETTLEMENTDATE,RUNNO,REGIONID,PERIODID,RRP,EEP,INVALIDFLAG,LASTCHANGED,ROP,RAISE6SECRRP,RAISE6SECROP,RAISE60SECRRP,RAISE60SECROP,RAISE5MINRRP,RAISE5MINROP,RAISEREGRRP,RAISEREGROP,LOWER6SECRRP,LOWER6SECROP,LOWER60SECRRP,LOWER60SECROP,LOWER5MINRRP,LOWER5MINROP,LOWERREGRRP,LOWERREGROP,RAISE1SECRRP,RAISE1SECROP,LOWER1SECRRP,LOWER1SECROP,PRICE_STATUS
D,TRADING,PRICE,3,"2025/05/28 03:50:00",1,SA1,46,91.44,0,0,"2025/05/28 03:45:04",91.44,0.38,0.38,0.36,0.36,0.1,0.1,0.1,0.1,0.1,0.1,0.45,0.45,0.1,0.1,3.54,3.54,0.36,0.36,0,0,FIRM
D,TRADING,PRICE,3,"2025/05/28 03:50:00",1,NSW1,46,57.01,0,0,"2025/05/28 03:45:04",57.01,0.38,0.38,0.36,0.36,0.1,0.1,0.1,0.1,0.1,0.1,0.45,0.45,0.1,0.1,3.54,3.54,0.36,0.36,0,0,FIRM
D,TRADING,PRICE,3,"2025/05/28 03:50:00",1,QLD1,46,59.69,0,0,"2025/05/28 03:45:04",59.69,0.38,0.38,0.36,0.36,0.1,0.1,0.1,0.1,0.1,0.1,0.45,0.45,0.1,0.1,3.54,3.54,0.36,0.36,0,0,FIRM
D,TRADING,PRICE,3,"2025/05/28 03:50:00",1,TAS1,46,35.02,0,0,"2025/05/28 03:45:04",35.02,0.38,0.38,0.38,0.38,0.36,0.36,7.4,7.4,0.1,0.1,0.38,0.38,0,0,2.48,2.48,0.36,0.36,0,0,FIRM
D,TRADING,PRICE,3,"2025/05/28 03:50:00",1,VIC1,46,19.19,0,0,"2025/05/28 03:45:04",19.19,0.38,0.38,0.36,0.36,0.1,0.1,0.1,0.1,0.1,0.1,0.45,0.45,0.1,0.1,3.54,3.54,0.36,0.36,0,0,FIRM
C,"END OF REPORT",15
