C,NEMP.WORLD,TRADINGIS,AEMO,PUBLIC,2025/05/27,13:15:15,0000000465101111,TRADINGIS,0000000465101110
I,TRADING,INTERCONNECTORRES,2,SETTLEMENTDATE,RUNNO,INTERCONNECTORID,PERIODID,METEREDMWFLOW,MWFLOW,MWLOSSES,LASTCHANGED
D,TRADING,INTERCONNECTORRES,2,"2025/05/27 13:20:00",1,N-Q-MNSP1,160,0.5,-9,-0.16,"2025/05/27 13:15:07"
D,TRADING,INTERCONNECTORRES,2,"2025/05/27 13:20:00",1,NSW1-QLD1,160,12,-137.4,0.72,"2025/05/27 13:15:07"
D,TRADING,INTERCONNECTORRES,2,"2025/05/27 13:20:00",1,T-V-MNSP1,160,-410.8,-453.11,23.12,"2025/05/27 13:15:07"
D,TRADING,INTERCONNECTORRES,2,"2025/05/27 13:20:00",1,V-S-MNSP1,160,164,164.67,20.58,"2025/05/27 13:15:07"
D,TRADING,INTERCONNECTORRES,2,"2025/05/27 13:20:00",1,V-SA,160,113.77,87.17,-2.33,"2025/05/27 13:15:07"
D,TRADING,INTERCONNECTORRES,2,"2025/05/27 13:20:00",1,VIC1-NSW1,160,-126.92,-59.26,-3.35,"2025/05/27 13:15:07"
I,TRADING,PRICE,3,SETTLEMENTDATE,RUNNO,REGIONID,PERIODID,RRP,EEP,INVALIDFLAG,LASTCHANGED,ROP,RAISE6SECRRP,RAISE6SECROP,RAISE60SECRRP,RAISE60SECROP,RAISE5MINRRP,RAISE5MINROP,RAISEREGRRP,RAISEREGROP,LOWER6SECRRP,LOWER6SECROP,LOWER60SECRRP,LOWER60SECROP,LOWER5MINRRP,LOWER5MINROP,LOWERREGRRP,LOWERREGROP,RAISE1SECRRP,RAISE1SECROP,LOWER1SECRRP,LOWER1SECROP,PRICE_STATUS
D,TRADING,PRICE,3,"2025/05/27 13:20:00",1,SA1,160,-86.5,0,0,"2025/05/27 13:15:07",-86.5,0.01,0.01,0.1,0.1,0.1,0.1,9.24,9.24,0.59,0.59,1.82,1.82,0.39,0.39,3.7,3.7,0.04,0.04,0.04,0.04,FIRM
D,TRADING,PRICE,3,"2025/05/27 13:20:00",1,NSW1,160,20.35,0,0,"2025/05/27 13:15:07",20.35,0.01,0.01,0.1,0.1,0.1,0.1,9.24,9.24,0.59,0.59,1.82,1.82,0.39,0.39,3.7,3.7,0.04,0.04,0.04,0.04,FIRM
D,TRADING,PRICE,3,"2025/05/27 13:20:00",1,QLD1,160,20,0,0,"2025/05/27 13:15:07",20,0.01,0.01,0.1,0.1,0.1,0.1,9.24,9.24,0.59,0.59,1.82,1.82,0.39,0.39,3.7,3.7,0.04,0.04,0.04,0.04,FIRM
D,TRADING,PRICE,3,"2025/05/27 13:20:00",1,TAS1,160,34.62,0,0,"2025/05/27 13:15:07",34.62,0.38,0.38,0.38,0.38,0.1,0.1,7.4,7.4,0.38,0.38,1.37,1.37,0,0,3.04,3.04,0.04,0.04,0.04,0.04,FIRM
D,TRADING,PRICE,3,"2025/05/27 13:20:00",1,VIC1,160,27.39,0,0,"2025/05/27 13:15:07",27.39,0.01,0.01,0.1,0.1,0.1,0.1,9.24,9.24,0.59,0.59,1.82,1.82,0.39,0.39,3.7,3.7,0.04,0.04,0.04,0.04,FIRM
C,"END OF REPORT",15
