C,NEMP.WORLD,TRADINGIS,AEMO,PUBLIC,2025/05/26,12:55:13,0000000464948475,TRADINGIS,0000000464948474
I,TRADING,INTERCONNECTORRES,2,SETTLEMENTDATE,RUNNO,INTERCONNECTORID,PERIODID,METEREDMWFLOW,MWFLOW,MWLOSSES,LASTCHANGED
D,TRADING,INTERCONNECTORRES,2,"2025/05/26 13:00:00",1,N-Q-MNSP1,156,-22.8,-9,-0.16,"2025/05/26 12:55:05"
D,TRADING,INTERCONNECTORRES,2,"2025/05/26 13:00:00",1,NSW1-QLD1,156,-1047.8,-907.36,70.5,"2025/05/26 12:55:05"
D,TRADING,INTERCONNECTORRES,2,"2025/05/26 13:00:00",1,T-V-MNSP1,156,-403.5,-441,21.94,"2025/05/26 12:55:05"
D,TRADING,INTERCONNECTORRES,2,"2025/05/26 13:00:00",1,V-S-MNSP1,156,158,164.21,20.43,"2025/05/26 12:55:05"
D,TRADING,INTERCONNECTORRES,2,"2025/05/26 13:00:00",1,V-SA,156,331.93,250.1,19.48,"2025/05/26 12:55:05"
D,TRADING,INTERCONNECTORRES,2,"2025/05/26 13:00:00",1,VIC1-NSW1,156,349.76,349.03,11.69,"2025/05/26 12:55:05"
I,TRADING,PRICE,3,SETTLEMENTDATE,RUNNO,REGIONID,PERIODID,RRP,EEP,INVALIDFLAG,LASTCHANGED,ROP,RAISE6SECRRP,RAISE6SECROP,RAISE60SECRRP,RAISE60SECROP,RAISE5MINRRP,RAISE5MINROP,RAISEREGRRP,RAISEREGROP,LOWER6SECRRP,LOWER6SECROP,LOWER60SECRRP,LOWER60SECROP,LOWER5MINRRP,LOWER5MINROP,LOWERREGRRP,LOWERREGROP,RAISE1SECRRP,RAISE1SECROP,LOWER1SECRRP,LOWER1SECROP,PRICE_STATUS
D,TRADING,PRICE,3,"2025/05/26 13:00:00",1,SA1,156,-21,0,0,"2025/05/26 12:55:05",-21,0.1,0.1,0.01,0.01,0.04,0.04,7.5,7.5,0.39,0.39,6,6,0.39,0.39,0.93,0.93,0.3,0.3,0,0,FIRM
D,TRADING,PRICE,3,"2025/05/26 13:00:00",1,NSW1,156,84.85,0,0,"2025/05/26 12:55:05",84.85,0.1,0.1,0.01,0.01,0.04,0.04,7.5,7.5,0.39,0.39,6,6,0.39,0.39,0.93,0.93,0.3,0.3,0,0,FIRM
D,TRADING,PRICE,3,"2025/05/26 13:00:00",1,QLD1,156,44.94,0,0,"2025/05/26 12:55:05",44.94,0.1,0.1,0.01,0.01,0.04,0.04,7.5,7.5,0.39,0.39,6,6,0.39,0.39,0.93,0.93,0.3,0.3,0,0,FIRM
D,TRADING,PRICE,3,"2025/05/26 13:00:00",1,TAS1,156,11.25,0,0,"2025/05/26 12:55:05",11.25,0.38,0.38,0.38,0.38,0.36,0.36,8.8,8.8,0.38,0.38,1.33,1.33,0,0,2.55,2.55,0.3,0.3,0,0,FIRM
D,TRADING,PRICE,3,"2025/05/26 13:00:00",1,VIC1,156,-21,0,0,"2025/05/26 12:55:05",-21,0.1,0.1,0.01,0.01,0.04,0.04,7.5,7.5,0.39,0.39,6,6,0.39,0.39,0.93,0.93,0.3,0.3,0,0,FIRM
C,"END OF REPORT",15
