C,NEMP.WORLD,TRADINGIS,AEMO,PUBLIC,2025/05/29,10:05:11,0000000465370144,TRADINGIS,0000000465370143
I,TRADING,INTERCONNECTORRES,2,SETTLEMENTDATE,RUNNO,INTERCONNECTORID,PERIODID,METEREDMWFLOW,MWFLOW,MWLOSSES,LASTCHANGED
D,TRADING,INTERCONNECTORRES,2,"2025/05/29 10:10:00",1,N-Q-MNSP1,122,-2.8,-2.8,-0.05,"2025/05/29 10:05:04"
D,TRADING,INTERCONNECTORRES,2,"2025/05/29 10:10:00",1,NSW1-QLD1,122,-159.5,-290.13,1.96,"2025/05/29 10:05:04"
D,TRADING,INTERCONNECTORRES,2,"2025/05/29 10:10:00",1,T-V-MNSP1,122,-470.6,-432.78,21.17,"2025/05/29 10:05:04"
D,TRADING,INTERCONNECTORRES,2,"2025/05/29 10:10:00",1,V-S-MNSP1,122,36,36,-1.09,"2025/05/29 10:05:04"
D,TRADING,INTERCONNECTORRES,2,"2025/05/29 10:10:00",1,V-SA,122,104.28,193.04,1.81,"2025/05/29 10:05:04"
D,TRADING,INTERCONNECTORRES,2,"2025/05/29 10:10:00",1,VIC1-NSW1,122,-425.6,-413.4,-2.08,"2025/05/29 10:05:04"
I,TRADING,PRICE,3,SETTLEMENTDATE,RUNNO,REGIONID,PERIODID,RRP,EEP,INVALIDFLAG,LASTCHANGED,ROP,RAISE6SECRRP,RAISE6SECROP,RAISE60SECRRP,RAISE60SECROP,RAISE5MINRRP,RAISE5MINROP,RAISEREGRRP,RAISEREGROP,LOWER6SECRRP,LOWER6SECROP,LOWER60SECRRP,LOWER60SECROP,LOWER5MINRRP,LOWER5MINROP,LOWERREGRRP,LOWERREGROP,RAISE1SECRRP,RAISE1SECROP,LOWER1SECRRP,LOWER1SECROP,PRICE_STATUS
D,TRADING,PRICE,3,"2025/05/29 10:10:00",1,SA1,122,143.51,0,0,"2025/05/29 10:05:04",143.51,0.37,0.37,0.1,0.1,0.1,0.1,9.89,9.89,0.03,0.03,0.38,0.38,0.01,0.01,3.59,3.59,0.81,0.81,0,0,FIRM
D,TRADING,PRICE,3,"2025/05/29 10:10:00",1,NSW1,122,135.42,0,0,"2025/05/29 10:05:04",135.42,0.37,0.37,0.1,0.1,0.1,0.1,9.89,9.89,0.03,0.03,0.38,0.38,0.01,0.01,3.59,3.59,0.81,0.81,0,0,FIRM
D,TRADING,PRICE,3,"2025/05/29 10:10:00",1,QLD1,122,130.66,0,0,"2025/05/29 10:05:04",130.66,0.37,0.37,0.1,0.1,0.1,0.1,9.89,9.89,0.03,0.03,0.38,0.38,0.01,0.01,3.59,3.59,0.81,0.81,0,0,FIRM
D,TRADING,PRICE,3,"2025/05/29 10:10:00",1,TAS1,122,150.24,0,0,"2025/05/29 10:05:04",150.24,0.38,0.38,0.38,0.38,0.1,0.1,6.66,6.66,0.03,0.03,0.38,0.38,0,0,2.46,2.46,0.81,0.81,0,0,FIRM
D,TRADING,PRICE,3,"2025/05/29 10:10:00",1,VIC1,122,139,0,0,"2025/05/29 10:05:04",139,0.37,0.37,0.1,0.1,0.1,0.1,9.89,9.89,0.03,0.03,0.38,0.38,0.01,0.01,3.59,3.59,0.81,0.81,0,0,FIRM
C,"END OF REPORT",15
