C,NEMP.WORLD,TRADINGIS,AEMO,PUBLIC,2025/05/28,09:30:11,0000000465224035,TRADINGIS,0000000465224034
I,TRADING,INTERCONNECTORRES,2,SETTLEMENTDATE,RUNNO,INTERCONNECTORID,PERIODID,METEREDMWFLOW,MWFLOW,MWLOSSES,LASTCHANGED
D,TRADING,INTERCONNECTORRES,2,"2025/05/28 09:35:00",1,N-Q-MNSP1,115,-16,-9,-0.16,"2025/05/28 09:30:03"
D,TRADING,INTERCONNECTORRES,2,"2025/05/28 09:35:00",1,NSW1-QLD1,115,-352.6,-310.78,10.11,"2025/05/28 09:30:03"
D,TRADING,INTERCONNECTORRES,2,"2025/05/28 09:35:00",1,T-V-MNSP1,115,-439.5,-432.86,21.17,"2025/05/28 09:30:03"
D,TRADING,INTERCONNECTORRES,2,"2025/05/28 09:35:00",1,V-S-MNSP1,115,72,72,0.95,"2025/05/28 09:30:03"
D,TRADING,INTERCONNECTORRES,2,"2025/05/28 09:35:00",1,V-SA,115,474.87,442.64,20.42,"2025/05/28 09:30:03"
D,TRADING,INTERCONNECTORRES,2,"2025/05/28 09:35:00",1,VIC1-NSW1,115,-323.2,-348.36,2.11,"2025/05/28 09:30:03"
I,TRADING,PRICE,3,SETTLEMENTDATE,RUNNO,REGIONID,PERIODID,RRP,EEP,INVALIDFLAG,LASTCHANGED,ROP,RAISE6SECRRP,RAISE6SECROP,RAISE60SECRRP,RAISE60SECROP,RAISE5MINRRP,RAISE5MINROP,RAISEREGRRP,RAISEREGROP,LOWER6SECRRP,LOWER6SECROP,LOWER60SECRRP,LOWER60SECROP,LOWER5MINRRP,LOWER5MINROP,LOWERREGRRP,LOWERREGROP,RAISE1SECRRP,RAISE1SECROP,LOWER1SECRRP,LOWER1SECROP,PRICE_STATUS
D,TRADING,PRICE,3,"2025/05/28 09:35:00",1,SA1,115,94,0,0,"2025/05/28 09:30:03",94,0.23,0.23,0.1,0.1,0.1,0.1,9.55,9.55,0.01,0.01,0.39,0.39,0.1,0.1,3.7,3.7,0.36,0.36,0,0,FIRM
D,TRADING,PRICE,3,"2025/05/28 09:35:00",1,NSW1,115,14.56,0,0,"2025/05/28 09:30:03",14.56,0.23,0.23,0.1,0.1,0.1,0.1,9.55,9.55,0.01,0.01,0.39,0.39,0.1,0.1,3.7,3.7,0.36,0.36,0,0,FIRM
D,TRADING,PRICE,3,"2025/05/28 09:35:00",1,QLD1,115,-24.23,0,0,"2025/05/28 09:30:03",-24.23,0.23,0.23,0.1,0.1,0.1,0.1,9.55,9.55,31.28,31.28,7.89,7.89,0.1,0.1,3.7,3.7,0.36,0.36,0,0,FIRM
D,TRADING,PRICE,3,"2025/05/28 09:35:00",1,TAS1,115,100.14,0,0,"2025/05/28 09:30:03",100.14,0.38,0.38,0.38,0.38,0.1,0.1,6.46,6.46,0.01,0.01,0.38,0.38,0,0,2.48,2.48,0.36,0.36,0,0,FIRM
D,TRADING,PRICE,3,"2025/05/28 09:35:00",1,VIC1,115,85.29,0,0,"2025/05/28 09:30:03",85.29,0.23,0.23,0.1,0.1,0.1,0.1,9.55,9.55,0.01,0.01,0.39,0.39,0.1,0.1,3.7,3.7,0.36,0.36,0,0,FIRM
C,"END OF REPORT",15
