C,NEMP.WORLD,TRADINGIS,AEMO,PUBLIC,2025/05/26,12:30:16,0000000464945837,TRADINGIS,0000000464945836
I,TRADING,INTERCONNECTORRES,2,SETTLEMENTDATE,RUNNO,INTERCONNECTORID,PERIODID,METEREDMWFLOW,MWFLOW,MWLOSSES,LASTCHANGED
D,TRADING,INTERCONNECTORRES,2,"2025/05/26 12:35:00",1,N-Q-MNSP1,151,-30.3,-33,1.59,"2025/05/26 12:30:07"
D,TRADING,INTERCONNECTORRES,2,"2025/05/26 12:35:00",1,NSW1-QLD1,151,-879.9,-963.73,84.69,"2025/05/26 12:30:07"
D,TRADING,INTERCONNECTORRES,2,"2025/05/26 12:35:00",1,T-V-MNSP1,151,-427.3,-442.08,22.04,"2025/05/26 12:30:07"
D,TRADING,INTERCONNECTORRES,2,"2025/05/26 12:35:00",1,V-S-MNSP1,151,154,156.11,17.91,"2025/05/26 12:30:07"
D,TRADING,INTERCONNECTORRES,2,"2025/05/26 12:35:00",1,V-SA,151,300.41,250.1,20.68,"2025/05/26 12:30:07"
D,TRADING,INTERCONNECTORRES,2,"2025/05/26 12:35:00",1,VIC1-NSW1,151,694.83,330.43,8.8,"2025/05/26 12:30:07"
I,TRADING,PRICE,3,SETTLEMENTDATE,RUNNO,REGIONID,PERIODID,RRP,EEP,INVALIDFLAG,LASTCHANGED,ROP,RAISE6SECRRP,RAISE6SECROP,RAISE60SECRRP,RAISE60SECROP,RAISE5MINRRP,RAISE5MINROP,RAISEREGRRP,RAISEREGROP,LOWER6SECRRP,LOWER6SECROP,LOWER60SECRRP,LOWER60SECROP,LOWER5MINRRP,LOWER5MINROP,LOWERREGRRP,LOWERREGROP,RAISE1SECRRP,RAISE1SECROP,LOWER1SECRRP,LOWER1SECROP,PRICE_STATUS
D,TRADING,PRICE,3,"2025/05/26 12:35:00",1,SA1,151,-20,0,0,"2025/05/26 12:30:07",-20,0.1,0.1,0.04,0.04,0.04,0.04,17.53,17.53,0.39,0.39,3.65,3.65,0.39,0.39,3.62,3.62,0.36,0.36,0,0,FIRM
D,TRADING,PRICE,3,"2025/05/26 12:35:00",1,NSW1,151,73.51,0,0,"2025/05/26 12:30:07",73.51,0.1,0.1,0.04,0.04,0.04,0.04,17.53,17.53,0.39,0.39,3.65,3.65,0.39,0.39,3.62,3.62,0.36,0.36,0,0,FIRM
D,TRADING,PRICE,3,"2025/05/26 12:35:00",1,QLD1,151,55.73,0,0,"2025/05/26 12:30:07",55.73,0.1,0.1,0.04,0.04,0.04,0.04,17.53,17.53,0.39,0.39,3.65,3.65,0.39,0.39,3.62,3.62,0.36,0.36,0,0,FIRM
D,TRADING,PRICE,3,"2025/05/26 12:35:00",1,TAS1,151,11.25,0,0,"2025/05/26 12:30:07",11.25,0.38,0.38,0.38,0.38,0.04,0.04,8.8,8.8,0.38,0.38,1.33,1.33,0,0,3.55,3.55,0.36,0.36,0,0,FIRM
D,TRADING,PRICE,3,"2025/05/26 12:35:00",1,VIC1,151,-27.01,0,0,"2025/05/26 12:30:07",-27.01,0.1,0.1,0.04,0.04,0.04,0.04,17.53,17.53,0.39,0.39,3.65,3.65,0.39,0.39,3.62,3.62,0.36,0.36,0,0,FIRM
C,"END OF REPORT",15
