C,NEMP.WORLD,TRADINGIS,AEMO,PUBLIC,2025/05/26,14:50:14,0000000464960603,TRADINGIS,0000000464960602
I,TRADING,INTERCONNECTORRES,2,SETTLEMENTDATE,RUNNO,INTERCONNECTORID,PERIODID,METEREDMWFLOW,MWFLOW,MWLOSSES,LASTCHANGED
D,TRADING,INTERCONNECTORRES,2,"2025/05/26 14:55:00",1,N-Q-MNSP1,179,-26.1,-17,0.07,"2025/05/26 14:50:07"
D,TRADING,INTERCONNECTORRES,2,"2025/05/26 14:55:00",1,NSW1-QLD1,179,-699.6,-515.7,8.46,"2025/05/26 14:50:07"
D,TRADING,INTERCONNECTORRES,2,"2025/05/26 14:55:00",1,T-V-MNSP1,179,-457.8,-436.43,21.51,"2025/05/26 14:50:07"
D,TRADING,INTERCONNECTORRES,2,"2025/05/26 14:55:00",1,V-S-MNSP1,179,195,183.38,27.06,"2025/05/26 14:50:07"
D,TRADING,INTERCONNECTORRES,2,"2025/05/26 14:55:00",1,V-SA,179,35.06,-285.92,7.75,"2025/05/26 14:50:07"
D,TRADING,INTERCONNECTORRES,2,"2025/05/26 14:55:00",1,VIC1-NSW1,179,179.14,729.8,73.53,"2025/05/26 14:50:07"
I,TRADING,PRICE,3,SETTLEMENTDATE,RUNNO,REGIONID,PERIODID,RRP,EEP,INVALIDFLAG,LASTCHANGED,ROP,RAISE6SECRRP,RAISE6SECROP,RAISE60SECRRP,RAISE60SECROP,RAISE5MINRRP,RAISE5MINROP,RAISEREGRRP,RAISEREGROP,LOWER6SECRRP,LOWER6SECROP,LOWER60SECRRP,LOWER60SECROP,LOWER5MINRRP,LOWER5MINROP,LOWERREGRRP,LOWERREGROP,RAISE1SECRRP,RAISE1SECROP,LOWER1SECRRP,LOWER1SECROP,PRICE_STATUS
D,TRADING,PRICE,3,"2025/05/26 14:55:00",1,SA1,179,-19.38,0,0,"2025/05/26 14:50:07",-19.38,0.1,0.1,0.04,0.04,0.04,0.04,7.99,7.99,0.38,0.38,1.83,1.83,0.38,0.38,7.21,7.21,0.17,0.17,0.01,0.01,FIRM
D,TRADING,PRICE,3,"2025/05/26 14:55:00",1,NSW1,179,56.98,0,0,"2025/05/26 14:50:07",56.98,0.1,0.1,0.04,0.04,0.04,0.04,7.99,7.99,0.38,0.38,1.83,1.83,0.38,0.38,7.21,7.21,0.17,0.17,0.01,0.01,FIRM
D,TRADING,PRICE,3,"2025/05/26 14:55:00",1,QLD1,179,53.55,0,0,"2025/05/26 14:50:07",53.55,0.1,0.1,0.04,0.04,0.04,0.04,7.99,7.99,0.38,0.38,1.83,1.83,0.38,0.38,7.21,7.21,0.17,0.17,0.01,0.01,FIRM
D,TRADING,PRICE,3,"2025/05/26 14:55:00",1,TAS1,179,11.25,0,0,"2025/05/26 14:50:07",11.25,0.38,0.38,0.38,0.38,0.04,0.04,8.8,8.8,0.38,0.38,1.33,1.33,0,0,2.55,2.55,0.17,0.17,0.01,0.01,FIRM
D,TRADING,PRICE,3,"2025/05/26 14:55:00",1,VIC1,179,-20.52,0,0,"2025/05/26 14:50:07",-20.52,0.1,0.1,0.04,0.04,0.04,0.04,7.99,7.99,0.38,0.38,1.83,1.83,0.38,0.38,7.21,7.21,0.17,0.17,0.01,0.01,FIRM
C,"END OF REPORT",15
