C,NEMP.WORLD,TRADINGIS,AEMO,PUBLIC,2025/05/29,04:45:13,0000000465340301,TRADINGIS,0000000465340300
I,TRADING,INTERCONNECTORRES,2,SETTLEMENTDATE,RUNNO,INTERCONNECTORID,PERIODID,METEREDMWFLOW,MWFLOW,MWLOSSES,LASTCHANGED
D,TRADING,INTERCONNECTORRES,2,"2025/05/29 04:50:00",1,N-Q-MNSP1,58,-16.8,-17,0.07,"2025/05/29 04:45:03"
D,TRADING,INTERCONNECTORRES,2,"2025/05/29 04:50:00",1,NSW1-QLD1,58,-279.6,-308.52,7.91,"2025/05/29 04:45:03"
D,TRADING,INTERCONNECTORRES,2,"2025/05/29 04:50:00",1,T-V-MNSP1,58,-429.1,-438,21.66,"2025/05/29 04:45:03"
D,TRADING,INTERCONNECTORRES,2,"2025/05/29 04:50:00",1,V-S-MNSP1,58,54,54,-0.46,"2025/05/29 04:45:03"
D,TRADING,INTERCONNECTORRES,2,"2025/05/29 04:50:00",1,V-SA,58,208.43,171.62,4.45,"2025/05/29 04:45:03"
D,TRADING,INTERCONNECTORRES,2,"2025/05/29 04:50:00",1,VIC1-NSW1,58,503.89,555.18,44.33,"2025/05/29 04:45:03"
I,TRADING,PRICE,3,SETTLEMENTDATE,RUNNO,REGIONID,PERIODID,RRP,EEP,INVALIDFLAG,LASTCHANGED,ROP,RAISE6SECRRP,RAISE6SECROP,RAISE60SECRRP,RAISE60SECROP,RAISE5MINRRP,RAISE5MINROP,RAISEREGRRP,RAISEREGROP,LOWER6SECRRP,LOWER6SECROP,LOWER60SECRRP,LOWER60SECROP,LOWER5MINRRP,LOWER5MINROP,LOWERREGRRP,LOWERREGROP,RAISE1SECRRP,RAISE1SECROP,LOWER1SECRRP,LOWER1SECROP,PRICE_STATUS
D,TRADING,PRICE,3,"2025/05/29 04:50:00",1,SA1,58,70.96,0,0,"2025/05/29 04:45:03",70.96,0.37,0.37,0.1,0.1,0.1,0.1,5.99,5.99,0.38,0.38,0.39,0.39,0.1,0.1,0.1,0.1,0.81,0.81,0,0,FIRM
D,TRADING,PRICE,3,"2025/05/29 04:50:00",1,NSW1,58,76.8,0,0,"2025/05/29 04:45:03",76.8,0.37,0.37,0.1,0.1,0.1,0.1,5.99,5.99,0.38,0.38,0.39,0.39,0.1,0.1,0.1,0.1,0.81,0.81,0,0,FIRM
D,TRADING,PRICE,3,"2025/05/29 04:50:00",1,QLD1,58,72.82,0,0,"2025/05/29 04:45:03",72.82,0.37,0.37,0.1,0.1,0.1,0.1,5.99,5.99,0.38,0.38,0.39,0.39,0.1,0.1,0.1,0.1,0.81,0.81,0,0,FIRM
D,TRADING,PRICE,3,"2025/05/29 04:50:00",1,TAS1,58,100.24,0,0,"2025/05/29 04:45:03",100.24,0.38,0.38,0.38,0.38,0.38,0.38,7.54,7.54,0.38,0.38,0.38,0.38,0,0,2.46,2.46,0.81,0.81,0,0,FIRM
D,TRADING,PRICE,3,"2025/05/29 04:50:00",1,VIC1,58,67.71,0,0,"2025/05/29 04:45:03",67.71,0.37,0.37,0.1,0.1,0.1,0.1,5.99,5.99,0.38,0.38,0.39,0.39,0.1,0.1,0.1,0.1,0.81,0.81,0,0,FIRM
C,"END OF REPORT",15
