C,NEMP.WORLD,TRADINGIS,AEMO,PUBLIC,2025/05/28,06:15:11,0000000465205407,TRADINGIS,0000000465205406
I,TRADING,INTERCONNECTORRES,2,SETTLEMENTDATE,RUNNO,INTERCONNECTORID,PERIODID,METEREDMWFLOW,MWFLOW,MWLOSSES,LASTCHANGED
D,TRADING,INTERCONNECTORRES,2,"2025/05/28 06:20:00",1,N-Q-MNSP1,76,-4.9,9,0.6,"2025/05/28 06:15:03"
D,TRADING,INTERCONNECTORRES,2,"2025/05/28 06:20:00",1,NSW1-QLD1,76,249.7,234.03,11.44,"2025/05/28 06:15:03"
D,TRADING,INTERCONNECTORRES,2,"2025/05/28 06:20:00",1,T-V-MNSP1,76,-333.9,-375.75,16.15,"2025/05/28 06:15:03"
D,TRADING,INTERCONNECTORRES,2,"2025/05/28 06:20:00",1,V-S-MNSP1,76,140,126,9.86,"2025/05/28 06:15:03"
D,TRADING,INTERCONNECTORRES,2,"2025/05/28 06:20:00",1,V-SA,76,541.6,570.68,38.79,"2025/05/28 06:15:03"
D,TRADING,INTERCONNECTORRES,2,"2025/05/28 06:20:00",1,VIC1-NSW1,76,712.64,577.61,43.77,"2025/05/28 06:15:03"
I,TRADING,PRICE,3,SETTLEMENTDATE,RUNNO,REGIONID,PERIODID,RRP,EEP,INVALIDFLAG,LASTCHANGED,ROP,RAISE6SECRRP,RAISE6SECROP,RAISE60SECRRP,RAISE60SECROP,RAISE5MINRRP,RAISE5MINROP,RAISEREGRRP,RAISEREGROP,LOWER6SECRRP,LOWER6SECROP,LOWER60SECRRP,LOWER60SECROP,LOWER5MINRRP,LOWER5MINROP,LOWERREGRRP,LOWERREGROP,RAISE1SECRRP,RAISE1SECROP,LOWER1SECRRP,LOWER1SECROP,PRICE_STATUS
D,TRADING,PRICE,3,"2025/05/28 06:20:00",1,SA1,76,70.44,0,0,"2025/05/28 06:15:03",70.44,0.38,0.38,0.38,0.38,0.36,0.36,18.65,18.65,0.38,0.38,0.39,0.39,0,0,0,0,0.89,0.89,0,0,FIRM
D,TRADING,PRICE,3,"2025/05/28 06:20:00",1,NSW1,76,78.75,0,0,"2025/05/28 06:15:03",78.75,0.38,0.38,0.38,0.38,0.36,0.36,18.65,18.65,0.38,0.38,0.39,0.39,0,0,0,0,0.89,0.89,0,0,FIRM
D,TRADING,PRICE,3,"2025/05/28 06:20:00",1,QLD1,76,84.45,0,0,"2025/05/28 06:15:03",84.45,0.38,0.38,0.38,0.38,0.36,0.36,18.65,18.65,0.38,0.38,0.39,0.39,0,0,0,0,0.89,0.89,0,0,FIRM
D,TRADING,PRICE,3,"2025/05/28 06:20:00",1,TAS1,76,59.87,0,0,"2025/05/28 06:15:03",59.87,0.38,0.38,0.38,0.38,0.36,0.36,8.4,8.4,0.38,0.38,0.38,0.38,0,0,2.48,2.48,0.89,0.89,0,0,FIRM
D,TRADING,PRICE,3,"2025/05/28 06:20:00",1,VIC1,76,56.21,0,0,"2025/05/28 06:15:03",56.21,0.38,0.38,0.38,0.38,0.36,0.36,18.65,18.65,0.38,0.38,0.39,0.39,0,0,0,0,0.89,0.89,0,0,FIRM
C,"END OF REPORT",15
