C,NEMP.WORLD,TRADINGIS,AEMO,PUBLIC,2025/05/27,10:10:15,0000000465079922,TRADINGIS,0000000465079921
I,TRADING,INTERCONNECTORRES,2,SETTLEMENTDATE,RUNNO,INTERCONNECTORID,PERIODID,METEREDMWFLOW,MWFLOW,MWLOSSES,LASTCHANGED
D,TRADING,INTERCONNECTORRES,2,"2025/05/27 10:15:00",1,N-Q-MNSP1,123,-16.6,-17,0.07,"2025/05/27 10:10:08"
D,TRADING,INTERCONNECTORRES,2,"2025/05/27 10:15:00",1,NSW1-QLD1,123,-370.4,-242.13,4.28,"2025/05/27 10:10:08"
D,TRADING,INTERCONNECTORRES,2,"2025/05/27 10:15:00",1,T-V-MNSP1,123,-410.2,-461.63,23.96,"2025/05/27 10:10:08"
D,TRADING,INTERCONNECTORRES,2,"2025/05/27 10:15:00",1,V-S-MNSP1,123,17,21.9,-1.01,"2025/05/27 10:10:08"
D,TRADING,INTERCONNECTORRES,2,"2025/05/27 10:15:00",1,V-SA,123,-315.47,-377,16.88,"2025/05/27 10:10:08"
D,TRADING,INTERCONNECTORRES,2,"2025/05/27 10:15:00",1,VIC1-NSW1,123,738.71,729.24,64.08,"2025/05/27 10:10:08"
I,TRADING,PRICE,3,SETTLEMENTDATE,RUNNO,REGIONID,PERIODID,RRP,EEP,INVALIDFLAG,LASTCHANGED,ROP,RAISE6SECRRP,RAISE6SECROP,RAISE60SECRRP,RAISE60SECROP,RAISE5MINRRP,RAISE5MINROP,RAISEREGRRP,RAISEREGROP,LOWER6SECRRP,LOWER6SECROP,LOWER60SECRRP,LOWER60SECROP,LOWER5MINRRP,LOWER5MINROP,LOWERREGRRP,LOWERREGROP,RAISE1SECRRP,RAISE1SECROP,LOWER1SECRRP,LOWER1SECROP,PRICE_STATUS
D,TRADING,PRICE,3,"2025/05/27 10:15:00",1,SA1,123,-9.44,0,0,"2025/05/27 10:10:08",-9.44,0.1,0.1,0.04,0.04,0.09,0.09,7.85,7.85,0.1,0.1,1,1,0.1,0.1,3.7,3.7,0.36,0.36,0,0,FIRM
D,TRADING,PRICE,3,"2025/05/27 10:15:00",1,NSW1,123,50.34,0,0,"2025/05/27 10:10:08",50.34,0.1,0.1,0.04,0.04,0.09,0.09,7.85,7.85,0.1,0.1,1,1,0.1,0.1,3.7,3.7,0.36,0.36,0,0,FIRM
D,TRADING,PRICE,3,"2025/05/27 10:15:00",1,QLD1,123,48.42,0,0,"2025/05/27 10:10:08",48.42,0.1,0.1,0.04,0.04,0.09,0.09,7.85,7.85,0.1,0.1,1,1,0.1,0.1,3.7,3.7,0.36,0.36,0,0,FIRM
D,TRADING,PRICE,3,"2025/05/27 10:15:00",1,TAS1,123,35.24,0,0,"2025/05/27 10:10:08",35.24,0.38,0.38,0.38,0.38,0.09,0.09,7.4,7.4,0.1,0.1,0.38,0.38,0,0,2.48,2.48,0.36,0.36,0,0,FIRM
D,TRADING,PRICE,3,"2025/05/27 10:15:00",1,VIC1,123,-13.91,0,0,"2025/05/27 10:10:08",-13.91,0.1,0.1,0.04,0.04,0.09,0.09,7.85,7.85,0.1,0.1,1,1,0.1,0.1,3.7,3.7,0.36,0.36,0,0,FIRM
C,"END OF REPORT",15
