C,NEMP.WORLD,TRADINGIS,AEMO,PUBLIC,2025/05/26,17:20:17,0000000464977116,TRADINGIS,0000000464977115
I,TRADING,INTERCONNECTORRES,2,SETTLEMENTDATE,RUNNO,INTERCONNECTORID,PERIODID,METEREDMWFLOW,MWFLOW,MWLOSSES,LASTCHANGED
D,TRADING,INTERCONNECTORRES,2,"2025/05/26 17:25:00",1,N-Q-MNSP1,209,-0.4,0,0,"2025/05/26 17:20:09"
D,TRADING,INTERCONNECTORRES,2,"2025/05/26 17:25:00",1,NSW1-QLD1,209,-111.4,-202.84,-10.35,"2025/05/26 17:20:09"
D,TRADING,INTERCONNECTORRES,2,"2025/05/26 17:25:00",1,T-V-MNSP1,209,-448.7,-433.53,21.24,"2025/05/26 17:20:09"
D,TRADING,INTERCONNECTORRES,2,"2025/05/26 17:25:00",1,V-S-MNSP1,209,164,174.74,23.97,"2025/05/26 17:20:09"
D,TRADING,INTERCONNECTORRES,2,"2025/05/26 17:25:00",1,V-SA,209,117.29,115.88,3.64,"2025/05/26 17:20:09"
D,TRADING,INTERCONNECTORRES,2,"2025/05/26 17:25:00",1,VIC1-NSW1,209,-1001.5,-1236.44,122.36,"2025/05/26 17:20:09"
I,TRADING,PRICE,3,SETTLEMENTDATE,RUNNO,REGIONID,PERIODID,RRP,EEP,INVALIDFLAG,LASTCHANGED,ROP,RAISE6SECRRP,RAISE6SECROP,RAISE60SECRRP,RAISE60SECROP,RAISE5MINRRP,RAISE5MINROP,RAISEREGRRP,RAISEREGROP,LOWER6SECRRP,LOWER6SECROP,LOWER60SECRRP,LOWER60SECROP,LOWER5MINRRP,LOWER5MINROP,LOWERREGRRP,LOWERREGROP,RAISE1SECRRP,RAISE1SECROP,LOWER1SECRRP,LOWER1SECROP,PRICE_STATUS
D,TRADING,PRICE,3,"2025/05/26 17:25:00",1,SA1,209,-20.88,0,0,"2025/05/26 17:20:09",-20.88,0.37,0.37,0.1,0.1,0.15,0.15,5.99,5.99,0.1,0.1,0.38,0.38,0.1,0.1,3.6,3.6,0.36,0.36,0,0,FIRM
D,TRADING,PRICE,3,"2025/05/26 17:25:00",1,NSW1,209,193.6,0,0,"2025/05/26 17:20:09",193.6,0.37,0.37,0.1,0.1,0.15,0.15,5.99,5.99,0.1,0.1,0.38,0.38,0.1,0.1,3.6,3.6,0.36,0.36,0,0,FIRM
D,TRADING,PRICE,3,"2025/05/26 17:25:00",1,QLD1,209,200,0,0,"2025/05/26 17:20:09",200,0.37,0.37,0.1,0.1,0.15,0.15,5.99,5.99,0.1,0.1,0.38,0.38,0.1,0.1,3.6,3.6,0.36,0.36,0,0,FIRM
D,TRADING,PRICE,3,"2025/05/26 17:25:00",1,TAS1,209,150.28,0,0,"2025/05/26 17:20:09",150.28,0.38,0.38,0.38,0.38,0.15,0.15,8.8,8.8,0.1,0.1,0.38,0.38,0,0,2.55,2.55,0.36,0.36,0,0,FIRM
D,TRADING,PRICE,3,"2025/05/26 17:25:00",1,VIC1,209,-20,0,0,"2025/05/26 17:20:09",-20,0.37,0.37,0.1,0.1,0.15,0.15,5.99,5.99,0.1,0.1,0.38,0.38,0.1,0.1,3.6,3.6,0.36,0.36,0,0,FIRM
C,"END OF REPORT",15
