C,NEMP.WORLD,TRADINGIS,AEMO,PUBLIC,2025/05/26,15:25:16,0000000464964262,TRADINGIS,0000000464964261
I,TRADING,INTERCONNECTORRES,2,SETTLEMENTDATE,RUNNO,INTERCONNECTORID,PERIODID,METEREDMWFLOW,MWFLOW,MWLOSSES,LASTCHANGED
D,TRADING,INTERCONNECTORRES,2,"2025/05/26 15:30:00",1,N-Q-MNSP1,186,-20.7,-17,0.07,"2025/05/26 15:25:09"
D,TRADING,INTERCONNECTORRES,2,"2025/05/26 15:30:00",1,NSW1-QLD1,186,-536.6,-453.77,1.24,"2025/05/26 15:25:09"
D,TRADING,INTERCONNECTORRES,2,"2025/05/26 15:30:00",1,T-V-MNSP1,186,-407.2,-437.53,21.61,"2025/05/26 15:25:09"
D,TRADING,INTERCONNECTORRES,2,"2025/05/26 15:30:00",1,V-S-MNSP1,186,28,4.07,-0.26,"2025/05/26 15:25:09"
D,TRADING,INTERCONNECTORRES,2,"2025/05/26 15:30:00",1,V-SA,186,-113.61,-192.25,1.16,"2025/05/26 15:25:09"
D,TRADING,INTERCONNECTORRES,2,"2025/05/26 15:30:00",1,VIC1-NSW1,186,797.69,861.17,82.17,"2025/05/26 15:25:09"
I,TRADING,PRICE,3,SETTLEMENTDATE,RUNNO,REGIONID,PERIODID,RRP,EEP,INVALIDFLAG,LASTCHANGED,ROP,RAISE6SECRRP,RAISE6SECROP,RAISE60SECRRP,RAISE60SECROP,RAISE5MINRRP,RAISE5MINROP,RAISEREGRRP,RAISEREGROP,LOWER6SECRRP,LOWER6SECROP,LOWER60SECRRP,LOWER60SECROP,LOWER5MINRRP,LOWER5MINROP,LOWERREGRRP,LOWERREGROP,RAISE1SECRRP,RAISE1SECROP,LOWER1SECRRP,LOWER1SECROP,PRICE_STATUS
D,TRADING,PRICE,3,"2025/05/26 15:30:00",1,SA1,186,-18.19,0,0,"2025/05/26 15:25:09",-18.19,0.23,0.23,0.1,0.1,0.1,0.1,9.24,9.24,0.38,0.38,0.38,0.38,0.38,0.38,0.7,0.7,0.36,0.36,0.01,0.01,FIRM
D,TRADING,PRICE,3,"2025/05/26 15:30:00",1,NSW1,186,83.4,0,0,"2025/05/26 15:25:09",83.4,0.23,0.23,0.1,0.1,0.1,0.1,9.24,9.24,0.38,0.38,0.38,0.38,0.38,0.38,0.7,0.7,0.36,0.36,0.01,0.01,FIRM
D,TRADING,PRICE,3,"2025/05/26 15:30:00",1,QLD1,186,80.01,0,0,"2025/05/26 15:25:09",80.01,0.23,0.23,0.1,0.1,0.1,0.1,9.24,9.24,0.38,0.38,0.38,0.38,0.38,0.38,0.7,0.7,0.36,0.36,0.01,0.01,FIRM
D,TRADING,PRICE,3,"2025/05/26 15:30:00",1,TAS1,186,11.25,0,0,"2025/05/26 15:25:09",11.25,0.38,0.38,0.38,0.38,0.36,0.36,8.8,8.8,0.38,0.38,0.38,0.38,0,0,2.55,2.55,0.36,0.36,0.01,0.01,FIRM
D,TRADING,PRICE,3,"2025/05/26 15:30:00",1,VIC1,186,-18.5,0,0,"2025/05/26 15:25:09",-18.5,0.23,0.23,0.1,0.1,0.1,0.1,9.24,9.24,0.38,0.38,0.38,0.38,0.38,0.38,0.7,0.7,0.36,0.36,0.01,0.01,FIRM
C,"END OF REPORT",15
