C,NEMP.WORLD,TRADINGIS,AEMO,PUBLIC,2025/05/27,01:20:16,0000000465026578,TRADINGIS,0000000465026577
I,TRADING,INTERCONNECTORRES,2,SETTLEMENTDATE,RUNNO,INTERCONNECTORID,PERIODID,METEREDMWFLOW,MWFLOW,MWLOSSES,LASTCHANGED
D,TRADING,INTERCONNECTORRES,2,"2025/05/27 01:25:00",1,N-Q-MNSP1,17,9.8,9,0.6,"2025/05/27 01:20:06"
D,TRADING,INTERCONNECTORRES,2,"2025/05/27 01:25:00",1,NSW1-QLD1,17,497.8,431.81,17.86,"2025/05/27 01:20:06"
D,TRADING,INTERCONNECTORRES,2,"2025/05/27 01:25:00",1,T-V-MNSP1,17,-445,-455.51,23.35,"2025/05/27 01:20:06"
D,TRADING,INTERCONNECTORRES,2,"2025/05/27 01:25:00",1,V-S-MNSP1,17,-145,-144.44,35.78,"2025/05/27 01:20:06"
D,TRADING,INTERCONNECTORRES,2,"2025/05/27 01:25:00",1,V-SA,17,-313.27,-273.15,2.72,"2025/05/27 01:20:06"
D,TRADING,INTERCONNECTORRES,2,"2025/05/27 01:25:00",1,VIC1-NSW1,17,1076.57,1070.13,114.17,"2025/05/27 01:20:06"
I,TRADING,PRICE,3,SETTLEMENTDATE,RUNNO,REGIONID,PERIODID,RRP,EEP,INVALIDFLAG,LASTCHANGED,ROP,RAISE6SECRRP,RAISE6SECROP,RAISE60SECRRP,RAISE60SECROP,RAISE5MINRRP,RAISE5MINROP,RAISEREGRRP,RAISEREGROP,LOWER6SECRRP,LOWER6SECROP,LOWER60SECRRP,LOWER60SECROP,LOWER5MINRRP,LOWER5MINROP,LOWERREGRRP,LOWERREGROP,RAISE1SECRRP,RAISE1SECROP,LOWER1SECRRP,LOWER1SECROP,PRICE_STATUS
D,TRADING,PRICE,3,"2025/05/27 01:25:00",1,SA1,17,-13.18,0,0,"2025/05/27 01:20:06",-13.18,0.01,0.01,0.01,0.01,0.01,0.01,5.99,5.99,0.37,0.37,0.38,0.38,0.1,0.1,2.26,2.26,0.04,0.04,0,0,FIRM
D,TRADING,PRICE,3,"2025/05/27 01:25:00",1,NSW1,17,50.34,0,0,"2025/05/27 01:20:06",50.34,0.01,0.01,0.01,0.01,0.01,0.01,5.99,5.99,0.37,0.37,0.38,0.38,0.1,0.1,2.26,2.26,0.04,0.04,0,0,FIRM
D,TRADING,PRICE,3,"2025/05/27 01:25:00",1,QLD1,17,54.59,0,0,"2025/05/27 01:20:06",54.59,0.01,0.01,0.01,0.01,0.01,0.01,5.99,5.99,0.37,0.37,0.38,0.38,0.1,0.1,2.26,2.26,0.04,0.04,0,0,FIRM
D,TRADING,PRICE,3,"2025/05/27 01:25:00",1,TAS1,17,35.28,0,0,"2025/05/27 01:20:06",35.28,0.38,0.38,0.38,0.38,0.36,0.36,8.8,8.8,0.37,0.37,0.38,0.38,0,0,1.55,1.55,0.04,0.04,0,0,FIRM
D,TRADING,PRICE,3,"2025/05/27 01:25:00",1,VIC1,17,-13.76,0,0,"2025/05/27 01:20:06",-13.76,0.01,0.01,0.01,0.01,0.01,0.01,5.99,5.99,0.37,0.37,0.38,0.38,0.1,0.1,2.26,2.26,0.04,0.04,0,0,FIRM
C,"END OF REPORT",15
