C,NEMP.WORLD,TRADINGIS,AEMO,PUBLIC,2025/05/26,23:45:11,0000000465016888,TRADINGIS,0000000465016887
I,TRADING,INTERCONNECTORRES,2,SETTLEMENTDATE,RUNNO,INTERCONNECTORID,PERIODID,METEREDMWFLOW,MWFLOW,MWLOSSES,LASTCHANGED
D,TRADING,INTERCONNECTORRES,2,"2025/05/26 23:50:00",1,N-Q-MNSP1,286,9.2,9,0.6,"2025/05/26 23:45:03"
D,TRADING,INTERCONNECTORRES,2,"2025/05/26 23:50:00",1,NSW1-QLD1,286,443.8,475.58,27.26,"2025/05/26 23:45:03"
D,TRADING,INTERCONNECTORRES,2,"2025/05/26 23:50:00",1,T-V-MNSP1,286,-468.2,-454.27,23.23,"2025/05/26 23:45:03"
D,TRADING,INTERCONNECTORRES,2,"2025/05/26 23:50:00",1,V-S-MNSP1,286,-144,-144.56,35.83,"2025/05/26 23:45:03"
D,TRADING,INTERCONNECTORRES,2,"2025/05/26 23:50:00",1,V-SA,286,-376.53,-374.27,9.78,"2025/05/26 23:45:03"
D,TRADING,INTERCONNECTORRES,2,"2025/05/26 23:50:00",1,VIC1-NSW1,286,1161.04,1091.83,117.67,"2025/05/26 23:45:03"
I,TRADING,PRICE,3,SETTLEMENTDATE,RUNNO,REGIONID,PERIODID,RRP,EEP,INVALIDFLAG,LASTCHANGED,ROP,RAISE6SECRRP,RAISE6SECROP,RAISE60SECRRP,RAISE60SECROP,RAISE5MINRRP,RAISE5MINROP,RAISEREGRRP,RAISEREGROP,LOWER6SECRRP,LOWER6SECROP,LOWER60SECRRP,LOWER60SECROP,LOWER5MINRRP,LOWER5MINROP,LOWERREGRRP,LOWERREGROP,RAISE1SECRRP,RAISE1SECROP,LOWER1SECRRP,LOWER1SECROP,PRICE_STATUS
D,TRADING,PRICE,3,"2025/05/26 23:50:00",1,SA1,286,0,0,0,"2025/05/26 23:45:03",0,0,0,0,0,0.04,0.04,3.99,3.99,0.38,0.38,1,1,0,0,0,0,0.26,0.26,0,0,FIRM
D,TRADING,PRICE,3,"2025/05/26 23:50:00",1,NSW1,286,49.61,0,0,"2025/05/26 23:45:03",49.61,0,0,0,0,0.04,0.04,3.99,3.99,0.38,0.38,1,1,0,0,0,0,0.26,0.26,0,0,FIRM
D,TRADING,PRICE,3,"2025/05/26 23:50:00",1,QLD1,286,54.76,0,0,"2025/05/26 23:45:03",54.76,0,0,0,0,0.04,0.04,3.99,3.99,0.38,0.38,1,1,0,0,0,0,0.26,0.26,0,0,FIRM
D,TRADING,PRICE,3,"2025/05/26 23:50:00",1,TAS1,286,11.25,0,0,"2025/05/26 23:45:03",11.25,0.38,0.38,0.38,0.38,0.36,0.36,6.97,6.97,0.38,0.38,0.38,0.38,0,0,1.55,1.55,0.26,0.26,0,0,FIRM
D,TRADING,PRICE,3,"2025/05/26 23:50:00",1,VIC1,286,0,0,0,"2025/05/26 23:45:03",0,0,0,0,0,0.04,0.04,3.99,3.99,0.38,0.38,1,1,0,0,0,0,0.26,0.26,0,0,FIRM
C,"END OF REPORT",15
