C,NEMP.WORLD,TRADINGIS,AEMO,PUBLIC,2025/05/29,12:15:11,0000000465384444,TRADINGIS,0000000465384443
I,TRADING,INTERCONNECTORRES,2,SETTLEMENTDATE,RUNNO,INTERCONNECTORID,PERIODID,METEREDMWFLOW,MWFLOW,MWLOSSES,LASTCHANGED
D,TRADING,INTERCONNECTORRES,2,"2025/05/29 12:20:00",1,N-Q-MNSP1,148,-34.7,-25,0.65,"2025/05/29 12:15:04"
D,TRADING,INTERCONNECTORRES,2,"2025/05/29 12:20:00",1,NSW1-QLD1,148,-493.9,-519.51,23.59,"2025/05/29 12:15:04"
D,TRADING,INTERCONNECTORRES,2,"2025/05/29 12:20:00",1,T-V-MNSP1,148,-451.7,-462.95,24.09,"2025/05/29 12:15:04"
D,TRADING,INTERCONNECTORRES,2,"2025/05/29 12:20:00",1,V-S-MNSP1,148,9,9,-0.56,"2025/05/29 12:15:04"
D,TRADING,INTERCONNECTORRES,2,"2025/05/29 12:20:00",1,V-SA,148,-110.75,-79.58,3.29,"2025/05/29 12:15:04"
D,TRADING,INTERCONNECTORRES,2,"2025/05/29 12:20:00",1,VIC1-NSW1,148,206.01,112.8,9.38,"2025/05/29 12:15:04"
I,TRADING,PRICE,3,SETTLEMENTDATE,RUNNO,REGIONID,PERIODID,RRP,EEP,INVALIDFLAG,LASTCHANGED,ROP,RAISE6SECRRP,RAISE6SECROP,RAISE60SECRRP,RAISE60SECROP,RAISE5MINRRP,RAISE5MINROP,RAISEREGRRP,RAISEREGROP,LOWER6SECRRP,LOWER6SECROP,LOWER60SECRRP,LOWER60SECROP,LOWER5MINRRP,LOWER5MINROP,LOWERREGRRP,LOWERREGROP,RAISE1SECRRP,RAISE1SECROP,LOWER1SECRRP,LOWER1SECROP,PRICE_STATUS
D,TRADING,PRICE,3,"2025/05/29 12:20:00",1,SA1,148,66.25,0,0,"2025/05/29 12:15:04",66.25,0.1,0.1,0.04,0.04,0.09,0.09,5.99,5.99,0.03,0.03,0.39,0.39,0.1,0.1,0.1,0.1,0.1,0.1,0,0,FIRM
D,TRADING,PRICE,3,"2025/05/29 12:20:00",1,NSW1,148,76.58,0,0,"2025/05/29 12:15:04",76.58,0.1,0.1,0.04,0.04,0.09,0.09,5.99,5.99,0.03,0.03,0.39,0.39,0.1,0.1,0.1,0.1,0.1,0.1,0,0,FIRM
D,TRADING,PRICE,3,"2025/05/29 12:20:00",1,QLD1,148,55.03,0,0,"2025/05/29 12:15:04",55.03,0.1,0.1,0.04,0.04,0.09,0.09,5.99,5.99,7.89,7.89,7.89,7.89,0.1,0.1,0.1,0.1,0.1,0.1,0,0,FIRM
D,TRADING,PRICE,3,"2025/05/29 12:20:00",1,TAS1,148,78.01,0,0,"2025/05/29 12:15:04",78.01,0.38,0.38,0.38,0.38,0.36,0.36,8.54,8.54,0.03,0.03,0.38,0.38,0,0,2.46,2.46,0.1,0.1,0,0,FIRM
D,TRADING,PRICE,3,"2025/05/29 12:20:00",1,VIC1,148,69.66,0,0,"2025/05/29 12:15:04",69.66,0.1,0.1,0.04,0.04,0.09,0.09,5.99,5.99,0.03,0.03,0.39,0.39,0.1,0.1,0.1,0.1,0.1,0.1,0,0,FIRM
C,"END OF REPORT",15
