C,NEMP.WORLD,TRADINGIS,AEMO,PUBLIC,2025/05/27,12:25:11,0000000465095490,TRADINGIS,0000000465095489
I,TRADING,INTERCONNECTORRES,2,SETTLEMENTDATE,RUNNO,INTERCONNECTORID,PERIODID,METEREDMWFLOW,MWFLOW,MWLOSSES,LASTCHANGED
D,TRADING,INTERCONNECTORRES,2,"2025/05/27 12:30:00",1,N-Q-MNSP1,150,-4.4,-9,-0.16,"2025/05/27 12:25:03"
D,TRADING,INTERCONNECTORRES,2,"2025/05/27 12:30:00",1,NSW1-QLD1,150,5.1,80.93,0.91,"2025/05/27 12:25:03"
D,TRADING,INTERCONNECTORRES,2,"2025/05/27 12:30:00",1,T-V-MNSP1,150,-357.7,-478,25.62,"2025/05/27 12:25:03"
D,TRADING,INTERCONNECTORRES,2,"2025/05/27 12:30:00",1,V-S-MNSP1,150,88,113.14,7.13,"2025/05/27 12:25:03"
D,TRADING,INTERCONNECTORRES,2,"2025/05/27 12:30:00",1,V-SA,150,-582.52,-589.63,59.26,"2025/05/27 12:25:03"
D,TRADING,INTERCONNECTORRES,2,"2025/05/27 12:30:00",1,VIC1-NSW1,150,-41.07,107.66,7.19,"2025/05/27 12:25:03"
I,TRADING,PRICE,3,SETTLEMENTDATE,RUNNO,REGIONID,PERIODID,RRP,EEP,INVALIDFLAG,LASTCHANGED,ROP,RAISE6SECRRP,RAISE6SECROP,RAISE60SECRRP,RAISE60SECROP,RAISE5MINRRP,RAISE5MINROP,RAISEREGRRP,RAISEREGROP,LOWER6SECRRP,LOWER6SECROP,LOWER60SECRRP,LOWER60SECROP,LOWER5MINRRP,LOWER5MINROP,LOWERREGRRP,LOWERREGROP,RAISE1SECRRP,RAISE1SECROP,LOWER1SECRRP,LOWER1SECROP,PRICE_STATUS
D,TRADING,PRICE,3,"2025/05/27 12:30:00",1,SA1,150,-25.01,0,0,"2025/05/27 12:25:03",-25.01,0,0,0,0,0,0,9.24,9.24,0.39,0.39,0.86,0.86,0.39,0.39,6,6,0.01,0.01,0,0,FIRM
D,TRADING,PRICE,3,"2025/05/27 12:30:00",1,NSW1,150,40.82,0,0,"2025/05/27 12:25:03",40.82,0,0,0,0,0,0,9.24,9.24,0.39,0.39,0.86,0.86,0.39,0.39,6,6,0.01,0.01,0,0,FIRM
D,TRADING,PRICE,3,"2025/05/27 12:30:00",1,QLD1,150,44.94,0,0,"2025/05/27 12:25:03",44.94,0.38,0.38,0.38,0.38,1.8,1.8,11.04,11.04,0,0,0.38,0.38,0.39,0.39,6,6,0.01,0.01,0,0,FIRM
D,TRADING,PRICE,3,"2025/05/27 12:30:00",1,TAS1,150,35.06,0,0,"2025/05/27 12:25:03",35.06,0.38,0.38,0.38,0.38,0.38,0.38,6.4,6.4,0.38,0.38,0.38,0.38,0,0,2.6,2.6,0.01,0.01,0,0,FIRM
D,TRADING,PRICE,3,"2025/05/27 12:30:00",1,VIC1,150,20.35,0,0,"2025/05/27 12:25:03",20.35,0,0,0,0,0,0,9.24,9.24,0.39,0.39,0.86,0.86,0.39,0.39,6,6,0.01,0.01,0,0,FIRM
C,"END OF REPORT",15
