C,NEMP.WORLD,TRADINGIS,AEMO,PUBLIC,2025/05/27,12:20:10,0000000465094945,TRADINGIS,0000000465094944
I,TRADING,INTERCONNECTORRES,2,SETTLEMENTDATE,RUNNO,INTERCONNECTORID,PERIODID,METEREDMWFLOW,MWFLOW,MWLOSSES,LASTCHANGED
D,TRADING,INTERCONNECTORRES,2,"2025/05/27 12:25:00",1,N-Q-MNSP1,149,-16.7,-9,-0.16,"2025/05/27 12:20:03"
D,TRADING,INTERCONNECTORRES,2,"2025/05/27 12:25:00",1,NSW1-QLD1,149,179.5,12.55,0.05,"2025/05/27 12:20:03"
D,TRADING,INTERCONNECTORRES,2,"2025/05/27 12:25:00",1,T-V-MNSP1,149,-238,-422.29,20.19,"2025/05/27 12:20:03"
D,TRADING,INTERCONNECTORRES,2,"2025/05/27 12:25:00",1,V-S-MNSP1,149,22,102,5.05,"2025/05/27 12:20:03"
D,TRADING,INTERCONNECTORRES,2,"2025/05/27 12:25:00",1,V-SA,149,-624.83,-585.48,56.44,"2025/05/27 12:20:03"
D,TRADING,INTERCONNECTORRES,2,"2025/05/27 12:25:00",1,VIC1-NSW1,149,405.68,71.97,4.42,"2025/05/27 12:20:03"
I,TRADING,PRICE,3,SETTLEMENTDATE,RUNNO,REGIONID,PERIODID,RRP,EEP,INVALIDFLAG,LASTCHANGED,ROP,RAISE6SECRRP,RAISE6SECROP,RAISE60SECRRP,RAISE60SECROP,RAISE5MINRRP,RAISE5MINROP,RAISEREGRRP,RAISEREGROP,LOWER6SECRRP,LOWER6SECROP,LOWER60SECRRP,LOWER60SECROP,LOWER5MINRRP,LOWER5MINROP,LOWERREGRRP,LOWERREGROP,RAISE1SECRRP,RAISE1SECROP,LOWER1SECRRP,LOWER1SECROP,PRICE_STATUS
D,TRADING,PRICE,3,"2025/05/27 12:25:00",1,SA1,149,-25.01,0,0,"2025/05/27 12:20:03",-25.01,0,0,0,0,0,0,9.24,9.24,0.3,0.3,0.39,0.39,0.1,0.1,0.1,0.1,0.01,0.01,0,0,FIRM
D,TRADING,PRICE,3,"2025/05/27 12:25:00",1,NSW1,149,83.77,0,0,"2025/05/27 12:20:03",83.77,0,0,0,0,0,0,9.24,9.24,0.3,0.3,0.39,0.39,0.1,0.1,0.1,0.1,0.01,0.01,0,0,FIRM
D,TRADING,PRICE,3,"2025/05/27 12:25:00",1,QLD1,149,84.99,0,0,"2025/05/27 12:20:03",84.99,0.38,0.38,0.1,0.1,0.38,0.38,9.62,9.62,0.3,0.3,0.39,0.39,0.1,0.1,0.1,0.1,0.01,0.01,0,0,FIRM
D,TRADING,PRICE,3,"2025/05/27 12:25:00",1,TAS1,149,2.95,0,0,"2025/05/27 12:20:03",2.95,0.38,0.38,0.38,0.38,0,0,8.4,8.4,0.3,0.3,0.38,0.38,0.1,0.1,3.48,3.48,0.01,0.01,0,0,FIRM
D,TRADING,PRICE,3,"2025/05/27 12:25:00",1,VIC1,149,2.03,0,0,"2025/05/27 12:20:03",2.03,0,0,0,0,0,0,9.24,9.24,0.3,0.3,0.39,0.39,0.1,0.1,0.1,0.1,0.01,0.01,0,0,FIRM
C,"END OF REPORT",15
