C,NEMP.WORLD,TRADINGIS,AEMO,PUBLIC,2025/05/26,21:40:17,0000000465004308,TRADINGIS,0000000465004307
I,TRADING,INTERCONNECTORRES,2,SETTLEMENTDATE,RUNNO,INTERCONNECTORID,PERIODID,METEREDMWFLOW,MWFLOW,MWLOSSES,LASTCHANGED
D,TRADING,INTERCONNECTORRES,2,"2025/05/26 21:45:00",1,N-Q-MNSP1,261,15.5,9,0.6,"2025/05/26 21:40:10"
D,TRADING,INTERCONNECTORRES,2,"2025/05/26 21:45:00",1,NSW1-QLD1,261,401.7,399.9,28.49,"2025/05/26 21:40:10"
D,TRADING,INTERCONNECTORRES,2,"2025/05/26 21:45:00",1,T-V-MNSP1,261,-467,-451.38,22.95,"2025/05/26 21:40:10"
D,TRADING,INTERCONNECTORRES,2,"2025/05/26 21:45:00",1,V-S-MNSP1,261,-150,-148.93,37.72,"2025/05/26 21:40:10"
D,TRADING,INTERCONNECTORRES,2,"2025/05/26 21:45:00",1,V-SA,261,-154.87,-161.99,-0.36,"2025/05/26 21:40:10"
D,TRADING,INTERCONNECTORRES,2,"2025/05/26 21:45:00",1,VIC1-NSW1,261,1065.21,1109.44,108.23,"2025/05/26 21:40:10"
I,TRADING,PRICE,3,SETTLEMENTDATE,RUNNO,REGIONID,PERIODID,RRP,EEP,INVALIDFLAG,LASTCHANGED,ROP,RAISE6SECRRP,RAISE6SECROP,RAISE60SECRRP,RAISE60SECROP,RAISE5MINRRP,RAISE5MINROP,RAISEREGRRP,RAISEREGROP,LOWER6SECRRP,LOWER6SECROP,LOWER60SECRRP,LOWER60SECROP,LOWER5MINRRP,LOWER5MINROP,LOWERREGRRP,LOWERREGROP,RAISE1SECRRP,RAISE1SECROP,LOWER1SECRRP,LOWER1SECROP,PRICE_STATUS
D,TRADING,PRICE,3,"2025/05/26 21:45:00",1,SA1,261,-1.86,0,0,"2025/05/26 21:40:10",-1.86,0.23,0.23,0.1,0.1,0.23,0.23,3.99,3.99,0.1,0.1,0.38,0.38,0,0,0,0,0.38,0.38,0,0,FIRM
D,TRADING,PRICE,3,"2025/05/26 21:45:00",1,NSW1,261,65.01,0,0,"2025/05/26 21:40:10",65.01,0.23,0.23,0.1,0.1,0.23,0.23,3.99,3.99,0.1,0.1,0.38,0.38,0,0,0,0,0.38,0.38,0,0,FIRM
D,TRADING,PRICE,3,"2025/05/26 21:45:00",1,QLD1,261,72.36,0,0,"2025/05/26 21:40:10",72.36,0.23,0.23,0.1,0.1,0.23,0.23,3.99,3.99,0.1,0.1,0.38,0.38,0,0,0,0,0.38,0.38,0,0,FIRM
D,TRADING,PRICE,3,"2025/05/26 21:45:00",1,TAS1,261,99.28,0,0,"2025/05/26 21:40:10",99.28,0.38,0.38,0.38,0.38,0.23,0.23,8.8,8.8,0.1,0.1,0.38,0.38,0,0,3.55,3.55,0.38,0.38,0,0,FIRM
D,TRADING,PRICE,3,"2025/05/26 21:45:00",1,VIC1,261,0.01,0,0,"2025/05/26 21:40:10",0.01,0.23,0.23,0.1,0.1,0.23,0.23,3.99,3.99,0.1,0.1,0.38,0.38,0,0,0,0,0.38,0.38,0,0,FIRM
C,"END OF REPORT",15
