C,NEMP.WORLD,TRADINGIS,AEMO,PUBLIC,2025/05/28,11:50:19,0000000465238363,TRADINGIS,0000000465238362
I,TRADING,INTERCONNECTORRES,2,SETTLEMENTDATE,RUNNO,INTERCONNECTORID,PERIODID,METEREDMWFLOW,MWFLOW,MWLOSSES,LASTCHANGED
D,TRADING,INTERCONNECTORRES,2,"2025/05/28 11:55:00",1,N-Q-MNSP1,143,98.2,96.99,29.94,"2025/05/28 11:50:07"
D,TRADING,INTERCONNECTORRES,2,"2025/05/28 11:55:00",1,NSW1-QLD1,143,-391.8,-377.76,19.85,"2025/05/28 11:50:07"
D,TRADING,INTERCONNECTORRES,2,"2025/05/28 11:55:00",1,T-V-MNSP1,143,-403.5,-407.95,18.9,"2025/05/28 11:50:07"
D,TRADING,INTERCONNECTORRES,2,"2025/05/28 11:55:00",1,V-S-MNSP1,143,162,162.67,19.93,"2025/05/28 11:50:07"
D,TRADING,INTERCONNECTORRES,2,"2025/05/28 11:55:00",1,V-SA,143,562.86,603.29,35.6,"2025/05/28 11:50:07"
D,TRADING,INTERCONNECTORRES,2,"2025/05/28 11:55:00",1,VIC1-NSW1,143,-144.7,-14.8,-0.56,"2025/05/28 11:50:07"
I,TRADING,PRICE,3,SETTLEMENTDATE,RUNNO,REGIONID,PERIODID,RRP,EEP,INVALIDFLAG,LASTCHANGED,ROP,RAISE6SECRRP,RAISE6SECROP,RAISE60SECRRP,RAISE60SECROP,RAISE5MINRRP,RAISE5MINROP,RAISEREGRRP,RAISEREGROP,LOWER6SECRRP,LOWER6SECROP,LOWER60SECRRP,LOWER60SECROP,LOWER5MINRRP,LOWER5MINROP,LOWERREGRRP,LOWERREGROP,RAISE1SECRRP,RAISE1SECROP,LOWER1SECRRP,LOWER1SECROP,PRICE_STATUS
D,TRADING,PRICE,3,"2025/05/28 11:55:00",1,SA1,143,47.36,0,0,"2025/05/28 11:50:07",47.36,0.37,0.37,0.36,0.36,0.15,0.15,7.6,7.6,0.01,0.01,0.39,0.39,0.38,0.38,0.93,0.93,0.04,0.04,0.04,0.04,FIRM
D,TRADING,PRICE,3,"2025/05/28 11:55:00",1,NSW1,143,-20.51,0,0,"2025/05/28 11:50:07",-20.51,0.37,0.37,0.36,0.36,0.15,0.15,7.6,7.6,0.01,0.01,0.39,0.39,0.38,0.38,0.93,0.93,0.04,0.04,0.04,0.04,FIRM
D,TRADING,PRICE,3,"2025/05/28 11:55:00",1,QLD1,143,-27.85,0,0,"2025/05/28 11:50:07",-27.85,0.37,0.37,0.36,0.36,0.15,0.15,7.6,7.6,1.84,1.84,7.89,7.89,0.38,0.38,0.93,0.93,0.04,0.04,0.04,0.04,FIRM
D,TRADING,PRICE,3,"2025/05/28 11:55:00",1,TAS1,143,35.06,0,0,"2025/05/28 11:50:07",35.06,0.38,0.38,0.38,0.38,0.15,0.15,7.4,7.4,0.01,0.01,0.39,0.39,0.38,0.38,2.54,2.54,0.04,0.04,0.04,0.04,FIRM
D,TRADING,PRICE,3,"2025/05/28 11:55:00",1,VIC1,143,20.04,0,0,"2025/05/28 11:50:07",20.04,0.37,0.37,0.36,0.36,0.15,0.15,7.6,7.6,0.01,0.01,0.39,0.39,0.38,0.38,0.93,0.93,0.04,0.04,0.04,0.04,FIRM
C,"END OF REPORT",15
