C,NEMP.WORLD,TRADINGIS,AEMO,PUBLIC,2025/05/28,16:25:11,0000000465267992,TRADINGIS,0000000465267991
I,TRADING,INTERCONNECTORRES,2,SETTLEMENTDATE,RUNNO,INTERCONNECTORID,PERIODID,METEREDMWFLOW,MWFLOW,MWLOSSES,LASTCHANGED
D,TRADING,INTERCONNECTORRES,2,"2025/05/28 16:30:00",1,N-Q-MNSP1,198,-26.7,-17,0.07,"2025/05/28 16:25:04"
D,TRADING,INTERCONNECTORRES,2,"2025/05/28 16:30:00",1,NSW1-QLD1,198,-646.6,-539.35,2.09,"2025/05/28 16:25:04"
D,TRADING,INTERCONNECTORRES,2,"2025/05/28 16:30:00",1,T-V-MNSP1,198,-54.9,-174.36,3.85,"2025/05/28 16:25:04"
D,TRADING,INTERCONNECTORRES,2,"2025/05/28 16:30:00",1,V-S-MNSP1,198,63,72,0.95,"2025/05/28 16:25:04"
D,TRADING,INTERCONNECTORRES,2,"2025/05/28 16:30:00",1,V-SA,198,386.78,513.5,21.46,"2025/05/28 16:25:04"
D,TRADING,INTERCONNECTORRES,2,"2025/05/28 16:30:00",1,VIC1-NSW1,198,277.17,-700.91,18.63,"2025/05/28 16:25:04"
I,TRADING,PRICE,3,SETTLEMENTDATE,RUNNO,REGIONID,PERIODID,RRP,EEP,INVALIDFLAG,LASTCHANGED,ROP,RAISE6SECRRP,RAISE6SECROP,RAISE60SECRRP,RAISE60SECROP,RAISE5MINRRP,RAISE5MINROP,RAISEREGRRP,RAISEREGROP,LOWER6SECRRP,LOWER6SECROP,LOWER60SECRRP,LOWER60SECROP,LOWER5MINRRP,LOWER5MINROP,LOWERREGRRP,LOWERREGROP,RAISE1SECRRP,RAISE1SECROP,LOWER1SECRRP,LOWER1SECROP,PRICE_STATUS
D,TRADING,PRICE,3,"2025/05/28 16:30:00",1,SA1,198,120.28,0,0,"2025/05/28 16:25:04",120.28,0.77,0.77,0.38,0.38,0.24,0.24,19.92,19.92,0.39,0.39,0.95,0.95,0.39,0.39,3.7,3.7,0.38,0.38,0,0,FIRM
D,TRADING,PRICE,3,"2025/05/28 16:30:00",1,NSW1,198,100.43,0,0,"2025/05/28 16:25:04",100.43,0.77,0.77,0.38,0.38,0.24,0.24,19.92,19.92,0.39,0.39,0.95,0.95,0.39,0.39,3.7,3.7,0.38,0.38,0,0,FIRM
D,TRADING,PRICE,3,"2025/05/28 16:30:00",1,QLD1,198,95.21,0,0,"2025/05/28 16:25:04",95.21,0.77,0.77,0.38,0.38,0.24,0.24,19.92,19.92,0.39,0.39,0.95,0.95,0.39,0.39,3.7,3.7,0.38,0.38,0,0,FIRM
D,TRADING,PRICE,3,"2025/05/28 16:30:00",1,TAS1,198,111.49,0,0,"2025/05/28 16:25:04",111.49,0.38,0.38,0.38,0.38,0.38,0.38,9.4,9.4,40.37,40.37,0.38,0.38,0.38,0.38,3.48,3.48,0,0,0,0,FIRM
D,TRADING,PRICE,3,"2025/05/28 16:30:00",1,VIC1,198,108.77,0,0,"2025/05/28 16:25:04",108.77,0.77,0.77,0.38,0.38,0.24,0.24,19.92,19.92,0.39,0.39,0.95,0.95,0.39,0.39,3.7,3.7,0.38,0.38,0,0,FIRM
C,"END OF REPORT",15
