C,NEMP.WORLD,TRADINGIS,AEMO,PUBLIC,2025/05/29,00:50:10,0000000465317654,TRADINGIS,0000000465317653
I,TRADING,INTERCONNECTORRES,2,SETTLEMENTDATE,RUNNO,INTERCONNECTORID,PERIODID,METEREDMWFLOW,MWFLOW,MWLOSSES,LASTCHANGED
D,TRADING,INTERCONNECTORRES,2,"2025/05/29 00:55:00",1,N-Q-MNSP1,11,-19.4,-17,0.07,"2025/05/29 00:50:03"
D,TRADING,INTERCONNECTORRES,2,"2025/05/29 00:55:00",1,NSW1-QLD1,11,-292.1,-323,7.27,"2025/05/29 00:50:03"
D,TRADING,INTERCONNECTORRES,2,"2025/05/29 00:55:00",1,T-V-MNSP1,11,-421.8,-435.64,21.44,"2025/05/29 00:50:03"
D,TRADING,INTERCONNECTORRES,2,"2025/05/29 00:55:00",1,V-S-MNSP1,11,72,72,0.95,"2025/05/29 00:50:03"
D,TRADING,INTERCONNECTORRES,2,"2025/05/29 00:55:00",1,V-SA,11,368.62,380.1,21.77,"2025/05/29 00:50:03"
D,TRADING,INTERCONNECTORRES,2,"2025/05/29 00:55:00",1,VIC1-NSW1,11,309.53,308.42,14.88,"2025/05/29 00:50:03"
I,TRADING,PRICE,3,SETTLEMENTDATE,RUNNO,REGIONID,PERIODID,RRP,EEP,INVALIDFLAG,LASTCHANGED,ROP,RAISE6SECRRP,RAISE6SECROP,RAISE60SECRRP,RAISE60SECROP,RAISE5MINRRP,RAISE5MINROP,RAISEREGRRP,RAISEREGROP,LOWER6SECRRP,LOWER6SECROP,LOWER60SECRRP,LOWER60SECROP,LOWER5MINRRP,LOWER5MINROP,LOWERREGRRP,LOWERREGROP,RAISE1SECRRP,RAISE1SECROP,LOWER1SECRRP,LOWER1SECROP,PRICE_STATUS
D,TRADING,PRICE,3,"2025/05/29 00:55:00",1,SA1,11,78.79,0,0,"2025/05/29 00:50:03",78.79,0.23,0.23,0.1,0.1,0.1,0.1,5.99,5.99,0.1,0.1,0.38,0.38,0.1,0.1,3.74,3.74,0.38,0.38,0,0,FIRM
D,TRADING,PRICE,3,"2025/05/29 00:55:00",1,NSW1,11,76.8,0,0,"2025/05/29 00:50:03",76.8,0.23,0.23,0.1,0.1,0.1,0.1,5.99,5.99,0.1,0.1,0.38,0.38,0.1,0.1,3.74,3.74,0.38,0.38,0,0,FIRM
D,TRADING,PRICE,3,"2025/05/29 00:55:00",1,QLD1,11,72.75,0,0,"2025/05/29 00:50:03",72.75,0.23,0.23,0.1,0.1,0.1,0.1,5.99,5.99,0.1,0.1,0.38,0.38,0.1,0.1,3.74,3.74,0.38,0.38,0,0,FIRM
D,TRADING,PRICE,3,"2025/05/29 00:55:00",1,TAS1,11,81.33,0,0,"2025/05/29 00:50:03",81.33,0.38,0.38,0.38,0.38,0.38,0.38,8.4,8.4,0.1,0.1,0.38,0.38,0,0,2.48,2.48,0.38,0.38,0,0,FIRM
D,TRADING,PRICE,3,"2025/05/29 00:55:00",1,VIC1,11,71.3,0,0,"2025/05/29 00:50:03",71.3,0.23,0.23,0.1,0.1,0.1,0.1,5.99,5.99,0.1,0.1,0.38,0.38,0.1,0.1,3.74,3.74,0.38,0.38,0,0,FIRM
C,"END OF REPORT",15
