C,NEMP.WORLD,TRADINGIS,AEMO,PUBLIC,2025/05/28,16:50:16,0000000465270597,TRADINGIS,0000000465270596
I,TRADING,INTERCONNECTORRES,2,SETTLEMENTDATE,RUNNO,INTERCONNECTORID,PERIODID,METEREDMWFLOW,MWFLOW,MWLOSSES,LASTCHANGED
D,TRADING,INTERCONNECTORRES,2,"2025/05/28 16:55:00",1,N-Q-MNSP1,203,-26.4,-25,0.65,"2025/05/28 16:50:06"
D,TRADING,INTERCONNECTORRES,2,"2025/05/28 16:55:00",1,NSW1-QLD1,203,-939,-858.26,20.19,"2025/05/28 16:50:06"
D,TRADING,INTERCONNECTORRES,2,"2025/05/28 16:55:00",1,T-V-MNSP1,203,93.4,100,0.65,"2025/05/28 16:50:06"
D,TRADING,INTERCONNECTORRES,2,"2025/05/28 16:55:00",1,V-S-MNSP1,203,38,36,-1.09,"2025/05/28 16:50:06"
D,TRADING,INTERCONNECTORRES,2,"2025/05/28 16:55:00",1,V-SA,203,206.13,141.63,0.14,"2025/05/28 16:50:06"
D,TRADING,INTERCONNECTORRES,2,"2025/05/28 16:55:00",1,VIC1-NSW1,203,-350.29,-250.29,-1.33,"2025/05/28 16:50:06"
I,TRADING,PRICE,3,SETTLEMENTDATE,RUNNO,REGIONID,PERIODID,RRP,EEP,INVALIDFLAG,LASTCHANGED,ROP,RAISE6SECRRP,RAISE6SECROP,RAISE60SECRRP,RAISE60SECROP,RAISE5MINRRP,RAISE5MINROP,RAISEREGRRP,RAISEREGROP,LOWER6SECRRP,LOWER6SECROP,LOWER60SECRRP,LOWER60SECROP,LOWER5MINRRP,LOWER5MINROP,LOWERREGRRP,LOWERREGROP,RAISE1SECRRP,RAISE1SECROP,LOWER1SECRRP,LOWER1SECROP,PRICE_STATUS
D,TRADING,PRICE,3,"2025/05/28 16:55:00",1,SA1,203,135.11,0,0,"2025/05/28 16:50:06",135.11,4.85,4.85,0.38,0.38,0.38,0.38,5,5,0,0,0.01,0.01,0,0,12.39,12.39,0.38,0.38,0,0,FIRM
D,TRADING,PRICE,3,"2025/05/28 16:55:00",1,NSW1,203,10945.44,0,0,"2025/05/28 16:50:06",10945.44,4.85,4.85,0.38,0.38,0.38,0.38,5,5,0,0,0.01,0.01,0,0,12.39,12.39,0.38,0.38,0,0,FIRM
D,TRADING,PRICE,3,"2025/05/28 16:55:00",1,QLD1,203,129.77,0,0,"2025/05/28 16:50:06",129.77,4.85,4.85,0.38,0.38,0.38,0.38,5,5,9999,9999,97.8,97.8,32,32,44.39,44.39,0.38,0.38,0,0,FIRM
D,TRADING,PRICE,3,"2025/05/28 16:55:00",1,TAS1,203,150.24,0,0,"2025/05/28 16:50:06",150.24,18.9,18.9,0.38,0.38,0.38,0.38,6.4,6.4,0,0,0.01,0.01,0,0,4.48,4.48,0.38,0.38,0,0,FIRM
D,TRADING,PRICE,3,"2025/05/28 16:55:00",1,VIC1,203,132.72,0,0,"2025/05/28 16:50:06",132.72,4.85,4.85,0.38,0.38,0.38,0.38,5,5,0,0,0.01,0.01,0,0,12.39,12.39,0.38,0.38,0,0,FIRM
C,"END OF REPORT",15
