C,NEMP.WORLD,TRADINGIS,AEMO,PUBLIC,2025/05/28,20:30:11,0000000465292687,TRADINGIS,0000000465292686
I,TRADING,INTERCONNECTORRES,2,SETTLEMENTDATE,RUNNO,INTERCONNECTORID,PERIODID,METEREDMWFLOW,MWFLOW,MWLOSSES,LASTCHANGED
D,TRADING,INTERCONNECTORRES,2,"2025/05/28 20:35:00",1,N-Q-MNSP1,247,-32.4,-33,1.59,"2025/05/28 20:30:03"
D,TRADING,INTERCONNECTORRES,2,"2025/05/28 20:35:00",1,NSW1-QLD1,247,-1075.5,-1011.7,40.65,"2025/05/28 20:30:03"
D,TRADING,INTERCONNECTORRES,2,"2025/05/28 20:35:00",1,T-V-MNSP1,247,-65.3,-71.82,0.82,"2025/05/28 20:30:03"
D,TRADING,INTERCONNECTORRES,2,"2025/05/28 20:35:00",1,V-S-MNSP1,247,54,63,0.15,"2025/05/28 20:30:03"
D,TRADING,INTERCONNECTORRES,2,"2025/05/28 20:35:00",1,V-SA,247,224.01,255,10.03,"2025/05/28 20:30:03"
D,TRADING,INTERCONNECTORRES,2,"2025/05/28 20:35:00",1,VIC1-NSW1,247,97.06,104.12,1.36,"2025/05/28 20:30:03"
I,TRADING,PRICE,3,SETTLEMENTDATE,RUNNO,REGIONID,PERIODID,RRP,EEP,INVALIDFLAG,LASTCHANGED,ROP,RAISE6SECRRP,RAISE6SECROP,RAISE60SECRRP,RAISE60SECROP,RAISE5MINRRP,RAISE5MINROP,RAISEREGRRP,RAISEREGROP,LOWER6SECRRP,LOWER6SECROP,LOWER60SECRRP,LOWER60SECROP,LOWER5MINRRP,LOWER5MINROP,LOWERREGRRP,LOWERREGROP,RAISE1SECRRP,RAISE1SECROP,LOWER1SECRRP,LOWER1SECROP,PRICE_STATUS
D,TRADING,PRICE,3,"2025/05/28 20:35:00",1,SA1,247,138,0,0,"2025/05/28 20:30:03",138,0.39,0.39,0.39,0.39,0.39,0.39,5.99,5.99,0.1,0.1,0.38,0.38,0.1,0.1,6.78,6.78,0.86,0.86,0,0,FIRM
D,TRADING,PRICE,3,"2025/05/28 20:35:00",1,NSW1,247,132.28,0,0,"2025/05/28 20:30:03",132.28,0.39,0.39,0.39,0.39,0.39,0.39,5.99,5.99,0.1,0.1,0.38,0.38,0.1,0.1,6.78,6.78,0.86,0.86,0,0,FIRM
D,TRADING,PRICE,3,"2025/05/28 20:35:00",1,QLD1,247,115.6,0,0,"2025/05/28 20:30:03",115.6,0.39,0.39,0.39,0.39,0.39,0.39,5.99,5.99,0.1,0.1,0.38,0.38,0.1,0.1,6.78,6.78,0.86,0.86,0,0,FIRM
D,TRADING,PRICE,3,"2025/05/28 20:35:00",1,TAS1,247,129.58,0,0,"2025/05/28 20:30:03",129.58,0.38,0.38,0.38,0.38,0.38,0.38,9.4,9.4,21.69,21.69,0.38,0.38,0.38,0.38,3.48,3.48,0,0,0,0,FIRM
D,TRADING,PRICE,3,"2025/05/28 20:35:00",1,VIC1,247,129.11,0,0,"2025/05/28 20:30:03",129.11,0.39,0.39,0.39,0.39,0.39,0.39,5.99,5.99,0.1,0.1,0.38,0.38,0.1,0.1,6.78,6.78,0.86,0.86,0,0,FIRM
C,"END OF REPORT",15
