C,NEMP.WORLD,TRADINGIS,AEMO,PUBLIC,2025/05/26,20:00:11,0000000464994212,TRADINGIS,0000000464994211
I,TRADING,INTERCONNECTORRES,2,SETTLEMENTDATE,RUNNO,INTERCONNECTORID,PERIODID,METEREDMWFLOW,MWFLOW,MWLOSSES,LASTCHANGED
D,TRADING,INTERCONNECTORRES,2,"2025/05/26 20:05:00",1,N-Q-MNSP1,241,10,9,0.6,"2025/05/26 20:00:03"
D,TRADING,INTERCONNECTORRES,2,"2025/05/26 20:05:00",1,NSW1-QLD1,241,204.8,191.56,13.6,"2025/05/26 20:00:03"
D,TRADING,INTERCONNECTORRES,2,"2025/05/26 20:05:00",1,T-V-MNSP1,241,-448.1,-453.3,23.13,"2025/05/26 20:00:03"
D,TRADING,INTERCONNECTORRES,2,"2025/05/26 20:05:00",1,V-S-MNSP1,241,177,177.27,24.85,"2025/05/26 20:00:03"
D,TRADING,INTERCONNECTORRES,2,"2025/05/26 20:05:00",1,V-SA,241,182.82,187.25,8.85,"2025/05/26 20:00:03"
D,TRADING,INTERCONNECTORRES,2,"2025/05/26 20:05:00",1,VIC1-NSW1,241,795.92,993.71,75.36,"2025/05/26 20:00:03"
I,TRADING,PRICE,3,SETTLEMENTDATE,RUNNO,REGIONID,PERIODID,RRP,EEP,INVALIDFLAG,LASTCHANGED,ROP,RAISE6SECRRP,RAISE6SECROP,RAISE60SECRRP,RAISE60SECROP,RAISE5MINRRP,RAISE5MINROP,RAISEREGRRP,RAISEREGROP,LOWER6SECRRP,LOWER6SECROP,LOWER60SECRRP,LOWER60SECROP,LOWER5MINRRP,LOWER5MINROP,LOWERREGRRP,LOWERREGROP,RAISE1SECRRP,RAISE1SECROP,LOWER1SECRRP,LOWER1SECROP,PRICE_STATUS
D,TRADING,PRICE,3,"2025/05/26 20:05:00",1,SA1,241,-21,0,0,"2025/05/26 20:00:03",-21,0.38,0.38,0.38,0.38,0.15,0.15,0.15,0.15,0.1,0.1,0.38,0.38,0.1,0.1,2,2,0.37,0.37,0,0,FIRM
D,TRADING,PRICE,3,"2025/05/26 20:05:00",1,NSW1,241,69.34,0,0,"2025/05/26 20:00:03",69.34,0.38,0.38,0.38,0.38,0.15,0.15,0.15,0.15,0.1,0.1,0.38,0.38,0.1,0.1,2,2,0.37,0.37,0,0,FIRM
D,TRADING,PRICE,3,"2025/05/26 20:05:00",1,QLD1,241,75.83,0,0,"2025/05/26 20:00:03",75.83,0.38,0.38,0.38,0.38,0.15,0.15,0.15,0.15,0.1,0.1,0.38,0.38,0.1,0.1,2,2,0.37,0.37,0,0,FIRM
D,TRADING,PRICE,3,"2025/05/26 20:05:00",1,TAS1,241,35.24,0,0,"2025/05/26 20:00:03",35.24,0.38,0.38,0.38,0.38,0.36,0.36,8.8,8.8,0.1,0.1,0.38,0.38,0,0,3.55,3.55,0.37,0.37,0,0,FIRM
D,TRADING,PRICE,3,"2025/05/26 20:05:00",1,VIC1,241,20.01,0,0,"2025/05/26 20:00:03",20.01,0.38,0.38,0.38,0.38,0.15,0.15,0.15,0.15,0.1,0.1,0.38,0.38,0.1,0.1,2,2,0.37,0.37,0,0,FIRM
C,"END OF REPORT",15
