C,NEMP.WORLD,TRADINGIS,AEMO,PUBLIC,2025/05/28,02:20:10,0000000465182331,TRADINGIS,0000000465182330
I,TRADING,INTERCONNECTORRES,2,SETTLEMENTDATE,RUNNO,INTERCONNECTORID,PERIODID,METEREDMWFLOW,MWFLOW,MWLOSSES,LASTCHANGED
D,TRADING,INTERCONNECTORRES,2,"2025/05/28 02:25:00",1,N-Q-MNSP1,29,-8,-9,-0.16,"2025/05/28 02:20:03"
D,TRADING,INTERCONNECTORRES,2,"2025/05/28 02:25:00",1,NSW1-QLD1,29,-9.6,46.19,0.16,"2025/05/28 02:20:03"
D,TRADING,INTERCONNECTORRES,2,"2025/05/28 02:25:00",1,T-V-MNSP1,29,-431,-465.3,24.33,"2025/05/28 02:20:03"
D,TRADING,INTERCONNECTORRES,2,"2025/05/28 02:25:00",1,V-S-MNSP1,29,169,167.19,21.41,"2025/05/28 02:20:03"
D,TRADING,INTERCONNECTORRES,2,"2025/05/28 02:25:00",1,V-SA,29,562.94,570.23,44.9,"2025/05/28 02:20:03"
D,TRADING,INTERCONNECTORRES,2,"2025/05/28 02:25:00",1,VIC1-NSW1,29,708,679.97,57.39,"2025/05/28 02:20:03"
I,TRADING,PRICE,3,SETTLEMENTDATE,RUNNO,REGIONID,PERIODID,RRP,EEP,INVALIDFLAG,LASTCHANGED,ROP,RAISE6SECRRP,RAISE6SECROP,RAISE60SECRRP,RAISE60SECROP,RAISE5MINRRP,RAISE5MINROP,RAISEREGRRP,RAISEREGROP,LOWER6SECRRP,LOWER6SECROP,LOWER60SECRRP,LOWER60SECROP,LOWER5MINRRP,LOWER5MINROP,LOWERREGRRP,LOWERREGROP,RAISE1SECRRP,RAISE1SECROP,LOWER1SECRRP,LOWER1SECROP,PRICE_STATUS
D,TRADING,PRICE,3,"2025/05/28 02:25:00",1,SA1,29,99.45,0,0,"2025/05/28 02:20:03",99.45,0.38,0.38,0.36,0.36,0.36,0.36,0.36,0.36,0.01,0.01,0.1,0.1,0.1,0.1,3.1,3.1,0.36,0.36,0,0,FIRM
D,TRADING,PRICE,3,"2025/05/28 02:25:00",1,NSW1,29,54.45,0,0,"2025/05/28 02:20:03",54.45,0.38,0.38,0.36,0.36,0.36,0.36,0.36,0.36,0.01,0.01,0.1,0.1,0.1,0.1,3.1,3.1,0.36,0.36,0,0,FIRM
D,TRADING,PRICE,3,"2025/05/28 02:25:00",1,QLD1,29,54.76,0,0,"2025/05/28 02:20:03",54.76,0.38,0.38,0.36,0.36,0.36,0.36,0.36,0.36,0.01,0.01,0.1,0.1,0.1,0.1,3.1,3.1,0.36,0.36,0,0,FIRM
D,TRADING,PRICE,3,"2025/05/28 02:25:00",1,TAS1,29,35.02,0,0,"2025/05/28 02:20:03",35.02,0.38,0.38,0.38,0.38,0.36,0.36,7.4,7.4,0.01,0.01,0.1,0.1,0,0,2.48,2.48,0.36,0.36,0,0,FIRM
D,TRADING,PRICE,3,"2025/05/28 02:25:00",1,VIC1,29,20.01,0,0,"2025/05/28 02:20:03",20.01,0.38,0.38,0.36,0.36,0.36,0.36,0.36,0.36,0.01,0.01,0.1,0.1,0.1,0.1,3.1,3.1,0.36,0.36,0,0,FIRM
C,"END OF REPORT",15
