C,NEMP.WORLD,TRADINGIS,AEMO,PUBLIC,2025/05/29,02:55:10,0000000465329470,TRADINGIS,0000000465329469
I,TRADING,INTERCONNECTORRES,2,SETTLEMENTDATE,RUNNO,INTERCONNECTORID,PERIODID,METEREDMWFLOW,MWFLOW,MWLOSSES,LASTCHANGED
D,TRADING,INTERCONNECTORRES,2,"2025/05/29 03:00:00",1,N-Q-MNSP1,36,-17.2,-17,0.07,"2025/05/29 02:55:03"
D,TRADING,INTERCONNECTORRES,2,"2025/05/29 03:00:00",1,NSW1-QLD1,36,-349.6,-371.29,13.17,"2025/05/29 02:55:03"
D,TRADING,INTERCONNECTORRES,2,"2025/05/29 03:00:00",1,T-V-MNSP1,36,-413.9,-438,21.66,"2025/05/29 02:55:03"
D,TRADING,INTERCONNECTORRES,2,"2025/05/29 03:00:00",1,V-S-MNSP1,36,63,72,0.95,"2025/05/29 02:55:03"
D,TRADING,INTERCONNECTORRES,2,"2025/05/29 03:00:00",1,V-SA,36,318.59,339.25,18.04,"2025/05/29 02:55:03"
D,TRADING,INTERCONNECTORRES,2,"2025/05/29 03:00:00",1,VIC1-NSW1,36,546.29,521.99,37.41,"2025/05/29 02:55:03"
I,TRADING,PRICE,3,SETTLEMENTDATE,RUNNO,REGIONID,PERIODID,RRP,EEP,INVALIDFLAG,LASTCHANGED,ROP,RAISE6SECRRP,RAISE6SECROP,RAISE60SECRRP,RAISE60SECROP,RAISE5MINRRP,RAISE5MINROP,RAISEREGRRP,RAISEREGROP,LOWER6SECRRP,LOWER6SECROP,LOWER60SECRRP,LOWER60SECROP,LOWER5MINRRP,LOWER5MINROP,LOWERREGRRP,LOWERREGROP,RAISE1SECRRP,RAISE1SECROP,LOWER1SECRRP,LOWER1SECROP,PRICE_STATUS
D,TRADING,PRICE,3,"2025/05/29 03:00:00",1,SA1,36,65.72,0,0,"2025/05/29 02:55:03",65.72,0.23,0.23,0.1,0.1,0.1,0.1,5.99,5.99,0.38,0.38,0.38,0.38,0.1,0.1,5.77,5.77,0.38,0.38,0,0,FIRM
D,TRADING,PRICE,3,"2025/05/29 03:00:00",1,NSW1,36,67.8,0,0,"2025/05/29 02:55:03",67.8,0.23,0.23,0.1,0.1,0.1,0.1,5.99,5.99,0.38,0.38,0.38,0.38,0.1,0.1,5.77,5.77,0.38,0.38,0,0,FIRM
D,TRADING,PRICE,3,"2025/05/29 03:00:00",1,QLD1,36,63.23,0,0,"2025/05/29 02:55:03",63.23,0.23,0.23,0.1,0.1,0.1,0.1,5.99,5.99,0.38,0.38,0.38,0.38,0.1,0.1,5.77,5.77,0.38,0.38,0,0,FIRM
D,TRADING,PRICE,3,"2025/05/29 03:00:00",1,TAS1,36,76.05,0,0,"2025/05/29 02:55:03",76.05,0.38,0.38,0.38,0.38,0.38,0.38,7.4,7.4,0.38,0.38,0.38,0.38,0,0,2.48,2.48,0.38,0.38,0,0,FIRM
D,TRADING,PRICE,3,"2025/05/29 03:00:00",1,VIC1,36,60.12,0,0,"2025/05/29 02:55:03",60.12,0.23,0.23,0.1,0.1,0.1,0.1,5.99,5.99,0.38,0.38,0.38,0.38,0.1,0.1,5.77,5.77,0.38,0.38,0,0,FIRM
C,"END OF REPORT",15
