C,NEMP.WORLD,TRADINGIS,AEMO,PUBLIC,2025/05/27,17:10:10,0000000465127475,TRADINGIS,0000000465127474
I,TRADING,INTERCONNECTORRES,2,SETTLEMENTDATE,RUNNO,INTERCONNECTORID,PERIODID,METEREDMWFLOW,MWFLOW,MWLOSSES,LASTCHANGED
D,TRADING,INTERCONNECTORRES,2,"2025/05/27 17:15:00",1,N-Q-MNSP1,207,7.6,9,0.6,"2025/05/27 17:10:03"
D,TRADING,INTERCONNECTORRES,2,"2025/05/27 17:15:00",1,NSW1-QLD1,207,118.7,113.49,8.8,"2025/05/27 17:10:03"
D,TRADING,INTERCONNECTORRES,2,"2025/05/27 17:15:00",1,T-V-MNSP1,207,-437.1,-447.09,22.53,"2025/05/27 17:10:03"
D,TRADING,INTERCONNECTORRES,2,"2025/05/27 17:15:00",1,V-S-MNSP1,207,103,27,-1.11,"2025/05/27 17:10:03"
D,TRADING,INTERCONNECTORRES,2,"2025/05/27 17:15:00",1,V-SA,207,-85.17,-10.12,0.12,"2025/05/27 17:10:03"
D,TRADING,INTERCONNECTORRES,2,"2025/05/27 17:15:00",1,VIC1-NSW1,207,52.56,116.77,3.21,"2025/05/27 17:10:03"
I,TRADING,PRICE,3,SETTLEMENTDATE,RUNNO,REGIONID,PERIODID,RRP,EEP,INVALIDFLAG,LASTCHANGED,ROP,RAISE6SECRRP,RAISE6SECROP,RAISE60SECRRP,RAISE60SECROP,RAISE5MINRRP,RAISE5MINROP,RAISEREGRRP,RAISEREGROP,LOWER6SECRRP,LOWER6SECROP,LOWER60SECRRP,LOWER60SECROP,LOWER5MINRRP,LOWER5MINROP,LOWERREGRRP,LOWERREGROP,RAISE1SECRRP,RAISE1SECROP,LOWER1SECRRP,LOWER1SECROP,PRICE_STATUS
D,TRADING,PRICE,3,"2025/05/27 17:15:00",1,SA1,207,49.99,0,0,"2025/05/27 17:10:03",49.99,0.38,0.38,0.38,0.38,0.38,0.38,11.5,11.5,0.1,0.1,0.38,0.38,0,0,0,0,0.37,0.37,0,0,FIRM
D,TRADING,PRICE,3,"2025/05/27 17:15:00",1,NSW1,207,78.28,0,0,"2025/05/27 17:10:03",78.28,0.38,0.38,0.38,0.38,0.38,0.38,11.5,11.5,0.1,0.1,0.38,0.38,0,0,0,0,0.37,0.37,0,0,FIRM
D,TRADING,PRICE,3,"2025/05/27 17:15:00",1,QLD1,207,85.21,0,0,"2025/05/27 17:10:03",85.21,0.38,0.38,0.38,0.38,0.38,0.38,11.5,11.5,0.1,0.1,0.38,0.38,0,0,0,0,0.37,0.37,0,0,FIRM
D,TRADING,PRICE,3,"2025/05/27 17:15:00",1,TAS1,207,54.7,0,0,"2025/05/27 17:10:03",54.7,0.38,0.38,0.38,0.38,0.38,0.38,8.4,8.4,0.1,0.1,0.38,0.38,0,0,2.48,2.48,0.37,0.37,0,0,FIRM
D,TRADING,PRICE,3,"2025/05/27 17:15:00",1,VIC1,207,50.61,0,0,"2025/05/27 17:10:03",50.61,0.38,0.38,0.38,0.38,0.38,0.38,11.5,11.5,0.1,0.1,0.38,0.38,0,0,0,0,0.37,0.37,0,0,FIRM
C,"END OF REPORT",15
