C,NEMP.WORLD,TRADINGIS,AEMO,PUBLIC,2025/05/29,06:20:10,0000000465349453,TRADINGIS,0000000465349452
I,TRADING,INTERCONNECTORRES,2,SETTLEMENTDATE,RUNNO,INTERCONNECTORID,PERIODID,METEREDMWFLOW,MWFLOW,MWLOSSES,LASTCHANGED
D,TRADING,INTERCONNECTORRES,2,"2025/05/29 06:25:00",1,N-Q-MNSP1,77,-18.7,-17,0.07,"2025/05/29 06:20:03"
D,TRADING,INTERCONNECTORRES,2,"2025/05/29 06:25:00",1,NSW1-QLD1,77,-512.3,-542.35,10.65,"2025/05/29 06:20:03"
D,TRADING,INTERCONNECTORRES,2,"2025/05/29 06:25:00",1,T-V-MNSP1,77,-437.1,-438,21.66,"2025/05/29 06:20:03"
D,TRADING,INTERCONNECTORRES,2,"2025/05/29 06:25:00",1,V-S-MNSP1,77,36,36,-1.09,"2025/05/29 06:20:03"
D,TRADING,INTERCONNECTORRES,2,"2025/05/29 06:25:00",1,V-SA,77,49.1,41.98,0.07,"2025/05/29 06:20:03"
D,TRADING,INTERCONNECTORRES,2,"2025/05/29 06:25:00",1,VIC1-NSW1,77,27.59,-4.09,-0.11,"2025/05/29 06:20:03"
I,TRADING,PRICE,3,SETTLEMENTDATE,RUNNO,REGIONID,PERIODID,RRP,EEP,INVALIDFLAG,LASTCHANGED,ROP,RAISE6SECRRP,RAISE6SECROP,RAISE60SECRRP,RAISE60SECROP,RAISE5MINRRP,RAISE5MINROP,RAISEREGRRP,RAISEREGROP,LOWER6SECRRP,LOWER6SECROP,LOWER60SECRRP,LOWER60SECROP,LOWER5MINRRP,LOWER5MINROP,LOWERREGRRP,LOWERREGROP,RAISE1SECRRP,RAISE1SECROP,LOWER1SECRRP,LOWER1SECROP,PRICE_STATUS
D,TRADING,PRICE,3,"2025/05/29 06:25:00",1,SA1,77,109.7,0,0,"2025/05/29 06:20:03",109.7,0.37,0.37,0.1,0.1,0.1,0.1,5.46,5.46,0.1,0.1,0.38,0.38,0.1,0.1,0.1,0.1,0.81,0.81,0,0,FIRM
D,TRADING,PRICE,3,"2025/05/29 06:25:00",1,NSW1,77,112.01,0,0,"2025/05/29 06:20:03",112.01,0.37,0.37,0.1,0.1,0.1,0.1,5.46,5.46,0.1,0.1,0.38,0.38,0.1,0.1,0.1,0.1,0.81,0.81,0,0,FIRM
D,TRADING,PRICE,3,"2025/05/29 06:25:00",1,QLD1,77,104.52,0,0,"2025/05/29 06:20:03",104.52,0.37,0.37,0.1,0.1,0.1,0.1,5.46,5.46,0.1,0.1,0.38,0.38,0.1,0.1,0.1,0.1,0.81,0.81,0,0,FIRM
D,TRADING,PRICE,3,"2025/05/29 06:25:00",1,TAS1,77,150.24,0,0,"2025/05/29 06:20:03",150.24,0.38,0.38,0.38,0.38,0.38,0.38,7.54,7.54,0.1,0.1,0.38,0.38,0,0,2.46,2.46,0.81,0.81,0,0,FIRM
D,TRADING,PRICE,3,"2025/05/29 06:25:00",1,VIC1,77,109,0,0,"2025/05/29 06:20:03",109,0.37,0.37,0.1,0.1,0.1,0.1,5.46,5.46,0.1,0.1,0.38,0.38,0.1,0.1,0.1,0.1,0.81,0.81,0,0,FIRM
C,"END OF REPORT",15
