C,NEMP.WORLD,TRADINGIS,AEMO,PUBLIC,2025/05/27,14:45:11,0000000465111061,TRADINGIS,0000000465111060
I,TRADING,INTERCONNECTORRES,2,SETTLEMENTDATE,RUNNO,INTERCONNECTORID,PERIODID,METEREDMWFLOW,MWFLOW,MWLOSSES,LASTCHANGED
D,TRADING,INTERCONNECTORRES,2,"2025/05/27 14:50:00",1,N-Q-MNSP1,178,-16.7,-9,-0.16,"2025/05/27 14:45:04"
D,TRADING,INTERCONNECTORRES,2,"2025/05/27 14:50:00",1,NSW1-QLD1,178,-64.7,-51.51,-0.86,"2025/05/27 14:45:04"
D,TRADING,INTERCONNECTORRES,2,"2025/05/27 14:50:00",1,T-V-MNSP1,178,-438.3,-478,25.62,"2025/05/27 14:45:04"
D,TRADING,INTERCONNECTORRES,2,"2025/05/27 14:50:00",1,V-S-MNSP1,178,147,146.7,15.16,"2025/05/27 14:45:04"
D,TRADING,INTERCONNECTORRES,2,"2025/05/27 14:50:00",1,V-SA,178,191.12,207.85,-0.55,"2025/05/27 14:45:04"
D,TRADING,INTERCONNECTORRES,2,"2025/05/27 14:50:00",1,VIC1-NSW1,178,101.67,80.42,4.53,"2025/05/27 14:45:04"
I,TRADING,PRICE,3,SETTLEMENTDATE,RUNNO,REGIONID,PERIODID,RRP,EEP,INVALIDFLAG,LASTCHANGED,ROP,RAISE6SECRRP,RAISE6SECROP,RAISE60SECRRP,RAISE60SECROP,RAISE5MINRRP,RAISE5MINROP,RAISEREGRRP,RAISEREGROP,LOWER6SECRRP,LOWER6SECROP,LOWER60SECRRP,LOWER60SECROP,LOWER5MINRRP,LOWER5MINROP,LOWERREGRRP,LOWERREGROP,RAISE1SECRRP,RAISE1SECROP,LOWER1SECRRP,LOWER1SECROP,PRICE_STATUS
D,TRADING,PRICE,3,"2025/05/27 14:50:00",1,SA1,178,-60.13,0,0,"2025/05/27 14:45:04",-60.13,0.1,0.1,0.1,0.1,0.1,0.1,9.24,9.24,0.37,0.37,0.38,0.38,0.38,0.38,10.12,10.12,0.36,0.36,0,0,FIRM
D,TRADING,PRICE,3,"2025/05/27 14:50:00",1,NSW1,178,36.5,0,0,"2025/05/27 14:45:04",36.5,0.1,0.1,0.1,0.1,0.1,0.1,9.24,9.24,0.37,0.37,0.38,0.38,0.38,0.38,10.12,10.12,0.36,0.36,0,0,FIRM
D,TRADING,PRICE,3,"2025/05/27 14:50:00",1,QLD1,178,36.82,0,0,"2025/05/27 14:45:04",36.82,0.1,0.1,0.1,0.1,0.1,0.1,9.24,9.24,0.37,0.37,0.38,0.38,0.38,0.38,10.12,10.12,0.36,0.36,0,0,FIRM
D,TRADING,PRICE,3,"2025/05/27 14:50:00",1,TAS1,178,75.24,0,0,"2025/05/27 14:45:04",75.24,0.38,0.38,0.38,0.38,0.36,0.36,7.4,7.4,0.37,0.37,0.38,0.38,0,0,2.48,2.48,0.36,0.36,0,0,FIRM
D,TRADING,PRICE,3,"2025/05/27 14:50:00",1,VIC1,178,34.31,0,0,"2025/05/27 14:45:04",34.31,0.1,0.1,0.1,0.1,0.1,0.1,9.24,9.24,0.37,0.37,0.38,0.38,0.38,0.38,10.12,10.12,0.36,0.36,0,0,FIRM
C,"END OF REPORT",15
