C,NEMP.WORLD,TRADINGIS,AEMO,PUBLIC,2025/05/28,08:45:15,0000000465219789,TRADINGIS,0000000465219788
I,TRADING,INTERCONNECTORRES,2,SETTLEMENTDATE,RUNNO,INTERCONNECTORID,PERIODID,METEREDMWFLOW,MWFLOW,MWLOSSES,LASTCHANGED
D,TRADING,INTERCONNECTORRES,2,"2025/05/28 08:50:00",1,N-Q-MNSP1,106,92.7,95.6,29.17,"2025/05/28 08:45:08"
D,TRADING,INTERCONNECTORRES,2,"2025/05/28 08:50:00",1,NSW1-QLD1,106,-595.1,-638.51,30.07,"2025/05/28 08:45:08"
D,TRADING,INTERCONNECTORRES,2,"2025/05/28 08:50:00",1,T-V-MNSP1,106,-454.8,-433.23,21.21,"2025/05/28 08:45:08"
D,TRADING,INTERCONNECTORRES,2,"2025/05/28 08:50:00",1,V-S-MNSP1,106,169,145.94,14.95,"2025/05/28 08:45:08"
D,TRADING,INTERCONNECTORRES,2,"2025/05/28 08:50:00",1,V-SA,106,461.99,404.18,20.47,"2025/05/28 08:45:08"
D,TRADING,INTERCONNECTORRES,2,"2025/05/28 08:50:00",1,VIC1-NSW1,106,-390.11,-392.7,8.67,"2025/05/28 08:45:08"
I,TRADING,PRICE,3,SETTLEMENTDATE,RUNNO,REGIONID,PERIODID,RRP,EEP,INVALIDFLAG,LASTCHANGED,ROP,RAISE6SECRRP,RAISE6SECROP,RAISE60SECRRP,RAISE60SECROP,RAISE5MINRRP,RAISE5MINROP,RAISEREGRRP,RAISEREGROP,LOWER6SECRRP,LOWER6SECROP,LOWER60SECRRP,LOWER60SECROP,LOWER5MINRRP,LOWER5MINROP,LOWERREGRRP,LOWERREGROP,RAISE1SECRRP,RAISE1SECROP,LOWER1SECRRP,LOWER1SECROP,PRICE_STATUS
D,TRADING,PRICE,3,"2025/05/28 08:50:00",1,SA1,106,173.98,0,0,"2025/05/28 08:45:08",173.98,0.23,0.23,0.1,0.1,0.1,0.1,19.92,19.92,0,0,0.38,0.38,0.38,0.38,3.7,3.7,0.36,0.36,0,0,FIRM
D,TRADING,PRICE,3,"2025/05/28 08:50:00",1,NSW1,106,-4.66,0,0,"2025/05/28 08:45:08",-4.66,0.23,0.23,0.1,0.1,0.1,0.1,19.92,19.92,0,0,0.38,0.38,0.38,0.38,3.7,3.7,0.36,0.36,0,0,FIRM
D,TRADING,PRICE,3,"2025/05/28 08:50:00",1,QLD1,106,-19.01,0,0,"2025/05/28 08:45:08",-19.01,0.23,0.23,0.1,0.1,0.1,0.1,19.92,19.92,7.89,7.89,7.89,7.89,0.38,0.38,3.7,3.7,0.36,0.36,0,0,FIRM
D,TRADING,PRICE,3,"2025/05/28 08:50:00",1,TAS1,106,150.24,0,0,"2025/05/28 08:45:08",150.24,0.38,0.38,0.38,0.38,0.1,0.1,8.4,8.4,0,0,0.38,0.38,0,0,2.48,2.48,0.36,0.36,0,0,FIRM
D,TRADING,PRICE,3,"2025/05/28 08:50:00",1,VIC1,106,132.72,0,0,"2025/05/28 08:45:08",132.72,0.23,0.23,0.1,0.1,0.1,0.1,19.92,19.92,0,0,0.38,0.38,0.38,0.38,3.7,3.7,0.36,0.36,0,0,FIRM
C,"END OF REPORT",15
