C,NEMP.WORLD,TRADINGIS,AEMO,PUBLIC,2025/05/26,15:00:16,0000000464961639,TRADINGIS,0000000464961638
I,TRADING,INTERCONNECTORRES,2,SETTLEMENTDATE,RUNNO,INTERCONNECTORID,PERIODID,METEREDMWFLOW,MWFLOW,MWLOSSES,LASTCHANGED
D,TRADING,INTERCONNECTORRES,2,"2025/05/26 15:05:00",1,N-Q-MNSP1,181,-27.6,-17,0.07,"2025/05/26 15:00:09"
D,TRADING,INTERCONNECTORRES,2,"2025/05/26 15:05:00",1,NSW1-QLD1,181,-595.5,-517.2,6.95,"2025/05/26 15:00:09"
D,TRADING,INTERCONNECTORRES,2,"2025/05/26 15:05:00",1,T-V-MNSP1,181,-433.4,-437.64,21.63,"2025/05/26 15:00:09"
D,TRADING,INTERCONNECTORRES,2,"2025/05/26 15:05:00",1,V-S-MNSP1,181,182,181.77,26.46,"2025/05/26 15:00:09"
D,TRADING,INTERCONNECTORRES,2,"2025/05/26 15:05:00",1,V-SA,181,-209.48,-267.89,6.94,"2025/05/26 15:00:09"
D,TRADING,INTERCONNECTORRES,2,"2025/05/26 15:05:00",1,VIC1-NSW1,181,677.98,809.51,87.12,"2025/05/26 15:00:09"
I,TRADING,PRICE,3,SETTLEMENTDATE,RUNNO,REGIONID,PERIODID,RRP,EEP,INVALIDFLAG,LASTCHANGED,ROP,RAISE6SECRRP,RAISE6SECROP,RAISE60SECRRP,RAISE60SECROP,RAISE5MINRRP,RAISE5MINROP,RAISEREGRRP,RAISEREGROP,LOWER6SECRRP,LOWER6SECROP,LOWER60SECRRP,LOWER60SECROP,LOWER5MINRRP,LOWER5MINROP,LOWERREGRRP,LOWERREGROP,RAISE1SECRRP,RAISE1SECROP,LOWER1SECRRP,LOWER1SECROP,PRICE_STATUS
D,TRADING,PRICE,3,"2025/05/26 15:05:00",1,SA1,181,-19.85,0,0,"2025/05/26 15:00:09",-19.85,0.23,0.23,0.1,0.1,0.1,0.1,9.24,9.24,0.39,0.39,0.45,0.45,0,0,0,0,0.37,0.37,0.04,0.04,FIRM
D,TRADING,PRICE,3,"2025/05/26 15:05:00",1,NSW1,181,59.01,0,0,"2025/05/26 15:00:09",59.01,0.23,0.23,0.1,0.1,0.1,0.1,9.24,9.24,0.39,0.39,0.45,0.45,0,0,0,0,0.37,0.37,0.04,0.04,FIRM
D,TRADING,PRICE,3,"2025/05/26 15:05:00",1,QLD1,181,55.63,0,0,"2025/05/26 15:00:09",55.63,0.23,0.23,0.1,0.1,0.1,0.1,9.24,9.24,0.39,0.39,0.45,0.45,0,0,0,0,0.37,0.37,0.04,0.04,FIRM
D,TRADING,PRICE,3,"2025/05/26 15:05:00",1,TAS1,181,11.25,0,0,"2025/05/26 15:00:09",11.25,0.38,0.38,0.38,0.38,0.1,0.1,8.8,8.8,0.38,0.38,0.38,0.38,0,0,2.55,2.55,0.37,0.37,0.04,0.04,FIRM
D,TRADING,PRICE,3,"2025/05/26 15:05:00",1,VIC1,181,-21,0,0,"2025/05/26 15:00:09",-21,0.23,0.23,0.1,0.1,0.1,0.1,9.24,9.24,0.39,0.39,0.45,0.45,0,0,0,0,0.37,0.37,0.04,0.04,FIRM
C,"END OF REPORT",15
