C,NEMP.WORLD,TRADINGIS,AEMO,PUBLIC,2025/05/27,19:20:11,0000000465141439,TRADINGIS,0000000465141438
I,TRADING,INTERCONNECTORRES,2,SETTLEMENTDATE,RUNNO,INTERCONNECTORID,PERIODID,METEREDMWFLOW,MWFLOW,MWLOSSES,LASTCHANGED
D,TRADING,INTERCONNECTORRES,2,"2025/05/27 19:25:00",1,N-Q-MNSP1,233,-0.2,-9,-0.16,"2025/05/27 19:20:03"
D,TRADING,INTERCONNECTORRES,2,"2025/05/27 19:25:00",1,NSW1-QLD1,233,-344.9,-416.48,-10.66,"2025/05/27 19:20:03"
D,TRADING,INTERCONNECTORRES,2,"2025/05/27 19:25:00",1,T-V-MNSP1,233,-269.8,-247.74,7.35,"2025/05/27 19:20:03"
D,TRADING,INTERCONNECTORRES,2,"2025/05/27 19:25:00",1,V-S-MNSP1,233,63,72,0.95,"2025/05/27 19:20:03"
D,TRADING,INTERCONNECTORRES,2,"2025/05/27 19:25:00",1,V-SA,233,356.89,358.1,16.84,"2025/05/27 19:20:03"
D,TRADING,INTERCONNECTORRES,2,"2025/05/27 19:25:00",1,VIC1-NSW1,233,-271.78,-290.78,6.57,"2025/05/27 19:20:03"
I,TRADING,PRICE,3,SETTLEMENTDATE,RUNNO,REGIONID,PERIODID,RRP,EEP,INVALIDFLAG,LASTCHANGED,ROP,RAISE6SECRRP,RAISE6SECROP,RAISE60SECRRP,RAISE60SECROP,RAISE5MINRRP,RAISE5MINROP,RAISEREGRRP,RAISEREGROP,LOWER6SECRRP,LOWER6SECROP,LOWER60SECRRP,LOWER60SECROP,LOWER5MINRRP,LOWER5MINROP,LOWERREGRRP,LOWERREGROP,RAISE1SECRRP,RAISE1SECROP,LOWER1SECRRP,LOWER1SECROP,PRICE_STATUS
D,TRADING,PRICE,3,"2025/05/27 19:25:00",1,SA1,233,125.22,0,0,"2025/05/27 19:20:03",125.22,0.38,0.38,0.23,0.23,0.15,0.15,0.61,0.61,0.03,0.03,0.37,0.37,0,0,0,0,0.3,0.3,0,0,FIRM
D,TRADING,PRICE,3,"2025/05/27 19:25:00",1,NSW1,233,109.23,0,0,"2025/05/27 19:20:03",109.23,0.38,0.38,0.23,0.23,0.15,0.15,0.61,0.61,0.03,0.03,0.37,0.37,0,0,0,0,0.3,0.3,0,0,FIRM
D,TRADING,PRICE,3,"2025/05/27 19:25:00",1,QLD1,233,108.12,0,0,"2025/05/27 19:20:03",108.12,0.38,0.38,0.23,0.23,0.15,0.15,0.61,0.61,0.03,0.03,0.37,0.37,0,0,0,0,0.3,0.3,0,0,FIRM
D,TRADING,PRICE,3,"2025/05/27 19:25:00",1,TAS1,233,119.3,0,0,"2025/05/27 19:20:03",119.3,0.38,0.38,0.36,0.36,0.15,0.15,8.4,8.4,0.03,0.03,0.37,0.37,0,0,2.48,2.48,0.3,0.3,0,0,FIRM
D,TRADING,PRICE,3,"2025/05/27 19:25:00",1,VIC1,233,114.61,0,0,"2025/05/27 19:20:03",114.61,0.38,0.38,0.23,0.23,0.15,0.15,0.61,0.61,0.03,0.03,0.37,0.37,0,0,0,0,0.3,0.3,0,0,FIRM
C,"END OF REPORT",15
