C,NEMP.WORLD,TRADINGIS,AEMO,PUBLIC,2025/05/27,14:25:15,0000000465108904,TRADINGIS,0000000465108903
I,TRADING,INTERCONNECTORRES,2,SETTLEMENTDATE,RUNNO,INTERCONNECTORID,PERIODID,METEREDMWFLOW,MWFLOW,MWLOSSES,LASTCHANGED
D,TRADING,INTERCONNECTORRES,2,"2025/05/27 14:30:00",1,N-Q-MNSP1,174,-10.9,-9,-0.16,"2025/05/27 14:25:07"
D,TRADING,INTERCONNECTORRES,2,"2025/05/27 14:30:00",1,NSW1-QLD1,174,-141.9,-18.42,-0.27,"2025/05/27 14:25:07"
D,TRADING,INTERCONNECTORRES,2,"2025/05/27 14:30:00",1,T-V-MNSP1,174,-346.7,-372.05,15.85,"2025/05/27 14:25:07"
D,TRADING,INTERCONNECTORRES,2,"2025/05/27 14:30:00",1,V-S-MNSP1,174,158,154.82,17.51,"2025/05/27 14:25:07"
D,TRADING,INTERCONNECTORRES,2,"2025/05/27 14:30:00",1,V-SA,174,56.02,117.88,-1.88,"2025/05/27 14:25:07"
D,TRADING,INTERCONNECTORRES,2,"2025/05/27 14:30:00",1,VIC1-NSW1,174,331.65,116.86,7.48,"2025/05/27 14:25:07"
I,TRADING,PRICE,3,SETTLEMENTDATE,RUNNO,REGIONID,PERIODID,RRP,EEP,INVALIDFLAG,LASTCHANGED,ROP,RAISE6SECRRP,RAISE6SECROP,RAISE60SECRRP,RAISE60SECROP,RAISE5MINRRP,RAISE5MINROP,RAISEREGRRP,RAISEREGROP,LOWER6SECRRP,LOWER6SECROP,LOWER60SECRRP,LOWER60SECROP,LOWER5MINRRP,LOWER5MINROP,LOWERREGRRP,LOWERREGROP,RAISE1SECRRP,RAISE1SECROP,LOWER1SECRRP,LOWER1SECROP,PRICE_STATUS
D,TRADING,PRICE,3,"2025/05/27 14:30:00",1,SA1,174,-91.25,0,0,"2025/05/27 14:25:07",-91.25,0.1,0.1,0.1,0.1,0.1,0.1,5.99,5.99,0.1,0.1,4.64,4.64,0.38,0.38,3.7,3.7,0.36,0.36,0,0,FIRM
D,TRADING,PRICE,3,"2025/05/27 14:30:00",1,NSW1,174,84.85,0,0,"2025/05/27 14:25:07",84.85,0.1,0.1,0.1,0.1,0.1,0.1,5.99,5.99,0.1,0.1,4.64,4.64,0.38,0.38,3.7,3.7,0.36,0.36,0,0,FIRM
D,TRADING,PRICE,3,"2025/05/27 14:30:00",1,QLD1,174,85.61,0,0,"2025/05/27 14:25:07",85.61,0.1,0.1,0.1,0.1,0.1,0.1,5.99,5.99,0.1,0.1,4.64,4.64,0.38,0.38,3.7,3.7,0.36,0.36,0,0,FIRM
D,TRADING,PRICE,3,"2025/05/27 14:30:00",1,TAS1,174,74.25,0,0,"2025/05/27 14:25:07",74.25,0.36,0.36,0.36,0.36,0.1,0.1,8.4,8.4,0.1,0.1,1.37,1.37,0.38,0.38,3.47,3.47,0.36,0.36,0,0,FIRM
D,TRADING,PRICE,3,"2025/05/27 14:30:00",1,VIC1,174,0,0,0,"2025/05/27 14:25:07",0,0.1,0.1,0.1,0.1,0.1,0.1,5.99,5.99,0.1,0.1,4.64,4.64,0.38,0.38,3.7,3.7,0.36,0.36,0,0,FIRM
C,"END OF REPORT",15
