C,NEMP.WORLD,TRADINGIS,AEMO,PUBLIC,2025/05/26,14:40:15,0000000464959577,TRADINGIS,0000000464959576
I,TRADING,INTERCONNECTORRES,2,SETTLEMENTDATE,RUNNO,INTERCONNECTORID,PERIODID,METEREDMWFLOW,MWFLOW,MWLOSSES,LASTCHANGED
D,TRADING,INTERCONNECTORRES,2,"2025/05/26 14:45:00",1,N-Q-MNSP1,177,-28.1,-25,0.65,"2025/05/26 14:40:08"
D,TRADING,INTERCONNECTORRES,2,"2025/05/26 14:45:00",1,NSW1-QLD1,177,-647,-779.71,33.58,"2025/05/26 14:40:08"
D,TRADING,INTERCONNECTORRES,2,"2025/05/26 14:45:00",1,T-V-MNSP1,177,-463.9,-438.82,21.74,"2025/05/26 14:40:08"
D,TRADING,INTERCONNECTORRES,2,"2025/05/26 14:45:00",1,V-S-MNSP1,177,180,180.53,26,"2025/05/26 14:40:08"
D,TRADING,INTERCONNECTORRES,2,"2025/05/26 14:45:00",1,V-SA,177,-293.77,169.5,5.37,"2025/05/26 14:40:08"
D,TRADING,INTERCONNECTORRES,2,"2025/05/26 14:45:00",1,VIC1-NSW1,177,600.99,136.98,6.28,"2025/05/26 14:40:08"
I,TRADING,PRICE,3,SETTLEMENTDATE,RUNNO,REGIONID,PERIODID,RRP,EEP,INVALIDFLAG,LASTCHANGED,ROP,RAISE6SECRRP,RAISE6SECROP,RAISE60SECRRP,RAISE60SECROP,RAISE5MINRRP,RAISE5MINROP,RAISEREGRRP,RAISEREGROP,LOWER6SECRRP,LOWER6SECROP,LOWER60SECRRP,LOWER60SECROP,LOWER5MINRRP,LOWER5MINROP,LOWERREGRRP,LOWERREGROP,RAISE1SECRRP,RAISE1SECROP,LOWER1SECRRP,LOWER1SECROP,PRICE_STATUS
D,TRADING,PRICE,3,"2025/05/26 14:45:00",1,SA1,177,-31.27,0,0,"2025/05/26 14:40:08",-31.27,0.1,0.1,0.04,0.04,0.04,0.04,21,21,0.38,0.38,0.86,0.86,0.38,0.38,5,5,0.04,0.04,0,0,FIRM
D,TRADING,PRICE,3,"2025/05/26 14:45:00",1,NSW1,177,104.85,0,0,"2025/05/26 14:40:08",104.85,0.1,0.1,0.04,0.04,0.04,0.04,21,21,0.38,0.38,0.86,0.86,0.38,0.38,5,5,0.04,0.04,0,0,FIRM
D,TRADING,PRICE,3,"2025/05/26 14:45:00",1,QLD1,177,93.45,0,0,"2025/05/26 14:40:08",93.45,0.1,0.1,0.04,0.04,0.04,0.04,21,21,0.38,0.38,0.86,0.86,0.38,0.38,5,5,0.04,0.04,0,0,FIRM
D,TRADING,PRICE,3,"2025/05/26 14:45:00",1,TAS1,177,11.25,0,0,"2025/05/26 14:40:08",11.25,0.38,0.38,0.38,0.38,0.04,0.04,8.8,8.8,0.38,0.38,0.86,0.86,0,0,2.55,2.55,0.04,0.04,0,0,FIRM
D,TRADING,PRICE,3,"2025/05/26 14:45:00",1,VIC1,177,-27.01,0,0,"2025/05/26 14:40:08",-27.01,0.1,0.1,0.04,0.04,0.04,0.04,21,21,0.38,0.38,0.86,0.86,0.38,0.38,5,5,0.04,0.04,0,0,FIRM
C,"END OF REPORT",15
