C,NEMP.WORLD,TRADINGIS,AEMO,PUBLIC,2025/05/29,05:45:10,0000000465346002,TRADINGIS,0000000465346001
I,TRADING,INTERCONNECTORRES,2,SETTLEMENTDATE,RUNNO,INTERCONNECTORID,PERIODID,METEREDMWFLOW,MWFLOW,MWLOSSES,LASTCHANGED
D,TRADING,INTERCONNECTORRES,2,"2025/05/29 05:50:00",1,N-Q-MNSP1,70,-17.8,-17,0.07,"2025/05/29 05:45:03"
D,TRADING,INTERCONNECTORRES,2,"2025/05/29 05:50:00",1,NSW1-QLD1,70,-382.3,-462.53,12.87,"2025/05/29 05:45:03"
D,TRADING,INTERCONNECTORRES,2,"2025/05/29 05:50:00",1,T-V-MNSP1,70,-429.7,-438,21.66,"2025/05/29 05:45:03"
D,TRADING,INTERCONNECTORRES,2,"2025/05/29 05:50:00",1,V-S-MNSP1,70,45,45,-0.87,"2025/05/29 05:45:03"
D,TRADING,INTERCONNECTORRES,2,"2025/05/29 05:50:00",1,V-SA,70,164.15,167.03,3.53,"2025/05/29 05:45:03"
D,TRADING,INTERCONNECTORRES,2,"2025/05/29 05:50:00",1,VIC1-NSW1,70,109.14,82.17,3.22,"2025/05/29 05:45:03"
I,TRADING,PRICE,3,SETTLEMENTDATE,RUNNO,REGIONID,PERIODID,RRP,EEP,INVALIDFLAG,LASTCHANGED,ROP,RAISE6SECRRP,RAISE6SECROP,RAISE60SECRRP,RAISE60SECROP,RAISE5MINRRP,RAISE5MINROP,RAISEREGRRP,RAISEREGROP,LOWER6SECRRP,LOWER6SECROP,LOWER60SECRRP,LOWER60SECROP,LOWER5MINRRP,LOWER5MINROP,LOWERREGRRP,LOWERREGROP,RAISE1SECRRP,RAISE1SECROP,LOWER1SECRRP,LOWER1SECROP,PRICE_STATUS
D,TRADING,PRICE,3,"2025/05/29 05:50:00",1,SA1,70,80.44,0,0,"2025/05/29 05:45:03",80.44,0.37,0.37,0.1,0.1,0.1,0.1,7.99,7.99,0.1,0.1,0.38,0.38,0.01,0.01,0.01,0.01,0.38,0.38,0,0,FIRM
D,TRADING,PRICE,3,"2025/05/29 05:50:00",1,NSW1,70,80.9,0,0,"2025/05/29 05:45:03",80.9,0.37,0.37,0.1,0.1,0.1,0.1,7.99,7.99,0.1,0.1,0.38,0.38,0.01,0.01,0.01,0.01,0.38,0.38,0,0,FIRM
D,TRADING,PRICE,3,"2025/05/29 05:50:00",1,QLD1,70,75.25,0,0,"2025/05/29 05:45:03",75.25,0.37,0.37,0.1,0.1,0.1,0.1,7.99,7.99,0.1,0.1,0.38,0.38,0.01,0.01,0.01,0.01,0.38,0.38,0,0,FIRM
D,TRADING,PRICE,3,"2025/05/29 05:50:00",1,TAS1,70,100.24,0,0,"2025/05/29 05:45:03",100.24,0.38,0.38,0.38,0.38,0.38,0.38,7.54,7.54,0.1,0.1,0.38,0.38,0,0,2.46,2.46,0.38,0.38,0,0,FIRM
D,TRADING,PRICE,3,"2025/05/29 05:50:00",1,VIC1,70,77.38,0,0,"2025/05/29 05:45:03",77.38,0.37,0.37,0.1,0.1,0.1,0.1,7.99,7.99,0.1,0.1,0.38,0.38,0.01,0.01,0.01,0.01,0.38,0.38,0,0,FIRM
C,"END OF REPORT",15
