C,NEMP.WORLD,TRADINGIS,AEMO,PUBLIC,2025/05/29,05:50:10,0000000465346474,TRADINGIS,0000000465346473
I,TRADING,INTERCONNECTORRES,2,SETTLEMENTDATE,RUNNO,INTERCONNECTORID,PERIODID,METEREDMWFLOW,MWFLOW,MWLOSSES,LASTCHANGED
D,TRADING,INTERCONNECTORRES,2,"2025/05/29 05:55:00",1,N-Q-MNSP1,71,-18.2,-17,0.07,"2025/05/29 05:50:03"
D,TRADING,INTERCONNECTORRES,2,"2025/05/29 05:55:00",1,NSW1-QLD1,71,-415.5,-463.02,12.18,"2025/05/29 05:50:03"
D,TRADING,INTERCONNECTORRES,2,"2025/05/29 05:55:00",1,T-V-MNSP1,71,-435.8,-438,21.66,"2025/05/29 05:50:03"
D,TRADING,INTERCONNECTORRES,2,"2025/05/29 05:55:00",1,V-S-MNSP1,71,45,45,-0.87,"2025/05/29 05:50:03"
D,TRADING,INTERCONNECTORRES,2,"2025/05/29 05:55:00",1,V-SA,71,160.98,167.52,3.72,"2025/05/29 05:50:03"
D,TRADING,INTERCONNECTORRES,2,"2025/05/29 05:55:00",1,VIC1-NSW1,71,151.16,111.85,4.59,"2025/05/29 05:50:03"
I,TRADING,PRICE,3,SETTLEMENTDATE,RUNNO,REGIONID,PERIODID,RRP,EEP,INVALIDFLAG,LASTCHANGED,ROP,RAISE6SECRRP,RAISE6SECROP,RAISE60SECRRP,RAISE60SECROP,RAISE5MINRRP,RAISE5MINROP,RAISEREGRRP,RAISEREGROP,LOWER6SECRRP,LOWER6SECROP,LOWER60SECRRP,LOWER60SECROP,LOWER5MINRRP,LOWER5MINROP,LOWERREGRRP,LOWERREGROP,RAISE1SECRRP,RAISE1SECROP,LOWER1SECRRP,LOWER1SECROP,PRICE_STATUS
D,TRADING,PRICE,3,"2025/05/29 05:55:00",1,SA1,71,89.56,0,0,"2025/05/29 05:50:03",89.56,0.38,0.38,0.1,0.1,0.15,0.15,7.6,7.6,0.14,0.14,0.38,0.38,0.1,0.1,3.49,3.49,0.38,0.38,0,0,FIRM
D,TRADING,PRICE,3,"2025/05/29 05:55:00",1,NSW1,71,90.65,0,0,"2025/05/29 05:50:03",90.65,0.38,0.38,0.1,0.1,0.15,0.15,7.6,7.6,0.14,0.14,0.38,0.38,0.1,0.1,3.49,3.49,0.38,0.38,0,0,FIRM
D,TRADING,PRICE,3,"2025/05/29 05:55:00",1,QLD1,71,84.45,0,0,"2025/05/29 05:50:03",84.45,0.38,0.38,0.1,0.1,0.15,0.15,7.6,7.6,0.14,0.14,0.38,0.38,0.1,0.1,3.49,3.49,0.38,0.38,0,0,FIRM
D,TRADING,PRICE,3,"2025/05/29 05:55:00",1,TAS1,71,100.24,0,0,"2025/05/29 05:50:03",100.24,0.38,0.38,0.38,0.38,0.38,0.38,7.54,7.54,0.14,0.14,0.38,0.38,0,0,2.46,2.46,0.38,0.38,0,0,FIRM
D,TRADING,PRICE,3,"2025/05/29 05:55:00",1,VIC1,71,86.07,0,0,"2025/05/29 05:50:03",86.07,0.38,0.38,0.1,0.1,0.15,0.15,7.6,7.6,0.14,0.14,0.38,0.38,0.1,0.1,3.49,3.49,0.38,0.38,0,0,FIRM
C,"END OF REPORT",15
