C,NEMP.WORLD,TRADINGIS,AEMO,PUBLIC,2025/05/27,18:35:09,0000000465136848,TRADINGIS,0000000465136847
I,TRADING,INTERCONNECTORRES,2,SETTLEMENTDATE,RUNNO,INTERCONNECTORID,PERIODID,METEREDMWFLOW,MWFLOW,MWLOSSES,LASTCHANGED
D,TRADING,INTERCONNECTORRES,2,"2025/05/27 18:40:00",1,N-Q-MNSP1,224,-7.9,-9,-0.16,"2025/05/27 18:35:03"
D,TRADING,INTERCONNECTORRES,2,"2025/05/27 18:40:00",1,NSW1-QLD1,224,-276.7,-299.36,-12.94,"2025/05/27 18:35:03"
D,TRADING,INTERCONNECTORRES,2,"2025/05/27 18:40:00",1,T-V-MNSP1,224,-344.3,-218.22,5.81,"2025/05/27 18:35:03"
D,TRADING,INTERCONNECTORRES,2,"2025/05/27 18:40:00",1,V-S-MNSP1,224,45,54,-0.46,"2025/05/27 18:35:03"
D,TRADING,INTERCONNECTORRES,2,"2025/05/27 18:40:00",1,V-SA,224,112.66,198.98,4.87,"2025/05/27 18:35:03"
D,TRADING,INTERCONNECTORRES,2,"2025/05/27 18:40:00",1,VIC1-NSW1,224,-296.54,-311.29,7.11,"2025/05/27 18:35:03"
I,TRADING,PRICE,3,SETTLEMENTDATE,RUNNO,REGIONID,PERIODID,RRP,EEP,INVALIDFLAG,LASTCHANGED,ROP,RAISE6SECRRP,RAISE6SECROP,RAISE60SECRRP,RAISE60SECROP,RAISE5MINRRP,RAISE5MINROP,RAISEREGRRP,RAISEREGROP,LOWER6SECRRP,LOWER6SECROP,LOWER60SECRRP,LOWER60SECROP,LOWER5MINRRP,LOWER5MINROP,LOWERREGRRP,LOWERREGROP,RAISE1SECRRP,RAISE1SECROP,LOWER1SECRRP,LOWER1SECROP,PRICE_STATUS
D,TRADING,PRICE,3,"2025/05/27 18:40:00",1,SA1,224,162.45,0,0,"2025/05/27 18:35:03",162.45,0.38,0.38,0.36,0.36,0.23,0.23,1,1,0.03,0.03,0.15,0.15,0.37,0.37,15.17,15.17,0.36,0.36,0,0,FIRM
D,TRADING,PRICE,3,"2025/05/27 18:40:00",1,NSW1,224,120.89,0,0,"2025/05/27 18:35:03",120.89,0.38,0.38,0.36,0.36,0.23,0.23,1,1,0.03,0.03,0.15,0.15,0.37,0.37,15.17,15.17,0.36,0.36,0,0,FIRM
D,TRADING,PRICE,3,"2025/05/27 18:40:00",1,QLD1,224,122.74,0,0,"2025/05/27 18:35:03",122.74,0.38,0.38,0.36,0.36,0.23,0.23,1,1,0.03,0.03,0.15,0.15,0.37,0.37,15.17,15.17,0.36,0.36,0,0,FIRM
D,TRADING,PRICE,3,"2025/05/27 18:40:00",1,TAS1,224,160.24,0,0,"2025/05/27 18:35:03",160.24,0.38,0.38,0.36,0.36,0.23,0.23,7.4,7.4,0.03,0.03,0.15,0.15,0.37,0.37,2.52,2.52,0.36,0.36,0,0,FIRM
D,TRADING,PRICE,3,"2025/05/27 18:40:00",1,VIC1,224,155.12,0,0,"2025/05/27 18:35:03",155.12,0.38,0.38,0.36,0.36,0.23,0.23,1,1,0.03,0.03,0.15,0.15,0.37,0.37,15.17,15.17,0.36,0.36,0,0,FIRM
C,"END OF REPORT",15
