C,NEMP.WORLD,TRADINGIS,AEMO,PUBLIC,2025/05/26,15:55:11,0000000464967521,TRADINGIS,0000000464967520
I,TRADING,INTERCONNECTORRES,2,SETTLEMENTDATE,RUNNO,INTERCONNECTORID,PERIODID,METEREDMWFLOW,MWFLOW,MWLOSSES,LASTCHANGED
D,TRADING,INTERCONNECTORRES,2,"2025/05/26 16:00:00",1,N-Q-MNSP1,192,-1.9,0,0,"2025/05/26 15:55:04"
D,TRADING,INTERCONNECTORRES,2,"2025/05/26 16:00:00",1,NSW1-QLD1,192,4.7,45.29,2.31,"2025/05/26 15:55:04"
D,TRADING,INTERCONNECTORRES,2,"2025/05/26 16:00:00",1,T-V-MNSP1,192,-399.8,-436.97,21.56,"2025/05/26 15:55:04"
D,TRADING,INTERCONNECTORRES,2,"2025/05/26 16:00:00",1,V-S-MNSP1,192,-123,-158.2,41.83,"2025/05/26 15:55:04"
D,TRADING,INTERCONNECTORRES,2,"2025/05/26 16:00:00",1,V-SA,192,-65.5,-216.51,3.81,"2025/05/26 15:55:04"
D,TRADING,INTERCONNECTORRES,2,"2025/05/26 16:00:00",1,VIC1-NSW1,192,936.97,1015.76,112.52,"2025/05/26 15:55:04"
I,TRADING,PRICE,3,SETTLEMENTDATE,RUNNO,REGIONID,PERIODID,RRP,EEP,INVALIDFLAG,LASTCHANGED,ROP,RAISE6SECRRP,RAISE6SECROP,RAISE60SECRRP,RAISE60SECROP,RAISE5MINRRP,RAISE5MINROP,RAISEREGRRP,RAISEREGROP,LOWER6SECRRP,LOWER6SECROP,LOWER60SECRRP,LOWER60SECROP,LOWER5MINRRP,LOWER5MINROP,LOWERREGRRP,LOWERREGROP,RAISE1SECRRP,RAISE1SECROP,LOWER1SECRRP,LOWER1SECROP,PRICE_STATUS
D,TRADING,PRICE,3,"2025/05/26 16:00:00",1,SA1,192,3.84,0,0,"2025/05/26 15:55:04",3.84,0.37,0.37,0.1,0.1,0.1,0.1,5.99,5.99,0.14,0.14,0.38,0.38,0.45,0.45,6,6,0.81,0.81,0,0,FIRM
D,TRADING,PRICE,3,"2025/05/26 16:00:00",1,NSW1,192,139.99,0,0,"2025/05/26 15:55:04",139.99,0.37,0.37,0.1,0.1,0.1,0.1,5.99,5.99,0.14,0.14,0.38,0.38,0.45,0.45,6,6,0.81,0.81,0,0,FIRM
D,TRADING,PRICE,3,"2025/05/26 16:00:00",1,QLD1,192,147.59,0,0,"2025/05/26 15:55:04",147.59,0.37,0.37,0.1,0.1,0.1,0.1,5.99,5.99,0.14,0.14,0.38,0.38,0.45,0.45,6,6,0.81,0.81,0,0,FIRM
D,TRADING,PRICE,3,"2025/05/26 16:00:00",1,TAS1,192,34.28,0,0,"2025/05/26 15:55:04",34.28,0.38,0.38,0.38,0.38,0.36,0.36,7.8,7.8,0.14,0.14,0.38,0.38,0,0,2.55,2.55,0.81,0.81,0,0,FIRM
D,TRADING,PRICE,3,"2025/05/26 16:00:00",1,VIC1,192,8.95,0,0,"2025/05/26 15:55:04",8.95,0.37,0.37,0.1,0.1,0.1,0.1,5.99,5.99,0.14,0.14,0.38,0.38,0.45,0.45,6,6,0.81,0.81,0,0,FIRM
C,"END OF REPORT",15
