C,NEMP.WORLD,TRADINGIS,AEMO,PUBLIC,2025/05/27,23:55:10,0000000465168072,TRADINGIS,0000000465168071
I,TRADING,INTERCONNECTORRES,2,SETTLEMENTDATE,RUNNO,INTERCONNECTORID,PERIODID,METEREDMWFLOW,MWFLOW,MWLOSSES,LASTCHANGED
D,TRADING,INTERCONNECTORRES,2,"2025/05/28 00:00:00",1,N-Q-MNSP1,288,-13.5,-9,-0.16,"2025/05/27 23:55:03"
D,TRADING,INTERCONNECTORRES,2,"2025/05/28 00:00:00",1,NSW1-QLD1,288,-72,-82.2,-0.47,"2025/05/27 23:55:03"
D,TRADING,INTERCONNECTORRES,2,"2025/05/28 00:00:00",1,T-V-MNSP1,288,-426.1,-474.55,25.27,"2025/05/27 23:55:03"
D,TRADING,INTERCONNECTORRES,2,"2025/05/28 00:00:00",1,V-S-MNSP1,288,81,161,19.4,"2025/05/27 23:55:03"
D,TRADING,INTERCONNECTORRES,2,"2025/05/28 00:00:00",1,V-SA,288,569.18,570.18,41.89,"2025/05/27 23:55:03"
D,TRADING,INTERCONNECTORRES,2,"2025/05/28 00:00:00",1,VIC1-NSW1,288,668.1,679.46,54.01,"2025/05/27 23:55:03"
I,TRADING,PRICE,3,SETTLEMENTDATE,RUNNO,REGIONID,PERIODID,RRP,EEP,INVALIDFLAG,LASTCHANGED,ROP,RAISE6SECRRP,RAISE6SECROP,RAISE60SECRRP,RAISE60SECROP,RAISE5MINRRP,RAISE5MINROP,RAISEREGRRP,RAISEREGROP,LOWER6SECRRP,LOWER6SECROP,LOWER60SECRRP,LOWER60SECROP,LOWER5MINRRP,LOWER5MINROP,LOWERREGRRP,LOWERREGROP,RAISE1SECRRP,RAISE1SECROP,LOWER1SECRRP,LOWER1SECROP,PRICE_STATUS
D,TRADING,PRICE,3,"2025/05/28 00:00:00",1,SA1,288,47.36,0,0,"2025/05/27 23:55:03",47.36,0.1,0.1,0.1,0.1,0.1,0.1,5.46,5.46,0.1,0.1,0.1,0.1,0.1,0.1,0.93,0.93,0.3,0.3,0,0,FIRM
D,TRADING,PRICE,3,"2025/05/28 00:00:00",1,NSW1,288,57.01,0,0,"2025/05/27 23:55:03",57.01,0.1,0.1,0.1,0.1,0.1,0.1,5.46,5.46,0.1,0.1,0.1,0.1,0.1,0.1,0.93,0.93,0.3,0.3,0,0,FIRM
D,TRADING,PRICE,3,"2025/05/28 00:00:00",1,QLD1,288,57.05,0,0,"2025/05/27 23:55:03",57.05,0.1,0.1,0.1,0.1,0.1,0.1,5.46,5.46,0.1,0.1,0.1,0.1,0.1,0.1,0.93,0.93,0.3,0.3,0,0,FIRM
D,TRADING,PRICE,3,"2025/05/28 00:00:00",1,TAS1,288,76.02,0,0,"2025/05/27 23:55:03",76.02,0.38,0.38,0.38,0.38,0.36,0.36,8.4,8.4,0.1,0.1,0.1,0.1,0,0,2.48,2.48,0.3,0.3,0,0,FIRM
D,TRADING,PRICE,3,"2025/05/28 00:00:00",1,VIC1,288,30.15,0,0,"2025/05/27 23:55:03",30.15,0.1,0.1,0.1,0.1,0.1,0.1,5.46,5.46,0.1,0.1,0.1,0.1,0.1,0.1,0.93,0.93,0.3,0.3,0,0,FIRM
C,"END OF REPORT",15
