C,NEMP.WORLD,TRADINGIS,AEMO,PUBLIC,2025/05/28,18:15:11,0000000465279755,TRADINGIS,0000000465279754
I,TRADING,INTERCONNECTORRES,2,SETTLEMENTDATE,RUNNO,INTERCONNECTORID,PERIODID,METEREDMWFLOW,MWFLOW,MWLOSSES,LASTCHANGED
D,TRADING,INTERCONNECTORRES,2,"2025/05/28 18:20:00",1,N-Q-MNSP1,220,-169.5,-161,64.29,"2025/05/28 18:15:03"
D,TRADING,INTERCONNECTORRES,2,"2025/05/28 18:20:00",1,NSW1-QLD1,220,-374.7,-354.39,-12.18,"2025/05/28 18:15:03"
D,TRADING,INTERCONNECTORRES,2,"2025/05/28 18:20:00",1,T-V-MNSP1,220,285.7,225.66,4.41,"2025/05/28 18:15:03"
D,TRADING,INTERCONNECTORRES,2,"2025/05/28 18:20:00",1,V-S-MNSP1,220,90,108,6.11,"2025/05/28 18:15:03"
D,TRADING,INTERCONNECTORRES,2,"2025/05/28 18:20:00",1,V-SA,220,517.43,550,39.11,"2025/05/28 18:15:03"
D,TRADING,INTERCONNECTORRES,2,"2025/05/28 18:20:00",1,VIC1-NSW1,220,-839.69,-857.66,63.62,"2025/05/28 18:15:03"
I,TRADING,PRICE,3,SETTLEMENTDATE,RUNNO,REGIONID,PERIODID,RRP,EEP,INVALIDFLAG,LASTCHANGED,ROP,RAISE6SECRRP,RAISE6SECROP,RAISE60SECRRP,RAISE60SECROP,RAISE5MINRRP,RAISE5MINROP,RAISEREGRRP,RAISEREGROP,LOWER6SECRRP,LOWER6SECROP,LOWER60SECRRP,LOWER60SECROP,LOWER5MINRRP,LOWER5MINROP,LOWERREGRRP,LOWERREGROP,RAISE1SECRRP,RAISE1SECROP,LOWER1SECRRP,LOWER1SECROP,PRICE_STATUS
D,TRADING,PRICE,3,"2025/05/28 18:20:00",1,SA1,220,129.99,0,0,"2025/05/28 18:15:03",129.99,0.38,0.38,0.23,0.23,0.15,0.15,10.98,10.98,0,0,0.03,0.03,0,0,3.59,3.59,0.04,0.04,0,0,FIRM
D,TRADING,PRICE,3,"2025/05/28 18:20:00",1,NSW1,220,235.77,0,0,"2025/05/28 18:15:03",235.77,0.38,0.38,0.23,0.23,0.15,0.15,10.98,10.98,0,0,0.03,0.03,0,0,3.59,3.59,0.04,0.04,0,0,FIRM
D,TRADING,PRICE,3,"2025/05/28 18:20:00",1,QLD1,220,77.43,0,0,"2025/05/28 18:15:03",77.43,2.19,2.19,2.49,2.49,0.15,0.15,10.98,10.98,77.73,77.73,77.73,77.73,7.89,7.89,11.48,11.48,0.04,0.04,0,0,FIRM
D,TRADING,PRICE,3,"2025/05/28 18:20:00",1,TAS1,220,102.1,0,0,"2025/05/28 18:15:03",102.1,0.38,0.38,0.23,0.23,0.15,0.15,8.4,8.4,0,0,0.03,0.03,0,0,3.48,3.48,0.04,0.04,0,0,FIRM
D,TRADING,PRICE,3,"2025/05/28 18:20:00",1,VIC1,220,108.97,0,0,"2025/05/28 18:15:03",108.97,0.38,0.38,0.23,0.23,0.15,0.15,10.98,10.98,0,0,0.03,0.03,0,0,3.59,3.59,0.04,0.04,0,0,FIRM
C,"END OF REPORT",15
