C,NEMP.WORLD,TRADINGIS,AEMO,PUBLIC,2025/05/26,13:30:15,0000000464952254,TRADINGIS,0000000464952253
I,TRADING,INTERCONNECTORRES,2,SETTLEMENTDATE,RUNNO,INTERCONNECTORID,PERIODID,METEREDMWFLOW,MWFLOW,MWLOSSES,LASTCHANGED
D,TRADING,INTERCONNECTORRES,2,"2025/05/26 13:35:00",1,N-Q-MNSP1,163,-34.8,-41,2.87,"2025/05/26 13:30:08"
D,TRADING,INTERCONNECTORRES,2,"2025/05/26 13:35:00",1,NSW1-QLD1,163,-815.7,-994.25,78.04,"2025/05/26 13:30:08"
D,TRADING,INTERCONNECTORRES,2,"2025/05/26 13:35:00",1,T-V-MNSP1,163,-439.5,-442.69,22.1,"2025/05/26 13:30:08"
D,TRADING,INTERCONNECTORRES,2,"2025/05/26 13:35:00",1,V-S-MNSP1,163,168,167.88,21.64,"2025/05/26 13:30:08"
D,TRADING,INTERCONNECTORRES,2,"2025/05/26 13:35:00",1,V-SA,163,93.4,190.86,8.43,"2025/05/26 13:30:08"
D,TRADING,INTERCONNECTORRES,2,"2025/05/26 13:35:00",1,VIC1-NSW1,163,444.4,50,1.68,"2025/05/26 13:30:08"
I,TRADING,PRICE,3,SETTLEMENTDATE,RUNNO,REGIONID,PERIODID,RRP,EEP,INVALIDFLAG,LASTCHANGED,ROP,RAISE6SECRRP,RAISE6SECROP,RAISE60SECRRP,RAISE60SECROP,RAISE5MINRRP,RAISE5MINROP,RAISEREGRRP,RAISEREGROP,LOWER6SECRRP,LOWER6SECROP,LOWER60SECRRP,LOWER60SECROP,LOWER5MINRRP,LOWER5MINROP,LOWERREGRRP,LOWERREGROP,RAISE1SECRRP,RAISE1SECROP,LOWER1SECRRP,LOWER1SECROP,PRICE_STATUS
D,TRADING,PRICE,3,"2025/05/26 13:35:00",1,SA1,163,-53.66,0,0,"2025/05/26 13:30:08",-53.66,0.1,0.1,0.1,0.1,0.1,0.1,9.25,9.25,3,3,7.8,7.8,0.39,0.39,2.26,2.26,0.3,0.3,0.01,0.01,FIRM
D,TRADING,PRICE,3,"2025/05/26 13:35:00",1,NSW1,163,80.87,0,0,"2025/05/26 13:30:08",80.87,0.1,0.1,0.1,0.1,0.1,0.1,9.25,9.25,3,3,7.8,7.8,0.39,0.39,2.26,2.26,0.3,0.3,0.01,0.01,FIRM
D,TRADING,PRICE,3,"2025/05/26 13:35:00",1,QLD1,163,68.22,0,0,"2025/05/26 13:30:08",68.22,0.1,0.1,0.1,0.1,0.1,0.1,9.25,9.25,3,3,7.8,7.8,0.39,0.39,2.26,2.26,0.3,0.3,0.01,0.01,FIRM
D,TRADING,PRICE,3,"2025/05/26 13:35:00",1,TAS1,163,11.25,0,0,"2025/05/26 13:30:08",11.25,0.38,0.38,0.38,0.38,0.1,0.1,8.8,8.8,0.38,0.38,1.33,1.33,0,0,3.55,3.55,0.3,0.3,0.01,0.01,FIRM
D,TRADING,PRICE,3,"2025/05/26 13:35:00",1,VIC1,163,-50.21,0,0,"2025/05/26 13:30:08",-50.21,0.1,0.1,0.1,0.1,0.1,0.1,9.25,9.25,3,3,7.8,7.8,0.39,0.39,2.26,2.26,0.3,0.3,0.01,0.01,FIRM
C,"END OF REPORT",15
