C,NEMP.WORLD,TRADINGIS,AEMO,PUBLIC,2025/05/28,15:30:11,0000000465262308,TRADINGIS,0000000465262307
I,TRADING,INTERCONNECTORRES,2,SETTLEMENTDATE,RUNNO,INTERCONNECTORID,PERIODID,METEREDMWFLOW,MWFLOW,MWLOSSES,LASTCHANGED
D,TRADING,INTERCONNECTORRES,2,"2025/05/28 15:35:00",1,N-Q-MNSP1,187,-19.1,-17,0.07,"2025/05/28 15:30:03"
D,TRADING,INTERCONNECTORRES,2,"2025/05/28 15:35:00",1,NSW1-QLD1,187,-381.1,-462.69,8.48,"2025/05/28 15:30:03"
D,TRADING,INTERCONNECTORRES,2,"2025/05/28 15:35:00",1,T-V-MNSP1,187,-254.5,-213.17,5.56,"2025/05/28 15:30:03"
D,TRADING,INTERCONNECTORRES,2,"2025/05/28 15:35:00",1,V-S-MNSP1,187,72,72,0.95,"2025/05/28 15:30:03"
D,TRADING,INTERCONNECTORRES,2,"2025/05/28 15:35:00",1,V-SA,187,454.9,525.79,21.28,"2025/05/28 15:30:03"
D,TRADING,INTERCONNECTORRES,2,"2025/05/28 15:35:00",1,VIC1-NSW1,187,-248.06,-285.29,-4.99,"2025/05/28 15:30:03"
I,TRADING,PRICE,3,SETTLEMENTDATE,RUNNO,REGIONID,PERIODID,RRP,EEP,INVALIDFLAG,LASTCHANGED,ROP,RAISE6SECRRP,RAISE6SECROP,RAISE60SECRRP,RAISE60SECROP,RAISE5MINRRP,RAISE5MINROP,RAISEREGRRP,RAISEREGROP,LOWER6SECRRP,LOWER6SECROP,LOWER60SECRRP,LOWER60SECROP,LOWER5MINRRP,LOWER5MINROP,LOWERREGRRP,LOWERREGROP,RAISE1SECRRP,RAISE1SECROP,LOWER1SECRRP,LOWER1SECROP,PRICE_STATUS
D,TRADING,PRICE,3,"2025/05/28 15:35:00",1,SA1,187,160.42,0,0,"2025/05/28 15:30:03",160.42,0.38,0.38,0.1,0.1,0.1,0.1,24.08,24.08,0.1,0.1,0.38,0.38,0.38,0.38,3.7,3.7,0.38,0.38,0,0,FIRM
D,TRADING,PRICE,3,"2025/05/28 15:35:00",1,NSW1,187,111.2,0,0,"2025/05/28 15:30:03",111.2,0.38,0.38,0.1,0.1,0.1,0.1,24.08,24.08,0.1,0.1,0.38,0.38,0.38,0.38,3.7,3.7,0.38,0.38,0,0,FIRM
D,TRADING,PRICE,3,"2025/05/28 15:35:00",1,QLD1,187,96.83,0,0,"2025/05/28 15:30:03",96.83,0.38,0.38,0.1,0.1,0.1,0.1,24.08,24.08,0.38,0.38,7.89,7.89,0.38,0.38,3.7,3.7,0.38,0.38,0,0,FIRM
D,TRADING,PRICE,3,"2025/05/28 15:35:00",1,TAS1,187,150.24,0,0,"2025/05/28 15:30:03",150.24,0.38,0.38,0.38,0.38,0.1,0.1,7.4,7.4,0.1,0.1,0.38,0.38,0.38,0.38,4.48,4.48,0.38,0.38,0,0,FIRM
D,TRADING,PRICE,3,"2025/05/28 15:35:00",1,VIC1,187,145.44,0,0,"2025/05/28 15:30:03",145.44,0.38,0.38,0.1,0.1,0.1,0.1,24.08,24.08,0.1,0.1,0.38,0.38,0.38,0.38,3.7,3.7,0.38,0.38,0,0,FIRM
C,"END OF REPORT",15
