C,NEMP.WORLD,TRADINGIS,AEMO,PUBLIC,2025/05/27,01:25:13,0000000465027058,TRADINGIS,0000000465027057
I,TRADING,INTERCONNECTORRES,2,SETTLEMENTDATE,RUNNO,INTERCONNECTORID,PERIODID,METEREDMWFLOW,MWFLOW,MWLOSSES,LASTCHANGED
D,TRADING,INTERCONNECTORRES,2,"2025/05/27 01:30:00",1,N-Q-MNSP1,18,7.3,9,0.6,"2025/05/27 01:25:06"
D,TRADING,INTERCONNECTORRES,2,"2025/05/27 01:30:00",1,NSW1-QLD1,18,473.2,496.76,23.25,"2025/05/27 01:25:06"
D,TRADING,INTERCONNECTORRES,2,"2025/05/27 01:30:00",1,T-V-MNSP1,18,-429.7,-456.44,23.44,"2025/05/27 01:25:06"
D,TRADING,INTERCONNECTORRES,2,"2025/05/27 01:30:00",1,V-S-MNSP1,18,-144,-144.75,35.91,"2025/05/27 01:25:06"
D,TRADING,INTERCONNECTORRES,2,"2025/05/27 01:30:00",1,V-SA,18,-343.22,-327.61,5.89,"2025/05/27 01:25:06"
D,TRADING,INTERCONNECTORRES,2,"2025/05/27 01:30:00",1,VIC1-NSW1,18,1146.57,1064,115.04,"2025/05/27 01:25:06"
I,TRADING,PRICE,3,SETTLEMENTDATE,RUNNO,REGIONID,PERIODID,RRP,EEP,INVALIDFLAG,LASTCHANGED,ROP,RAISE6SECRRP,RAISE6SECROP,RAISE60SECRRP,RAISE60SECROP,RAISE5MINRRP,RAISE5MINROP,RAISEREGRRP,RAISEREGROP,LOWER6SECRRP,LOWER6SECROP,LOWER60SECRRP,LOWER60SECROP,LOWER5MINRRP,LOWER5MINROP,LOWERREGRRP,LOWERREGROP,RAISE1SECRRP,RAISE1SECROP,LOWER1SECRRP,LOWER1SECROP,PRICE_STATUS
D,TRADING,PRICE,3,"2025/05/27 01:30:00",1,SA1,18,-13.14,0,0,"2025/05/27 01:25:06",-13.14,0.01,0.01,0.01,0.01,0.04,0.04,5.99,5.99,0.39,0.39,1.44,1.44,0,0,0,0,0.04,0.04,0,0,FIRM
D,TRADING,PRICE,3,"2025/05/27 01:30:00",1,NSW1,18,40.96,0,0,"2025/05/27 01:25:06",40.96,0.01,0.01,0.01,0.01,0.04,0.04,5.99,5.99,0.39,0.39,1.44,1.44,0,0,0,0,0.04,0.04,0,0,FIRM
D,TRADING,PRICE,3,"2025/05/27 01:30:00",1,QLD1,18,44.94,0,0,"2025/05/27 01:25:06",44.94,0.01,0.01,0.01,0.01,0.04,0.04,5.99,5.99,0.39,0.39,1.44,1.44,0,0,0,0,0.04,0.04,0,0,FIRM
D,TRADING,PRICE,3,"2025/05/27 01:30:00",1,TAS1,18,34.28,0,0,"2025/05/27 01:25:06",34.28,0.38,0.38,0.38,0.38,0.36,0.36,8.8,8.8,0.38,0.38,1.33,1.33,0,0,2.55,2.55,0.04,0.04,0,0,FIRM
D,TRADING,PRICE,3,"2025/05/27 01:30:00",1,VIC1,18,-13.91,0,0,"2025/05/27 01:25:06",-13.91,0.01,0.01,0.01,0.01,0.04,0.04,5.99,5.99,0.39,0.39,1.44,1.44,0,0,0,0,0.04,0.04,0,0,FIRM
C,"END OF REPORT",15
