C,NEMP.WORLD,TRADINGIS,AEMO,PUBLIC,2025/05/29,17:05:10,0000000465415552,TRADINGIS,0000000465415551
I,TRADING,INTERCONNECTORRES,2,SETTLEMENTDATE,RUNNO,INTERCONNECTORID,PERIODID,METEREDMWFLOW,MWFLOW,MWLOSSES,LASTCHANGED
D,TRADING,INTERCONNECTORRES,2,"2025/05/29 17:10:00",1,N-Q-MNSP1,206,-25.4,-17,0.07,"2025/05/29 17:05:03"
D,TRADING,INTERCONNECTORRES,2,"2025/05/29 17:10:00",1,NSW1-QLD1,206,-885.6,-710.21,2.24,"2025/05/29 17:05:03"
D,TRADING,INTERCONNECTORRES,2,"2025/05/29 17:10:00",1,T-V-MNSP1,206,195.3,166.28,2.22,"2025/05/29 17:05:03"
D,TRADING,INTERCONNECTORRES,2,"2025/05/29 17:10:00",1,V-S-MNSP1,206,27,27,-1.11,"2025/05/29 17:05:03"
D,TRADING,INTERCONNECTORRES,2,"2025/05/29 17:10:00",1,V-SA,206,48.26,-5.47,0.07,"2025/05/29 17:05:03"
D,TRADING,INTERCONNECTORRES,2,"2025/05/29 17:10:00",1,VIC1-NSW1,206,10.45,0,0,"2025/05/29 17:05:03"
I,TRADING,PRICE,3,SETTLEMENTDATE,RUNNO,REGIONID,PERIODID,RRP,EEP,INVALIDFLAG,LASTCHANGED,ROP,RAISE6SECRRP,RAISE6SECROP,RAISE60SECRRP,RAISE60SECROP,RAISE5MINRRP,RAISE5MINROP,RAISEREGRRP,RAISEREGROP,LOWER6SECRRP,LOWER6SECROP,LOWER60SECRRP,LOWER60SECROP,LOWER5MINRRP,LOWER5MINROP,LOWERREGRRP,LOWERREGROP,RAISE1SECRRP,RAISE1SECROP,LOWER1SECRRP,LOWER1SECROP,PRICE_STATUS
D,TRADING,PRICE,3,"2025/05/29 17:10:00",1,SA1,206,138,0,0,"2025/05/29 17:05:03",138,0.38,0.38,0.38,0.38,0.23,0.23,15.9,15.9,0.38,0.38,0.38,0.38,0.39,0.39,7.95,7.95,0.3,0.3,0,0,FIRM
D,TRADING,PRICE,3,"2025/05/29 17:10:00",1,NSW1,206,315.78,0,0,"2025/05/29 17:05:03",315.78,0.38,0.38,0.38,0.38,0.23,0.23,15.9,15.9,0.38,0.38,0.38,0.38,0.39,0.39,7.95,7.95,0.3,0.3,0,0,FIRM
D,TRADING,PRICE,3,"2025/05/29 17:10:00",1,QLD1,206,295,0,0,"2025/05/29 17:05:03",295,0.38,0.38,0.38,0.38,0.23,0.23,15.9,15.9,0.38,0.38,0.38,0.38,0.39,0.39,7.95,7.95,0.3,0.3,0,0,FIRM
D,TRADING,PRICE,3,"2025/05/29 17:10:00",1,TAS1,206,132.62,0,0,"2025/05/29 17:05:03",132.62,0.38,0.38,0.38,0.38,0.23,0.23,7.54,7.54,0.38,0.38,0.38,0.38,0.39,0.39,2.46,2.46,0.3,0.3,0,0,FIRM
D,TRADING,PRICE,3,"2025/05/29 17:10:00",1,VIC1,206,139.7,0,0,"2025/05/29 17:05:03",139.7,0.38,0.38,0.38,0.38,0.23,0.23,15.9,15.9,0.38,0.38,0.38,0.38,0.39,0.39,7.95,7.95,0.3,0.3,0,0,FIRM
C,"END OF REPORT",15
