C,NEMP.WORLD,TRADINGIS,AEMO,PUBLIC,2025/05/28,04:50:14,0000000465196897,TRADINGIS,0000000465196896
I,TRADING,INTERCONNECTORRES,2,SETTLEMENTDATE,RUNNO,INTERCONNECTORID,PERIODID,METEREDMWFLOW,MWFLOW,MWLOSSES,LASTCHANGED
D,TRADING,INTERCONNECTORRES,2,"2025/05/28 04:55:00",1,N-Q-MNSP1,59,-2,0,0,"2025/05/28 04:50:04"
D,TRADING,INTERCONNECTORRES,2,"2025/05/28 04:55:00",1,NSW1-QLD1,59,148.1,144.41,2.55,"2025/05/28 04:50:04"
D,TRADING,INTERCONNECTORRES,2,"2025/05/28 04:55:00",1,T-V-MNSP1,59,-396.8,-435.21,21.4,"2025/05/28 04:50:04"
D,TRADING,INTERCONNECTORRES,2,"2025/05/28 04:55:00",1,V-S-MNSP1,59,166,166.01,21.02,"2025/05/28 04:50:04"
D,TRADING,INTERCONNECTORRES,2,"2025/05/28 04:55:00",1,V-SA,59,559.97,564.76,41.76,"2025/05/28 04:50:04"
D,TRADING,INTERCONNECTORRES,2,"2025/05/28 04:55:00",1,VIC1-NSW1,59,652.79,642.51,54.44,"2025/05/28 04:50:04"
I,TRADING,PRICE,3,SETTLEMENTDATE,RUNNO,REGIONID,PERIODID,RRP,EEP,INVALIDFLAG,LASTCHANGED,ROP,RAISE6SECRRP,RAISE6SECROP,RAISE60SECRRP,RAISE60SECROP,RAISE5MINRRP,RAISE5MINROP,RAISEREGRRP,RAISEREGROP,LOWER6SECRRP,LOWER6SECROP,LOWER60SECRRP,LOWER60SECROP,LOWER5MINRRP,LOWER5MINROP,LOWERREGRRP,LOWERREGROP,RAISE1SECRRP,RAISE1SECROP,LOWER1SECRRP,LOWER1SECROP,PRICE_STATUS
D,TRADING,PRICE,3,"2025/05/28 04:55:00",1,SA1,59,83.44,0,0,"2025/05/28 04:50:04",83.44,0.37,0.37,0.24,0.24,0.24,0.24,9.24,9.24,0.1,0.1,0.38,0.38,0.01,0.01,0.01,0.01,0.38,0.38,0,0,FIRM
D,TRADING,PRICE,3,"2025/05/28 04:55:00",1,NSW1,59,73.66,0,0,"2025/05/28 04:50:04",73.66,0.37,0.37,0.24,0.24,0.24,0.24,9.24,9.24,0.1,0.1,0.38,0.38,0.01,0.01,0.01,0.01,0.38,0.38,0,0,FIRM
D,TRADING,PRICE,3,"2025/05/28 04:55:00",1,QLD1,59,75.83,0,0,"2025/05/28 04:50:04",75.83,0.37,0.37,0.24,0.24,0.24,0.24,9.24,9.24,0.1,0.1,0.38,0.38,0.01,0.01,0.01,0.01,0.38,0.38,0,0,FIRM
D,TRADING,PRICE,3,"2025/05/28 04:55:00",1,TAS1,59,35.1,0,0,"2025/05/28 04:50:04",35.1,0.38,0.38,0.38,0.38,0.36,0.36,7.4,7.4,0.1,0.1,0.38,0.38,0,0,2.48,2.48,0.38,0.38,0,0,FIRM
D,TRADING,PRICE,3,"2025/05/28 04:55:00",1,VIC1,59,19.19,0,0,"2025/05/28 04:50:04",19.19,0.37,0.37,0.24,0.24,0.24,0.24,9.24,9.24,0.1,0.1,0.38,0.38,0.01,0.01,0.01,0.01,0.38,0.38,0,0,FIRM
C,"END OF REPORT",15
