C,NEMP.WORLD,TRADINGIS,AEMO,PUBLIC,2025/05/27,04:20:14,0000000465045025,TRADINGIS,0000000465045024
I,TRADING,INTERCONNECTORRES,2,SETTLEMENTDATE,RUNNO,INTERCONNECTORID,PERIODID,METEREDMWFLOW,MWFLOW,MWLOSSES,LASTCHANGED
D,TRADING,INTERCONNECTORRES,2,"2025/05/27 04:25:00",1,N-Q-MNSP1,53,8.4,9,0.6,"2025/05/27 04:20:07"
D,TRADING,INTERCONNECTORRES,2,"2025/05/27 04:25:00",1,NSW1-QLD1,53,488.1,479.31,21.27,"2025/05/27 04:20:07"
D,TRADING,INTERCONNECTORRES,2,"2025/05/27 04:25:00",1,T-V-MNSP1,53,-442,-455.01,23.3,"2025/05/27 04:20:07"
D,TRADING,INTERCONNECTORRES,2,"2025/05/27 04:25:00",1,V-S-MNSP1,53,-146,-143.31,35.31,"2025/05/27 04:20:07"
D,TRADING,INTERCONNECTORRES,2,"2025/05/27 04:25:00",1,V-SA,53,-242.88,-274.38,3.71,"2025/05/27 04:20:07"
D,TRADING,INTERCONNECTORRES,2,"2025/05/27 04:25:00",1,VIC1-NSW1,53,998.53,944.13,98.17,"2025/05/27 04:20:07"
I,TRADING,PRICE,3,SETTLEMENTDATE,RUNNO,REGIONID,PERIODID,RRP,EEP,INVALIDFLAG,LASTCHANGED,ROP,RAISE6SECRRP,RAISE6SECROP,RAISE60SECRRP,RAISE60SECROP,RAISE5MINRRP,RAISE5MINROP,RAISEREGRRP,RAISEREGROP,LOWER6SECRRP,LOWER6SECROP,LOWER60SECRRP,LOWER60SECROP,LOWER5MINRRP,LOWER5MINROP,LOWERREGRRP,LOWERREGROP,RAISE1SECRRP,RAISE1SECROP,LOWER1SECRRP,LOWER1SECROP,PRICE_STATUS
D,TRADING,PRICE,3,"2025/05/27 04:25:00",1,SA1,53,-17.65,0,0,"2025/05/27 04:20:07",-17.65,0.17,0.17,0.1,0.1,0.1,0.1,3.99,3.99,0.39,0.39,1.44,1.44,0,0,0,0,0.38,0.38,0,0,FIRM
D,TRADING,PRICE,3,"2025/05/27 04:25:00",1,NSW1,53,50.26,0,0,"2025/05/27 04:20:07",50.26,0.17,0.17,0.1,0.1,0.1,0.1,3.99,3.99,0.39,0.39,1.44,1.44,0,0,0,0,0.38,0.38,0,0,FIRM
D,TRADING,PRICE,3,"2025/05/27 04:25:00",1,QLD1,53,54.76,0,0,"2025/05/27 04:20:07",54.76,0.17,0.17,0.1,0.1,0.1,0.1,3.99,3.99,0.39,0.39,1.44,1.44,0,0,0,0,0.38,0.38,0,0,FIRM
D,TRADING,PRICE,3,"2025/05/27 04:25:00",1,TAS1,53,11.25,0,0,"2025/05/27 04:20:07",11.25,0.38,0.38,0.38,0.38,0.1,0.1,6.6,6.6,0.38,0.38,1.37,1.37,0,0,2.48,2.48,0.38,0.38,0,0,FIRM
D,TRADING,PRICE,3,"2025/05/27 04:25:00",1,VIC1,53,-18.5,0,0,"2025/05/27 04:20:07",-18.5,0.17,0.17,0.1,0.1,0.1,0.1,3.99,3.99,0.39,0.39,1.44,1.44,0,0,0,0,0.38,0.38,0,0,FIRM
C,"END OF REPORT",15
