C,NEMP.WORLD,TRADINGIS,AEMO,PUBLIC,2025/05/27,03:15:14,0000000465037781,TRADINGIS,0000000465037780
I,TRADING,INTERCONNECTORRES,2,SETTLEMENTDATE,RUNNO,INTERCONNECTORID,PERIODID,METEREDMWFLOW,MWFLOW,MWLOSSES,LASTCHANGED
D,TRADING,INTERCONNECTORRES,2,"2025/05/27 03:20:00",1,N-Q-MNSP1,40,8.1,9,0.6,"2025/05/27 03:15:07"
D,TRADING,INTERCONNECTORRES,2,"2025/05/27 03:20:00",1,NSW1-QLD1,40,512.5,508.85,22.1,"2025/05/27 03:15:07"
D,TRADING,INTERCONNECTORRES,2,"2025/05/27 03:20:00",1,T-V-MNSP1,40,-464.5,-458.27,23.63,"2025/05/27 03:15:07"
D,TRADING,INTERCONNECTORRES,2,"2025/05/27 03:20:00",1,V-S-MNSP1,40,-148,-148.73,37.63,"2025/05/27 03:15:07"
D,TRADING,INTERCONNECTORRES,2,"2025/05/27 03:20:00",1,V-SA,40,-219.17,-432.48,14.45,"2025/05/27 03:15:07"
D,TRADING,INTERCONNECTORRES,2,"2025/05/27 03:20:00",1,VIC1-NSW1,40,970.5,944.1,98.53,"2025/05/27 03:15:07"
I,TRADING,PRICE,3,SETTLEMENTDATE,RUNNO,REGIONID,PERIODID,RRP,EEP,INVALIDFLAG,LASTCHANGED,ROP,RAISE6SECRRP,RAISE6SECROP,RAISE60SECRRP,RAISE60SECROP,RAISE5MINRRP,RAISE5MINROP,RAISEREGRRP,RAISEREGROP,LOWER6SECRRP,LOWER6SECROP,LOWER60SECRRP,LOWER60SECROP,LOWER5MINRRP,LOWER5MINROP,LOWERREGRRP,LOWERREGROP,RAISE1SECRRP,RAISE1SECROP,LOWER1SECRRP,LOWER1SECROP,PRICE_STATUS
D,TRADING,PRICE,3,"2025/05/27 03:20:00",1,SA1,40,-17,0,0,"2025/05/27 03:15:07",-17,0.1,0.1,0.04,0.04,0.1,0.1,7.6,7.6,0.38,0.38,0.57,0.57,0.38,0.38,3.33,3.33,0.37,0.37,0,0,FIRM
D,TRADING,PRICE,3,"2025/05/27 03:20:00",1,NSW1,40,46.46,0,0,"2025/05/27 03:15:07",46.46,0.1,0.1,0.04,0.04,0.1,0.1,7.6,7.6,0.38,0.38,0.57,0.57,0.38,0.38,3.33,3.33,0.37,0.37,0,0,FIRM
D,TRADING,PRICE,3,"2025/05/27 03:20:00",1,QLD1,40,50.75,0,0,"2025/05/27 03:15:07",50.75,0.1,0.1,0.04,0.04,0.1,0.1,7.6,7.6,0.38,0.38,0.57,0.57,0.38,0.38,3.33,3.33,0.37,0.37,0,0,FIRM
D,TRADING,PRICE,3,"2025/05/27 03:20:00",1,TAS1,40,11.25,0,0,"2025/05/27 03:15:07",11.25,0.38,0.38,0.38,0.38,0.1,0.1,8.8,8.8,0.38,0.38,0.57,0.57,0,0,2.55,2.55,0.37,0.37,0,0,FIRM
D,TRADING,PRICE,3,"2025/05/27 03:20:00",1,VIC1,40,-18.5,0,0,"2025/05/27 03:15:07",-18.5,0.1,0.1,0.04,0.04,0.1,0.1,7.6,7.6,0.38,0.38,0.57,0.57,0.38,0.38,3.33,3.33,0.37,0.37,0,0,FIRM
C,"END OF REPORT",15
