C,NEMP.WORLD,TRADINGIS,AEMO,PUBLIC,2025/05/28,20:00:14,0000000465289862,TRADINGIS,0000000465289861
I,TRADING,INTERCONNECTORRES,2,SETTLEMENTDATE,RUNNO,INTERCONNECTORID,PERIODID,METEREDMWFLOW,MWFLOW,MWLOSSES,LASTCHANGED
D,TRADING,INTERCONNECTORRES,2,"2025/05/28 20:05:00",1,N-Q-MNSP1,241,-31.1,-33,1.59,"2025/05/28 20:00:03"
D,TRADING,INTERCONNECTORRES,2,"2025/05/28 20:05:00",1,NSW1-QLD1,241,-1019.6,-1166.71,60.09,"2025/05/28 20:00:03"
D,TRADING,INTERCONNECTORRES,2,"2025/05/28 20:05:00",1,T-V-MNSP1,241,84.2,25.8,-0.03,"2025/05/28 20:00:03"
D,TRADING,INTERCONNECTORRES,2,"2025/05/28 20:05:00",1,V-S-MNSP1,241,54,45,-0.87,"2025/05/28 20:00:03"
D,TRADING,INTERCONNECTORRES,2,"2025/05/28 20:05:00",1,V-SA,241,178.04,152.18,4.13,"2025/05/28 20:00:03"
D,TRADING,INTERCONNECTORRES,2,"2025/05/28 20:05:00",1,VIC1-NSW1,241,138.79,198.4,3.69,"2025/05/28 20:00:03"
I,TRADING,PRICE,3,SETTLEMENTDATE,RUNNO,REGIONID,PERIODID,RRP,EEP,INVALIDFLAG,LASTCHANGED,ROP,RAISE6SECRRP,RAISE6SECROP,RAISE60SECRRP,RAISE60SECROP,RAISE5MINRRP,RAISE5MINROP,RAISEREGRRP,RAISEREGROP,LOWER6SECRRP,LOWER6SECROP,LOWER60SECRRP,LOWER60SECROP,LOWER5MINRRP,LOWER5MINROP,LOWERREGRRP,LOWERREGROP,RAISE1SECRRP,RAISE1SECROP,LOWER1SECRRP,LOWER1SECROP,PRICE_STATUS
D,TRADING,PRICE,3,"2025/05/28 20:05:00",1,SA1,241,145.05,0,0,"2025/05/28 20:00:03",145.05,0.37,0.37,0.15,0.15,0.15,0.15,7.5,7.5,0.1,0.1,0.38,0.38,0.37,0.37,8.5,8.5,0.81,0.81,0,0,FIRM
D,TRADING,PRICE,3,"2025/05/28 20:05:00",1,NSW1,241,144.34,0,0,"2025/05/28 20:00:03",144.34,0.37,0.37,0.15,0.15,0.15,0.15,7.5,7.5,0.1,0.1,0.38,0.38,0.37,0.37,8.5,8.5,0.81,0.81,0,0,FIRM
D,TRADING,PRICE,3,"2025/05/28 20:05:00",1,QLD1,241,123.29,0,0,"2025/05/28 20:00:03",123.29,0.37,0.37,0.15,0.15,0.15,0.15,7.5,7.5,0.1,0.1,0.38,0.38,0.37,0.37,8.5,8.5,0.81,0.81,0,0,FIRM
D,TRADING,PRICE,3,"2025/05/28 20:05:00",1,TAS1,241,150.24,0,0,"2025/05/28 20:00:03",150.24,1.07,1.07,4.61,4.61,0.38,0.38,7.4,7.4,0,0,0,0,0,0,3.48,3.48,0.81,0.81,0,0,FIRM
D,TRADING,PRICE,3,"2025/05/28 20:05:00",1,VIC1,241,139,0,0,"2025/05/28 20:00:03",139,0.37,0.37,0.15,0.15,0.15,0.15,7.5,7.5,0.1,0.1,0.38,0.38,0.37,0.37,8.5,8.5,0.81,0.81,0,0,FIRM
C,"END OF REPORT",15
