C,NEMP.WORLD,TRADINGIS,AEMO,PUBLIC,2025/05/29,20:35:11,0000000465437129,TRADINGIS,0000000465437128
I,TRADING,INTERCONNECTORRES,2,SETTLEMENTDATE,RUNNO,INTERCONNECTORID,PERIODID,METEREDMWFLOW,MWFLOW,MWLOSSES,LASTCHANGED
D,TRADING,INTERCONNECTORRES,2,"2025/05/29 20:40:00",1,N-Q-MNSP1,248,-8.3,-9,-0.16,"2025/05/29 20:35:03"
D,TRADING,INTERCONNECTORRES,2,"2025/05/29 20:40:00",1,NSW1-QLD1,248,-462,-451.91,-4.91,"2025/05/29 20:35:03"
D,TRADING,INTERCONNECTORRES,2,"2025/05/29 20:40:00",1,T-V-MNSP1,248,45.1,0,0,"2025/05/29 20:35:03"
D,TRADING,INTERCONNECTORRES,2,"2025/05/29 20:40:00",1,V-S-MNSP1,248,27,36,-1.09,"2025/05/29 20:35:03"
D,TRADING,INTERCONNECTORRES,2,"2025/05/29 20:40:00",1,V-SA,248,-43.81,18.08,0.18,"2025/05/29 20:35:03"
D,TRADING,INTERCONNECTORRES,2,"2025/05/29 20:40:00",1,VIC1-NSW1,248,-46.2,-144.15,0.98,"2025/05/29 20:35:03"
I,TRADING,PRICE,3,SETTLEMENTDATE,RUNNO,REGIONID,PERIODID,RRP,EEP,INVALIDFLAG,LASTCHANGED,ROP,RAISE6SECRRP,RAISE6SECROP,RAISE60SECRRP,RAISE60SECROP,RAISE5MINRRP,RAISE5MINROP,RAISEREGRRP,RAISEREGROP,LOWER6SECRRP,LOWER6SECROP,LOWER60SECRRP,LOWER60SECROP,LOWER5MINRRP,LOWER5MINROP,LOWERREGRRP,LOWERREGROP,RAISE1SECRRP,RAISE1SECROP,LOWER1SECRRP,LOWER1SECROP,PRICE_STATUS
D,TRADING,PRICE,3,"2025/05/29 20:40:00",1,SA1,248,80,0,0,"2025/05/29 20:35:03",80,0.39,0.39,0.39,0.39,0.39,0.39,12,12,0.1,0.1,0.38,0.38,0.15,0.15,3.7,3.7,0.86,0.86,0,0,FIRM
D,TRADING,PRICE,3,"2025/05/29 20:40:00",1,NSW1,248,108.89,0,0,"2025/05/29 20:35:03",108.89,0.39,0.39,0.39,0.39,0.39,0.39,12,12,0.1,0.1,0.38,0.38,0.15,0.15,3.7,3.7,0.86,0.86,0,0,FIRM
D,TRADING,PRICE,3,"2025/05/29 20:40:00",1,QLD1,248,105.89,0,0,"2025/05/29 20:35:03",105.89,0.39,0.39,0.39,0.39,0.39,0.39,12,12,0.1,0.1,0.38,0.38,0.15,0.15,3.7,3.7,0.86,0.86,0,0,FIRM
D,TRADING,PRICE,3,"2025/05/29 20:40:00",1,TAS1,248,150.24,0,0,"2025/05/29 20:35:03",150.24,0.88,0.88,0.39,0.39,0.38,0.38,7.68,7.68,0.38,0.38,0.38,0.38,0.38,0.38,2.46,2.46,0,0,0,0,FIRM
D,TRADING,PRICE,3,"2025/05/29 20:40:00",1,VIC1,248,78.91,0,0,"2025/05/29 20:35:03",78.91,0.39,0.39,0.39,0.39,0.39,0.39,12,12,0.1,0.1,0.38,0.38,0.15,0.15,3.7,3.7,0.86,0.86,0,0,FIRM
C,"END OF REPORT",15
