C,NEMP.WORLD,TRADINGIS,AEMO,PUBLIC,2025/05/29,19:05:12,0000000465428070,TRADINGIS,0000000465428069
I,TRADING,INTERCONNECTORRES,2,SETTLEMENTDATE,RUNNO,INTERCONNECTORID,PERIODID,METEREDMWFLOW,MWFLOW,MWLOSSES,LASTCHANGED
D,TRADING,INTERCONNECTORRES,2,"2025/05/29 19:10:00",1,N-Q-MNSP1,230,-7,-9,-0.16,"2025/05/29 19:05:04"
D,TRADING,INTERCONNECTORRES,2,"2025/05/29 19:10:00",1,NSW1-QLD1,230,-390.4,-363.93,-10.59,"2025/05/29 19:05:04"
D,TRADING,INTERCONNECTORRES,2,"2025/05/29 19:10:00",1,T-V-MNSP1,230,113.5,145.41,1.63,"2025/05/29 19:05:04"
D,TRADING,INTERCONNECTORRES,2,"2025/05/29 19:10:00",1,V-S-MNSP1,230,45,54,-0.46,"2025/05/29 19:05:04"
D,TRADING,INTERCONNECTORRES,2,"2025/05/29 19:10:00",1,V-SA,230,168.33,172.03,4.25,"2025/05/29 19:05:04"
D,TRADING,INTERCONNECTORRES,2,"2025/05/29 19:10:00",1,VIC1-NSW1,230,37.52,81.29,0.87,"2025/05/29 19:05:04"
I,TRADING,PRICE,3,SETTLEMENTDATE,RUNNO,REGIONID,PERIODID,RRP,EEP,INVALIDFLAG,LASTCHANGED,ROP,RAISE6SECRRP,RAISE6SECROP,RAISE60SECRRP,RAISE60SECROP,RAISE5MINRRP,RAISE5MINROP,RAISEREGRRP,RAISEREGROP,LOWER6SECRRP,LOWER6SECROP,LOWER60SECRRP,LOWER60SECROP,LOWER5MINRRP,LOWER5MINROP,LOWERREGRRP,LOWERREGROP,RAISE1SECRRP,RAISE1SECROP,LOWER1SECRRP,LOWER1SECROP,PRICE_STATUS
D,TRADING,PRICE,3,"2025/05/29 19:10:00",1,SA1,230,165.07,0,0,"2025/05/29 19:05:04",165.07,0.38,0.38,0.24,0.24,0.15,0.15,5.99,5.99,0.1,0.1,0.38,0.38,0.38,0.38,12,12,0.04,0.04,0,0,FIRM
D,TRADING,PRICE,3,"2025/05/29 19:10:00",1,NSW1,230,164.43,0,0,"2025/05/29 19:05:04",164.43,0.38,0.38,0.24,0.24,0.15,0.15,5.99,5.99,0.1,0.1,0.38,0.38,0.38,0.38,12,12,0.04,0.04,0,0,FIRM
D,TRADING,PRICE,3,"2025/05/29 19:10:00",1,QLD1,230,163.55,0,0,"2025/05/29 19:05:04",163.55,0.38,0.38,0.24,0.24,0.15,0.15,5.99,5.99,0.1,0.1,0.38,0.38,0.38,0.38,12,12,0.04,0.04,0,0,FIRM
D,TRADING,PRICE,3,"2025/05/29 19:10:00",1,TAS1,230,150.24,0,0,"2025/05/29 19:05:04",150.24,0.38,0.38,0.38,0.38,0.15,0.15,7.54,7.54,0.1,0.1,0.38,0.38,0.38,0.38,2.46,2.46,0.04,0.04,0,0,FIRM
D,TRADING,PRICE,3,"2025/05/29 19:10:00",1,VIC1,230,157.71,0,0,"2025/05/29 19:05:04",157.71,0.38,0.38,0.24,0.24,0.15,0.15,5.99,5.99,0.1,0.1,0.38,0.38,0.38,0.38,12,12,0.04,0.04,0,0,FIRM
C,"END OF REPORT",15
