C,NEMP.WORLD,TRADINGIS,AEMO,PUBLIC,2025/05/28,10:30:16,0000000465229954,TRADINGIS,0000000465229953
I,TRADING,INTERCONNECTORRES,2,SETTLEMENTDATE,RUNNO,INTERCONNECTORID,PERIODID,METEREDMWFLOW,MWFLOW,MWLOSSES,LASTCHANGED
D,TRADING,INTERCONNECTORRES,2,"2025/05/28 10:35:00",1,N-Q-MNSP1,127,97.8,96,29.39,"2025/05/28 10:30:08"
D,TRADING,INTERCONNECTORRES,2,"2025/05/28 10:35:00",1,NSW1-QLD1,127,-373.6,-423.94,22.06,"2025/05/28 10:30:08"
D,TRADING,INTERCONNECTORRES,2,"2025/05/28 10:35:00",1,T-V-MNSP1,127,-401.7,-431.51,21.05,"2025/05/28 10:30:08"
D,TRADING,INTERCONNECTORRES,2,"2025/05/28 10:35:00",1,V-S-MNSP1,127,81,135,12.03,"2025/05/28 10:30:08"
D,TRADING,INTERCONNECTORRES,2,"2025/05/28 10:35:00",1,V-SA,127,550.09,604.81,38.51,"2025/05/28 10:30:08"
D,TRADING,INTERCONNECTORRES,2,"2025/05/28 10:35:00",1,VIC1-NSW1,127,-261.21,-263.78,-2.23,"2025/05/28 10:30:08"
I,TRADING,PRICE,3,SETTLEMENTDATE,RUNNO,REGIONID,PERIODID,RRP,EEP,INVALIDFLAG,LASTCHANGED,ROP,RAISE6SECRRP,RAISE6SECROP,RAISE60SECRRP,RAISE60SECROP,RAISE5MINRRP,RAISE5MINROP,RAISEREGRRP,RAISEREGROP,LOWER6SECRRP,LOWER6SECROP,LOWER60SECRRP,LOWER60SECROP,LOWER5MINRRP,LOWER5MINROP,LOWERREGRRP,LOWERREGROP,RAISE1SECRRP,RAISE1SECROP,LOWER1SECRRP,LOWER1SECROP,PRICE_STATUS
D,TRADING,PRICE,3,"2025/05/28 10:35:00",1,SA1,127,47.36,0,0,"2025/05/28 10:30:08",47.36,0.23,0.23,0.1,0.1,0.1,0.1,9.55,9.55,0,0,0.38,0.38,0.38,0.38,2,2,0.3,0.3,0,0,FIRM
D,TRADING,PRICE,3,"2025/05/28 10:35:00",1,NSW1,127,-17.41,0,0,"2025/05/28 10:30:08",-17.41,0.23,0.23,0.1,0.1,0.1,0.1,9.55,9.55,0,0,0.38,0.38,0.38,0.38,2,2,0.3,0.3,0,0,FIRM
D,TRADING,PRICE,3,"2025/05/28 10:35:00",1,QLD1,127,-30.86,0,0,"2025/05/28 10:30:08",-30.86,0.23,0.23,0.1,0.1,0.1,0.1,9.55,9.55,7.89,7.89,7.89,7.89,0.38,0.38,2,2,0.3,0.3,0,0,FIRM
D,TRADING,PRICE,3,"2025/05/28 10:35:00",1,TAS1,127,75.08,0,0,"2025/05/28 10:30:08",75.08,0.38,0.38,0.38,0.38,0.1,0.1,6.4,6.4,0,0,0.38,0.38,0.38,0.38,3.52,3.52,0.3,0.3,0,0,FIRM
D,TRADING,PRICE,3,"2025/05/28 10:35:00",1,VIC1,127,36.92,0,0,"2025/05/28 10:30:08",36.92,0.23,0.23,0.1,0.1,0.1,0.1,9.55,9.55,0,0,0.38,0.38,0.38,0.38,2,2,0.3,0.3,0,0,FIRM
C,"END OF REPORT",15
