C,NEMP.WORLD,TRADINGIS,AEMO,PUBLIC,2025/05/26,17:25:16,0000000464977568,TRADINGIS,0000000464977567
I,TRADING,INTERCONNECTORRES,2,SETTLEMENTDATE,RUNNO,INTERCONNECTORID,PERIODID,METEREDMWFLOW,MWFLOW,MWLOSSES,LASTCHANGED
D,TRADING,INTERCONNECTORRES,2,"2025/05/26 17:30:00",1,N-Q-MNSP1,210,-1.6,0,0,"2025/05/26 17:25:08"
D,TRADING,INTERCONNECTORRES,2,"2025/05/26 17:30:00",1,NSW1-QLD1,210,-214.2,-114.81,-6.98,"2025/05/26 17:25:08"
D,TRADING,INTERCONNECTORRES,2,"2025/05/26 17:30:00",1,T-V-MNSP1,210,-431.6,-434.74,21.35,"2025/05/26 17:25:08"
D,TRADING,INTERCONNECTORRES,2,"2025/05/26 17:30:00",1,V-S-MNSP1,210,174,172.38,23.14,"2025/05/26 17:25:08"
D,TRADING,INTERCONNECTORRES,2,"2025/05/26 17:30:00",1,V-SA,210,100.65,153.1,5.55,"2025/05/26 17:25:08"
D,TRADING,INTERCONNECTORRES,2,"2025/05/26 17:30:00",1,VIC1-NSW1,210,-1216.23,-1111.84,100.28,"2025/05/26 17:25:08"
I,TRADING,PRICE,3,SETTLEMENTDATE,RUNNO,REGIONID,PERIODID,RRP,EEP,INVALIDFLAG,LASTCHANGED,ROP,RAISE6SECRRP,RAISE6SECROP,RAISE60SECRRP,RAISE60SECROP,RAISE5MINRRP,RAISE5MINROP,RAISEREGRRP,RAISEREGROP,LOWER6SECRRP,LOWER6SECROP,LOWER60SECRRP,LOWER60SECROP,LOWER5MINRRP,LOWER5MINROP,LOWERREGRRP,LOWERREGROP,RAISE1SECRRP,RAISE1SECROP,LOWER1SECRRP,LOWER1SECROP,PRICE_STATUS
D,TRADING,PRICE,3,"2025/05/26 17:30:00",1,SA1,210,-21.14,0,0,"2025/05/26 17:25:08",-21.14,0.36,0.36,0.1,0.1,0.15,0.15,5.99,5.99,0.1,0.1,0.38,0.38,0.01,0.01,0.01,0.01,0.36,0.36,0,0,FIRM
D,TRADING,PRICE,3,"2025/05/26 17:30:00",1,NSW1,210,179.9,0,0,"2025/05/26 17:25:08",179.9,0.36,0.36,0.1,0.1,0.15,0.15,5.99,5.99,0.1,0.1,0.38,0.38,0.01,0.01,0.01,0.01,0.36,0.36,0,0,FIRM
D,TRADING,PRICE,3,"2025/05/26 17:30:00",1,QLD1,210,189.57,0,0,"2025/05/26 17:25:08",189.57,0.36,0.36,0.1,0.1,0.15,0.15,5.99,5.99,0.1,0.1,0.38,0.38,0.01,0.01,0.01,0.01,0.36,0.36,0,0,FIRM
D,TRADING,PRICE,3,"2025/05/26 17:30:00",1,TAS1,210,150.76,0,0,"2025/05/26 17:25:08",150.76,0.38,0.38,0.38,0.38,0.15,0.15,8.8,8.8,0.1,0.1,0.38,0.38,0,0,2.55,2.55,0.36,0.36,0,0,FIRM
D,TRADING,PRICE,3,"2025/05/26 17:30:00",1,VIC1,210,-20,0,0,"2025/05/26 17:25:08",-20,0.36,0.36,0.1,0.1,0.15,0.15,5.99,5.99,0.1,0.1,0.38,0.38,0.01,0.01,0.01,0.01,0.36,0.36,0,0,FIRM
C,"END OF REPORT",15
