C,NEMP.WORLD,TRADINGIS,AEMO,PUBLIC,2025/05/29,00:40:10,0000000465316725,TRADINGIS,0000000465316724
I,TRADING,INTERCONNECTORRES,2,SETTLEMENTDATE,RUNNO,INTERCONNECTORID,PERIODID,METEREDMWFLOW,MWFLOW,MWLOSSES,LASTCHANGED
D,TRADING,INTERCONNECTORRES,2,"2025/05/29 00:45:00",1,N-Q-MNSP1,9,-16.4,-17,0.07,"2025/05/29 00:40:03"
D,TRADING,INTERCONNECTORRES,2,"2025/05/29 00:45:00",1,NSW1-QLD1,9,-355.2,-341.12,7.68,"2025/05/29 00:40:03"
D,TRADING,INTERCONNECTORRES,2,"2025/05/29 00:45:00",1,T-V-MNSP1,9,-404.1,-427.84,20.7,"2025/05/29 00:40:03"
D,TRADING,INTERCONNECTORRES,2,"2025/05/29 00:45:00",1,V-S-MNSP1,9,72,72,0.95,"2025/05/29 00:40:03"
D,TRADING,INTERCONNECTORRES,2,"2025/05/29 00:45:00",1,V-SA,9,396.37,408,24.58,"2025/05/29 00:40:03"
D,TRADING,INTERCONNECTORRES,2,"2025/05/29 00:45:00",1,VIC1-NSW1,9,232.18,246.53,10.39,"2025/05/29 00:40:03"
I,TRADING,PRICE,3,SETTLEMENTDATE,RUNNO,REGIONID,PERIODID,RRP,EEP,INVALIDFLAG,LASTCHANGED,ROP,RAISE6SECRRP,RAISE6SECROP,RAISE60SECRRP,RAISE60SECROP,RAISE5MINRRP,RAISE5MINROP,RAISEREGRRP,RAISEREGROP,LOWER6SECRRP,LOWER6SECROP,LOWER60SECRRP,LOWER60SECROP,LOWER5MINRRP,LOWER5MINROP,LOWERREGRRP,LOWERREGROP,RAISE1SECRRP,RAISE1SECROP,LOWER1SECRRP,LOWER1SECROP,PRICE_STATUS
D,TRADING,PRICE,3,"2025/05/29 00:45:00",1,SA1,9,80,0,0,"2025/05/29 00:40:03",80,0.1,0.1,0.04,0.04,0.04,0.04,14.77,14.77,0.1,0.1,0.38,0.38,0.1,0.1,6,6,0.1,0.1,0,0,FIRM
D,TRADING,PRICE,3,"2025/05/29 00:45:00",1,NSW1,9,76.88,0,0,"2025/05/29 00:40:03",76.88,0.1,0.1,0.04,0.04,0.04,0.04,14.77,14.77,0.1,0.1,0.38,0.38,0.1,0.1,6,6,0.1,0.1,0,0,FIRM
D,TRADING,PRICE,3,"2025/05/29 00:45:00",1,QLD1,9,72.89,0,0,"2025/05/29 00:40:03",72.89,0.1,0.1,0.04,0.04,0.04,0.04,14.77,14.77,0.1,0.1,0.38,0.38,0.1,0.1,6,6,0.1,0.1,0,0,FIRM
D,TRADING,PRICE,3,"2025/05/29 00:45:00",1,TAS1,9,84.41,0,0,"2025/05/29 00:40:03",84.41,0.38,0.38,0.38,0.38,0.38,0.38,8.4,8.4,0.1,0.1,0.38,0.38,0,0,2.48,2.48,0.1,0.1,0,0,FIRM
D,TRADING,PRICE,3,"2025/05/29 00:45:00",1,VIC1,9,72,0,0,"2025/05/29 00:40:03",72,0.1,0.1,0.04,0.04,0.04,0.04,14.77,14.77,0.1,0.1,0.38,0.38,0.1,0.1,6,6,0.1,0.1,0,0,FIRM
C,"END OF REPORT",15
