C,NEMP.WORLD,TRADINGIS,AEMO,PUBLIC,2025/05/29,17:25:11,0000000465417557,TRADINGIS,0000000465417556
I,TRADING,INTERCONNECTORRES,2,SETTLEMENTDATE,RUNNO,INTERCONNECTORID,PERIODID,METEREDMWFLOW,MWFLOW,MWLOSSES,LASTCHANGED
D,TRADING,INTERCONNECTORRES,2,"2025/05/29 17:30:00",1,N-Q-MNSP1,210,-18.2,-17,0.07,"2025/05/29 17:25:03"
D,TRADING,INTERCONNECTORRES,2,"2025/05/29 17:30:00",1,NSW1-QLD1,210,-708.5,-668.77,-4.07,"2025/05/29 17:25:03"
D,TRADING,INTERCONNECTORRES,2,"2025/05/29 17:30:00",1,T-V-MNSP1,210,132.4,80.15,0.36,"2025/05/29 17:25:03"
D,TRADING,INTERCONNECTORRES,2,"2025/05/29 17:30:00",1,V-S-MNSP1,210,18,9,-0.56,"2025/05/29 17:25:03"
D,TRADING,INTERCONNECTORRES,2,"2025/05/29 17:30:00",1,V-SA,210,-146.17,-168.44,4.28,"2025/05/29 17:25:03"
D,TRADING,INTERCONNECTORRES,2,"2025/05/29 17:30:00",1,VIC1-NSW1,210,113.9,102.82,2.76,"2025/05/29 17:25:03"
I,TRADING,PRICE,3,SETTLEMENTDATE,RUNNO,REGIONID,PERIODID,RRP,EEP,INVALIDFLAG,LASTCHANGED,ROP,RAISE6SECRRP,RAISE6SECROP,RAISE60SECRRP,RAISE60SECROP,RAISE5MINRRP,RAISE5MINROP,RAISEREGRRP,RAISEREGROP,LOWER6SECRRP,LOWER6SECROP,LOWER60SECRRP,LOWER60SECROP,LOWER5MINRRP,LOWER5MINROP,LOWERREGRRP,LOWERREGROP,RAISE1SECRRP,RAISE1SECROP,LOWER1SECRRP,LOWER1SECROP,PRICE_STATUS
D,TRADING,PRICE,3,"2025/05/29 17:30:00",1,SA1,210,142.16,0,0,"2025/05/29 17:25:03",142.16,0.38,0.38,0.23,0.23,0.32,0.32,21,21,0.2,0.2,0.38,0.38,0.38,0.38,2,2,0.3,0.3,0,0,FIRM
D,TRADING,PRICE,3,"2025/05/29 17:30:00",1,NSW1,210,210.95,0,0,"2025/05/29 17:25:03",210.95,0.38,0.38,0.23,0.23,0.32,0.32,21,21,0.2,0.2,0.38,0.38,0.38,0.38,2,2,0.3,0.3,0,0,FIRM
D,TRADING,PRICE,3,"2025/05/29 17:30:00",1,QLD1,210,199.41,0,0,"2025/05/29 17:25:03",199.41,0.38,0.38,0.23,0.23,0.32,0.32,21,21,0.2,0.2,0.38,0.38,0.38,0.38,2,2,0.3,0.3,0,0,FIRM
D,TRADING,PRICE,3,"2025/05/29 17:30:00",1,TAS1,210,145.37,0,0,"2025/05/29 17:25:03",145.37,0.38,0.38,0.38,0.38,0.36,0.36,7.54,7.54,0.2,0.2,0.38,0.38,0,0,2.46,2.46,0.3,0.3,0,0,FIRM
D,TRADING,PRICE,3,"2025/05/29 17:30:00",1,VIC1,210,148.48,0,0,"2025/05/29 17:25:03",148.48,0.38,0.38,0.23,0.23,0.32,0.32,21,21,0.2,0.2,0.38,0.38,0.38,0.38,2,2,0.3,0.3,0,0,FIRM
C,"END OF REPORT",15
