C,NEMP.WORLD,TRADINGIS,AEMO,PUBLIC,2025/05/28,13:55:12,0000000465252421,TRADINGIS,0000000465252420
I,TRADING,INTERCONNECTORRES,2,SETTLEMENTDATE,RUNNO,INTERCONNECTORID,PERIODID,METEREDMWFLOW,MWFLOW,MWLOSSES,LASTCHANGED
D,TRADING,INTERCONNECTORRES,2,"2025/05/28 14:00:00",1,N-Q-MNSP1,168,11.3,19.9,1.97,"2025/05/28 13:55:05"
D,TRADING,INTERCONNECTORRES,2,"2025/05/28 14:00:00",1,NSW1-QLD1,168,-335.2,-331.84,13.3,"2025/05/28 13:55:05"
D,TRADING,INTERCONNECTORRES,2,"2025/05/28 14:00:00",1,T-V-MNSP1,168,-442.6,-430.22,20.92,"2025/05/28 13:55:05"
D,TRADING,INTERCONNECTORRES,2,"2025/05/28 14:00:00",1,V-S-MNSP1,168,150,142.18,13.92,"2025/05/28 13:55:05"
D,TRADING,INTERCONNECTORRES,2,"2025/05/28 14:00:00",1,V-SA,168,479.54,539.23,23.5,"2025/05/28 13:55:05"
D,TRADING,INTERCONNECTORRES,2,"2025/05/28 14:00:00",1,VIC1-NSW1,168,-416.42,-430.02,-5.39,"2025/05/28 13:55:05"
I,TRADING,PRICE,3,SETTLEMENTDATE,RUNNO,REGIONID,PERIODID,RRP,EEP,INVALIDFLAG,LASTCHANGED,ROP,RAISE6SECRRP,RAISE6SECROP,RAISE60SECRRP,RAISE60SECROP,RAISE5MINRRP,RAISE5MINROP,RAISEREGRRP,RAISEREGROP,LOWER6SECRRP,LOWER6SECROP,LOWER60SECRRP,LOWER60SECROP,LOWER5MINRRP,LOWER5MINROP,LOWERREGRRP,LOWERREGROP,RAISE1SECRRP,RAISE1SECROP,LOWER1SECRRP,LOWER1SECROP,PRICE_STATUS
D,TRADING,PRICE,3,"2025/05/28 14:00:00",1,SA1,168,11.5,0,0,"2025/05/28 13:55:05",11.5,0.01,0.01,0.1,0.1,0.1,0.1,9.24,9.24,0,0,0.39,0.39,0.38,0.38,1.08,1.08,0.01,0.01,0,0,FIRM
D,TRADING,PRICE,3,"2025/05/28 14:00:00",1,NSW1,168,8.64,0,0,"2025/05/28 13:55:05",8.64,0.01,0.01,0.1,0.1,0.1,0.1,9.24,9.24,0,0,0.39,0.39,0.38,0.38,1.08,1.08,0.01,0.01,0,0,FIRM
D,TRADING,PRICE,3,"2025/05/28 14:00:00",1,QLD1,168,-18.2,0,0,"2025/05/28 13:55:05",-18.2,0.01,0.01,0.1,0.1,0.1,0.1,9.24,9.24,16.68,16.68,10.64,10.64,0.38,0.38,1.08,1.08,0.01,0.01,0,0,FIRM
D,TRADING,PRICE,3,"2025/05/28 14:00:00",1,TAS1,168,35.12,0,0,"2025/05/28 13:55:05",35.12,0.38,0.38,0.38,0.38,0.1,0.1,6.44,6.44,0,0,0.38,0.38,0.38,0.38,2.48,2.48,0.01,0.01,0,0,FIRM
D,TRADING,PRICE,3,"2025/05/28 14:00:00",1,VIC1,168,8.95,0,0,"2025/05/28 13:55:05",8.95,0.01,0.01,0.1,0.1,0.1,0.1,9.24,9.24,0,0,0.39,0.39,0.38,0.38,1.08,1.08,0.01,0.01,0,0,FIRM
C,"END OF REPORT",15
