C,NEMP.WORLD,TRADINGIS,AEMO,PUBLIC,2025/05/29,21:15:11,0000000465441031,TRADINGIS,0000000465441030
I,TRADING,INTERCONNECTORRES,2,SETTLEMENTDATE,RUNNO,INTERCONNECTORID,PERIODID,METEREDMWFLOW,MWFLOW,MWLOSSES,LASTCHANGED
D,TRADING,INTERCONNECTORRES,2,"2025/05/29 21:20:00",1,N-Q-MNSP1,256,-7.6,-9,-0.16,"2025/05/29 21:15:03"
D,TRADING,INTERCONNECTORRES,2,"2025/05/29 21:20:00",1,NSW1-QLD1,256,-185.2,-178.34,-5.14,"2025/05/29 21:15:03"
D,TRADING,INTERCONNECTORRES,2,"2025/05/29 21:20:00",1,T-V-MNSP1,256,-308.3,-299.1,10.47,"2025/05/29 21:15:03"
D,TRADING,INTERCONNECTORRES,2,"2025/05/29 21:20:00",1,V-S-MNSP1,256,9,9,-0.56,"2025/05/29 21:15:03"
D,TRADING,INTERCONNECTORRES,2,"2025/05/29 21:20:00",1,V-SA,256,-217.04,-253.89,5.28,"2025/05/29 21:15:03"
D,TRADING,INTERCONNECTORRES,2,"2025/05/29 21:20:00",1,VIC1-NSW1,256,35.04,10.8,0.12,"2025/05/29 21:15:03"
I,TRADING,PRICE,3,SETTLEMENTDATE,RUNNO,REGIONID,PERIODID,RRP,EEP,INVALIDFLAG,LASTCHANGED,ROP,RAISE6SECRRP,RAISE6SECROP,RAISE60SECRRP,RAISE60SECROP,RAISE5MINRRP,RAISE5MINROP,RAISEREGRRP,RAISEREGROP,LOWER6SECRRP,LOWER6SECROP,LOWER60SECRRP,LOWER60SECROP,LOWER5MINRRP,LOWER5MINROP,LOWERREGRRP,LOWERREGROP,RAISE1SECRRP,RAISE1SECROP,LOWER1SECRRP,LOWER1SECROP,PRICE_STATUS
D,TRADING,PRICE,3,"2025/05/29 21:20:00",1,SA1,256,102.3,0,0,"2025/05/29 21:15:03",102.3,0.38,0.38,0.23,0.23,0.23,0.23,9.89,9.89,0.1,0.1,0.38,0.38,0.01,0.01,0.01,0.01,0.36,0.36,0,0,FIRM
D,TRADING,PRICE,3,"2025/05/29 21:20:00",1,NSW1,256,108.89,0,0,"2025/05/29 21:15:03",108.89,0.38,0.38,0.23,0.23,0.23,0.23,9.89,9.89,0.1,0.1,0.38,0.38,0.01,0.01,0.01,0.01,0.36,0.36,0,0,FIRM
D,TRADING,PRICE,3,"2025/05/29 21:20:00",1,QLD1,256,110.45,0,0,"2025/05/29 21:15:03",110.45,0.38,0.38,0.23,0.23,0.23,0.23,9.89,9.89,0.1,0.1,0.38,0.38,0.01,0.01,0.01,0.01,0.36,0.36,0,0,FIRM
D,TRADING,PRICE,3,"2025/05/29 21:20:00",1,TAS1,256,112.95,0,0,"2025/05/29 21:15:03",112.95,0.38,0.38,0.38,0.38,0.23,0.23,7.54,7.54,0.1,0.1,0.38,0.38,0.01,0.01,3.46,3.46,0.36,0.36,0,0,FIRM
D,TRADING,PRICE,3,"2025/05/29 21:20:00",1,VIC1,256,107.41,0,0,"2025/05/29 21:15:03",107.41,0.38,0.38,0.23,0.23,0.23,0.23,9.89,9.89,0.1,0.1,0.38,0.38,0.01,0.01,0.01,0.01,0.36,0.36,0,0,FIRM
C,"END OF REPORT",15
