C,NEMP.WORLD,TRADINGIS,AEMO,PUBLIC,2025/05/27,18:05:10,0000000465133649,TRADINGIS,0000000465133648
I,TRADING,INTERCONNECTORRES,2,SETTLEMENTDATE,RUNNO,INTERCONNECTORID,PERIODID,METEREDMWFLOW,MWFLOW,MWLOSSES,LASTCHANGED
D,TRADING,INTERCONNECTORRES,2,"2025/05/27 18:10:00",1,N-Q-MNSP1,218,0.7,0,0,"2025/05/27 18:05:03"
D,TRADING,INTERCONNECTORRES,2,"2025/05/27 18:10:00",1,NSW1-QLD1,218,-345.3,-207.38,-11.52,"2025/05/27 18:05:03"
D,TRADING,INTERCONNECTORRES,2,"2025/05/27 18:10:00",1,T-V-MNSP1,218,-460.9,-478,25.62,"2025/05/27 18:05:03"
D,TRADING,INTERCONNECTORRES,2,"2025/05/27 18:10:00",1,V-S-MNSP1,218,36,54,-0.46,"2025/05/27 18:05:03"
D,TRADING,INTERCONNECTORRES,2,"2025/05/27 18:10:00",1,V-SA,218,107.83,204.41,5.03,"2025/05/27 18:05:03"
D,TRADING,INTERCONNECTORRES,2,"2025/05/27 18:10:00",1,VIC1-NSW1,218,-562.91,-527.11,21.74,"2025/05/27 18:05:03"
I,TRADING,PRICE,3,SETTLEMENTDATE,RUNNO,REGIONID,PERIODID,RRP,EEP,INVALIDFLAG,LASTCHANGED,ROP,RAISE6SECRRP,RAISE6SECROP,RAISE60SECRRP,RAISE60SECROP,RAISE5MINRRP,RAISE5MINROP,RAISEREGRRP,RAISEREGROP,LOWER6SECRRP,LOWER6SECROP,LOWER60SECRRP,LOWER60SECROP,LOWER5MINRRP,LOWER5MINROP,LOWERREGRRP,LOWERREGROP,RAISE1SECRRP,RAISE1SECROP,LOWER1SECRRP,LOWER1SECROP,PRICE_STATUS
D,TRADING,PRICE,3,"2025/05/27 18:10:00",1,SA1,218,139,0,0,"2025/05/27 18:05:03",139,0.38,0.38,0.15,0.15,0.15,0.15,3,3,0.01,0.01,0.15,0.15,0.1,0.1,3.59,3.59,0.3,0.3,0,0,FIRM
D,TRADING,PRICE,3,"2025/05/27 18:10:00",1,NSW1,218,94.84,0,0,"2025/05/27 18:05:03",94.84,0.38,0.38,0.15,0.15,0.15,0.15,3,3,0.01,0.01,0.15,0.15,0.1,0.1,3.59,3.59,0.3,0.3,0,0,FIRM
D,TRADING,PRICE,3,"2025/05/27 18:10:00",1,QLD1,218,98.45,0,0,"2025/05/27 18:05:03",98.45,0.38,0.38,0.15,0.15,0.15,0.15,3,3,0.01,0.01,0.15,0.15,0.1,0.1,3.59,3.59,0.3,0.3,0,0,FIRM
D,TRADING,PRICE,3,"2025/05/27 18:10:00",1,TAS1,218,150.24,0,0,"2025/05/27 18:05:03",150.24,0.38,0.38,0.38,0.38,0.38,0.38,8.4,8.4,0.01,0.01,0.15,0.15,0,0,2.48,2.48,0.3,0.3,0,0,FIRM
D,TRADING,PRICE,3,"2025/05/27 18:10:00",1,VIC1,218,132.28,0,0,"2025/05/27 18:05:03",132.28,0.38,0.38,0.15,0.15,0.15,0.15,3,3,0.01,0.01,0.15,0.15,0.1,0.1,3.59,3.59,0.3,0.3,0,0,FIRM
C,"END OF REPORT",15
