C,NEMP.WORLD,TRADINGIS,AEMO,PUBLIC,2025/05/27,10:40:17,0000000465082920,TRADINGIS,0000000465082919
I,TRADING,INTERCONNECTORRES,2,SETTLEMENTDATE,RUNNO,INTERCONNECTORID,PERIODID,METEREDMWFLOW,MWFLOW,MWLOSSES,LASTCHANGED
D,TRADING,INTERCONNECTORRES,2,"2025/05/27 10:45:00",1,N-Q-MNSP1,129,-10.9,-17,0.07,"2025/05/27 10:40:09"
D,TRADING,INTERCONNECTORRES,2,"2025/05/27 10:45:00",1,NSW1-QLD1,129,-191.5,-253.58,5.96,"2025/05/27 10:40:09"
D,TRADING,INTERCONNECTORRES,2,"2025/05/27 10:45:00",1,T-V-MNSP1,129,-442.6,-454.49,23.25,"2025/05/27 10:40:09"
D,TRADING,INTERCONNECTORRES,2,"2025/05/27 10:45:00",1,V-S-MNSP1,129,151,152.55,16.83,"2025/05/27 10:40:09"
D,TRADING,INTERCONNECTORRES,2,"2025/05/27 10:45:00",1,V-SA,129,-524.75,-540.83,34.84,"2025/05/27 10:40:09"
D,TRADING,INTERCONNECTORRES,2,"2025/05/27 10:45:00",1,VIC1-NSW1,129,365.71,-11.52,-0.33,"2025/05/27 10:40:09"
I,TRADING,PRICE,3,SETTLEMENTDATE,RUNNO,REGIONID,PERIODID,RRP,EEP,INVALIDFLAG,LASTCHANGED,ROP,RAISE6SECRRP,RAISE6SECROP,RAISE60SECRRP,RAISE60SECROP,RAISE5MINRRP,RAISE5MINROP,RAISEREGRRP,RAISEREGROP,LOWER6SECRRP,LOWER6SECROP,LOWER60SECRRP,LOWER60SECROP,LOWER5MINRRP,LOWER5MINROP,LOWERREGRRP,LOWERREGROP,RAISE1SECRRP,RAISE1SECROP,LOWER1SECRRP,LOWER1SECROP,PRICE_STATUS
D,TRADING,PRICE,3,"2025/05/27 10:45:00",1,SA1,129,-9.87,0,0,"2025/05/27 10:40:09",-9.87,0.01,0.01,0.01,0.01,0.04,0.04,7.85,7.85,0.1,0.1,0.86,0.86,0.01,0.01,0.01,0.01,0.3,0.3,0,0,FIRM
D,TRADING,PRICE,3,"2025/05/27 10:45:00",1,NSW1,129,53.02,0,0,"2025/05/27 10:40:09",53.02,0.01,0.01,0.01,0.01,0.04,0.04,7.85,7.85,0.1,0.1,0.86,0.86,0.01,0.01,0.01,0.01,0.3,0.3,0,0,FIRM
D,TRADING,PRICE,3,"2025/05/27 10:45:00",1,QLD1,129,50.75,0,0,"2025/05/27 10:40:09",50.75,0.01,0.01,0.01,0.01,0.04,0.04,7.85,7.85,0.1,0.1,0.86,0.86,0.01,0.01,0.01,0.01,0.3,0.3,0,0,FIRM
D,TRADING,PRICE,3,"2025/05/27 10:45:00",1,TAS1,129,35.24,0,0,"2025/05/27 10:40:09",35.24,0.38,0.38,0.38,0.38,0.04,0.04,7.4,7.4,0.1,0.1,0.86,0.86,0,0,2.48,2.48,0.3,0.3,0,0,FIRM
D,TRADING,PRICE,3,"2025/05/27 10:45:00",1,VIC1,129,-20,0,0,"2025/05/27 10:40:09",-20,0.01,0.01,0.01,0.01,0.04,0.04,7.85,7.85,0.1,0.1,0.86,0.86,0.01,0.01,0.01,0.01,0.3,0.3,0,0,FIRM
C,"END OF REPORT",15
