C,NEMP.WORLD,TRADINGIS,AEMO,PUBLIC,2025/05/26,17:45:13,0000000464979785,TRADINGIS,0000000464979784
I,TRADING,INTERCONNECTORRES,2,SETTLEMENTDATE,RUNNO,INTERCONNECTORID,PERIODID,METEREDMWFLOW,MWFLOW,MWLOSSES,LASTCHANGED
D,TRADING,INTERCONNECTORRES,2,"2025/05/26 17:50:00",1,N-Q-MNSP1,214,-0.7,0,0,"2025/05/26 17:45:05"
D,TRADING,INTERCONNECTORRES,2,"2025/05/26 17:50:00",1,NSW1-QLD1,214,-129.5,-89.76,-6.13,"2025/05/26 17:45:05"
D,TRADING,INTERCONNECTORRES,2,"2025/05/26 17:50:00",1,T-V-MNSP1,214,-415.7,-446.95,22.52,"2025/05/26 17:45:05"
D,TRADING,INTERCONNECTORRES,2,"2025/05/26 17:50:00",1,V-S-MNSP1,214,12,-68,10.6,"2025/05/26 17:45:05"
D,TRADING,INTERCONNECTORRES,2,"2025/05/26 17:50:00",1,V-SA,214,257.12,225.1,11.11,"2025/05/26 17:45:05"
D,TRADING,INTERCONNECTORRES,2,"2025/05/26 17:50:00",1,VIC1-NSW1,214,-948.29,-848.29,64.4,"2025/05/26 17:45:05"
I,TRADING,PRICE,3,SETTLEMENTDATE,RUNNO,REGIONID,PERIODID,RRP,EEP,INVALIDFLAG,LASTCHANGED,ROP,RAISE6SECRRP,RAISE6SECROP,RAISE60SECRRP,RAISE60SECROP,RAISE5MINRRP,RAISE5MINROP,RAISEREGRRP,RAISEREGROP,LOWER6SECRRP,LOWER6SECROP,LOWER60SECRRP,LOWER60SECROP,LOWER5MINRRP,LOWER5MINROP,LOWERREGRRP,LOWERREGROP,RAISE1SECRRP,RAISE1SECROP,LOWER1SECRRP,LOWER1SECROP,PRICE_STATUS
D,TRADING,PRICE,3,"2025/05/26 17:50:00",1,SA1,214,-18,0,0,"2025/05/26 17:45:05",-18,0.37,0.37,0.15,0.15,0.24,0.24,0.52,0.52,0.3,0.3,0.38,0.38,0.38,0.38,1,1,0.81,0.81,0,0,FIRM
D,TRADING,PRICE,3,"2025/05/26 17:50:00",1,NSW1,214,139.48,0,0,"2025/05/26 17:45:05",139.48,0.37,0.37,0.15,0.15,0.24,0.24,0.52,0.52,0.3,0.3,0.38,0.38,0.38,0.38,1,1,0.81,0.81,0,0,FIRM
D,TRADING,PRICE,3,"2025/05/26 17:50:00",1,QLD1,214,147.73,0,0,"2025/05/26 17:45:05",147.73,0.37,0.37,0.15,0.15,0.24,0.24,0.52,0.52,0.3,0.3,0.38,0.38,0.38,0.38,1,1,0.81,0.81,0,0,FIRM
D,TRADING,PRICE,3,"2025/05/26 17:50:00",1,TAS1,214,100.28,0,0,"2025/05/26 17:45:05",100.28,0.38,0.38,0.38,0.38,0.24,0.24,8.8,8.8,0.3,0.3,0.38,0.38,0,0,2.55,2.55,0.81,0.81,0,0,FIRM
D,TRADING,PRICE,3,"2025/05/26 17:50:00",1,VIC1,214,-18.5,0,0,"2025/05/26 17:45:05",-18.5,0.37,0.37,0.15,0.15,0.24,0.24,0.52,0.52,0.3,0.3,0.38,0.38,0.38,0.38,1,1,0.81,0.81,0,0,FIRM
C,"END OF REPORT",15
