C,NEMP.WORLD,TRADINGIS,AEMO,PUBLIC,2025/05/27,12:35:15,0000000465096771,TRADINGIS,0000000465096770
I,TRADING,INTERCONNECTORRES,2,SETTLEMENTDATE,RUNNO,INTERCONNECTORID,PERIODID,METEREDMWFLOW,MWFLOW,MWLOSSES,LASTCHANGED
D,TRADING,INTERCONNECTORRES,2,"2025/05/27 12:40:00",1,N-Q-MNSP1,152,-1.6,-9,-0.16,"2025/05/27 12:35:08"
D,TRADING,INTERCONNECTORRES,2,"2025/05/27 12:40:00",1,NSW1-QLD1,152,-119.6,-51.18,0.04,"2025/05/27 12:35:08"
D,TRADING,INTERCONNECTORRES,2,"2025/05/27 12:40:00",1,T-V-MNSP1,152,-465.8,-478,25.62,"2025/05/27 12:35:08"
D,TRADING,INTERCONNECTORRES,2,"2025/05/27 12:40:00",1,V-S-MNSP1,152,123,160.83,19.35,"2025/05/27 12:35:08"
D,TRADING,INTERCONNECTORRES,2,"2025/05/27 12:40:00",1,V-SA,152,-456.54,-381.23,31,"2025/05/27 12:35:08"
D,TRADING,INTERCONNECTORRES,2,"2025/05/27 12:40:00",1,VIC1-NSW1,152,-322.58,-193.21,-8.76,"2025/05/27 12:35:08"
I,TRADING,PRICE,3,SETTLEMENTDATE,RUNNO,REGIONID,PERIODID,RRP,EEP,INVALIDFLAG,LASTCHANGED,ROP,RAISE6SECRRP,RAISE6SECROP,RAISE60SECRRP,RAISE60SECROP,RAISE5MINRRP,RAISE5MINROP,RAISEREGRRP,RAISEREGROP,LOWER6SECRRP,LOWER6SECROP,LOWER60SECRRP,LOWER60SECROP,LOWER5MINRRP,LOWER5MINROP,LOWERREGRRP,LOWERREGROP,RAISE1SECRRP,RAISE1SECROP,LOWER1SECRRP,LOWER1SECROP,PRICE_STATUS
D,TRADING,PRICE,3,"2025/05/27 12:40:00",1,SA1,152,-86.5,0,0,"2025/05/27 12:35:08",-86.5,0.01,0.01,0.01,0.01,0.1,0.1,9.24,9.24,0.39,0.39,1.44,1.44,0.39,0.39,7.65,7.65,0.01,0.01,0,0,FIRM
D,TRADING,PRICE,3,"2025/05/27 12:40:00",1,NSW1,152,36.5,0,0,"2025/05/27 12:35:08",36.5,0.01,0.01,0.01,0.01,0.1,0.1,9.24,9.24,0.39,0.39,1.44,1.44,0.39,0.39,7.65,7.65,0.01,0.01,0,0,FIRM
D,TRADING,PRICE,3,"2025/05/27 12:40:00",1,QLD1,152,36.17,0,0,"2025/05/27 12:35:08",36.17,0.01,0.01,0.01,0.01,0.1,0.1,9.24,9.24,0.39,0.39,1.44,1.44,0.39,0.39,7.65,7.65,0.01,0.01,0,0,FIRM
D,TRADING,PRICE,3,"2025/05/27 12:40:00",1,TAS1,152,75.18,0,0,"2025/05/27 12:35:08",75.18,0.38,0.38,0.38,0.38,0.36,0.36,7.4,7.4,0.38,0.38,1.37,1.37,0,0,3.48,3.48,0.01,0.01,0,0,FIRM
D,TRADING,PRICE,3,"2025/05/27 12:40:00",1,VIC1,152,35.52,0,0,"2025/05/27 12:35:08",35.52,0.01,0.01,0.01,0.01,0.1,0.1,9.24,9.24,0.39,0.39,1.44,1.44,0.39,0.39,7.65,7.65,0.01,0.01,0,0,FIRM
C,"END OF REPORT",15
