C,NEMP.WORLD,TRADINGIS,AEMO,PUBLIC,2025/05/29,19:35:11,0000000465431183,TRADINGIS,0000000465431182
I,TRADING,INTERCONNECTORRES,2,SETTLEMENTDATE,RUNNO,INTERCONNECTORID,PERIODID,METEREDMWFLOW,MWFLOW,MWLOSSES,LASTCHANGED
D,TRADING,INTERCONNECTORRES,2,"2025/05/29 19:40:00",1,N-Q-MNSP1,236,-10.3,-9,-0.16,"2025/05/29 19:35:03"
D,TRADING,INTERCONNECTORRES,2,"2025/05/29 19:40:00",1,NSW1-QLD1,236,-557,-403.44,-7.36,"2025/05/29 19:35:03"
D,TRADING,INTERCONNECTORRES,2,"2025/05/29 19:40:00",1,T-V-MNSP1,236,78.1,99.03,0.64,"2025/05/29 19:35:03"
D,TRADING,INTERCONNECTORRES,2,"2025/05/29 19:40:00",1,V-S-MNSP1,236,45,54,-0.46,"2025/05/29 19:35:03"
D,TRADING,INTERCONNECTORRES,2,"2025/05/29 19:40:00",1,V-SA,236,138.13,211.72,6.49,"2025/05/29 19:35:03"
D,TRADING,INTERCONNECTORRES,2,"2025/05/29 19:40:00",1,VIC1-NSW1,236,-80.32,-34.2,-0.02,"2025/05/29 19:35:03"
I,TRADING,PRICE,3,SETTLEMENTDATE,RUNNO,REGIONID,PERIODID,RRP,EEP,INVALIDFLAG,LASTCHANGED,ROP,RAISE6SECRRP,RAISE6SECROP,RAISE60SECRRP,RAISE60SECROP,RAISE5MINRRP,RAISE5MINROP,RAISEREGRRP,RAISEREGROP,LOWER6SECRRP,LOWER6SECROP,LOWER60SECRRP,LOWER60SECROP,LOWER5MINRRP,LOWER5MINROP,LOWERREGRRP,LOWERREGROP,RAISE1SECRRP,RAISE1SECROP,LOWER1SECRRP,LOWER1SECROP,PRICE_STATUS
D,TRADING,PRICE,3,"2025/05/29 19:40:00",1,SA1,236,123.49,0,0,"2025/05/29 19:35:03",123.49,0.38,0.38,0.23,0.23,0.24,0.24,5.46,5.46,0.14,0.14,0.38,0.38,0.38,0.38,3.7,3.7,0.04,0.04,0,0,FIRM
D,TRADING,PRICE,3,"2025/05/29 19:40:00",1,NSW1,236,117.01,0,0,"2025/05/29 19:35:03",117.01,0.38,0.38,0.23,0.23,0.24,0.24,5.46,5.46,0.14,0.14,0.38,0.38,0.38,0.38,3.7,3.7,0.04,0.04,0,0,FIRM
D,TRADING,PRICE,3,"2025/05/29 19:40:00",1,QLD1,236,114.83,0,0,"2025/05/29 19:35:03",114.83,0.38,0.38,0.23,0.23,0.24,0.24,5.46,5.46,0.14,0.14,0.38,0.38,0.38,0.38,3.7,3.7,0.04,0.04,0,0,FIRM
D,TRADING,PRICE,3,"2025/05/29 19:40:00",1,TAS1,236,116.25,0,0,"2025/05/29 19:35:03",116.25,0.38,0.38,0.38,0.38,0.24,0.24,7.54,7.54,0.14,0.14,0.38,0.38,0,0,2.46,2.46,0.04,0.04,0,0,FIRM
D,TRADING,PRICE,3,"2025/05/29 19:40:00",1,VIC1,236,116.92,0,0,"2025/05/29 19:35:03",116.92,0.38,0.38,0.23,0.23,0.24,0.24,5.46,5.46,0.14,0.14,0.38,0.38,0.38,0.38,3.7,3.7,0.04,0.04,0,0,FIRM
C,"END OF REPORT",15
