C,NEMP.WORLD,TRADINGIS,AEMO,PUBLIC,2025/05/29,13:50:11,0000000465394742,TRADINGIS,0000000465394741
I,TRADING,INTERCONNECTORRES,2,SETTLEMENTDATE,RUNNO,INTERCONNECTORID,PERIODID,METEREDMWFLOW,MWFLOW,MWLOSSES,LASTCHANGED
D,TRADING,INTERCONNECTORRES,2,"2025/05/29 13:55:00",1,N-Q-MNSP1,167,-2.6,-9,-0.16,"2025/05/29 13:50:04"
D,TRADING,INTERCONNECTORRES,2,"2025/05/29 13:55:00",1,NSW1-QLD1,167,-133,-155.9,-0.94,"2025/05/29 13:50:04"
D,TRADING,INTERCONNECTORRES,2,"2025/05/29 13:55:00",1,T-V-MNSP1,167,-465.2,-472.48,25.06,"2025/05/29 13:50:04"
D,TRADING,INTERCONNECTORRES,2,"2025/05/29 13:55:00",1,V-S-MNSP1,167,0,0,0,"2025/05/29 13:50:04"
D,TRADING,INTERCONNECTORRES,2,"2025/05/29 13:55:00",1,V-SA,167,-185.5,-187.84,10.65,"2025/05/29 13:50:04"
D,TRADING,INTERCONNECTORRES,2,"2025/05/29 13:55:00",1,VIC1-NSW1,167,440.36,560.38,70.51,"2025/05/29 13:50:04"
I,TRADING,PRICE,3,SETTLEMENTDATE,RUNNO,REGIONID,PERIODID,RRP,EEP,INVALIDFLAG,LASTCHANGED,ROP,RAISE6SECRRP,RAISE6SECROP,RAISE60SECRRP,RAISE60SECROP,RAISE5MINRRP,RAISE5MINROP,RAISEREGRRP,RAISEREGROP,LOWER6SECRRP,LOWER6SECROP,LOWER60SECRRP,LOWER60SECROP,LOWER5MINRRP,LOWER5MINROP,LOWERREGRRP,LOWERREGROP,RAISE1SECRRP,RAISE1SECROP,LOWER1SECRRP,LOWER1SECROP,PRICE_STATUS
D,TRADING,PRICE,3,"2025/05/29 13:55:00",1,SA1,167,50.29,0,0,"2025/05/29 13:50:04",50.29,0.1,0.1,0.04,0.04,0.1,0.1,7.99,7.99,0.38,0.38,0.86,0.86,0.39,0.39,3.7,3.7,0.38,0.38,0,0,FIRM
D,TRADING,PRICE,3,"2025/05/29 13:55:00",1,NSW1,167,64.89,0,0,"2025/05/29 13:50:04",64.89,0.1,0.1,0.04,0.04,0.1,0.1,7.99,7.99,0.38,0.38,0.86,0.86,0.39,0.39,3.7,3.7,0.38,0.38,0,0,FIRM
D,TRADING,PRICE,3,"2025/05/29 13:55:00",1,QLD1,167,101.26,0,0,"2025/05/29 13:50:04",101.26,19.9,19.9,16.68,16.68,0.86,0.86,8.75,8.75,0.38,0.38,0.86,0.86,0.39,0.39,3.7,3.7,0.38,0.38,0,0,FIRM
D,TRADING,PRICE,3,"2025/05/29 13:55:00",1,TAS1,167,100.12,0,0,"2025/05/29 13:50:04",100.12,0.38,0.38,0.38,0.38,0.38,0.38,7.54,7.54,0.38,0.38,0.86,0.86,0,0,2.46,2.46,0.38,0.38,0,0,FIRM
D,TRADING,PRICE,3,"2025/05/29 13:55:00",1,VIC1,167,54.55,0,0,"2025/05/29 13:50:04",54.55,0.1,0.1,0.04,0.04,0.1,0.1,7.99,7.99,0.38,0.38,0.86,0.86,0.39,0.39,3.7,3.7,0.38,0.38,0,0,FIRM
C,"END OF REPORT",15
