C,NEMP.WORLD,TRADINGIS,AEMO,PUBLIC,2025/05/29,20:15:11,0000000465435227,TRADINGIS,0000000465435226
I,TRADING,INTERCONNECTORRES,2,SETTLEMENTDATE,RUNNO,INTERCONNECTORID,PERIODID,METEREDMWFLOW,MWFLOW,MWLOSSES,LASTCHANGED
D,TRADING,INTERCONNECTORRES,2,"2025/05/29 20:20:00",1,N-Q-MNSP1,244,-8.6,-9,-0.16,"2025/05/29 20:15:03"
D,TRADING,INTERCONNECTORRES,2,"2025/05/29 20:20:00",1,NSW1-QLD1,244,-512.8,-332.81,-7.39,"2025/05/29 20:15:03"
D,TRADING,INTERCONNECTORRES,2,"2025/05/29 20:20:00",1,T-V-MNSP1,244,44.5,31.32,-0.02,"2025/05/29 20:15:03"
D,TRADING,INTERCONNECTORRES,2,"2025/05/29 20:20:00",1,V-S-MNSP1,244,36,36,-1.09,"2025/05/29 20:15:03"
D,TRADING,INTERCONNECTORRES,2,"2025/05/29 20:20:00",1,V-SA,244,53.97,-3.92,-0.02,"2025/05/29 20:15:03"
D,TRADING,INTERCONNECTORRES,2,"2025/05/29 20:20:00",1,VIC1-NSW1,244,-83.6,39.95,0.36,"2025/05/29 20:15:03"
I,TRADING,PRICE,3,SETTLEMENTDATE,RUNNO,REGIONID,PERIODID,RRP,EEP,INVALIDFLAG,LASTCHANGED,ROP,RAISE6SECRRP,RAISE6SECROP,RAISE60SECRRP,RAISE60SECROP,RAISE5MINRRP,RAISE5MINROP,RAISEREGRRP,RAISEREGROP,LOWER6SECRRP,LOWER6SECROP,LOWER60SECRRP,LOWER60SECROP,LOWER5MINRRP,LOWER5MINROP,LOWERREGRRP,LOWERREGROP,RAISE1SECRRP,RAISE1SECROP,LOWER1SECRRP,LOWER1SECROP,PRICE_STATUS
D,TRADING,PRICE,3,"2025/05/29 20:20:00",1,SA1,244,103.27,0,0,"2025/05/29 20:15:03",103.27,0.38,0.38,0.23,0.23,0.23,0.23,12.29,12.29,0.1,0.1,0.38,0.38,0.1,0.1,0.1,0.1,0.37,0.37,0,0,FIRM
D,TRADING,PRICE,3,"2025/05/29 20:20:00",1,NSW1,244,116.67,0,0,"2025/05/29 20:15:03",116.67,0.38,0.38,0.23,0.23,0.23,0.23,12.29,12.29,0.1,0.1,0.38,0.38,0.1,0.1,0.1,0.1,0.37,0.37,0,0,FIRM
D,TRADING,PRICE,3,"2025/05/29 20:20:00",1,QLD1,244,115.63,0,0,"2025/05/29 20:15:03",115.63,0.38,0.38,0.23,0.23,0.23,0.23,12.29,12.29,0.1,0.1,0.38,0.38,0.1,0.1,0.1,0.1,0.37,0.37,0,0,FIRM
D,TRADING,PRICE,3,"2025/05/29 20:20:00",1,TAS1,244,100.19,0,0,"2025/05/29 20:15:03",100.19,0.38,0.38,0.38,0.38,0.38,0.38,6.71,6.71,0.44,0.44,1.37,1.37,0.38,0.38,2.46,2.46,0,0,0,0,FIRM
D,TRADING,PRICE,3,"2025/05/29 20:20:00",1,VIC1,244,102.77,0,0,"2025/05/29 20:15:03",102.77,0.38,0.38,0.23,0.23,0.23,0.23,12.29,12.29,0.1,0.1,0.38,0.38,0.1,0.1,0.1,0.1,0.37,0.37,0,0,FIRM
C,"END OF REPORT",15
