C,NEMP.WORLD,TRADINGIS,AEMO,PUBLIC,2025/05/26,20:40:12,0000000464998320,TRADINGIS,0000000464998319
I,TRADING,INTERCONNECTORRES,2,SETTLEMENTDATE,RUNNO,INTERCONNECTORID,PERIODID,METEREDMWFLOW,MWFLOW,MWLOSSES,LASTCHANGED
D,TRADING,INTERCONNECTORRES,2,"2025/05/26 20:45:00",1,N-Q-MNSP1,249,9.4,9,0.6,"2025/05/26 20:40:04"
D,TRADING,INTERCONNECTORRES,2,"2025/05/26 20:45:00",1,NSW1-QLD1,249,148.9,202.01,13.08,"2025/05/26 20:40:04"
D,TRADING,INTERCONNECTORRES,2,"2025/05/26 20:45:00",1,T-V-MNSP1,249,-470.6,-455.01,23.3,"2025/05/26 20:40:04"
D,TRADING,INTERCONNECTORRES,2,"2025/05/26 20:45:00",1,V-S-MNSP1,249,176,175.16,24.11,"2025/05/26 20:40:04"
D,TRADING,INTERCONNECTORRES,2,"2025/05/26 20:45:00",1,V-SA,249,173.48,8.77,0.23,"2025/05/26 20:40:04"
D,TRADING,INTERCONNECTORRES,2,"2025/05/26 20:45:00",1,VIC1-NSW1,249,1014.03,1041.84,87.08,"2025/05/26 20:40:04"
I,TRADING,PRICE,3,SETTLEMENTDATE,RUNNO,REGIONID,PERIODID,RRP,EEP,INVALIDFLAG,LASTCHANGED,ROP,RAISE6SECRRP,RAISE6SECROP,RAISE60SECRRP,RAISE60SECROP,RAISE5MINRRP,RAISE5MINROP,RAISEREGRRP,RAISEREGROP,LOWER6SECRRP,LOWER6SECROP,LOWER60SECRRP,LOWER60SECROP,LOWER5MINRRP,LOWER5MINROP,LOWERREGRRP,LOWERREGROP,RAISE1SECRRP,RAISE1SECROP,LOWER1SECRRP,LOWER1SECROP,PRICE_STATUS
D,TRADING,PRICE,3,"2025/05/26 20:45:00",1,SA1,249,-20,0,0,"2025/05/26 20:40:04",-20,0.23,0.23,0.17,0.17,0.32,0.32,1,1,0.01,0.01,0.1,0.1,0,0,0,0,0.04,0.04,0,0,FIRM
D,TRADING,PRICE,3,"2025/05/26 20:45:00",1,NSW1,249,65.01,0,0,"2025/05/26 20:40:04",65.01,0.23,0.23,0.17,0.17,0.32,0.32,1,1,0.01,0.01,0.1,0.1,0,0,0,0,0.04,0.04,0,0,FIRM
D,TRADING,PRICE,3,"2025/05/26 20:45:00",1,QLD1,249,70.59,0,0,"2025/05/26 20:40:04",70.59,0.23,0.23,0.17,0.17,0.32,0.32,1,1,0.01,0.01,0.1,0.1,0,0,0,0,0.04,0.04,0,0,FIRM
D,TRADING,PRICE,3,"2025/05/26 20:45:00",1,TAS1,249,55.28,0,0,"2025/05/26 20:40:04",55.28,0.38,0.38,0.38,0.38,0.32,0.32,8.8,8.8,0.01,0.01,0.1,0.1,0,0,2.55,2.55,0.04,0.04,0,0,FIRM
D,TRADING,PRICE,3,"2025/05/26 20:45:00",1,VIC1,249,0.01,0,0,"2025/05/26 20:40:04",0.01,0.23,0.23,0.17,0.17,0.32,0.32,1,1,0.01,0.01,0.1,0.1,0,0,0,0,0.04,0.04,0,0,FIRM
C,"END OF REPORT",15
