C,NEMP.WORLD,TRADINGIS,AEMO,PUBLIC,2025/05/27,16:25:10,0000000465122320,TRADINGIS,0000000465122319
I,TRADING,INTERCONNECTORRES,2,SETTLEMENTDATE,RUNNO,INTERCONNECTORID,PERIODID,METEREDMWFLOW,MWFLOW,MWLOSSES,LASTCHANGED
D,TRADING,INTERCONNECTORRES,2,"2025/05/27 16:30:00",1,N-Q-MNSP1,198,-1.5,0,0,"2025/05/27 16:25:03"
D,TRADING,INTERCONNECTORRES,2,"2025/05/27 16:30:00",1,NSW1-QLD1,198,-169.1,-85.57,-4.27,"2025/05/27 16:25:03"
D,TRADING,INTERCONNECTORRES,2,"2025/05/27 16:30:00",1,T-V-MNSP1,198,-443.8,-403.08,18.47,"2025/05/27 16:25:03"
D,TRADING,INTERCONNECTORRES,2,"2025/05/27 16:30:00",1,V-S-MNSP1,198,160,161.75,19.63,"2025/05/27 16:25:03"
D,TRADING,INTERCONNECTORRES,2,"2025/05/27 16:30:00",1,V-SA,198,148.92,95.33,-0.83,"2025/05/27 16:25:03"
D,TRADING,INTERCONNECTORRES,2,"2025/05/27 16:30:00",1,VIC1-NSW1,198,185.92,270.96,15.14,"2025/05/27 16:25:03"
I,TRADING,PRICE,3,SETTLEMENTDATE,RUNNO,REGIONID,PERIODID,RRP,EEP,INVALIDFLAG,LASTCHANGED,ROP,RAISE6SECRRP,RAISE6SECROP,RAISE60SECRRP,RAISE60SECROP,RAISE5MINRRP,RAISE5MINROP,RAISEREGRRP,RAISEREGROP,LOWER6SECRRP,LOWER6SECROP,LOWER60SECRRP,LOWER60SECROP,LOWER5MINRRP,LOWER5MINROP,LOWERREGRRP,LOWERREGROP,RAISE1SECRRP,RAISE1SECROP,LOWER1SECRRP,LOWER1SECROP,PRICE_STATUS
D,TRADING,PRICE,3,"2025/05/27 16:30:00",1,SA1,198,-27.52,0,0,"2025/05/27 16:25:03",-27.52,0.38,0.38,0.38,0.38,0.36,0.36,3.99,3.99,0.2,0.2,0.38,0.38,0.38,0.38,3.7,3.7,0.37,0.37,0,0,FIRM
D,TRADING,PRICE,3,"2025/05/27 16:30:00",1,NSW1,198,94.01,0,0,"2025/05/27 16:25:03",94.01,0.38,0.38,0.38,0.38,0.36,0.36,3.99,3.99,0.2,0.2,0.38,0.38,0.38,0.38,3.7,3.7,0.37,0.37,0,0,FIRM
D,TRADING,PRICE,3,"2025/05/27 16:30:00",1,QLD1,198,97.73,0,0,"2025/05/27 16:25:03",97.73,0.38,0.38,0.38,0.38,0.36,0.36,3.99,3.99,0.2,0.2,0.38,0.38,0.38,0.38,3.7,3.7,0.37,0.37,0,0,FIRM
D,TRADING,PRICE,3,"2025/05/27 16:30:00",1,TAS1,198,75.24,0,0,"2025/05/27 16:25:03",75.24,0.38,0.38,0.38,0.38,0.36,0.36,8.4,8.4,0.2,0.2,0.38,0.38,0.38,0.38,2.48,2.48,0.37,0.37,0,0,FIRM
D,TRADING,PRICE,3,"2025/05/27 16:30:00",1,VIC1,198,70.13,0,0,"2025/05/27 16:25:03",70.13,0.38,0.38,0.38,0.38,0.36,0.36,3.99,3.99,0.2,0.2,0.38,0.38,0.38,0.38,3.7,3.7,0.37,0.37,0,0,FIRM
C,"END OF REPORT",15
