C,NEMP.WORLD,TRADINGIS,AEMO,PUBLIC,2025/05/29,19:20:11,0000000465429497,TRADINGIS,0000000465429496
I,TRADING,INTERCONNECTORRES,2,SETTLEMENTDATE,RUNNO,INTERCONNECTORID,PERIODID,METEREDMWFLOW,MWFLOW,MWLOSSES,LASTCHANGED
D,TRADING,INTERCONNECTORRES,2,"2025/05/29 19:25:00",1,N-Q-MNSP1,233,-8.5,-9,-0.16,"2025/05/29 19:20:04"
D,TRADING,INTERCONNECTORRES,2,"2025/05/29 19:25:00",1,NSW1-QLD1,233,-329,-386.25,-9.69,"2025/05/29 19:20:04"
D,TRADING,INTERCONNECTORRES,2,"2025/05/29 19:25:00",1,T-V-MNSP1,233,106.2,100,0.65,"2025/05/29 19:20:04"
D,TRADING,INTERCONNECTORRES,2,"2025/05/29 19:25:00",1,V-S-MNSP1,233,45,45,-0.87,"2025/05/29 19:20:04"
D,TRADING,INTERCONNECTORRES,2,"2025/05/29 19:25:00",1,V-SA,233,139.67,129.76,2.56,"2025/05/29 19:20:04"
D,TRADING,INTERCONNECTORRES,2,"2025/05/29 19:25:00",1,VIC1-NSW1,233,51.82,28.5,0.22,"2025/05/29 19:20:04"
I,TRADING,PRICE,3,SETTLEMENTDATE,RUNNO,REGIONID,PERIODID,RRP,EEP,INVALIDFLAG,LASTCHANGED,ROP,RAISE6SECRRP,RAISE6SECROP,RAISE60SECRRP,RAISE60SECROP,RAISE5MINRRP,RAISE5MINROP,RAISEREGRRP,RAISEREGROP,LOWER6SECRRP,LOWER6SECROP,LOWER60SECRRP,LOWER60SECROP,LOWER5MINRRP,LOWER5MINROP,LOWERREGRRP,LOWERREGROP,RAISE1SECRRP,RAISE1SECROP,LOWER1SECRRP,LOWER1SECROP,PRICE_STATUS
D,TRADING,PRICE,3,"2025/05/29 19:25:00",1,SA1,233,145.64,0,0,"2025/05/29 19:20:04",145.64,0.37,0.37,0.1,0.1,0.15,0.15,12.15,12.15,0.14,0.14,0.38,0.38,0.38,0.38,15.49,15.49,0.04,0.04,0,0,FIRM
D,TRADING,PRICE,3,"2025/05/29 19:25:00",1,NSW1,233,141.98,0,0,"2025/05/29 19:20:04",141.98,0.37,0.37,0.1,0.1,0.15,0.15,12.15,12.15,0.14,0.14,0.38,0.38,0.38,0.38,15.49,15.49,0.04,0.04,0,0,FIRM
D,TRADING,PRICE,3,"2025/05/29 19:25:00",1,QLD1,233,140.94,0,0,"2025/05/29 19:20:04",140.94,0.37,0.37,0.1,0.1,0.15,0.15,12.15,12.15,0.14,0.14,0.38,0.38,0.38,0.38,15.49,15.49,0.04,0.04,0,0,FIRM
D,TRADING,PRICE,3,"2025/05/29 19:25:00",1,TAS1,233,150.24,0,0,"2025/05/29 19:20:04",150.24,0.38,0.38,0.38,0.38,0.15,0.15,7.54,7.54,0.14,0.14,0.38,0.38,0,0,2.46,2.46,0.04,0.04,0,0,FIRM
D,TRADING,PRICE,3,"2025/05/29 19:25:00",1,VIC1,233,140.79,0,0,"2025/05/29 19:20:04",140.79,0.37,0.37,0.1,0.1,0.15,0.15,12.15,12.15,0.14,0.14,0.38,0.38,0.38,0.38,15.49,15.49,0.04,0.04,0,0,FIRM
C,"END OF REPORT",15
