C,NEMP.WORLD,TRADINGIS,AEMO,PUBLIC,2025/05/28,11:20:18,0000000465235040,TRADINGIS,0000000465235039
I,TRADING,INTERCONNECTORRES,2,SETTLEMENTDATE,RUNNO,INTERCONNECTORID,PERIODID,METEREDMWFLOW,MWFLOW,MWLOSSES,LASTCHANGED
D,TRADING,INTERCONNECTORRES,2,"2025/05/28 11:25:00",1,N-Q-MNSP1,137,101.6,96.99,29.94,"2025/05/28 11:20:10"
D,TRADING,INTERCONNECTORRES,2,"2025/05/28 11:25:00",1,NSW1-QLD1,137,-289.8,-243.58,9.69,"2025/05/28 11:20:10"
D,TRADING,INTERCONNECTORRES,2,"2025/05/28 11:25:00",1,T-V-MNSP1,137,-391.9,-409.6,19.05,"2025/05/28 11:20:10"
D,TRADING,INTERCONNECTORRES,2,"2025/05/28 11:25:00",1,V-S-MNSP1,137,165,131.25,11.13,"2025/05/28 11:20:10"
D,TRADING,INTERCONNECTORRES,2,"2025/05/28 11:25:00",1,V-SA,137,595.82,603.9,35.45,"2025/05/28 11:20:10"
D,TRADING,INTERCONNECTORRES,2,"2025/05/28 11:25:00",1,VIC1-NSW1,137,-198.17,-168.15,-4.04,"2025/05/28 11:20:10"
I,TRADING,PRICE,3,SETTLEMENTDATE,RUNNO,REGIONID,PERIODID,RRP,EEP,INVALIDFLAG,LASTCHANGED,ROP,RAISE6SECRRP,RAISE6SECROP,RAISE60SECRRP,RAISE60SECROP,RAISE5MINRRP,RAISE5MINROP,RAISEREGRRP,RAISEREGROP,LOWER6SECRRP,LOWER6SECROP,LOWER60SECRRP,LOWER60SECROP,LOWER5MINRRP,LOWER5MINROP,LOWERREGRRP,LOWERREGROP,RAISE1SECRRP,RAISE1SECROP,LOWER1SECRRP,LOWER1SECROP,PRICE_STATUS
D,TRADING,PRICE,3,"2025/05/28 11:25:00",1,SA1,137,11.27,0,0,"2025/05/28 11:20:10",11.27,0.37,0.37,0.36,0.36,0.1,0.1,5.46,5.46,0.39,0.39,1.44,1.44,0.38,0.38,3.59,3.59,0.1,0.1,0,0,FIRM
D,TRADING,PRICE,3,"2025/05/28 11:25:00",1,NSW1,137,-18,0,0,"2025/05/28 11:20:10",-18,0.37,0.37,0.36,0.36,0.1,0.1,5.46,5.46,0.39,0.39,1.44,1.44,0.38,0.38,3.59,3.59,0.1,0.1,0,0,FIRM
D,TRADING,PRICE,3,"2025/05/28 11:25:00",1,QLD1,137,-24.71,0,0,"2025/05/28 11:20:10",-24.71,0.37,0.37,0.36,0.36,0.1,0.1,5.46,5.46,4.89,4.89,4.89,4.89,0.38,0.38,3.59,3.59,0.1,0.1,0,0,FIRM
D,TRADING,PRICE,3,"2025/05/28 11:25:00",1,TAS1,137,35.06,0,0,"2025/05/28 11:20:10",35.06,0.38,0.38,0.38,0.38,0.1,0.1,7.4,7.4,0.39,0.39,0.38,0.38,0.38,0.38,2.54,2.54,0.1,0.1,0,0,FIRM
D,TRADING,PRICE,3,"2025/05/28 11:25:00",1,VIC1,137,8.95,0,0,"2025/05/28 11:20:10",8.95,0.37,0.37,0.36,0.36,0.1,0.1,5.46,5.46,0.39,0.39,1.44,1.44,0.38,0.38,3.59,3.59,0.1,0.1,0,0,FIRM
C,"END OF REPORT",15
