C,NEMP.WORLD,TRADINGIS,AEMO,PUBLIC,2025/05/27,17:25:10,0000000465128951,TRADINGIS,0000000465128950
I,TRADING,INTERCONNECTORRES,2,SETTLEMENTDATE,RUNNO,INTERCONNECTORID,PERIODID,METEREDMWFLOW,MWFLOW,MWLOSSES,LASTCHANGED
D,TRADING,INTERCONNECTORRES,2,"2025/05/27 17:30:00",1,N-Q-MNSP1,210,0.2,0,0,"2025/05/27 17:25:03"
D,TRADING,INTERCONNECTORRES,2,"2025/05/27 17:30:00",1,NSW1-QLD1,210,-75.7,-181.05,-10.41,"2025/05/27 17:25:03"
D,TRADING,INTERCONNECTORRES,2,"2025/05/27 17:30:00",1,T-V-MNSP1,210,-450.5,-478,25.62,"2025/05/27 17:25:03"
D,TRADING,INTERCONNECTORRES,2,"2025/05/27 17:30:00",1,V-S-MNSP1,210,27,27,-1.11,"2025/05/27 17:25:03"
D,TRADING,INTERCONNECTORRES,2,"2025/05/27 17:30:00",1,V-SA,210,-76.82,-27,0.37,"2025/05/27 17:25:03"
D,TRADING,INTERCONNECTORRES,2,"2025/05/27 17:30:00",1,VIC1-NSW1,210,210.75,133.29,3.64,"2025/05/27 17:25:03"
I,TRADING,PRICE,3,SETTLEMENTDATE,RUNNO,REGIONID,PERIODID,RRP,EEP,INVALIDFLAG,LASTCHANGED,ROP,RAISE6SECRRP,RAISE6SECROP,RAISE60SECRRP,RAISE60SECROP,RAISE5MINRRP,RAISE5MINROP,RAISEREGRRP,RAISEREGROP,LOWER6SECRRP,LOWER6SECROP,LOWER60SECRRP,LOWER60SECROP,LOWER5MINRRP,LOWER5MINROP,LOWERREGRRP,LOWERREGROP,RAISE1SECRRP,RAISE1SECROP,LOWER1SECRRP,LOWER1SECROP,PRICE_STATUS
D,TRADING,PRICE,3,"2025/05/27 17:30:00",1,SA1,210,124,0,0,"2025/05/27 17:25:03",124,0.37,0.37,0.24,0.24,0.32,0.32,12,12,0.1,0.1,0.38,0.38,0.1,0.1,3.7,3.7,0.38,0.38,0,0,FIRM
D,TRADING,PRICE,3,"2025/05/27 17:30:00",1,NSW1,210,103.57,0,0,"2025/05/27 17:25:03",103.57,0.37,0.37,0.24,0.24,0.32,0.32,12,12,0.1,0.1,0.38,0.38,0.1,0.1,3.7,3.7,0.38,0.38,0,0,FIRM
D,TRADING,PRICE,3,"2025/05/27 17:30:00",1,QLD1,210,108.12,0,0,"2025/05/27 17:25:03",108.12,0.37,0.37,0.24,0.24,0.32,0.32,12,12,0.1,0.1,0.38,0.38,0.1,0.1,3.7,3.7,0.38,0.38,0,0,FIRM
D,TRADING,PRICE,3,"2025/05/27 17:30:00",1,TAS1,210,150.24,0,0,"2025/05/27 17:25:03",150.24,0.38,0.38,0.38,0.38,0.38,0.38,8.4,8.4,0.1,0.1,0.38,0.38,0,0,2.48,2.48,0.38,0.38,0,0,FIRM
D,TRADING,PRICE,3,"2025/05/27 17:30:00",1,VIC1,210,99.89,0,0,"2025/05/27 17:25:03",99.89,0.37,0.37,0.24,0.24,0.32,0.32,12,12,0.1,0.1,0.38,0.38,0.1,0.1,3.7,3.7,0.38,0.38,0,0,FIRM
C,"END OF REPORT",15
