C,NEMP.WORLD,TRADINGIS,AEMO,PUBLIC,2025/05/28,21:15:13,0000000465296850,TRADINGIS,0000000465296849
I,TRADING,INTERCONNECTORRES,2,SETTLEMENTDATE,RUNNO,INTERCONNECTORID,PERIODID,METEREDMWFLOW,MWFLOW,MWLOSSES,LASTCHANGED
D,TRADING,INTERCONNECTORRES,2,"2025/05/28 21:20:00",1,N-Q-MNSP1,256,-31.8,-33,1.59,"2025/05/28 21:15:03"
D,TRADING,INTERCONNECTORRES,2,"2025/05/28 21:20:00",1,NSW1-QLD1,256,-1122.7,-1103.76,60.28,"2025/05/28 21:15:03"
D,TRADING,INTERCONNECTORRES,2,"2025/05/28 21:20:00",1,T-V-MNSP1,256,-255.1,-225.79,6.19,"2025/05/28 21:15:03"
D,TRADING,INTERCONNECTORRES,2,"2025/05/28 21:20:00",1,V-S-MNSP1,256,63,63,0.15,"2025/05/28 21:15:03"
D,TRADING,INTERCONNECTORRES,2,"2025/05/28 21:20:00",1,V-SA,256,265.33,275.14,10.8,"2025/05/28 21:15:03"
D,TRADING,INTERCONNECTORRES,2,"2025/05/28 21:20:00",1,VIC1-NSW1,256,-89.2,-52.95,-0.32,"2025/05/28 21:15:03"
I,TRADING,PRICE,3,SETTLEMENTDATE,RUNNO,REGIONID,PERIODID,RRP,EEP,INVALIDFLAG,LASTCHANGED,ROP,RAISE6SECRRP,RAISE6SECROP,RAISE60SECRRP,RAISE60SECROP,RAISE5MINRRP,RAISE5MINROP,RAISEREGRRP,RAISEREGROP,LOWER6SECRRP,LOWER6SECROP,LOWER60SECRRP,LOWER60SECROP,LOWER5MINRRP,LOWER5MINROP,LOWERREGRRP,LOWERREGROP,RAISE1SECRRP,RAISE1SECROP,LOWER1SECRRP,LOWER1SECROP,PRICE_STATUS
D,TRADING,PRICE,3,"2025/05/28 21:20:00",1,SA1,256,138.04,0,0,"2025/05/28 21:15:03",138.04,0.38,0.38,0.23,0.23,0.23,0.23,12.29,12.29,0.1,0.1,0.38,0.38,0.1,0.1,3.49,3.49,0.36,0.36,0,0,FIRM
D,TRADING,PRICE,3,"2025/05/28 21:20:00",1,NSW1,256,128.49,0,0,"2025/05/28 21:15:03",128.49,0.38,0.38,0.23,0.23,0.23,0.23,12.29,12.29,0.1,0.1,0.38,0.38,0.1,0.1,3.49,3.49,0.36,0.36,0,0,FIRM
D,TRADING,PRICE,3,"2025/05/28 21:20:00",1,QLD1,256,110.15,0,0,"2025/05/28 21:15:03",110.15,0.38,0.38,0.23,0.23,0.23,0.23,12.29,12.29,0.1,0.1,0.38,0.38,0.1,0.1,3.49,3.49,0.36,0.36,0,0,FIRM
D,TRADING,PRICE,3,"2025/05/28 21:20:00",1,TAS1,256,133.13,0,0,"2025/05/28 21:15:03",133.13,0.38,0.38,0.36,0.36,0.23,0.23,8.4,8.4,0.1,0.1,0.38,0.38,0.1,0.1,3.48,3.48,0.36,0.36,0,0,FIRM
D,TRADING,PRICE,3,"2025/05/28 21:20:00",1,VIC1,256,128.54,0,0,"2025/05/28 21:15:03",128.54,0.38,0.38,0.23,0.23,0.23,0.23,12.29,12.29,0.1,0.1,0.38,0.38,0.1,0.1,3.49,3.49,0.36,0.36,0,0,FIRM
C,"END OF REPORT",15
