C,NEMP.WORLD,TRADINGIS,AEMO,PUBLIC,2025/05/27,20:15:10,0000000465146858,TRADINGIS,0000000465146857
I,TRADING,INTERCONNECTORRES,2,SETTLEMENTDATE,RUNNO,INTERCONNECTORID,PERIODID,METEREDMWFLOW,MWFLOW,MWLOSSES,LASTCHANGED
D,TRADING,INTERCONNECTORRES,2,"2025/05/27 20:20:00",1,N-Q-MNSP1,244,-9.1,-9,-0.16,"2025/05/27 20:15:03"
D,TRADING,INTERCONNECTORRES,2,"2025/05/27 20:20:00",1,NSW1-QLD1,244,-263.2,-304.78,-8.25,"2025/05/27 20:15:03"
D,TRADING,INTERCONNECTORRES,2,"2025/05/27 20:20:00",1,T-V-MNSP1,244,-251.5,-274.06,8.88,"2025/05/27 20:15:03"
D,TRADING,INTERCONNECTORRES,2,"2025/05/27 20:20:00",1,V-S-MNSP1,244,63,72,0.95,"2025/05/27 20:15:03"
D,TRADING,INTERCONNECTORRES,2,"2025/05/27 20:20:00",1,V-SA,244,315.41,411.77,22.39,"2025/05/27 20:15:03"
D,TRADING,INTERCONNECTORRES,2,"2025/05/27 20:20:00",1,VIC1-NSW1,244,-128.01,-179.32,1.51,"2025/05/27 20:15:03"
I,TRADING,PRICE,3,SETTLEMENTDATE,RUNNO,REGIONID,PERIODID,RRP,EEP,INVALIDFLAG,LASTCHANGED,ROP,RAISE6SECRRP,RAISE6SECROP,RAISE60SECRRP,RAISE60SECROP,RAISE5MINRRP,RAISE5MINROP,RAISEREGRRP,RAISEREGROP,LOWER6SECRRP,LOWER6SECROP,LOWER60SECRRP,LOWER60SECROP,LOWER5MINRRP,LOWER5MINROP,LOWERREGRRP,LOWERREGROP,RAISE1SECRRP,RAISE1SECROP,LOWER1SECRRP,LOWER1SECROP,PRICE_STATUS
D,TRADING,PRICE,3,"2025/05/27 20:20:00",1,SA1,244,105.96,0,0,"2025/05/27 20:15:03",105.96,0.38,0.38,0.23,0.23,0.15,0.15,5,5,0.01,0.01,0.38,0.38,0,0,0,0,0.37,0.37,0,0,FIRM
D,TRADING,PRICE,3,"2025/05/27 20:20:00",1,NSW1,244,84.49,0,0,"2025/05/27 20:15:03",84.49,0.38,0.38,0.23,0.23,0.15,0.15,5,5,0.01,0.01,0.38,0.38,0,0,0,0,0.37,0.37,0,0,FIRM
D,TRADING,PRICE,3,"2025/05/27 20:20:00",1,QLD1,244,84.45,0,0,"2025/05/27 20:15:03",84.45,0.38,0.38,0.23,0.23,0.15,0.15,5,5,0.01,0.01,0.38,0.38,0,0,0,0,0.37,0.37,0,0,FIRM
D,TRADING,PRICE,3,"2025/05/27 20:20:00",1,TAS1,244,100.2,0,0,"2025/05/27 20:15:03",100.2,0.38,0.38,0.36,0.36,0.15,0.15,6.53,6.53,0.01,0.01,0.38,0.38,0,0,2.48,2.48,0.37,0.37,0,0,FIRM
D,TRADING,PRICE,3,"2025/05/27 20:20:00",1,VIC1,244,95.77,0,0,"2025/05/27 20:15:03",95.77,0.38,0.38,0.23,0.23,0.15,0.15,5,5,0.01,0.01,0.38,0.38,0,0,0,0,0.37,0.37,0,0,FIRM
C,"END OF REPORT",15
