C,NEMP.WORLD,TRADINGIS,AEMO,PUBLIC,2025/05/29,09:50:10,0000000465368721,TRADINGIS,0000000465368720
I,TRADING,INTERCONNECTORRES,2,SETTLEMENTDATE,RUNNO,INTERCONNECTORID,PERIODID,METEREDMWFLOW,MWFLOW,MWLOSSES,LASTCHANGED
D,TRADING,INTERCONNECTORRES,2,"2025/05/29 09:55:00",1,N-Q-MNSP1,119,-12.1,-17,0.07,"2025/05/29 09:50:03"
D,TRADING,INTERCONNECTORRES,2,"2025/05/29 09:55:00",1,NSW1-QLD1,119,-451.2,-428.69,7.21,"2025/05/29 09:50:03"
D,TRADING,INTERCONNECTORRES,2,"2025/05/29 09:55:00",1,T-V-MNSP1,119,-451.1,-438,21.66,"2025/05/29 09:50:03"
D,TRADING,INTERCONNECTORRES,2,"2025/05/29 09:55:00",1,V-S-MNSP1,119,36,36,-1.09,"2025/05/29 09:50:03"
D,TRADING,INTERCONNECTORRES,2,"2025/05/29 09:55:00",1,V-SA,119,138.6,97.44,-0.19,"2025/05/29 09:50:03"
D,TRADING,INTERCONNECTORRES,2,"2025/05/29 09:55:00",1,VIC1-NSW1,119,-588.87,-456.9,0.26,"2025/05/29 09:50:03"
I,TRADING,PRICE,3,SETTLEMENTDATE,RUNNO,REGIONID,PERIODID,RRP,EEP,INVALIDFLAG,LASTCHANGED,ROP,RAISE6SECRRP,RAISE6SECROP,RAISE60SECRRP,RAISE60SECROP,RAISE5MINRRP,RAISE5MINROP,RAISEREGRRP,RAISEREGROP,LOWER6SECRRP,LOWER6SECROP,LOWER60SECRRP,LOWER60SECROP,LOWER5MINRRP,LOWER5MINROP,LOWERREGRRP,LOWERREGROP,RAISE1SECRRP,RAISE1SECROP,LOWER1SECRRP,LOWER1SECROP,PRICE_STATUS
D,TRADING,PRICE,3,"2025/05/29 09:55:00",1,SA1,119,114.42,0,0,"2025/05/29 09:50:03",114.42,0.37,0.37,0.1,0.1,0.1,0.1,9.89,9.89,0,0,0.15,0.15,0.1,0.1,3.99,3.99,0.81,0.81,0,0,FIRM
D,TRADING,PRICE,3,"2025/05/29 09:55:00",1,NSW1,119,109.5,0,0,"2025/05/29 09:50:03",109.5,0.37,0.37,0.1,0.1,0.1,0.1,9.89,9.89,0,0,0.15,0.15,0.1,0.1,3.99,3.99,0.81,0.81,0,0,FIRM
D,TRADING,PRICE,3,"2025/05/29 09:55:00",1,QLD1,119,102.72,0,0,"2025/05/29 09:50:03",102.72,0.37,0.37,0.1,0.1,0.1,0.1,9.89,9.89,0.38,0.38,0.38,0.38,0.1,0.1,3.99,3.99,0.81,0.81,0,0,FIRM
D,TRADING,PRICE,3,"2025/05/29 09:55:00",1,TAS1,119,150.16,0,0,"2025/05/29 09:50:03",150.16,0.38,0.38,0.38,0.38,0.36,0.36,5.58,5.58,0,0,0,0,0,0,3.46,3.46,0.81,0.81,0,0,FIRM
D,TRADING,PRICE,3,"2025/05/29 09:55:00",1,VIC1,119,113.48,0,0,"2025/05/29 09:50:03",113.48,0.37,0.37,0.1,0.1,0.1,0.1,9.89,9.89,0,0,0.15,0.15,0.1,0.1,3.99,3.99,0.81,0.81,0,0,FIRM
C,"END OF REPORT",15
