C,NEMP.WORLD,TRADINGIS,AEMO,PUBLIC,2025/05/28,00:55:11,0000000465173950,TRADINGIS,0000000465173949
I,TRADING,INTERCONNECTORRES,2,SETTLEMENTDATE,RUNNO,INTERCONNECTORID,PERIODID,METEREDMWFLOW,MWFLOW,MWLOSSES,LASTCHANGED
D,TRADING,INTERCONNECTORRES,2,"2025/05/28 01:00:00",1,N-Q-MNSP1,12,-9.3,0,0,"2025/05/28 00:55:03"
D,TRADING,INTERCONNECTORRES,2,"2025/05/28 01:00:00",1,NSW1-QLD1,12,20.8,68.09,0.8,"2025/05/28 00:55:03"
D,TRADING,INTERCONNECTORRES,2,"2025/05/28 01:00:00",1,T-V-MNSP1,12,-412.6,-473.42,25.15,"2025/05/28 00:55:03"
D,TRADING,INTERCONNECTORRES,2,"2025/05/28 01:00:00",1,V-S-MNSP1,12,179,128.68,10.51,"2025/05/28 00:55:03"
D,TRADING,INTERCONNECTORRES,2,"2025/05/28 01:00:00",1,V-SA,12,546.41,574.97,46.48,"2025/05/28 00:55:03"
D,TRADING,INTERCONNECTORRES,2,"2025/05/28 01:00:00",1,VIC1-NSW1,12,635.16,668.81,51.81,"2025/05/28 00:55:03"
I,TRADING,PRICE,3,SETTLEMENTDATE,RUNNO,REGIONID,PERIODID,RRP,EEP,INVALIDFLAG,LASTCHANGED,ROP,RAISE6SECRRP,RAISE6SECROP,RAISE60SECRRP,RAISE60SECROP,RAISE5MINRRP,RAISE5MINROP,RAISEREGRRP,RAISEREGROP,LOWER6SECRRP,LOWER6SECROP,LOWER60SECRRP,LOWER60SECROP,LOWER5MINRRP,LOWER5MINROP,LOWERREGRRP,LOWERREGROP,RAISE1SECRRP,RAISE1SECROP,LOWER1SECRRP,LOWER1SECROP,PRICE_STATUS
D,TRADING,PRICE,3,"2025/05/28 01:00:00",1,SA1,12,11.27,0,0,"2025/05/28 00:55:03",11.27,0.1,0.1,0.1,0.1,0.04,0.04,0.04,0.04,0.01,0.01,0.38,0.38,0.2,0.2,1,1,0.04,0.04,0,0,FIRM
D,TRADING,PRICE,3,"2025/05/28 01:00:00",1,NSW1,12,57.01,0,0,"2025/05/28 00:55:03",57.01,0.1,0.1,0.1,0.1,0.04,0.04,0.04,0.04,0.01,0.01,0.38,0.38,0.2,0.2,1,1,0.04,0.04,0,0,FIRM
D,TRADING,PRICE,3,"2025/05/28 01:00:00",1,QLD1,12,58.03,0,0,"2025/05/28 00:55:03",58.03,0.1,0.1,0.1,0.1,0.04,0.04,0.04,0.04,0.01,0.01,0.38,0.38,0.2,0.2,1,1,0.04,0.04,0,0,FIRM
D,TRADING,PRICE,3,"2025/05/28 01:00:00",1,TAS1,12,35.02,0,0,"2025/05/28 00:55:03",35.02,0.38,0.38,0.38,0.38,0.36,0.36,7.4,7.4,0.01,0.01,0.38,0.38,0,0,3.48,3.48,0.04,0.04,0,0,FIRM
D,TRADING,PRICE,3,"2025/05/28 01:00:00",1,VIC1,12,8.95,0,0,"2025/05/28 00:55:03",8.95,0.1,0.1,0.1,0.1,0.04,0.04,0.04,0.04,0.01,0.01,0.38,0.38,0.2,0.2,1,1,0.04,0.04,0,0,FIRM
C,"END OF REPORT",15
