C,NEMP.WORLD,TRADINGIS,AEMO,PUBLIC,2025/05/28,14:35:11,0000000465256484,TRADINGIS,0000000465256483
I,TRADING,INTERCONNECTORRES,2,SETTLEMENTDATE,RUNNO,INTERCONNECTORID,PERIODID,METEREDMWFLOW,MWFLOW,MWLOSSES,LASTCHANGED
D,TRADING,INTERCONNECTORRES,2,"2025/05/28 14:40:00",1,N-Q-MNSP1,176,-17.7,-17,0.07,"2025/05/28 14:35:03"
D,TRADING,INTERCONNECTORRES,2,"2025/05/28 14:40:00",1,NSW1-QLD1,176,-356.1,-339.81,8.92,"2025/05/28 14:35:03"
D,TRADING,INTERCONNECTORRES,2,"2025/05/28 14:40:00",1,T-V-MNSP1,176,-424.2,-433.73,21.26,"2025/05/28 14:35:03"
D,TRADING,INTERCONNECTORRES,2,"2025/05/28 14:40:00",1,V-S-MNSP1,176,155,120.91,8.75,"2025/05/28 14:35:03"
D,TRADING,INTERCONNECTORRES,2,"2025/05/28 14:40:00",1,V-SA,176,569.6,597.99,31.96,"2025/05/28 14:35:03"
D,TRADING,INTERCONNECTORRES,2,"2025/05/28 14:40:00",1,VIC1-NSW1,176,-184.82,-279.61,-5.29,"2025/05/28 14:35:03"
I,TRADING,PRICE,3,SETTLEMENTDATE,RUNNO,REGIONID,PERIODID,RRP,EEP,INVALIDFLAG,LASTCHANGED,ROP,RAISE6SECRRP,RAISE6SECROP,RAISE60SECRRP,RAISE60SECROP,RAISE5MINRRP,RAISE5MINROP,RAISEREGRRP,RAISEREGROP,LOWER6SECRRP,LOWER6SECROP,LOWER60SECRRP,LOWER60SECROP,LOWER5MINRRP,LOWER5MINROP,LOWERREGRRP,LOWERREGROP,RAISE1SECRRP,RAISE1SECROP,LOWER1SECRRP,LOWER1SECROP,PRICE_STATUS
D,TRADING,PRICE,3,"2025/05/28 14:40:00",1,SA1,176,83.36,0,0,"2025/05/28 14:35:03",83.36,0.23,0.23,0.1,0.1,0.1,0.1,11,11,0.01,0.01,0.39,0.39,0.38,0.38,0.38,0.38,0.37,0.37,0,0,FIRM
D,TRADING,PRICE,3,"2025/05/28 14:40:00",1,NSW1,176,66.98,0,0,"2025/05/28 14:35:03",66.98,0.23,0.23,0.1,0.1,0.1,0.1,11,11,0.01,0.01,0.39,0.39,0.38,0.38,0.38,0.38,0.37,0.37,0,0,FIRM
D,TRADING,PRICE,3,"2025/05/28 14:40:00",1,QLD1,176,44.94,0,0,"2025/05/28 14:35:03",44.94,0.23,0.23,0.1,0.1,0.1,0.1,11,11,11.21,11.21,7.89,7.89,0.38,0.38,0.38,0.38,0.37,0.37,0,0,FIRM
D,TRADING,PRICE,3,"2025/05/28 14:40:00",1,TAS1,176,75.12,0,0,"2025/05/28 14:35:03",75.12,0.38,0.38,0.38,0.38,0.1,0.1,6.44,6.44,0.01,0.01,0.38,0.38,0,0,2.48,2.48,0.37,0.37,0,0,FIRM
D,TRADING,PRICE,3,"2025/05/28 14:40:00",1,VIC1,176,67.51,0,0,"2025/05/28 14:35:03",67.51,0.23,0.23,0.1,0.1,0.1,0.1,11,11,0.01,0.01,0.39,0.39,0.38,0.38,0.38,0.38,0.37,0.37,0,0,FIRM
C,"END OF REPORT",15
