C,NEMP.WORLD,TRADINGIS,AEMO,PUBLIC,2025/05/28,10:25:15,0000000465229515,TRADINGIS,0000000465229514
I,TRADING,INTERCONNECTORRES,2,SETTLEMENTDATE,RUNNO,INTERCONNECTORID,PERIODID,METEREDMWFLOW,MWFLOW,MWLOSSES,LASTCHANGED
D,TRADING,INTERCONNECTORRES,2,"2025/05/28 10:30:00",1,N-Q-MNSP1,126,97.3,96.03,29.4,"2025/05/28 10:25:08"
D,TRADING,INTERCONNECTORRES,2,"2025/05/28 10:30:00",1,NSW1-QLD1,126,-482.7,-339.75,14.88,"2025/05/28 10:25:08"
D,TRADING,INTERCONNECTORRES,2,"2025/05/28 10:30:00",1,T-V-MNSP1,126,-450.5,-431.97,21.09,"2025/05/28 10:25:08"
D,TRADING,INTERCONNECTORRES,2,"2025/05/28 10:30:00",1,V-S-MNSP1,126,94,81,1.95,"2025/05/28 10:25:08"
D,TRADING,INTERCONNECTORRES,2,"2025/05/28 10:30:00",1,V-SA,126,587.89,525.77,28.63,"2025/05/28 10:25:08"
D,TRADING,INTERCONNECTORRES,2,"2025/05/28 10:30:00",1,VIC1-NSW1,126,-351.06,-268.78,-2.02,"2025/05/28 10:25:08"
I,TRADING,PRICE,3,SETTLEMENTDATE,RUNNO,REGIONID,PERIODID,RRP,EEP,INVALIDFLAG,LASTCHANGED,ROP,RAISE6SECRRP,RAISE6SECROP,RAISE60SECRRP,RAISE60SECROP,RAISE5MINRRP,RAISE5MINROP,RAISEREGRRP,RAISEREGROP,LOWER6SECRRP,LOWER6SECROP,LOWER60SECRRP,LOWER60SECROP,LOWER5MINRRP,LOWER5MINROP,LOWERREGRRP,LOWERREGROP,RAISE1SECRRP,RAISE1SECROP,LOWER1SECRRP,LOWER1SECROP,PRICE_STATUS
D,TRADING,PRICE,3,"2025/05/28 10:30:00",1,SA1,126,10.01,0,0,"2025/05/28 10:25:08",10.01,0.23,0.23,0.1,0.1,0.1,0.1,9.55,9.55,0.38,0.38,0.39,0.39,0.38,0.38,3.6,3.6,0.1,0.1,0,0,FIRM
D,TRADING,PRICE,3,"2025/05/28 10:30:00",1,NSW1,126,-17.01,0,0,"2025/05/28 10:25:08",-17.01,0.23,0.23,0.1,0.1,0.1,0.1,9.55,9.55,0.38,0.38,0.39,0.39,0.38,0.38,3.6,3.6,0.1,0.1,0,0,FIRM
D,TRADING,PRICE,3,"2025/05/28 10:30:00",1,QLD1,126,-30.39,0,0,"2025/05/28 10:25:08",-30.39,0.23,0.23,0.1,0.1,0.1,0.1,9.55,9.55,7.89,7.89,7.89,7.89,0.38,0.38,3.6,3.6,0.1,0.1,0,0,FIRM
D,TRADING,PRICE,3,"2025/05/28 10:30:00",1,TAS1,126,75.12,0,0,"2025/05/28 10:25:08",75.12,0.38,0.38,0.38,0.38,0.1,0.1,6.44,6.44,0.38,0.38,0.38,0.38,0.38,0.38,2.48,2.48,0.1,0.1,0,0,FIRM
D,TRADING,PRICE,3,"2025/05/28 10:30:00",1,VIC1,126,8.95,0,0,"2025/05/28 10:25:08",8.95,0.23,0.23,0.1,0.1,0.1,0.1,9.55,9.55,0.38,0.38,0.39,0.39,0.38,0.38,3.6,3.6,0.1,0.1,0,0,FIRM
C,"END OF REPORT",15
