C,NEMP.WORLD,TRADINGIS,AEMO,PUBLIC,2025/05/28,08:10:11,0000000465215999,TRADINGIS,0000000465215998
I,TRADING,INTERCONNECTORRES,2,SETTLEMENTDATE,RUNNO,INTERCONNECTORID,PERIODID,METEREDMWFLOW,MWFLOW,MWLOSSES,LASTCHANGED
D,TRADING,INTERCONNECTORRES,2,"2025/05/28 08:15:00",1,N-Q-MNSP1,99,-23.2,-25,0.65,"2025/05/28 08:10:04"
D,TRADING,INTERCONNECTORRES,2,"2025/05/28 08:15:00",1,NSW1-QLD1,99,-615.9,-571.47,16.54,"2025/05/28 08:10:04"
D,TRADING,INTERCONNECTORRES,2,"2025/05/28 08:15:00",1,T-V-MNSP1,99,-431,-438.17,21.67,"2025/05/28 08:10:04"
D,TRADING,INTERCONNECTORRES,2,"2025/05/28 08:15:00",1,V-S-MNSP1,99,72,81,1.95,"2025/05/28 08:10:04"
D,TRADING,INTERCONNECTORRES,2,"2025/05/28 08:15:00",1,V-SA,99,479.2,531.33,32.62,"2025/05/28 08:10:04"
D,TRADING,INTERCONNECTORRES,2,"2025/05/28 08:15:00",1,VIC1-NSW1,99,-471.08,-493.94,13.79,"2025/05/28 08:10:04"
I,TRADING,PRICE,3,SETTLEMENTDATE,RUNNO,REGIONID,PERIODID,RRP,EEP,INVALIDFLAG,LASTCHANGED,ROP,RAISE6SECRRP,RAISE6SECROP,RAISE60SECRRP,RAISE60SECROP,RAISE5MINRRP,RAISE5MINROP,RAISEREGRRP,RAISEREGROP,LOWER6SECRRP,LOWER6SECROP,LOWER60SECRRP,LOWER60SECROP,LOWER5MINRRP,LOWER5MINROP,LOWERREGRRP,LOWERREGROP,RAISE1SECRRP,RAISE1SECROP,LOWER1SECRRP,LOWER1SECROP,PRICE_STATUS
D,TRADING,PRICE,3,"2025/05/28 08:15:00",1,SA1,99,127.75,0,0,"2025/05/28 08:10:04",127.75,0.38,0.38,0.15,0.15,0.15,0.15,1,1,0,0,0.1,0.1,0.1,0.1,5.72,5.72,0.38,0.38,0,0,FIRM
D,TRADING,PRICE,3,"2025/05/28 08:15:00",1,NSW1,99,57.01,0,0,"2025/05/28 08:10:04",57.01,0.38,0.38,0.15,0.15,0.15,0.15,1,1,0,0,0.1,0.1,0.1,0.1,5.72,5.72,0.38,0.38,0,0,FIRM
D,TRADING,PRICE,3,"2025/05/28 08:15:00",1,QLD1,99,44.94,0,0,"2025/05/28 08:10:04",44.94,0.38,0.38,0.15,0.15,0.15,0.15,1,1,4.87,4.87,2.75,2.75,0.38,0.38,6,6,0.38,0.38,0,0,FIRM
D,TRADING,PRICE,3,"2025/05/28 08:15:00",1,TAS1,99,149.28,0,0,"2025/05/28 08:10:04",149.28,0.38,0.38,0.38,0.38,0.15,0.15,7.4,7.4,0,0,0.1,0.1,0,0,3.48,3.48,0.38,0.38,0,0,FIRM
D,TRADING,PRICE,3,"2025/05/28 08:15:00",1,VIC1,99,113.12,0,0,"2025/05/28 08:10:04",113.12,0.38,0.38,0.15,0.15,0.15,0.15,1,1,0,0,0.1,0.1,0.1,0.1,5.72,5.72,0.38,0.38,0,0,FIRM
C,"END OF REPORT",15
