C,NEMP.WORLD,TRADINGIS,AEMO,PUBLIC,2025/05/26,22:30:12,0000000465009278,TRADINGIS,0000000465009277
I,TRADING,INTERCONNECTORRES,2,SETTLEMENTDATE,RUNNO,INTERCONNECTORID,PERIODID,METEREDMWFLOW,MWFLOW,MWLOSSES,LASTCHANGED
D,TRADING,INTERCONNECTORRES,2,"2025/05/26 22:35:00",1,N-Q-MNSP1,271,7.6,9,0.6,"2025/05/26 22:30:03"
D,TRADING,INTERCONNECTORRES,2,"2025/05/26 22:35:00",1,NSW1-QLD1,271,307.1,375.02,21.57,"2025/05/26 22:30:03"
D,TRADING,INTERCONNECTORRES,2,"2025/05/26 22:35:00",1,T-V-MNSP1,271,-463.3,-446.51,22.47,"2025/05/26 22:30:03"
D,TRADING,INTERCONNECTORRES,2,"2025/05/26 22:35:00",1,V-S-MNSP1,271,-150,-150.29,38.31,"2025/05/26 22:30:03"
D,TRADING,INTERCONNECTORRES,2,"2025/05/26 22:35:00",1,V-SA,271,-239.92,-276.82,3.37,"2025/05/26 22:30:03"
D,TRADING,INTERCONNECTORRES,2,"2025/05/26 22:35:00",1,VIC1-NSW1,271,993.76,1105.65,114.72,"2025/05/26 22:30:03"
I,TRADING,PRICE,3,SETTLEMENTDATE,RUNNO,REGIONID,PERIODID,RRP,EEP,INVALIDFLAG,LASTCHANGED,ROP,RAISE6SECRRP,RAISE6SECROP,RAISE60SECRRP,RAISE60SECROP,RAISE5MINRRP,RAISE5MINROP,RAISEREGRRP,RAISEREGROP,LOWER6SECRRP,LOWER6SECROP,LOWER60SECRRP,LOWER60SECROP,LOWER5MINRRP,LOWER5MINROP,LOWERREGRRP,LOWERREGROP,RAISE1SECRRP,RAISE1SECROP,LOWER1SECRRP,LOWER1SECROP,PRICE_STATUS
D,TRADING,PRICE,3,"2025/05/26 22:35:00",1,SA1,271,0,0,0,"2025/05/26 22:30:03",0,0.1,0.1,0.04,0.04,0.1,0.1,3.99,3.99,0.1,0.1,0.38,0.38,0.1,0.1,1,1,0.37,0.37,0,0,FIRM
D,TRADING,PRICE,3,"2025/05/26 22:35:00",1,NSW1,271,41.07,0,0,"2025/05/26 22:30:03",41.07,0.1,0.1,0.04,0.04,0.1,0.1,3.99,3.99,0.1,0.1,0.38,0.38,0.1,0.1,1,1,0.37,0.37,0,0,FIRM
D,TRADING,PRICE,3,"2025/05/26 22:35:00",1,QLD1,271,44.94,0,0,"2025/05/26 22:30:03",44.94,0.1,0.1,0.04,0.04,0.1,0.1,3.99,3.99,0.1,0.1,0.38,0.38,0.1,0.1,1,1,0.37,0.37,0,0,FIRM
D,TRADING,PRICE,3,"2025/05/26 22:35:00",1,TAS1,271,55.24,0,0,"2025/05/26 22:30:03",55.24,0.38,0.38,0.38,0.38,0.1,0.1,8.8,8.8,0.1,0.1,0.38,0.38,0,0,2.55,2.55,0.37,0.37,0,0,FIRM
D,TRADING,PRICE,3,"2025/05/26 22:35:00",1,VIC1,271,0,0,0,"2025/05/26 22:30:03",0,0.1,0.1,0.04,0.04,0.1,0.1,3.99,3.99,0.1,0.1,0.38,0.38,0.1,0.1,1,1,0.37,0.37,0,0,FIRM
C,"END OF REPORT",15
