C,NEMP.WORLD,TRADINGIS,AEMO,PUBLIC,2025/05/28,21:45:11,0000000465300257,TRADINGIS,0000000465300256
I,TRADING,INTERCONNECTORRES,2,SETTLEMENTDATE,RUNNO,INTERCONNECTORID,PERIODID,METEREDMWFLOW,MWFLOW,MWLOSSES,LASTCHANGED
D,TRADING,INTERCONNECTORRES,2,"2025/05/28 21:50:00",1,N-Q-MNSP1,262,-34.5,-33,1.59,"2025/05/28 21:45:04"
D,TRADING,INTERCONNECTORRES,2,"2025/05/28 21:50:00",1,NSW1-QLD1,262,-926.1,-882.1,38.7,"2025/05/28 21:45:04"
D,TRADING,INTERCONNECTORRES,2,"2025/05/28 21:50:00",1,T-V-MNSP1,262,-470.6,-438,21.66,"2025/05/28 21:45:04"
D,TRADING,INTERCONNECTORRES,2,"2025/05/28 21:50:00",1,V-S-MNSP1,262,63,63,0.15,"2025/05/28 21:45:04"
D,TRADING,INTERCONNECTORRES,2,"2025/05/28 21:50:00",1,V-SA,262,271.74,294.5,12.25,"2025/05/28 21:45:04"
D,TRADING,INTERCONNECTORRES,2,"2025/05/28 21:50:00",1,VIC1-NSW1,262,-68.55,-25.61,-0.26,"2025/05/28 21:45:04"
I,TRADING,PRICE,3,SETTLEMENTDATE,RUNNO,REGIONID,PERIODID,RRP,EEP,INVALIDFLAG,LASTCHANGED,ROP,RAISE6SECRRP,RAISE6SECROP,RAISE60SECRRP,RAISE60SECROP,RAISE5MINRRP,RAISE5MINROP,RAISEREGRRP,RAISEREGROP,LOWER6SECRRP,LOWER6SECROP,LOWER60SECRRP,LOWER60SECROP,LOWER5MINRRP,LOWER5MINROP,LOWERREGRRP,LOWERREGROP,RAISE1SECRRP,RAISE1SECROP,LOWER1SECRRP,LOWER1SECROP,PRICE_STATUS
D,TRADING,PRICE,3,"2025/05/28 21:50:00",1,SA1,262,138,0,0,"2025/05/28 21:45:04",138,0.37,0.37,0.1,0.1,0.15,0.15,7.84,7.84,0.1,0.1,0.45,0.45,0.1,0.1,3.7,3.7,0.36,0.36,0,0,FIRM
D,TRADING,PRICE,3,"2025/05/28 21:50:00",1,NSW1,262,85.73,0,0,"2025/05/28 21:45:04",85.73,0.37,0.37,0.1,0.1,0.15,0.15,7.84,7.84,0.1,0.1,0.45,0.45,0.1,0.1,3.7,3.7,0.36,0.36,0,0,FIRM
D,TRADING,PRICE,3,"2025/05/28 21:50:00",1,QLD1,262,75.63,0,0,"2025/05/28 21:45:04",75.63,0.37,0.37,0.1,0.1,0.15,0.15,7.84,7.84,0.1,0.1,0.45,0.45,0.1,0.1,3.7,3.7,0.36,0.36,0,0,FIRM
D,TRADING,PRICE,3,"2025/05/28 21:50:00",1,TAS1,262,150.24,0,0,"2025/05/28 21:45:04",150.24,0.38,0.38,0.38,0.38,0.36,0.36,8.4,8.4,0,0,0,0,0,0,2.48,2.48,0.36,0.36,0,0,FIRM
D,TRADING,PRICE,3,"2025/05/28 21:50:00",1,VIC1,262,128.01,0,0,"2025/05/28 21:45:04",128.01,0.37,0.37,0.1,0.1,0.15,0.15,7.84,7.84,0.1,0.1,0.45,0.45,0.1,0.1,3.7,3.7,0.36,0.36,0,0,FIRM
C,"END OF REPORT",15
