C,NEMP.WORLD,TRADINGIS,AEMO,PUBLIC,2025/05/28,05:20:10,0000000465200172,TRADINGIS,0000000465200171
I,TRADING,INTERCONNECTORRES,2,SETTLEMENTDATE,RUNNO,INTERCONNECTORID,PERIODID,METEREDMWFLOW,MWFLOW,MWLOSSES,LASTCHANGED
D,TRADING,INTERCONNECTORRES,2,"2025/05/28 05:25:00",1,N-Q-MNSP1,65,-1.7,0,0,"2025/05/28 05:20:03"
D,TRADING,INTERCONNECTORRES,2,"2025/05/28 05:25:00",1,NSW1-QLD1,65,169.5,144.93,3.24,"2025/05/28 05:20:03"
D,TRADING,INTERCONNECTORRES,2,"2025/05/28 05:25:00",1,T-V-MNSP1,65,-413.3,-438.65,21.72,"2025/05/28 05:20:03"
D,TRADING,INTERCONNECTORRES,2,"2025/05/28 05:25:00",1,V-S-MNSP1,65,166,162.92,20.01,"2025/05/28 05:20:03"
D,TRADING,INTERCONNECTORRES,2,"2025/05/28 05:25:00",1,V-SA,65,617.4,569.91,41.07,"2025/05/28 05:20:03"
D,TRADING,INTERCONNECTORRES,2,"2025/05/28 05:25:00",1,VIC1-NSW1,65,706.32,733.36,68.49,"2025/05/28 05:20:03"
I,TRADING,PRICE,3,SETTLEMENTDATE,RUNNO,REGIONID,PERIODID,RRP,EEP,INVALIDFLAG,LASTCHANGED,ROP,RAISE6SECRRP,RAISE6SECROP,RAISE60SECRRP,RAISE60SECROP,RAISE5MINRRP,RAISE5MINROP,RAISEREGRRP,RAISEREGROP,LOWER6SECRRP,LOWER6SECROP,LOWER60SECRRP,LOWER60SECROP,LOWER5MINRRP,LOWER5MINROP,LOWERREGRRP,LOWERREGROP,RAISE1SECRRP,RAISE1SECROP,LOWER1SECRRP,LOWER1SECROP,PRICE_STATUS
D,TRADING,PRICE,3,"2025/05/28 05:25:00",1,SA1,65,138,0,0,"2025/05/28 05:20:03",138,0.38,0.38,0.38,0.38,0.32,0.32,9.24,9.24,0.2,0.2,0.38,0.38,0.38,0.38,3.75,3.75,0.38,0.38,0,0,FIRM
D,TRADING,PRICE,3,"2025/05/28 05:25:00",1,NSW1,65,64.89,0,0,"2025/05/28 05:20:03",64.89,0.38,0.38,0.38,0.38,0.32,0.32,9.24,9.24,0.2,0.2,0.38,0.38,0.38,0.38,3.75,3.75,0.38,0.38,0,0,FIRM
D,TRADING,PRICE,3,"2025/05/28 05:25:00",1,QLD1,65,67.11,0,0,"2025/05/28 05:20:03",67.11,0.38,0.38,0.38,0.38,0.32,0.32,9.24,9.24,0.2,0.2,0.38,0.38,0.38,0.38,3.75,3.75,0.38,0.38,0,0,FIRM
D,TRADING,PRICE,3,"2025/05/28 05:25:00",1,TAS1,65,35.1,0,0,"2025/05/28 05:20:03",35.1,0.38,0.38,0.38,0.38,0.32,0.32,7.4,7.4,0.2,0.2,0.38,0.38,0,0,2.48,2.48,0.38,0.38,0,0,FIRM
D,TRADING,PRICE,3,"2025/05/28 05:25:00",1,VIC1,65,20.01,0,0,"2025/05/28 05:20:03",20.01,0.38,0.38,0.38,0.38,0.32,0.32,9.24,9.24,0.2,0.2,0.38,0.38,0.38,0.38,3.75,3.75,0.38,0.38,0,0,FIRM
C,"END OF REPORT",15
