C,NEMP.WORLD,TRADINGIS,AEMO,PUBLIC,2025/05/29,14:25:11,0000000465398322,TRADINGIS,0000000465398321
I,TRADING,INTERCONNECTORRES,2,SETTLEMENTDATE,RUNNO,INTERCONNECTORID,PERIODID,METEREDMWFLOW,MWFLOW,MWLOSSES,LASTCHANGED
D,TRADING,INTERCONNECTORRES,2,"2025/05/29 14:30:00",1,N-Q-MNSP1,174,-5.5,-9,-0.16,"2025/05/29 14:25:03"
D,TRADING,INTERCONNECTORRES,2,"2025/05/29 14:30:00",1,NSW1-QLD1,174,-54,-114.98,-1.54,"2025/05/29 14:25:03"
D,TRADING,INTERCONNECTORRES,2,"2025/05/29 14:30:00",1,T-V-MNSP1,174,-454.2,-478,25.62,"2025/05/29 14:25:03"
D,TRADING,INTERCONNECTORRES,2,"2025/05/29 14:30:00",1,V-S-MNSP1,174,-36,-58.78,8.51,"2025/05/29 14:25:03"
D,TRADING,INTERCONNECTORRES,2,"2025/05/29 14:30:00",1,V-SA,174,-137.71,-296.28,19.47,"2025/05/29 14:25:03"
D,TRADING,INTERCONNECTORRES,2,"2025/05/29 14:30:00",1,VIC1-NSW1,174,715.95,644.06,82.46,"2025/05/29 14:25:03"
I,TRADING,PRICE,3,SETTLEMENTDATE,RUNNO,REGIONID,PERIODID,RRP,EEP,INVALIDFLAG,LASTCHANGED,ROP,RAISE6SECRRP,RAISE6SECROP,RAISE60SECRRP,RAISE60SECROP,RAISE5MINRRP,RAISE5MINROP,RAISEREGRRP,RAISEREGROP,LOWER6SECRRP,LOWER6SECROP,LOWER60SECRRP,LOWER60SECROP,LOWER5MINRRP,LOWER5MINROP,LOWERREGRRP,LOWERREGROP,RAISE1SECRRP,RAISE1SECROP,LOWER1SECRRP,LOWER1SECROP,PRICE_STATUS
D,TRADING,PRICE,3,"2025/05/29 14:30:00",1,SA1,174,18.1,0,0,"2025/05/29 14:25:03",18.1,0.1,0.1,0.04,0.04,0.04,0.04,5.99,5.99,0.38,0.38,0.38,0.38,0.38,0.38,1.49,1.49,0.1,0.1,0,0,FIRM
D,TRADING,PRICE,3,"2025/05/29 14:30:00",1,NSW1,174,96.32,0,0,"2025/05/29 14:25:03",96.32,0.1,0.1,0.04,0.04,0.04,0.04,5.99,5.99,0.38,0.38,0.38,0.38,0.38,0.38,1.49,1.49,0.1,0.1,0,0,FIRM
D,TRADING,PRICE,3,"2025/05/29 14:30:00",1,QLD1,174,96.83,0,0,"2025/05/29 14:25:03",96.83,0.1,0.1,0.04,0.04,0.04,0.04,5.99,5.99,0.38,0.38,0.38,0.38,0.38,0.38,1.49,1.49,0.1,0.1,0,0,FIRM
D,TRADING,PRICE,3,"2025/05/29 14:30:00",1,TAS1,174,75.13,0,0,"2025/05/29 14:25:03",75.13,0.38,0.38,0.38,0.38,0.38,0.38,7.54,7.54,0.38,0.38,0.38,0.38,0,0,2.46,2.46,0.1,0.1,0,0,FIRM
D,TRADING,PRICE,3,"2025/05/29 14:30:00",1,VIC1,174,20.04,0,0,"2025/05/29 14:25:03",20.04,0.1,0.1,0.04,0.04,0.04,0.04,5.99,5.99,0.38,0.38,0.38,0.38,0.38,0.38,1.49,1.49,0.1,0.1,0,0,FIRM
C,"END OF REPORT",15
