C,NEMP.WORLD,TRADINGIS,AEMO,PUBLIC,2025/05/26,16:35:11,0000000464972086,TRADINGIS,0000000464972085
I,TRADING,INTERCONNECTORRES,2,SETTLEMENTDATE,RUNNO,INTERCONNECTORID,PERIODID,METEREDMWFLOW,MWFLOW,MWLOSSES,LASTCHANGED
D,TRADING,INTERCONNECTORRES,2,"2025/05/26 16:40:00",1,N-Q-MNSP1,200,7.6,0,0,"2025/05/26 16:35:03"
D,TRADING,INTERCONNECTORRES,2,"2025/05/26 16:40:00",1,NSW1-QLD1,200,42.2,-44.75,-2.54,"2025/05/26 16:35:03"
D,TRADING,INTERCONNECTORRES,2,"2025/05/26 16:40:00",1,T-V-MNSP1,200,-420,-449.22,22.74,"2025/05/26 16:35:03"
D,TRADING,INTERCONNECTORRES,2,"2025/05/26 16:40:00",1,V-S-MNSP1,200,169,168.27,21.76,"2025/05/26 16:35:03"
D,TRADING,INTERCONNECTORRES,2,"2025/05/26 16:40:00",1,V-SA,200,190.63,195.06,5.74,"2025/05/26 16:35:03"
D,TRADING,INTERCONNECTORRES,2,"2025/05/26 16:40:00",1,VIC1-NSW1,200,997.3,887.65,81.05,"2025/05/26 16:35:03"
I,TRADING,PRICE,3,SETTLEMENTDATE,RUNNO,REGIONID,PERIODID,RRP,EEP,INVALIDFLAG,LASTCHANGED,ROP,RAISE6SECRRP,RAISE6SECROP,RAISE60SECRRP,RAISE60SECROP,RAISE5MINRRP,RAISE5MINROP,RAISEREGRRP,RAISEREGROP,LOWER6SECRRP,LOWER6SECROP,LOWER60SECRRP,LOWER60SECROP,LOWER5MINRRP,LOWER5MINROP,LOWERREGRRP,LOWERREGROP,RAISE1SECRRP,RAISE1SECROP,LOWER1SECRRP,LOWER1SECROP,PRICE_STATUS
D,TRADING,PRICE,3,"2025/05/26 16:40:00",1,SA1,200,-20.1,0,0,"2025/05/26 16:35:03",-20.1,0.38,0.38,0.38,0.38,0.38,0.38,10.98,10.98,0.1,0.1,0.38,0.38,0.15,0.15,4.94,4.94,0.37,0.37,0,0,FIRM
D,TRADING,PRICE,3,"2025/05/26 16:40:00",1,NSW1,200,154.95,0,0,"2025/05/26 16:35:03",154.95,0.38,0.38,0.38,0.38,0.38,0.38,10.98,10.98,0.1,0.1,0.38,0.38,0.15,0.15,4.94,4.94,0.37,0.37,0,0,FIRM
D,TRADING,PRICE,3,"2025/05/26 16:40:00",1,QLD1,200,163.55,0,0,"2025/05/26 16:35:03",163.55,0.38,0.38,0.38,0.38,0.38,0.38,10.98,10.98,0.1,0.1,0.38,0.38,0.15,0.15,4.94,4.94,0.37,0.37,0,0,FIRM
D,TRADING,PRICE,3,"2025/05/26 16:40:00",1,TAS1,200,149.28,0,0,"2025/05/26 16:35:03",149.28,0.38,0.38,0.38,0.38,0.38,0.38,8.8,8.8,0.1,0.1,0.38,0.38,0,0,3.55,3.55,0.37,0.37,0,0,FIRM
D,TRADING,PRICE,3,"2025/05/26 16:40:00",1,VIC1,200,72.96,0,0,"2025/05/26 16:35:03",72.96,0.38,0.38,0.38,0.38,0.38,0.38,10.98,10.98,0.1,0.1,0.38,0.38,0.15,0.15,4.94,4.94,0.37,0.37,0,0,FIRM
C,"END OF REPORT",15
