C,NEMP.WORLD,TRADINGIS,AEMO,PUBLIC,2025/05/27,22:50:10,0000000465161842,TRADINGIS,0000000465161841
I,TRADING,INTERCONNECTORRES,2,SETTLEMENTDATE,RUNNO,INTERCONNECTORID,PERIODID,METEREDMWFLOW,MWFLOW,MWLOSSES,LASTCHANGED
D,TRADING,INTERCONNECTORRES,2,"2025/05/27 22:55:00",1,N-Q-MNSP1,275,9.5,9,0.6,"2025/05/27 22:50:03"
D,TRADING,INTERCONNECTORRES,2,"2025/05/27 22:55:00",1,NSW1-QLD1,275,281.2,278.11,13.53,"2025/05/27 22:50:03"
D,TRADING,INTERCONNECTORRES,2,"2025/05/27 22:55:00",1,T-V-MNSP1,275,-474.3,-474.6,25.27,"2025/05/27 22:50:03"
D,TRADING,INTERCONNECTORRES,2,"2025/05/27 22:55:00",1,V-S-MNSP1,275,110,127.65,10.26,"2025/05/27 22:50:03"
D,TRADING,INTERCONNECTORRES,2,"2025/05/27 22:55:00",1,V-SA,275,618.41,570.74,41.61,"2025/05/27 22:50:03"
D,TRADING,INTERCONNECTORRES,2,"2025/05/27 22:55:00",1,VIC1-NSW1,275,296.45,379,20.2,"2025/05/27 22:50:03"
I,TRADING,PRICE,3,SETTLEMENTDATE,RUNNO,REGIONID,PERIODID,RRP,EEP,INVALIDFLAG,LASTCHANGED,ROP,RAISE6SECRRP,RAISE6SECROP,RAISE60SECRRP,RAISE60SECROP,RAISE5MINRRP,RAISE5MINROP,RAISEREGRRP,RAISEREGROP,LOWER6SECRRP,LOWER6SECROP,LOWER60SECRRP,LOWER60SECROP,LOWER5MINRRP,LOWER5MINROP,LOWERREGRRP,LOWERREGROP,RAISE1SECRRP,RAISE1SECROP,LOWER1SECRRP,LOWER1SECROP,PRICE_STATUS
D,TRADING,PRICE,3,"2025/05/27 22:55:00",1,SA1,275,65.72,0,0,"2025/05/27 22:50:03",65.72,0.1,0.1,0.1,0.1,0.1,0.1,5.99,5.99,0.1,0.1,0.39,0.39,0.01,0.01,3.7,3.7,0.3,0.3,0,0,FIRM
D,TRADING,PRICE,3,"2025/05/27 22:55:00",1,NSW1,275,57.01,0,0,"2025/05/27 22:50:03",57.01,0.1,0.1,0.1,0.1,0.1,0.1,5.99,5.99,0.1,0.1,0.39,0.39,0.01,0.01,3.7,3.7,0.3,0.3,0,0,FIRM
D,TRADING,PRICE,3,"2025/05/27 22:55:00",1,QLD1,275,61.26,0,0,"2025/05/27 22:50:03",61.26,0.1,0.1,0.1,0.1,0.1,0.1,5.99,5.99,0.1,0.1,0.39,0.39,0.01,0.01,3.7,3.7,0.3,0.3,0,0,FIRM
D,TRADING,PRICE,3,"2025/05/27 22:55:00",1,TAS1,275,100.24,0,0,"2025/05/27 22:50:03",100.24,0.38,0.38,0.38,0.38,0.36,0.36,8.4,8.4,0.1,0.1,0.38,0.38,0,0,2.48,2.48,0.3,0.3,0,0,FIRM
D,TRADING,PRICE,3,"2025/05/27 22:55:00",1,VIC1,275,52.17,0,0,"2025/05/27 22:50:03",52.17,0.1,0.1,0.1,0.1,0.1,0.1,5.99,5.99,0.1,0.1,0.39,0.39,0.01,0.01,3.7,3.7,0.3,0.3,0,0,FIRM
C,"END OF REPORT",15
