C,NEMP.WORLD,TRADINGIS,AEMO,PUBLIC,2025/05/29,10:40:10,0000000465373477,TRADINGIS,0000000465373476
I,TRADING,INTERCONNECTORRES,2,SETTLEMENTDATE,RUNNO,INTERCONNECTORID,PERIODID,METEREDMWFLOW,MWFLOW,MWLOSSES,LASTCHANGED
D,TRADING,INTERCONNECTORRES,2,"2025/05/29 10:45:00",1,N-Q-MNSP1,129,-25.2,-17,0.07,"2025/05/29 10:40:03"
D,TRADING,INTERCONNECTORRES,2,"2025/05/29 10:45:00",1,NSW1-QLD1,129,-450.4,-415.74,10.23,"2025/05/29 10:40:03"
D,TRADING,INTERCONNECTORRES,2,"2025/05/29 10:45:00",1,T-V-MNSP1,129,-456.6,-472.17,25.02,"2025/05/29 10:40:03"
D,TRADING,INTERCONNECTORRES,2,"2025/05/29 10:45:00",1,V-S-MNSP1,129,27,35.12,-1.09,"2025/05/29 10:40:03"
D,TRADING,INTERCONNECTORRES,2,"2025/05/29 10:45:00",1,V-SA,129,51.35,68,-0.47,"2025/05/29 10:40:03"
D,TRADING,INTERCONNECTORRES,2,"2025/05/29 10:45:00",1,VIC1-NSW1,129,21.67,111.47,6.41,"2025/05/29 10:40:03"
I,TRADING,PRICE,3,SETTLEMENTDATE,RUNNO,REGIONID,PERIODID,RRP,EEP,INVALIDFLAG,LASTCHANGED,ROP,RAISE6SECRRP,RAISE6SECROP,RAISE60SECRRP,RAISE60SECROP,RAISE5MINRRP,RAISE5MINROP,RAISEREGRRP,RAISEREGROP,LOWER6SECRRP,LOWER6SECROP,LOWER60SECRRP,LOWER60SECROP,LOWER5MINRRP,LOWER5MINROP,LOWERREGRRP,LOWERREGROP,RAISE1SECRRP,RAISE1SECROP,LOWER1SECRRP,LOWER1SECROP,PRICE_STATUS
D,TRADING,PRICE,3,"2025/05/29 10:45:00",1,SA1,129,80.44,0,0,"2025/05/29 10:40:03",80.44,0.23,0.23,0.1,0.1,0.1,0.1,5.99,5.99,0.1,0.1,1,1,0.3,0.3,3.7,3.7,0.38,0.38,0,0,FIRM
D,TRADING,PRICE,3,"2025/05/29 10:45:00",1,NSW1,129,85.95,0,0,"2025/05/29 10:40:03",85.95,0.23,0.23,0.1,0.1,0.1,0.1,5.99,5.99,0.1,0.1,1,1,0.3,0.3,3.7,3.7,0.38,0.38,0,0,FIRM
D,TRADING,PRICE,3,"2025/05/29 10:45:00",1,QLD1,129,72.43,0,0,"2025/05/29 10:40:03",72.43,0.23,0.23,0.1,0.1,0.1,0.1,5.99,5.99,7.89,7.89,1.83,1.83,0.3,0.3,3.7,3.7,0.38,0.38,0,0,FIRM
D,TRADING,PRICE,3,"2025/05/29 10:45:00",1,TAS1,129,100.02,0,0,"2025/05/29 10:40:03",100.02,0.38,0.38,0.38,0.38,0.36,0.36,6.54,6.54,0.1,0.1,0.38,0.38,0,0,3.46,3.46,0.38,0.38,0,0,FIRM
D,TRADING,PRICE,3,"2025/05/29 10:45:00",1,VIC1,129,80.25,0,0,"2025/05/29 10:40:03",80.25,0.23,0.23,0.1,0.1,0.1,0.1,5.99,5.99,0.1,0.1,1,1,0.3,0.3,3.7,3.7,0.38,0.38,0,0,FIRM
C,"END OF REPORT",15
