C,NEMP.WORLD,TRADINGIS,AEMO,PUBLIC,2025/05/29,04:20:10,0000000465338171,TRADINGIS,0000000465338170
I,TRADING,INTERCONNECTORRES,2,SETTLEMENTDATE,RUNNO,INTERCONNECTORID,PERIODID,METEREDMWFLOW,MWFLOW,MWLOSSES,LASTCHANGED
D,TRADING,INTERCONNECTORRES,2,"2025/05/29 04:25:00",1,N-Q-MNSP1,53,-17.5,-17,0.07,"2025/05/29 04:20:03"
D,TRADING,INTERCONNECTORRES,2,"2025/05/29 04:25:00",1,NSW1-QLD1,53,-293.7,-304.65,8.03,"2025/05/29 04:20:03"
D,TRADING,INTERCONNECTORRES,2,"2025/05/29 04:25:00",1,T-V-MNSP1,53,-432.2,-438,21.66,"2025/05/29 04:20:03"
D,TRADING,INTERCONNECTORRES,2,"2025/05/29 04:25:00",1,V-S-MNSP1,53,63,63,0.15,"2025/05/29 04:20:03"
D,TRADING,INTERCONNECTORRES,2,"2025/05/29 04:25:00",1,V-SA,53,314.73,335.51,16.75,"2025/05/29 04:20:03"
D,TRADING,INTERCONNECTORRES,2,"2025/05/29 04:25:00",1,VIC1-NSW1,53,559.5,528.26,39.2,"2025/05/29 04:20:03"
I,TRADING,PRICE,3,SETTLEMENTDATE,RUNNO,REGIONID,PERIODID,RRP,EEP,INVALIDFLAG,LASTCHANGED,ROP,RAISE6SECRRP,RAISE6SECROP,RAISE60SECRRP,RAISE60SECROP,RAISE5MINRRP,RAISE5MINROP,RAISEREGRRP,RAISEREGROP,LOWER6SECRRP,LOWER6SECROP,LOWER60SECRRP,LOWER60SECROP,LOWER5MINRRP,LOWER5MINROP,LOWERREGRRP,LOWERREGROP,RAISE1SECRRP,RAISE1SECROP,LOWER1SECRRP,LOWER1SECROP,PRICE_STATUS
D,TRADING,PRICE,3,"2025/05/29 04:25:00",1,SA1,53,74.09,0,0,"2025/05/29 04:20:03",74.09,0.37,0.37,0.1,0.1,0.1,0.1,5.99,5.99,0.5,0.5,3,3,0.39,0.39,1.49,1.49,0.81,0.81,0,0,FIRM
D,TRADING,PRICE,3,"2025/05/29 04:25:00",1,NSW1,53,76.81,0,0,"2025/05/29 04:20:03",76.81,0.37,0.37,0.1,0.1,0.1,0.1,5.99,5.99,0.5,0.5,3,3,0.39,0.39,1.49,1.49,0.81,0.81,0,0,FIRM
D,TRADING,PRICE,3,"2025/05/29 04:25:00",1,QLD1,53,72.75,0,0,"2025/05/29 04:20:03",72.75,0.37,0.37,0.1,0.1,0.1,0.1,5.99,5.99,0.5,0.5,3,3,0.39,0.39,1.49,1.49,0.81,0.81,0,0,FIRM
D,TRADING,PRICE,3,"2025/05/29 04:25:00",1,TAS1,53,150.24,0,0,"2025/05/29 04:20:03",150.24,0.38,0.38,0.38,0.38,0.38,0.38,7.54,7.54,0.38,0.38,0.38,0.38,0,0,2.46,2.46,0.81,0.81,0,0,FIRM
D,TRADING,PRICE,3,"2025/05/29 04:25:00",1,VIC1,53,67.96,0,0,"2025/05/29 04:20:03",67.96,0.37,0.37,0.1,0.1,0.1,0.1,5.99,5.99,0.5,0.5,3,3,0.39,0.39,1.49,1.49,0.81,0.81,0,0,FIRM
C,"END OF REPORT",15
