C,NEMP.WORLD,TRADINGIS,AEMO,PUBLIC,2025/05/29,18:15:11,0000000465422972,TRADINGIS,0000000465422971
I,TRADING,INTERCONNECTORRES,2,SETTLEMENTDATE,RUNNO,INTERCONNECTORID,PERIODID,METEREDMWFLOW,MWFLOW,MWLOSSES,LASTCHANGED
D,TRADING,INTERCONNECTORRES,2,"2025/05/29 18:20:00",1,N-Q-MNSP1,220,-8,-9,-0.16,"2025/05/29 18:15:03"
D,TRADING,INTERCONNECTORRES,2,"2025/05/29 18:20:00",1,NSW1-QLD1,220,-470.2,-463.81,-12.26,"2025/05/29 18:15:03"
D,TRADING,INTERCONNECTORRES,2,"2025/05/29 18:20:00",1,T-V-MNSP1,220,173.9,177.38,2.58,"2025/05/29 18:15:03"
D,TRADING,INTERCONNECTORRES,2,"2025/05/29 18:20:00",1,V-S-MNSP1,220,45,36,-1.09,"2025/05/29 18:15:03"
D,TRADING,INTERCONNECTORRES,2,"2025/05/29 18:20:00",1,V-SA,220,85.11,82.11,1.11,"2025/05/29 18:15:03"
D,TRADING,INTERCONNECTORRES,2,"2025/05/29 18:20:00",1,VIC1-NSW1,220,10.64,-32.14,-0.03,"2025/05/29 18:15:03"
I,TRADING,PRICE,3,SETTLEMENTDATE,RUNNO,REGIONID,PERIODID,RRP,EEP,INVALIDFLAG,LASTCHANGED,ROP,RAISE6SECRRP,RAISE6SECROP,RAISE60SECRRP,RAISE60SECROP,RAISE5MINRRP,RAISE5MINROP,RAISEREGRRP,RAISEREGROP,LOWER6SECRRP,LOWER6SECROP,LOWER60SECRRP,LOWER60SECROP,LOWER5MINRRP,LOWER5MINROP,LOWERREGRRP,LOWERREGROP,RAISE1SECRRP,RAISE1SECROP,LOWER1SECRRP,LOWER1SECROP,PRICE_STATUS
D,TRADING,PRICE,3,"2025/05/29 18:20:00",1,SA1,220,145.77,0,0,"2025/05/29 18:15:03",145.77,0.39,0.39,0.36,0.36,0.15,0.15,7.6,7.6,0.14,0.14,0.38,0.38,0.38,0.38,11.89,11.89,0.04,0.04,0,0,FIRM
D,TRADING,PRICE,3,"2025/05/29 18:20:00",1,NSW1,220,200.03,0,0,"2025/05/29 18:15:03",200.03,0.39,0.39,0.36,0.36,0.15,0.15,7.6,7.6,0.14,0.14,0.38,0.38,0.38,0.38,11.89,11.89,0.04,0.04,0,0,FIRM
D,TRADING,PRICE,3,"2025/05/29 18:20:00",1,QLD1,220,196.59,0,0,"2025/05/29 18:15:03",196.59,0.39,0.39,0.36,0.36,0.15,0.15,7.6,7.6,0.14,0.14,0.38,0.38,0.38,0.38,11.89,11.89,0.04,0.04,0,0,FIRM
D,TRADING,PRICE,3,"2025/05/29 18:20:00",1,TAS1,220,135.07,0,0,"2025/05/29 18:15:03",135.07,0.39,0.39,0.36,0.36,0.15,0.15,5.54,5.54,0.14,0.14,0.38,0.38,0.38,0.38,2.46,2.46,0.04,0.04,0,0,FIRM
D,TRADING,PRICE,3,"2025/05/29 18:20:00",1,VIC1,220,142.66,0,0,"2025/05/29 18:15:03",142.66,0.39,0.39,0.36,0.36,0.15,0.15,7.6,7.6,0.14,0.14,0.38,0.38,0.38,0.38,11.89,11.89,0.04,0.04,0,0,FIRM
C,"END OF REPORT",15
