C,NEMP.WORLD,TRADINGIS,AEMO,PUBLIC,2025/05/29,05:55:10,0000000465346885,TRADINGIS,0000000465346884
I,TRADING,INTERCONNECTORRES,2,SETTLEMENTDATE,RUNNO,INTERCONNECTORID,PERIODID,METEREDMWFLOW,MWFLOW,MWLOSSES,LASTCHANGED
D,TRADING,INTERCONNECTORRES,2,"2025/05/29 06:00:00",1,N-Q-MNSP1,72,-18.3,-17,0.07,"2025/05/29 05:55:03"
D,TRADING,INTERCONNECTORRES,2,"2025/05/29 06:00:00",1,NSW1-QLD1,72,-406.7,-449.14,10.5,"2025/05/29 05:55:03"
D,TRADING,INTERCONNECTORRES,2,"2025/05/29 06:00:00",1,T-V-MNSP1,72,-445.6,-438,21.66,"2025/05/29 05:55:03"
D,TRADING,INTERCONNECTORRES,2,"2025/05/29 06:00:00",1,V-S-MNSP1,72,45,45,-0.87,"2025/05/29 05:55:03"
D,TRADING,INTERCONNECTORRES,2,"2025/05/29 06:00:00",1,V-SA,72,146.66,154.72,3.22,"2025/05/29 05:55:03"
D,TRADING,INTERCONNECTORRES,2,"2025/05/29 06:00:00",1,VIC1-NSW1,72,152.93,108.93,4.38,"2025/05/29 05:55:03"
I,TRADING,PRICE,3,SETTLEMENTDATE,RUNNO,REGIONID,PERIODID,RRP,EEP,INVALIDFLAG,LASTCHANGED,ROP,RAISE6SECRRP,RAISE6SECROP,RAISE60SECRRP,RAISE60SECROP,RAISE5MINRRP,RAISE5MINROP,RAISEREGRRP,RAISEREGROP,LOWER6SECRRP,LOWER6SECROP,LOWER60SECRRP,LOWER60SECROP,LOWER5MINRRP,LOWER5MINROP,LOWERREGRRP,LOWERREGROP,RAISE1SECRRP,RAISE1SECROP,LOWER1SECRRP,LOWER1SECROP,PRICE_STATUS
D,TRADING,PRICE,3,"2025/05/29 06:00:00",1,SA1,72,88.92,0,0,"2025/05/29 05:55:03",88.92,0.37,0.37,0.1,0.1,0.15,0.15,5.99,5.99,0.14,0.14,0.38,0.38,0.1,0.1,3.59,3.59,0.86,0.86,0,0,FIRM
D,TRADING,PRICE,3,"2025/05/29 06:00:00",1,NSW1,72,89.93,0,0,"2025/05/29 05:55:03",89.93,0.37,0.37,0.1,0.1,0.15,0.15,5.99,5.99,0.14,0.14,0.38,0.38,0.1,0.1,3.59,3.59,0.86,0.86,0,0,FIRM
D,TRADING,PRICE,3,"2025/05/29 06:00:00",1,QLD1,72,84.45,0,0,"2025/05/29 05:55:03",84.45,0.37,0.37,0.1,0.1,0.15,0.15,5.99,5.99,0.14,0.14,0.38,0.38,0.1,0.1,3.59,3.59,0.86,0.86,0,0,FIRM
D,TRADING,PRICE,3,"2025/05/29 06:00:00",1,TAS1,72,100.24,0,0,"2025/05/29 05:55:03",100.24,0.38,0.38,0.38,0.38,0.38,0.38,7.54,7.54,0,0,0,0,0,0,2.46,2.46,0.86,0.86,0,0,FIRM
D,TRADING,PRICE,3,"2025/05/29 06:00:00",1,VIC1,72,85.44,0,0,"2025/05/29 05:55:03",85.44,0.37,0.37,0.1,0.1,0.15,0.15,5.99,5.99,0.14,0.14,0.38,0.38,0.1,0.1,3.59,3.59,0.86,0.86,0,0,FIRM
C,"END OF REPORT",15
