C,NEMP.WORLD,TRADINGIS,AEMO,PUBLIC,2025/05/26,18:10:17,0000000464982679,TRADINGIS,0000000464982678
I,TRADING,INTERCONNECTORRES,2,SETTLEMENTDATE,RUNNO,INTERCONNECTORID,PERIODID,METEREDMWFLOW,MWFLOW,MWLOSSES,LASTCHANGED
D,TRADING,INTERCONNECTORRES,2,"2025/05/26 18:15:00",1,N-Q-MNSP1,219,9.3,9,0.6,"2025/05/26 18:10:05"
D,TRADING,INTERCONNECTORRES,2,"2025/05/26 18:15:00",1,NSW1-QLD1,219,-35.4,16.04,1.19,"2025/05/26 18:10:05"
D,TRADING,INTERCONNECTORRES,2,"2025/05/26 18:15:00",1,T-V-MNSP1,219,-460.9,-460.03,23.8,"2025/05/26 18:10:05"
D,TRADING,INTERCONNECTORRES,2,"2025/05/26 18:15:00",1,V-S-MNSP1,219,-124,-58.64,8.49,"2025/05/26 18:10:05"
D,TRADING,INTERCONNECTORRES,2,"2025/05/26 18:15:00",1,V-SA,219,138.26,111.03,5.01,"2025/05/26 18:10:05"
D,TRADING,INTERCONNECTORRES,2,"2025/05/26 18:15:00",1,VIC1-NSW1,219,-264.77,-115.36,2.75,"2025/05/26 18:10:05"
I,TRADING,PRICE,3,SETTLEMENTDATE,RUNNO,REGIONID,PERIODID,RRP,EEP,INVALIDFLAG,LASTCHANGED,ROP,RAISE6SECRRP,RAISE6SECROP,RAISE60SECRRP,RAISE60SECROP,RAISE5MINRRP,RAISE5MINROP,RAISEREGRRP,RAISEREGROP,LOWER6SECRRP,LOWER6SECROP,LOWER60SECRRP,LOWER60SECROP,LOWER5MINRRP,LOWER5MINROP,LOWERREGRRP,LOWERREGROP,RAISE1SECRRP,RAISE1SECROP,LOWER1SECRRP,LOWER1SECROP,PRICE_STATUS
D,TRADING,PRICE,3,"2025/05/26 18:15:00",1,SA1,219,0,0,0,"2025/05/26 18:10:05",0,0.37,0.37,0.1,0.1,0.23,0.23,0.47,0.47,0.1,0.1,0.38,0.38,0.01,0.01,0.01,0.01,0.37,0.37,0,0,FIRM
D,TRADING,PRICE,3,"2025/05/26 18:15:00",1,NSW1,219,102.86,0,0,"2025/05/26 18:10:05",102.86,0.37,0.37,0.1,0.1,0.23,0.23,0.47,0.47,0.1,0.1,0.38,0.38,0.01,0.01,0.01,0.01,0.37,0.37,0,0,FIRM
D,TRADING,PRICE,3,"2025/05/26 18:15:00",1,QLD1,219,110.73,0,0,"2025/05/26 18:10:05",110.73,0.37,0.37,0.1,0.1,0.23,0.23,0.47,0.47,0.1,0.1,0.38,0.38,0.01,0.01,0.01,0.01,0.37,0.37,0,0,FIRM
D,TRADING,PRICE,3,"2025/05/26 18:15:00",1,TAS1,219,55.24,0,0,"2025/05/26 18:10:05",55.24,0.38,0.38,0.38,0.38,0.36,0.36,8.8,8.8,0.1,0.1,0.38,0.38,0,0,2.55,2.55,0.37,0.37,0,0,FIRM
D,TRADING,PRICE,3,"2025/05/26 18:15:00",1,VIC1,219,0,0,0,"2025/05/26 18:10:05",0,0.37,0.37,0.1,0.1,0.23,0.23,0.47,0.47,0.1,0.1,0.38,0.38,0.01,0.01,0.01,0.01,0.37,0.37,0,0,FIRM
C,"END OF REPORT",15
