C,NEMP.WORLD,TRADINGIS,AEMO,PUBLIC,2025/05/27,01:35:14,0000000465028062,TRADINGIS,0000000465028061
I,TRADING,INTERCONNECTORRES,2,SETTLEMENTDATE,RUNNO,INTERCONNECTORID,PERIODID,METEREDMWFLOW,MWFLOW,MWLOSSES,LASTCHANGED
D,TRADING,INTERCONNECTORRES,2,"2025/05/27 01:40:00",1,N-Q-MNSP1,20,9.7,9,0.6,"2025/05/27 01:35:07"
D,TRADING,INTERCONNECTORRES,2,"2025/05/27 01:40:00",1,NSW1-QLD1,20,472.1,494.11,23.01,"2025/05/27 01:35:07"
D,TRADING,INTERCONNECTORRES,2,"2025/05/27 01:40:00",1,T-V-MNSP1,20,-443.2,-454.27,23.23,"2025/05/27 01:35:07"
D,TRADING,INTERCONNECTORRES,2,"2025/05/27 01:40:00",1,V-S-MNSP1,20,-145,-145.07,36.05,"2025/05/27 01:35:07"
D,TRADING,INTERCONNECTORRES,2,"2025/05/27 01:40:00",1,V-SA,20,-399.81,-409.14,10.25,"2025/05/27 01:35:07"
D,TRADING,INTERCONNECTORRES,2,"2025/05/27 01:40:00",1,VIC1-NSW1,20,1054.29,991.45,101.03,"2025/05/27 01:35:07"
I,TRADING,PRICE,3,SETTLEMENTDATE,RUNNO,REGIONID,PERIODID,RRP,EEP,INVALIDFLAG,LASTCHANGED,ROP,RAISE6SECRRP,RAISE6SECROP,RAISE60SECRRP,RAISE60SECROP,RAISE5MINRRP,RAISE5MINROP,RAISEREGRRP,RAISEREGROP,LOWER6SECRRP,LOWER6SECROP,LOWER60SECRRP,LOWER60SECROP,LOWER5MINRRP,LOWER5MINROP,LOWERREGRRP,LOWERREGROP,RAISE1SECRRP,RAISE1SECROP,LOWER1SECRRP,LOWER1SECROP,PRICE_STATUS
D,TRADING,PRICE,3,"2025/05/27 01:40:00",1,SA1,20,-18.53,0,0,"2025/05/27 01:35:07",-18.53,0.01,0.01,0.01,0.01,0.04,0.04,5.99,5.99,0.37,0.37,0.86,0.86,0.1,0.1,0.1,0.1,0.1,0.1,0,0,FIRM
D,TRADING,PRICE,3,"2025/05/27 01:40:00",1,NSW1,20,46.26,0,0,"2025/05/27 01:35:07",46.26,0.01,0.01,0.01,0.01,0.04,0.04,5.99,5.99,0.37,0.37,0.86,0.86,0.1,0.1,0.1,0.1,0.1,0.1,0,0,FIRM
D,TRADING,PRICE,3,"2025/05/27 01:40:00",1,QLD1,20,50.75,0,0,"2025/05/27 01:35:07",50.75,0.01,0.01,0.01,0.01,0.04,0.04,5.99,5.99,0.37,0.37,0.86,0.86,0.1,0.1,0.1,0.1,0.1,0.1,0,0,FIRM
D,TRADING,PRICE,3,"2025/05/27 01:40:00",1,TAS1,20,12.05,0,0,"2025/05/27 01:35:07",12.05,0.38,0.38,0.38,0.38,0.04,0.04,7.8,7.8,0.37,0.37,0.38,0.38,0,0,2.55,2.55,0.1,0.1,0,0,FIRM
D,TRADING,PRICE,3,"2025/05/27 01:40:00",1,VIC1,20,-19.97,0,0,"2025/05/27 01:35:07",-19.97,0.01,0.01,0.01,0.01,0.04,0.04,5.99,5.99,0.37,0.37,0.86,0.86,0.1,0.1,0.1,0.1,0.1,0.1,0,0,FIRM
C,"END OF REPORT",15
