C,NEMP.WORLD,TRADINGIS,AEMO,PUBLIC,2025/05/27,18:45:11,0000000465137851,TRADINGIS,0000000465137850
I,TRADING,INTERCONNECTORRES,2,SETTLEMENTDATE,RUNNO,INTERCONNECTORID,PERIODID,METEREDMWFLOW,MWFLOW,MWLOSSES,LASTCHANGED
D,TRADING,INTERCONNECTORRES,2,"2025/05/27 18:50:00",1,N-Q-MNSP1,226,-8.4,-9,-0.16,"2025/05/27 18:45:03"
D,TRADING,INTERCONNECTORRES,2,"2025/05/27 18:50:00",1,NSW1-QLD1,226,-418.3,-449.93,-12.29,"2025/05/27 18:45:03"
D,TRADING,INTERCONNECTORRES,2,"2025/05/27 18:50:00",1,T-V-MNSP1,226,-333.3,-338.97,13.27,"2025/05/27 18:45:03"
D,TRADING,INTERCONNECTORRES,2,"2025/05/27 18:50:00",1,V-S-MNSP1,226,55,54,-0.46,"2025/05/27 18:45:03"
D,TRADING,INTERCONNECTORRES,2,"2025/05/27 18:50:00",1,V-SA,226,218.64,227.74,6.63,"2025/05/27 18:45:03"
D,TRADING,INTERCONNECTORRES,2,"2025/05/27 18:50:00",1,VIC1-NSW1,226,-341.03,-381.12,11.14,"2025/05/27 18:45:03"
I,TRADING,PRICE,3,SETTLEMENTDATE,RUNNO,REGIONID,PERIODID,RRP,EEP,INVALIDFLAG,LASTCHANGED,ROP,RAISE6SECRRP,RAISE6SECROP,RAISE60SECRRP,RAISE60SECROP,RAISE5MINRRP,RAISE5MINROP,RAISEREGRRP,RAISEREGROP,LOWER6SECRRP,LOWER6SECROP,LOWER60SECRRP,LOWER60SECROP,LOWER5MINRRP,LOWER5MINROP,LOWERREGRRP,LOWERREGROP,RAISE1SECRRP,RAISE1SECROP,LOWER1SECRRP,LOWER1SECROP,PRICE_STATUS
D,TRADING,PRICE,3,"2025/05/27 18:50:00",1,SA1,226,138,0,0,"2025/05/27 18:45:03",138,0.38,0.38,0.15,0.15,0.1,0.1,0.1,0.1,0.01,0.01,0.1,0.1,0.1,0.1,3.59,3.59,0.1,0.1,0,0,FIRM
D,TRADING,PRICE,3,"2025/05/27 18:50:00",1,NSW1,226,120.89,0,0,"2025/05/27 18:45:03",120.89,0.38,0.38,0.15,0.15,0.1,0.1,0.1,0.1,0.01,0.01,0.1,0.1,0.1,0.1,3.59,3.59,0.1,0.1,0,0,FIRM
D,TRADING,PRICE,3,"2025/05/27 18:50:00",1,QLD1,226,119.5,0,0,"2025/05/27 18:45:03",119.5,0.38,0.38,0.15,0.15,0.1,0.1,0.1,0.1,0.01,0.01,0.1,0.1,0.1,0.1,3.59,3.59,0.1,0.1,0,0,FIRM
D,TRADING,PRICE,3,"2025/05/27 18:50:00",1,TAS1,226,138.38,0,0,"2025/05/27 18:45:03",138.38,0.38,0.38,0.36,0.36,0.1,0.1,7.4,7.4,0.01,0.01,0.1,0.1,0.1,0.1,3.48,3.48,0.1,0.1,0,0,FIRM
D,TRADING,PRICE,3,"2025/05/27 18:50:00",1,VIC1,226,130.59,0,0,"2025/05/27 18:45:03",130.59,0.38,0.38,0.15,0.15,0.1,0.1,0.1,0.1,0.01,0.01,0.1,0.1,0.1,0.1,3.59,3.59,0.1,0.1,0,0,FIRM
C,"END OF REPORT",15
