C,NEMP.WORLD,TRADINGIS,AEMO,PUBLIC,2025/06/11,04:00:12,0000000467173747,TRADINGIS,0000000467173746
I,TRADING,INTERCONNECTORRES,2,SETTLEMENTDATE,RUNNO,INTERCONNECTORID,PERIODID,METEREDMWFLOW,MWFLOW,MWLOSSES,LASTCHANGED
D,TRADING,INTERCONNECTORRES,2,"2025/06/11 04:05:00",1,N-Q-MNSP1,49,-18,-25,0.65,"2025/06/11 04:00:04"
D,TRADING,INTERCONNECTORRES,2,"2025/06/11 04:05:00",1,NSW1-QLD1,49,-432.9,-466.22,14.11,"2025/06/11 04:00:04"
D,TRADING,INTERCONNECTORRES,2,"2025/06/11 04:05:00",1,T-V-MNSP1,49,-76.9,-155.02,3.11,"2025/06/11 04:00:04"
D,TRADING,INTERCONNECTORRES,2,"2025/06/11 04:05:00",1,V-S-MNSP1,49,81,90,3.14,"2025/06/11 04:00:04"
D,TRADING,INTERCONNECTORRES,2,"2025/06/11 04:05:00",1,V-SA,49,327.23,393.01,19.56,"2025/06/11 04:00:04"
D,TRADING,INTERCONNECTORRES,2,"2025/06/11 04:05:00",1,VIC1-NSW1,49,-305.99,-119.39,-2.53,"2025/06/11 04:00:04"
I,TRADING,PRICE,3,SETTLEMENTDATE,RUNNO,REGIONID,PERIODID,RRP,EEP,INVALIDFLAG,LASTCHANGED,ROP,RAISE6SECRRP,RAISE6SECROP,RAISE60SECRRP,RAISE60SECROP,RAISE5MINRRP,RAISE5MINROP,RAISEREGRRP,RAISEREGROP,LOWER6SECRRP,LOWER6SECROP,LOWER60SECRRP,LOWER60SECROP,LOWER5MINRRP,LOWER5MINROP,LOWERREGRRP,LOWERREGROP,RAISE1SECRRP,RAISE1SECROP,LOWER1SECRRP,LOWER1SECROP,PRICE_STATUS
D,TRADING,PRICE,3,"2025/06/11 04:05:00",1,SA1,49,173.06,0,0,"2025/06/11 04:00:04",173.06,0.38,0.38,0.1,0.1,0.1,0.1,9.89,9.89,0.1,0.1,0.38,0.38,0.1,0.1,3.74,3.74,0.37,0.37,0,0,FIRM
D,TRADING,PRICE,3,"2025/06/11 04:05:00",1,NSW1,49,104.32,0,0,"2025/06/11 04:00:04",104.32,0.38,0.38,0.1,0.1,0.1,0.1,9.89,9.89,0.1,0.1,0.38,0.38,0.1,0.1,3.74,3.74,0.37,0.37,0,0,FIRM
D,TRADING,PRICE,3,"2025/06/11 04:05:00",1,QLD1,49,96.83,0,0,"2025/06/11 04:00:04",96.83,0.38,0.38,0.1,0.1,0.1,0.1,9.89,9.89,0.1,0.1,0.38,0.38,0.1,0.1,3.74,3.74,0.37,0.37,0,0,FIRM
D,TRADING,PRICE,3,"2025/06/11 04:05:00",1,TAS1,49,160.2,0,0,"2025/06/11 04:00:04",160.2,0.38,0.38,0.38,0.38,0.1,0.1,7.39,7.39,0.38,0.38,0.38,0.38,0.1,0.1,3.74,3.74,0.37,0.37,0,0,FIRM
D,TRADING,PRICE,3,"2025/06/11 04:05:00",1,VIC1,49,157.38,0,0,"2025/06/11 04:00:04",157.38,0.38,0.38,0.1,0.1,0.1,0.1,9.89,9.89,0.1,0.1,0.38,0.38,0.1,0.1,3.74,3.74,0.37,0.37,0,0,FIRM
C,"END OF REPORT",15
