C,NEMP.WORLD,TRADINGIS,AEMO,PUBLIC,2025/05/27,04:40:15,0000000465046812,TRADINGIS,0000000465046811
I,TRADING,INTERCONNECTORRES,2,SETTLEMENTDATE,RUNNO,INTERCONNECTORID,PERIODID,METEREDMWFLOW,MWFLOW,MWLOSSES,LASTCHANGED
D,TRADING,INTERCONNECTORRES,2,"2025/05/27 04:45:00",1,N-Q-MNSP1,57,8.6,1.63,0.11,"2025/05/27 04:40:06"
D,TRADING,INTERCONNECTORRES,2,"2025/05/27 04:45:00",1,NSW1-QLD1,57,415.5,357,11.66,"2025/05/27 04:40:06"
D,TRADING,INTERCONNECTORRES,2,"2025/05/27 04:45:00",1,T-V-MNSP1,57,-434,-453.44,23.15,"2025/05/27 04:40:06"
D,TRADING,INTERCONNECTORRES,2,"2025/05/27 04:45:00",1,V-S-MNSP1,57,-142,-142.24,34.87,"2025/05/27 04:40:06"
D,TRADING,INTERCONNECTORRES,2,"2025/05/27 04:45:00",1,V-SA,57,-188.81,-248.96,3.14,"2025/05/27 04:40:06"
D,TRADING,INTERCONNECTORRES,2,"2025/05/27 04:45:00",1,VIC1-NSW1,57,954.46,952.49,99.56,"2025/05/27 04:40:06"
I,TRADING,PRICE,3,SETTLEMENTDATE,RUNNO,REGIONID,PERIODID,RRP,EEP,INVALIDFLAG,LASTCHANGED,ROP,RAISE6SECRRP,RAISE6SECROP,RAISE60SECRRP,RAISE60SECROP,RAISE5MINRRP,RAISE5MINROP,RAISEREGRRP,RAISEREGROP,LOWER6SECRRP,LOWER6SECROP,LOWER60SECRRP,LOWER60SECROP,LOWER5MINRRP,LOWER5MINROP,LOWERREGRRP,LOWERREGROP,RAISE1SECRRP,RAISE1SECROP,LOWER1SECRRP,LOWER1SECROP,PRICE_STATUS
D,TRADING,PRICE,3,"2025/05/27 04:45:00",1,SA1,57,-13.35,0,0,"2025/05/27 04:40:06",-13.35,0.37,0.37,0.1,0.1,0.1,0.1,1.5,1.5,0.1,0.1,0.38,0.38,0.07,0.07,1,1,0.38,0.38,0,0,FIRM
D,TRADING,PRICE,3,"2025/05/27 04:45:00",1,NSW1,57,50.34,0,0,"2025/05/27 04:40:06",50.34,0.37,0.37,0.1,0.1,0.1,0.1,1.5,1.5,0.1,0.1,0.38,0.38,0.07,0.07,1,1,0.38,0.38,0,0,FIRM
D,TRADING,PRICE,3,"2025/05/27 04:45:00",1,QLD1,57,53.79,0,0,"2025/05/27 04:40:06",53.79,0.37,0.37,0.1,0.1,0.1,0.1,1.5,1.5,0.1,0.1,0.38,0.38,0.07,0.07,1,1,0.38,0.38,0,0,FIRM
D,TRADING,PRICE,3,"2025/05/27 04:45:00",1,TAS1,57,11.25,0,0,"2025/05/27 04:40:06",11.25,0.38,0.38,0.38,0.38,0.1,0.1,6.6,6.6,0.1,0.1,0.38,0.38,0,0,2.48,2.48,0.38,0.38,0,0,FIRM
D,TRADING,PRICE,3,"2025/05/27 04:45:00",1,VIC1,57,-13.91,0,0,"2025/05/27 04:40:06",-13.91,0.37,0.37,0.1,0.1,0.1,0.1,1.5,1.5,0.1,0.1,0.38,0.38,0.07,0.07,1,1,0.38,0.38,0,0,FIRM
C,"END OF REPORT",15
