C,NEMP.WORLD,TRADINGIS,AEMO,PUBLIC,2025/05/26,16:20:13,0000000464970452,TRADINGIS,0000000464970451
I,TRADING,INTERCONNECTORRES,2,SETTLEMENTDATE,RUNNO,INTERCONNECTORID,PERIODID,METEREDMWFLOW,MWFLOW,MWLOSSES,LASTCHANGED
D,TRADING,INTERCONNECTORRES,2,"2025/05/26 16:25:00",1,N-Q-MNSP1,197,-2.4,0,0,"2025/05/26 16:20:04"
D,TRADING,INTERCONNECTORRES,2,"2025/05/26 16:25:00",1,NSW1-QLD1,197,-87.2,-42.95,-2.25,"2025/05/26 16:20:04"
D,TRADING,INTERCONNECTORRES,2,"2025/05/26 16:25:00",1,T-V-MNSP1,197,-408.4,-436.78,21.54,"2025/05/26 16:20:04"
D,TRADING,INTERCONNECTORRES,2,"2025/05/26 16:25:00",1,V-S-MNSP1,197,134,171.07,22.68,"2025/05/26 16:20:04"
D,TRADING,INTERCONNECTORRES,2,"2025/05/26 16:25:00",1,V-SA,197,258.95,245.52,8.63,"2025/05/26 16:20:04"
D,TRADING,INTERCONNECTORRES,2,"2025/05/26 16:25:00",1,VIC1-NSW1,197,839.77,990,103.3,"2025/05/26 16:20:04"
I,TRADING,PRICE,3,SETTLEMENTDATE,RUNNO,REGIONID,PERIODID,RRP,EEP,INVALIDFLAG,LASTCHANGED,ROP,RAISE6SECRRP,RAISE6SECROP,RAISE60SECRRP,RAISE60SECROP,RAISE5MINRRP,RAISE5MINROP,RAISEREGRRP,RAISEREGROP,LOWER6SECRRP,LOWER6SECROP,LOWER60SECRRP,LOWER60SECROP,LOWER5MINRRP,LOWER5MINROP,LOWERREGRRP,LOWERREGROP,RAISE1SECRRP,RAISE1SECROP,LOWER1SECRRP,LOWER1SECROP,PRICE_STATUS
D,TRADING,PRICE,3,"2025/05/26 16:25:00",1,SA1,197,-21,0,0,"2025/05/26 16:20:04",-21,0.39,0.39,0.38,0.38,0.39,0.39,8.03,8.03,0.38,0.38,0.45,0.45,0.39,0.39,1.49,1.49,0.38,0.38,0,0,FIRM
D,TRADING,PRICE,3,"2025/05/26 16:25:00",1,NSW1,197,92.14,0,0,"2025/05/26 16:20:04",92.14,0.39,0.39,0.38,0.38,0.39,0.39,8.03,8.03,0.38,0.38,0.45,0.45,0.39,0.39,1.49,1.49,0.38,0.38,0,0,FIRM
D,TRADING,PRICE,3,"2025/05/26 16:25:00",1,QLD1,197,96.83,0,0,"2025/05/26 16:20:04",96.83,0.39,0.39,0.38,0.38,0.39,0.39,8.03,8.03,0.38,0.38,0.45,0.45,0.39,0.39,1.49,1.49,0.38,0.38,0,0,FIRM
D,TRADING,PRICE,3,"2025/05/26 16:25:00",1,TAS1,197,275.04,0,0,"2025/05/26 16:20:04",275.04,0.39,0.39,0.38,0.38,0.39,0.39,50.01,50.01,0.38,0.38,0.38,0.38,0,0,2.55,2.55,0.38,0.38,0,0,FIRM
D,TRADING,PRICE,3,"2025/05/26 16:25:00",1,VIC1,197,75.85,0,0,"2025/05/26 16:20:04",75.85,0.39,0.39,0.38,0.38,0.39,0.39,8.03,8.03,0.38,0.38,0.45,0.45,0.39,0.39,1.49,1.49,0.38,0.38,0,0,FIRM
C,"END OF REPORT",15
