C,NEMP.WORLD,TRADINGIS,AEMO,PUBLIC,2025/05/28,19:35:10,0000000465287611,TRADINGIS,0000000465287610
I,TRADING,INTERCONNECTORRES,2,SETTLEMENTDATE,RUNNO,INTERCONNECTORID,PERIODID,METEREDMWFLOW,MWFLOW,MWLOSSES,LASTCHANGED
D,TRADING,INTERCONNECTORRES,2,"2025/05/28 19:40:00",1,N-Q-MNSP1,236,-28.9,-33,1.59,"2025/05/28 19:35:03"
D,TRADING,INTERCONNECTORRES,2,"2025/05/28 19:40:00",1,NSW1-QLD1,236,-951.3,-1008.18,32.63,"2025/05/28 19:35:03"
D,TRADING,INTERCONNECTORRES,2,"2025/05/28 19:40:00",1,T-V-MNSP1,236,119.6,115.61,0.94,"2025/05/28 19:35:03"
D,TRADING,INTERCONNECTORRES,2,"2025/05/28 19:40:00",1,V-S-MNSP1,236,54,54,-0.46,"2025/05/28 19:35:03"
D,TRADING,INTERCONNECTORRES,2,"2025/05/28 19:40:00",1,V-SA,236,186.74,184.52,5.7,"2025/05/28 19:35:03"
D,TRADING,INTERCONNECTORRES,2,"2025/05/28 19:40:00",1,VIC1-NSW1,236,16.13,164.81,2.41,"2025/05/28 19:35:03"
I,TRADING,PRICE,3,SETTLEMENTDATE,RUNNO,REGIONID,PERIODID,RRP,EEP,INVALIDFLAG,LASTCHANGED,ROP,RAISE6SECRRP,RAISE6SECROP,RAISE60SECRRP,RAISE60SECROP,RAISE5MINRRP,RAISE5MINROP,RAISEREGRRP,RAISEREGROP,LOWER6SECRRP,LOWER6SECROP,LOWER60SECRRP,LOWER60SECROP,LOWER5MINRRP,LOWER5MINROP,LOWERREGRRP,LOWERREGROP,RAISE1SECRRP,RAISE1SECROP,LOWER1SECRRP,LOWER1SECROP,PRICE_STATUS
D,TRADING,PRICE,3,"2025/05/28 19:40:00",1,SA1,236,139.56,0,0,"2025/05/28 19:35:03",139.56,0.39,0.39,0.23,0.23,0.23,0.23,5,5,0.2,0.2,0.39,0.39,0.01,0.01,0.01,0.01,0.81,0.81,0,0,FIRM
D,TRADING,PRICE,3,"2025/05/28 19:40:00",1,NSW1,236,136.56,0,0,"2025/05/28 19:35:03",136.56,0.39,0.39,0.23,0.23,0.23,0.23,5,5,0.2,0.2,0.39,0.39,0.01,0.01,0.01,0.01,0.81,0.81,0,0,FIRM
D,TRADING,PRICE,3,"2025/05/28 19:40:00",1,QLD1,236,120.27,0,0,"2025/05/28 19:35:03",120.27,0.39,0.39,0.23,0.23,0.23,0.23,5,5,0.2,0.2,0.39,0.39,0.01,0.01,0.01,0.01,0.81,0.81,0,0,FIRM
D,TRADING,PRICE,3,"2025/05/28 19:40:00",1,TAS1,236,127.48,0,0,"2025/05/28 19:35:03",127.48,0.39,0.39,0.38,0.38,0.23,0.23,9.4,9.4,0.2,0.2,0.38,0.38,0.01,0.01,3.48,3.48,0.81,0.81,0,0,FIRM
D,TRADING,PRICE,3,"2025/05/28 19:40:00",1,VIC1,236,132.72,0,0,"2025/05/28 19:35:03",132.72,0.39,0.39,0.23,0.23,0.23,0.23,5,5,0.2,0.2,0.39,0.39,0.01,0.01,0.01,0.01,0.81,0.81,0,0,FIRM
C,"END OF REPORT",15
