C,NEMP.WORLD,TRADINGIS,AEMO,PUBLIC,2025/05/28,21:25:11,0000000465298008,TRADINGIS,0000000465298007
I,TRADING,INTERCONNECTORRES,2,SETTLEMENTDATE,RUNNO,INTERCONNECTORID,PERIODID,METEREDMWFLOW,MWFLOW,MWLOSSES,LASTCHANGED
D,TRADING,INTERCONNECTORRES,2,"2025/05/28 21:30:00",1,N-Q-MNSP1,258,-31.7,-33,1.59,"2025/05/28 21:25:03"
D,TRADING,INTERCONNECTORRES,2,"2025/05/28 21:30:00",1,NSW1-QLD1,258,-1103.3,-985.07,46.29,"2025/05/28 21:25:03"
D,TRADING,INTERCONNECTORRES,2,"2025/05/28 21:30:00",1,T-V-MNSP1,258,-271,-233.1,6.56,"2025/05/28 21:25:03"
D,TRADING,INTERCONNECTORRES,2,"2025/05/28 21:30:00",1,V-S-MNSP1,258,72,72,0.95,"2025/05/28 21:25:03"
D,TRADING,INTERCONNECTORRES,2,"2025/05/28 21:30:00",1,V-SA,258,354.94,388.8,20.77,"2025/05/28 21:25:03"
D,TRADING,INTERCONNECTORRES,2,"2025/05/28 21:30:00",1,VIC1-NSW1,258,-108.36,-51.44,-0.35,"2025/05/28 21:25:03"
I,TRADING,PRICE,3,SETTLEMENTDATE,RUNNO,REGIONID,PERIODID,RRP,EEP,INVALIDFLAG,LASTCHANGED,ROP,RAISE6SECRRP,RAISE6SECROP,RAISE60SECRRP,RAISE60SECROP,RAISE5MINRRP,RAISE5MINROP,RAISEREGRRP,RAISEREGROP,LOWER6SECRRP,LOWER6SECROP,LOWER60SECRRP,LOWER60SECROP,LOWER5MINRRP,LOWER5MINROP,LOWERREGRRP,LOWERREGROP,RAISE1SECRRP,RAISE1SECROP,LOWER1SECRRP,LOWER1SECROP,PRICE_STATUS
D,TRADING,PRICE,3,"2025/05/28 21:30:00",1,SA1,258,122.24,0,0,"2025/05/28 21:25:03",122.24,0.38,0.38,0.23,0.23,0.23,0.23,7.86,7.86,0.03,0.03,0.15,0.15,0,0,0,0,0.37,0.37,0,0,FIRM
D,TRADING,PRICE,3,"2025/05/28 21:30:00",1,NSW1,258,111.16,0,0,"2025/05/28 21:25:03",111.16,0.38,0.38,0.23,0.23,0.23,0.23,7.86,7.86,0.03,0.03,0.15,0.15,0,0,0,0,0.37,0.37,0,0,FIRM
D,TRADING,PRICE,3,"2025/05/28 21:30:00",1,QLD1,258,96.83,0,0,"2025/05/28 21:25:03",96.83,0.38,0.38,0.23,0.23,0.23,0.23,7.86,7.86,0.03,0.03,0.15,0.15,0,0,0,0,0.37,0.37,0,0,FIRM
D,TRADING,PRICE,3,"2025/05/28 21:30:00",1,TAS1,258,115.1,0,0,"2025/05/28 21:25:03",115.1,0.38,0.38,0.38,0.38,0.23,0.23,8.4,8.4,0.03,0.03,0.15,0.15,0,0,3.48,3.48,0.37,0.37,0,0,FIRM
D,TRADING,PRICE,3,"2025/05/28 21:30:00",1,VIC1,258,111.14,0,0,"2025/05/28 21:25:03",111.14,0.38,0.38,0.23,0.23,0.23,0.23,7.86,7.86,0.03,0.03,0.15,0.15,0,0,0,0,0.37,0.37,0,0,FIRM
C,"END OF REPORT",15
