C,NEMP.WORLD,TRADINGIS,AEMO,PUBLIC,2025/05/26,15:10:15,0000000464962700,TRADINGIS,0000000464962699
I,TRADING,INTERCONNECTORRES,2,SETTLEMENTDATE,RUNNO,INTERCONNECTORID,PERIODID,METEREDMWFLOW,MWFLOW,MWLOSSES,LASTCHANGED
D,TRADING,INTERCONNECTORRES,2,"2025/05/26 15:15:00",1,N-Q-MNSP1,183,-11.8,-17,0.07,"2025/05/26 15:10:08"
D,TRADING,INTERCONNECTORRES,2,"2025/05/26 15:15:00",1,NSW1-QLD1,183,-477.4,-438.47,1.59,"2025/05/26 15:10:08"
D,TRADING,INTERCONNECTORRES,2,"2025/05/26 15:15:00",1,T-V-MNSP1,183,-412.6,-438.18,21.68,"2025/05/26 15:10:08"
D,TRADING,INTERCONNECTORRES,2,"2025/05/26 15:15:00",1,V-S-MNSP1,183,129,73.28,1.09,"2025/05/26 15:10:08"
D,TRADING,INTERCONNECTORRES,2,"2025/05/26 15:15:00",1,V-SA,183,1.5,-193.63,1.93,"2025/05/26 15:10:08"
D,TRADING,INTERCONNECTORRES,2,"2025/05/26 15:15:00",1,VIC1-NSW1,183,654.18,850.39,85.84,"2025/05/26 15:10:08"
I,TRADING,PRICE,3,SETTLEMENTDATE,RUNNO,REGIONID,PERIODID,RRP,EEP,INVALIDFLAG,LASTCHANGED,ROP,RAISE6SECRRP,RAISE6SECROP,RAISE60SECRRP,RAISE60SECROP,RAISE5MINRRP,RAISE5MINROP,RAISEREGRRP,RAISEREGROP,LOWER6SECRRP,LOWER6SECROP,LOWER60SECRRP,LOWER60SECROP,LOWER5MINRRP,LOWER5MINROP,LOWERREGRRP,LOWERREGROP,RAISE1SECRRP,RAISE1SECROP,LOWER1SECRRP,LOWER1SECROP,PRICE_STATUS
D,TRADING,PRICE,3,"2025/05/26 15:15:00",1,SA1,183,-19.34,0,0,"2025/05/26 15:10:08",-19.34,0.23,0.23,0.1,0.1,0.1,0.1,7.85,7.85,0.38,0.38,0.38,0.38,0.38,0.38,1.51,1.51,0.36,0.36,0.01,0.01,FIRM
D,TRADING,PRICE,3,"2025/05/26 15:15:00",1,NSW1,183,63.6,0,0,"2025/05/26 15:10:08",63.6,0.23,0.23,0.1,0.1,0.1,0.1,7.85,7.85,0.38,0.38,0.38,0.38,0.38,0.38,1.51,1.51,0.36,0.36,0.01,0.01,FIRM
D,TRADING,PRICE,3,"2025/05/26 15:15:00",1,QLD1,183,60.88,0,0,"2025/05/26 15:10:08",60.88,0.23,0.23,0.1,0.1,0.1,0.1,7.85,7.85,0.38,0.38,0.38,0.38,0.38,0.38,1.51,1.51,0.36,0.36,0.01,0.01,FIRM
D,TRADING,PRICE,3,"2025/05/26 15:15:00",1,TAS1,183,11.25,0,0,"2025/05/26 15:10:08",11.25,0.38,0.38,0.38,0.38,0.1,0.1,8.8,8.8,0.38,0.38,0.38,0.38,0,0,2.55,2.55,0.36,0.36,0.01,0.01,FIRM
D,TRADING,PRICE,3,"2025/05/26 15:15:00",1,VIC1,183,-19.99,0,0,"2025/05/26 15:10:08",-19.99,0.23,0.23,0.1,0.1,0.1,0.1,7.85,7.85,0.38,0.38,0.38,0.38,0.38,0.38,1.51,1.51,0.36,0.36,0.01,0.01,FIRM
C,"END OF REPORT",15
