C,NEMP.WORLD,TRADINGIS,AEMO,PUBLIC,2025/05/27,02:10:13,0000000465031485,TRADINGIS,0000000465031484
I,TRADING,INTERCONNECTORRES,2,SETTLEMENTDATE,RUNNO,INTERCONNECTORID,PERIODID,METEREDMWFLOW,MWFLOW,MWLOSSES,LASTCHANGED
D,TRADING,INTERCONNECTORRES,2,"2025/05/27 02:15:00",1,N-Q-MNSP1,27,9.8,9,0.6,"2025/05/27 02:10:06"
D,TRADING,INTERCONNECTORRES,2,"2025/05/27 02:15:00",1,NSW1-QLD1,27,513.7,510.8,23.24,"2025/05/27 02:10:06"
D,TRADING,INTERCONNECTORRES,2,"2025/05/27 02:15:00",1,T-V-MNSP1,27,-463.9,-457.97,23.6,"2025/05/27 02:10:06"
D,TRADING,INTERCONNECTORRES,2,"2025/05/27 02:15:00",1,V-S-MNSP1,27,-145,-146.31,36.59,"2025/05/27 02:10:06"
D,TRADING,INTERCONNECTORRES,2,"2025/05/27 02:15:00",1,V-SA,27,-310.82,-311.02,4.72,"2025/05/27 02:10:06"
D,TRADING,INTERCONNECTORRES,2,"2025/05/27 02:15:00",1,VIC1-NSW1,27,930.3,938.98,93.73,"2025/05/27 02:10:06"
I,TRADING,PRICE,3,SETTLEMENTDATE,RUNNO,REGIONID,PERIODID,RRP,EEP,INVALIDFLAG,LASTCHANGED,ROP,RAISE6SECRRP,RAISE6SECROP,RAISE60SECRRP,RAISE60SECROP,RAISE5MINRRP,RAISE5MINROP,RAISEREGRRP,RAISEREGROP,LOWER6SECRRP,LOWER6SECROP,LOWER60SECRRP,LOWER60SECROP,LOWER5MINRRP,LOWER5MINROP,LOWERREGRRP,LOWERREGROP,RAISE1SECRRP,RAISE1SECROP,LOWER1SECRRP,LOWER1SECROP,PRICE_STATUS
D,TRADING,PRICE,3,"2025/05/27 02:15:00",1,SA1,27,-13.2,0,0,"2025/05/27 02:10:06",-13.2,0.01,0.01,0.01,0.01,0.04,0.04,9.24,9.24,0.38,0.38,0.38,0.38,0.1,0.1,3.6,3.6,0.3,0.3,0,0,FIRM
D,TRADING,PRICE,3,"2025/05/27 02:15:00",1,NSW1,27,50.34,0,0,"2025/05/27 02:10:06",50.34,0.01,0.01,0.01,0.01,0.04,0.04,9.24,9.24,0.38,0.38,0.38,0.38,0.1,0.1,3.6,3.6,0.3,0.3,0,0,FIRM
D,TRADING,PRICE,3,"2025/05/27 02:15:00",1,QLD1,27,55.09,0,0,"2025/05/27 02:10:06",55.09,0.01,0.01,0.01,0.01,0.04,0.04,9.24,9.24,0.38,0.38,0.38,0.38,0.1,0.1,3.6,3.6,0.3,0.3,0,0,FIRM
D,TRADING,PRICE,3,"2025/05/27 02:15:00",1,TAS1,27,11.25,0,0,"2025/05/27 02:10:06",11.25,0.38,0.38,0.38,0.38,0.04,0.04,6.97,6.97,0.38,0.38,0.38,0.38,0,0,2.55,2.55,0.3,0.3,0,0,FIRM
D,TRADING,PRICE,3,"2025/05/27 02:15:00",1,VIC1,27,-13.91,0,0,"2025/05/27 02:10:06",-13.91,0.01,0.01,0.01,0.01,0.04,0.04,9.24,9.24,0.38,0.38,0.38,0.38,0.1,0.1,3.6,3.6,0.3,0.3,0,0,FIRM
C,"END OF REPORT",15
