C,NEMP.WORLD,TRADINGIS,AEMO,PUBLIC,2025/05/27,14:40:10,0000000465110560,TRADINGIS,0000000465110559
I,TRADING,INTERCONNECTORRES,2,SETTLEMENTDATE,RUNNO,INTERCONNECTORID,PERIODID,METEREDMWFLOW,MWFLOW,MWLOSSES,LASTCHANGED
D,TRADING,INTERCONNECTORRES,2,"2025/05/27 14:45:00",1,N-Q-MNSP1,177,-10,-9,-0.16,"2025/05/27 14:40:03"
D,TRADING,INTERCONNECTORRES,2,"2025/05/27 14:45:00",1,NSW1-QLD1,177,-163.4,-69.79,-0.83,"2025/05/27 14:40:03"
D,TRADING,INTERCONNECTORRES,2,"2025/05/27 14:45:00",1,T-V-MNSP1,177,-391.3,-423.7,20.32,"2025/05/27 14:40:03"
D,TRADING,INTERCONNECTORRES,2,"2025/05/27 14:45:00",1,V-S-MNSP1,177,151,147.25,15.32,"2025/05/27 14:40:03"
D,TRADING,INTERCONNECTORRES,2,"2025/05/27 14:45:00",1,V-SA,177,149.51,181.26,-1,"2025/05/27 14:40:03"
D,TRADING,INTERCONNECTORRES,2,"2025/05/27 14:45:00",1,VIC1-NSW1,177,174.99,141.29,8.54,"2025/05/27 14:40:03"
I,TRADING,PRICE,3,SETTLEMENTDATE,RUNNO,REGIONID,PERIODID,RRP,EEP,INVALIDFLAG,LASTCHANGED,ROP,RAISE6SECRRP,RAISE6SECROP,RAISE60SECRRP,RAISE60SECROP,RAISE5MINRRP,RAISE5MINROP,RAISEREGRRP,RAISEREGROP,LOWER6SECRRP,LOWER6SECROP,LOWER60SECRRP,LOWER60SECROP,LOWER5MINRRP,LOWER5MINROP,LOWERREGRRP,LOWERREGROP,RAISE1SECRRP,RAISE1SECROP,LOWER1SECRRP,LOWER1SECROP,PRICE_STATUS
D,TRADING,PRICE,3,"2025/05/27 14:45:00",1,SA1,177,-61.05,0,0,"2025/05/27 14:40:03",-61.05,0.1,0.1,0.1,0.1,0.1,0.1,11.05,11.05,0.37,0.37,0.38,0.38,0.38,0.38,3.75,3.75,0.37,0.37,0,0,FIRM
D,TRADING,PRICE,3,"2025/05/27 14:45:00",1,NSW1,177,55.3,0,0,"2025/05/27 14:40:03",55.3,0.1,0.1,0.1,0.1,0.1,0.1,11.05,11.05,0.37,0.37,0.38,0.38,0.38,0.38,3.75,3.75,0.37,0.37,0,0,FIRM
D,TRADING,PRICE,3,"2025/05/27 14:45:00",1,QLD1,177,55.63,0,0,"2025/05/27 14:40:03",55.63,0.1,0.1,0.1,0.1,0.1,0.1,11.05,11.05,0.37,0.37,0.38,0.38,0.38,0.38,3.75,3.75,0.37,0.37,0,0,FIRM
D,TRADING,PRICE,3,"2025/05/27 14:45:00",1,TAS1,177,75.24,0,0,"2025/05/27 14:40:03",75.24,0.38,0.38,0.38,0.38,0.1,0.1,7.4,7.4,0.37,0.37,0.38,0.38,0.38,0.38,2.48,2.48,0.37,0.37,0,0,FIRM
D,TRADING,PRICE,3,"2025/05/27 14:45:00",1,VIC1,177,33.34,0,0,"2025/05/27 14:40:03",33.34,0.1,0.1,0.1,0.1,0.1,0.1,11.05,11.05,0.37,0.37,0.38,0.38,0.38,0.38,3.75,3.75,0.37,0.37,0,0,FIRM
C,"END OF REPORT",15
