C,NEMP.WORLD,TRADINGIS,AEMO,PUBLIC,2025/05/29,06:10:10,0000000465348578,TRADINGIS,0000000465348577
I,TRADING,INTERCONNECTORRES,2,SETTLEMENTDATE,RUNNO,INTERCONNECTORID,PERIODID,METEREDMWFLOW,MWFLOW,MWLOSSES,LASTCHANGED
D,TRADING,INTERCONNECTORRES,2,"2025/05/29 06:15:00",1,N-Q-MNSP1,75,-18.7,-17,0.07,"2025/05/29 06:10:03"
D,TRADING,INTERCONNECTORRES,2,"2025/05/29 06:15:00",1,NSW1-QLD1,75,-342,-378.52,3.18,"2025/05/29 06:10:03"
D,TRADING,INTERCONNECTORRES,2,"2025/05/29 06:15:00",1,T-V-MNSP1,75,-435.2,-424.45,20.39,"2025/05/29 06:10:03"
D,TRADING,INTERCONNECTORRES,2,"2025/05/29 06:15:00",1,V-S-MNSP1,75,36,36,-1.09,"2025/05/29 06:10:03"
D,TRADING,INTERCONNECTORRES,2,"2025/05/29 06:15:00",1,V-SA,75,33.02,55.25,0.27,"2025/05/29 06:10:03"
D,TRADING,INTERCONNECTORRES,2,"2025/05/29 06:15:00",1,VIC1-NSW1,75,178.48,151.37,6.73,"2025/05/29 06:10:03"
I,TRADING,PRICE,3,SETTLEMENTDATE,RUNNO,REGIONID,PERIODID,RRP,EEP,INVALIDFLAG,LASTCHANGED,ROP,RAISE6SECRRP,RAISE6SECROP,RAISE60SECRRP,RAISE60SECROP,RAISE5MINRRP,RAISE5MINROP,RAISEREGRRP,RAISEREGROP,LOWER6SECRRP,LOWER6SECROP,LOWER60SECRRP,LOWER60SECROP,LOWER5MINRRP,LOWER5MINROP,LOWERREGRRP,LOWERREGROP,RAISE1SECRRP,RAISE1SECROP,LOWER1SECRRP,LOWER1SECROP,PRICE_STATUS
D,TRADING,PRICE,3,"2025/05/29 06:15:00",1,SA1,75,96.22,0,0,"2025/05/29 06:10:03",96.22,0.37,0.37,0.1,0.1,0.15,0.15,7.99,7.99,0.1,0.1,0.38,0.38,0.1,0.1,3.59,3.59,0.38,0.38,0,0,FIRM
D,TRADING,PRICE,3,"2025/05/29 06:15:00",1,NSW1,75,100.96,0,0,"2025/05/29 06:10:03",100.96,0.37,0.37,0.1,0.1,0.15,0.15,7.99,7.99,0.1,0.1,0.38,0.38,0.1,0.1,3.59,3.59,0.38,0.38,0,0,FIRM
D,TRADING,PRICE,3,"2025/05/29 06:15:00",1,QLD1,75,96.83,0,0,"2025/05/29 06:10:03",96.83,0.37,0.37,0.1,0.1,0.15,0.15,7.99,7.99,0.1,0.1,0.38,0.38,0.1,0.1,3.59,3.59,0.38,0.38,0,0,FIRM
D,TRADING,PRICE,3,"2025/05/29 06:15:00",1,TAS1,75,106.35,0,0,"2025/05/29 06:10:03",106.35,0.38,0.38,0.38,0.38,0.36,0.36,7.54,7.54,0.1,0.1,0.38,0.38,0,0,2.46,2.46,0.38,0.38,0,0,FIRM
D,TRADING,PRICE,3,"2025/05/29 06:15:00",1,VIC1,75,95.08,0,0,"2025/05/29 06:10:03",95.08,0.37,0.37,0.1,0.1,0.15,0.15,7.99,7.99,0.1,0.1,0.38,0.38,0.1,0.1,3.59,3.59,0.38,0.38,0,0,FIRM
C,"END OF REPORT",15
