C,NEMP.WORLD,TRADINGIS,AEMO,PUBLIC,2025/05/26,15:30:16,0000000464964824,TRADINGIS,0000000464964823
I,TRADING,INTERCONNECTORRES,2,SETTLEMENTDATE,RUNNO,INTERCONNECTORID,PERIODID,METEREDMWFLOW,MWFLOW,MWLOSSES,LASTCHANGED
D,TRADING,INTERCONNECTORRES,2,"2025/05/26 15:35:00",1,N-Q-MNSP1,187,-16,-9,-0.16,"2025/05/26 15:30:09"
D,TRADING,INTERCONNECTORRES,2,"2025/05/26 15:35:00",1,NSW1-QLD1,187,-400.2,-352.68,-2.54,"2025/05/26 15:30:09"
D,TRADING,INTERCONNECTORRES,2,"2025/05/26 15:35:00",1,T-V-MNSP1,187,-388.2,-438.37,21.69,"2025/05/26 15:30:09"
D,TRADING,INTERCONNECTORRES,2,"2025/05/26 15:35:00",1,V-S-MNSP1,187,4,39.32,-1.01,"2025/05/26 15:30:09"
D,TRADING,INTERCONNECTORRES,2,"2025/05/26 15:35:00",1,V-SA,187,-183.26,-332.99,8.38,"2025/05/26 15:30:09"
D,TRADING,INTERCONNECTORRES,2,"2025/05/26 15:35:00",1,VIC1-NSW1,187,857.34,884.95,88.16,"2025/05/26 15:30:09"
I,TRADING,PRICE,3,SETTLEMENTDATE,RUNNO,REGIONID,PERIODID,RRP,EEP,INVALIDFLAG,LASTCHANGED,ROP,RAISE6SECRRP,RAISE6SECROP,RAISE60SECRRP,RAISE60SECROP,RAISE5MINRRP,RAISE5MINROP,RAISEREGRRP,RAISEREGROP,LOWER6SECRRP,LOWER6SECROP,LOWER60SECRRP,LOWER60SECROP,LOWER5MINRRP,LOWER5MINROP,LOWERREGRRP,LOWERREGROP,RAISE1SECRRP,RAISE1SECROP,LOWER1SECRRP,LOWER1SECROP,PRICE_STATUS
D,TRADING,PRICE,3,"2025/05/26 15:35:00",1,SA1,187,-17.79,0,0,"2025/05/26 15:30:09",-17.79,0.23,0.23,0.1,0.1,0.1,0.1,10,10,0.38,0.38,0.38,0.38,0.38,0.38,1,1,0.36,0.36,0.01,0.01,FIRM
D,TRADING,PRICE,3,"2025/05/26 15:35:00",1,NSW1,187,83.88,0,0,"2025/05/26 15:30:09",83.88,0.23,0.23,0.1,0.1,0.1,0.1,10,10,0.38,0.38,0.38,0.38,0.38,0.38,1,1,0.36,0.36,0.01,0.01,FIRM
D,TRADING,PRICE,3,"2025/05/26 15:35:00",1,QLD1,187,82.04,0,0,"2025/05/26 15:30:09",82.04,0.23,0.23,0.1,0.1,0.1,0.1,10,10,0.38,0.38,0.38,0.38,0.38,0.38,1,1,0.36,0.36,0.01,0.01,FIRM
D,TRADING,PRICE,3,"2025/05/26 15:35:00",1,TAS1,187,11.25,0,0,"2025/05/26 15:30:09",11.25,0.38,0.38,0.38,0.38,0.1,0.1,8.8,8.8,0.38,0.38,0.38,0.38,0,0,2.55,2.55,0.36,0.36,0.01,0.01,FIRM
D,TRADING,PRICE,3,"2025/05/26 15:35:00",1,VIC1,187,-18.96,0,0,"2025/05/26 15:30:09",-18.96,0.23,0.23,0.1,0.1,0.1,0.1,10,10,0.38,0.38,0.38,0.38,0.38,0.38,1,1,0.36,0.36,0.01,0.01,FIRM
C,"END OF REPORT",15
