C,NEMP.WORLD,TRADINGIS,AEMO,PUBLIC,2025/05/26,17:55:14,0000000464980806,TRADINGIS,0000000464980805
I,TRADING,INTERCONNECTORRES,2,SETTLEMENTDATE,RUNNO,INTERCONNECTORID,PERIODID,METEREDMWFLOW,MWFLOW,MWLOSSES,LASTCHANGED
D,TRADING,INTERCONNECTORRES,2,"2025/05/26 18:00:00",1,N-Q-MNSP1,216,8.9,9,0.6,"2025/05/26 17:55:07"
D,TRADING,INTERCONNECTORRES,2,"2025/05/26 18:00:00",1,NSW1-QLD1,216,34.8,155.76,14,"2025/05/26 17:55:07"
D,TRADING,INTERCONNECTORRES,2,"2025/05/26 18:00:00",1,T-V-MNSP1,216,-437.7,-445.87,22.41,"2025/05/26 17:55:07"
D,TRADING,INTERCONNECTORRES,2,"2025/05/26 18:00:00",1,V-S-MNSP1,216,-131,-150.86,38.55,"2025/05/26 17:55:07"
D,TRADING,INTERCONNECTORRES,2,"2025/05/26 18:00:00",1,V-SA,216,222.92,223.46,11.77,"2025/05/26 17:55:07"
D,TRADING,INTERCONNECTORRES,2,"2025/05/26 18:00:00",1,VIC1-NSW1,216,-710.38,-610.38,37.01,"2025/05/26 17:55:07"
I,TRADING,PRICE,3,SETTLEMENTDATE,RUNNO,REGIONID,PERIODID,RRP,EEP,INVALIDFLAG,LASTCHANGED,ROP,RAISE6SECRRP,RAISE6SECROP,RAISE60SECRRP,RAISE60SECROP,RAISE5MINRRP,RAISE5MINROP,RAISEREGRRP,RAISEREGROP,LOWER6SECRRP,LOWER6SECROP,LOWER60SECRRP,LOWER60SECROP,LOWER5MINRRP,LOWER5MINROP,LOWERREGRRP,LOWERREGROP,RAISE1SECRRP,RAISE1SECROP,LOWER1SECRRP,LOWER1SECROP,PRICE_STATUS
D,TRADING,PRICE,3,"2025/05/26 18:00:00",1,SA1,216,-14.89,0,0,"2025/05/26 17:55:07",-14.89,0.38,0.38,0.36,0.36,0.38,0.38,5.99,5.99,0.1,0.1,0.38,0.38,0.38,0.38,3.6,3.6,0.86,0.86,0,0,FIRM
D,TRADING,PRICE,3,"2025/05/26 18:00:00",1,NSW1,216,110.96,0,0,"2025/05/26 17:55:07",110.96,0.38,0.38,0.36,0.36,0.38,0.38,5.99,5.99,0.1,0.1,0.38,0.38,0.38,0.38,3.6,3.6,0.86,0.86,0,0,FIRM
D,TRADING,PRICE,3,"2025/05/26 18:00:00",1,QLD1,216,123.26,0,0,"2025/05/26 17:55:07",123.26,0.38,0.38,0.36,0.36,0.38,0.38,5.99,5.99,0.1,0.1,0.38,0.38,0.38,0.38,3.6,3.6,0.86,0.86,0,0,FIRM
D,TRADING,PRICE,3,"2025/05/26 18:00:00",1,TAS1,216,100.28,0,0,"2025/05/26 17:55:07",100.28,0.38,0.38,0.38,0.38,0.38,0.38,8.8,8.8,0.1,0.1,0.38,0.38,0,0,2.55,2.55,0.86,0.86,0,0,FIRM
D,TRADING,PRICE,3,"2025/05/26 18:00:00",1,VIC1,216,-13.76,0,0,"2025/05/26 17:55:07",-13.76,0.38,0.38,0.36,0.36,0.38,0.38,5.99,5.99,0.1,0.1,0.38,0.38,0.38,0.38,3.6,3.6,0.86,0.86,0,0,FIRM
C,"END OF REPORT",15
