C,NEMP.WORLD,TRADINGIS,AEMO,PUBLIC,2025/05/29,05:10:11,0000000465342921,TRADINGIS,0000000465342920
I,TRADING,INTERCONNECTORRES,2,SETTLEMENTDATE,RUNNO,INTERCONNECTORID,PERIODID,METEREDMWFLOW,MWFLOW,MWLOSSES,LASTCHANGED
D,TRADING,INTERCONNECTORRES,2,"2025/05/29 05:15:00",1,N-Q-MNSP1,63,-18,-17,0.07,"2025/05/29 05:10:03"
D,TRADING,INTERCONNECTORRES,2,"2025/05/29 05:15:00",1,NSW1-QLD1,63,-408.7,-392.11,10.93,"2025/05/29 05:10:03"
D,TRADING,INTERCONNECTORRES,2,"2025/05/29 05:15:00",1,T-V-MNSP1,63,-420,-438,21.66,"2025/05/29 05:10:03"
D,TRADING,INTERCONNECTORRES,2,"2025/05/29 05:15:00",1,V-S-MNSP1,63,45,45,-0.87,"2025/05/29 05:10:03"
D,TRADING,INTERCONNECTORRES,2,"2025/05/29 05:15:00",1,V-SA,63,138.73,116.77,2.21,"2025/05/29 05:10:03"
D,TRADING,INTERCONNECTORRES,2,"2025/05/29 05:15:00",1,VIC1-NSW1,63,536.28,493.51,36.44,"2025/05/29 05:10:03"
I,TRADING,PRICE,3,SETTLEMENTDATE,RUNNO,REGIONID,PERIODID,RRP,EEP,INVALIDFLAG,LASTCHANGED,ROP,RAISE6SECRRP,RAISE6SECROP,RAISE60SECRRP,RAISE60SECROP,RAISE5MINRRP,RAISE5MINROP,RAISEREGRRP,RAISEREGROP,LOWER6SECRRP,LOWER6SECROP,LOWER60SECRRP,LOWER60SECROP,LOWER5MINRRP,LOWER5MINROP,LOWERREGRRP,LOWERREGROP,RAISE1SECRRP,RAISE1SECROP,LOWER1SECRRP,LOWER1SECROP,PRICE_STATUS
D,TRADING,PRICE,3,"2025/05/29 05:15:00",1,SA1,63,71.33,0,0,"2025/05/29 05:10:03",71.33,0.23,0.23,0.1,0.1,0.1,0.1,7.84,7.84,0.38,0.38,0.38,0.38,0.1,0.1,3.99,3.99,0.86,0.86,0,0,FIRM
D,TRADING,PRICE,3,"2025/05/29 05:15:00",1,NSW1,63,77.75,0,0,"2025/05/29 05:10:03",77.75,0.23,0.23,0.1,0.1,0.1,0.1,7.84,7.84,0.38,0.38,0.38,0.38,0.1,0.1,3.99,3.99,0.86,0.86,0,0,FIRM
D,TRADING,PRICE,3,"2025/05/29 05:15:00",1,QLD1,63,72.75,0,0,"2025/05/29 05:10:03",72.75,0.23,0.23,0.1,0.1,0.1,0.1,7.84,7.84,0.38,0.38,0.38,0.38,0.1,0.1,3.99,3.99,0.86,0.86,0,0,FIRM
D,TRADING,PRICE,3,"2025/05/29 05:15:00",1,TAS1,63,100.24,0,0,"2025/05/29 05:10:03",100.24,0.38,0.38,0.38,0.38,0.38,0.38,7.54,7.54,0.38,0.38,0.38,0.38,0,0,2.46,2.46,0.86,0.86,0,0,FIRM
D,TRADING,PRICE,3,"2025/05/29 05:15:00",1,VIC1,63,69.18,0,0,"2025/05/29 05:10:03",69.18,0.23,0.23,0.1,0.1,0.1,0.1,7.84,7.84,0.38,0.38,0.38,0.38,0.1,0.1,3.99,3.99,0.86,0.86,0,0,FIRM
C,"END OF REPORT",15
