C,NEMP.WORLD,TRADINGIS,AEMO,PUBLIC,2025/05/27,04:15:13,0000000465044555,TRADINGIS,0000000465044554
I,TRADING,INTERCONNECTORRES,2,SETTLEMENTDATE,RUNNO,INTERCONNECTORID,PERIODID,METEREDMWFLOW,MWFLOW,MWLOSSES,LASTCHANGED
D,TRADING,INTERCONNECTORRES,2,"2025/05/27 04:20:00",1,N-Q-MNSP1,52,9.5,9,0.6,"2025/05/27 04:15:06"
D,TRADING,INTERCONNECTORRES,2,"2025/05/27 04:20:00",1,NSW1-QLD1,52,485,458.3,19.17,"2025/05/27 04:15:06"
D,TRADING,INTERCONNECTORRES,2,"2025/05/27 04:20:00",1,T-V-MNSP1,52,-429.1,-454.65,23.27,"2025/05/27 04:15:06"
D,TRADING,INTERCONNECTORRES,2,"2025/05/27 04:20:00",1,V-S-MNSP1,52,-147,-146.42,36.64,"2025/05/27 04:15:06"
D,TRADING,INTERCONNECTORRES,2,"2025/05/27 04:20:00",1,V-SA,52,-170.94,-264.76,3.24,"2025/05/27 04:15:06"
D,TRADING,INTERCONNECTORRES,2,"2025/05/27 04:20:00",1,VIC1-NSW1,52,914.85,941.61,97.77,"2025/05/27 04:15:06"
I,TRADING,PRICE,3,SETTLEMENTDATE,RUNNO,REGIONID,PERIODID,RRP,EEP,INVALIDFLAG,LASTCHANGED,ROP,RAISE6SECRRP,RAISE6SECROP,RAISE60SECRRP,RAISE60SECROP,RAISE5MINRRP,RAISE5MINROP,RAISEREGRRP,RAISEREGROP,LOWER6SECRRP,LOWER6SECROP,LOWER60SECRRP,LOWER60SECROP,LOWER5MINRRP,LOWER5MINROP,LOWERREGRRP,LOWERREGROP,RAISE1SECRRP,RAISE1SECROP,LOWER1SECRRP,LOWER1SECROP,PRICE_STATUS
D,TRADING,PRICE,3,"2025/05/27 04:20:00",1,SA1,52,-13.33,0,0,"2025/05/27 04:15:06",-13.33,0.1,0.1,0.04,0.04,0.1,0.1,3.99,3.99,0.38,0.38,0.39,0.39,0.1,0.1,3.59,3.59,0.37,0.37,0,0,FIRM
D,TRADING,PRICE,3,"2025/05/27 04:20:00",1,NSW1,52,50.71,0,0,"2025/05/27 04:15:06",50.71,0.1,0.1,0.04,0.04,0.1,0.1,3.99,3.99,0.38,0.38,0.39,0.39,0.1,0.1,3.59,3.59,0.37,0.37,0,0,FIRM
D,TRADING,PRICE,3,"2025/05/27 04:20:00",1,QLD1,52,54.89,0,0,"2025/05/27 04:15:06",54.89,0.1,0.1,0.04,0.04,0.1,0.1,3.99,3.99,0.38,0.38,0.39,0.39,0.1,0.1,3.59,3.59,0.37,0.37,0,0,FIRM
D,TRADING,PRICE,3,"2025/05/27 04:20:00",1,TAS1,52,11.25,0,0,"2025/05/27 04:15:06",11.25,0.38,0.38,0.38,0.38,0.1,0.1,6.6,6.6,0.38,0.38,0.39,0.39,0,0,2.48,2.48,0.37,0.37,0,0,FIRM
D,TRADING,PRICE,3,"2025/05/27 04:20:00",1,VIC1,52,-13.91,0,0,"2025/05/27 04:15:06",-13.91,0.1,0.1,0.04,0.04,0.1,0.1,3.99,3.99,0.38,0.38,0.39,0.39,0.1,0.1,3.59,3.59,0.37,0.37,0,0,FIRM
C,"END OF REPORT",15
