C,NEMP.WORLD,TRADINGIS,AEMO,PUBLIC,2025/05/28,12:25:17,0000000465243421,TRADINGIS,0000000465243420
I,TRADING,INTERCONNECTORRES,2,SETTLEMENTDATE,RUNNO,INTERCONNECTORID,PERIODID,METEREDMWFLOW,MWFLOW,MWLOSSES,LASTCHANGED
D,TRADING,INTERCONNECTORRES,2,"2025/05/28 12:30:00",1,N-Q-MNSP1,150,93.6,95.4,29.05,"2025/05/28 12:25:10"
D,TRADING,INTERCONNECTORRES,2,"2025/05/28 12:30:00",1,NSW1-QLD1,150,-403.6,-236.76,9.64,"2025/05/28 12:25:10"
D,TRADING,INTERCONNECTORRES,2,"2025/05/28 12:30:00",1,T-V-MNSP1,150,-429.1,-433.12,21.2,"2025/05/28 12:25:10"
D,TRADING,INTERCONNECTORRES,2,"2025/05/28 12:30:00",1,V-S-MNSP1,150,154,153.54,17.12,"2025/05/28 12:25:10"
D,TRADING,INTERCONNECTORRES,2,"2025/05/28 12:30:00",1,V-SA,150,572.64,555.11,28.37,"2025/05/28 12:25:10"
D,TRADING,INTERCONNECTORRES,2,"2025/05/28 12:30:00",1,VIC1-NSW1,150,-126.6,-118.53,-3.94,"2025/05/28 12:25:10"
I,TRADING,PRICE,3,SETTLEMENTDATE,RUNNO,REGIONID,PERIODID,RRP,EEP,INVALIDFLAG,LASTCHANGED,ROP,RAISE6SECRRP,RAISE6SECROP,RAISE60SECRRP,RAISE60SECROP,RAISE5MINRRP,RAISE5MINROP,RAISEREGRRP,RAISEREGROP,LOWER6SECRRP,LOWER6SECROP,LOWER60SECRRP,LOWER60SECROP,LOWER5MINRRP,LOWER5MINROP,LOWERREGRRP,LOWERREGROP,RAISE1SECRRP,RAISE1SECROP,LOWER1SECRRP,LOWER1SECROP,PRICE_STATUS
D,TRADING,PRICE,3,"2025/05/28 12:30:00",1,SA1,150,70.44,0,0,"2025/05/28 12:25:10",70.44,0.1,0.1,0.1,0.1,0.1,0.1,5,5,0.39,0.39,1.44,1.44,0.38,0.38,0.7,0.7,0.01,0.01,0,0,FIRM
D,TRADING,PRICE,3,"2025/05/28 12:30:00",1,NSW1,150,-20.01,0,0,"2025/05/28 12:25:10",-20.01,0.1,0.1,0.1,0.1,0.1,0.1,5,5,0.39,0.39,1.44,1.44,0.38,0.38,0.7,0.7,0.01,0.01,0,0,FIRM
D,TRADING,PRICE,3,"2025/05/28 12:30:00",1,QLD1,150,-24.23,0,0,"2025/05/28 12:25:10",-24.23,0.1,0.1,0.1,0.1,0.1,0.1,5,5,4.89,4.89,2.5,2.5,0.38,0.38,0.7,0.7,0.01,0.01,0,0,FIRM
D,TRADING,PRICE,3,"2025/05/28 12:30:00",1,TAS1,150,35.08,0,0,"2025/05/28 12:25:10",35.08,0.38,0.38,0.38,0.38,0.1,0.1,6.4,6.4,0.39,0.39,0.38,0.38,0,0,2.52,2.52,0.01,0.01,0,0,FIRM
D,TRADING,PRICE,3,"2025/05/28 12:30:00",1,VIC1,150,8.95,0,0,"2025/05/28 12:25:10",8.95,0.1,0.1,0.1,0.1,0.1,0.1,5,5,0.39,0.39,1.44,1.44,0.38,0.38,0.7,0.7,0.01,0.01,0,0,FIRM
C,"END OF REPORT",15
