C,NEMP.WORLD,TRADINGIS,AEMO,PUBLIC,2025/05/27,03:05:14,0000000465036805,TRADINGIS,0000000465036804
I,TRADING,INTERCONNECTORRES,2,SETTLEMENTDATE,RUNNO,INTERCONNECTORID,PERIODID,METEREDMWFLOW,MWFLOW,MWLOSSES,LASTCHANGED
D,TRADING,INTERCONNECTORRES,2,"2025/05/27 03:10:00",1,N-Q-MNSP1,38,8.2,9,0.6,"2025/05/27 03:05:07"
D,TRADING,INTERCONNECTORRES,2,"2025/05/27 03:10:00",1,NSW1-QLD1,38,514.3,480.96,20.38,"2025/05/27 03:05:07"
D,TRADING,INTERCONNECTORRES,2,"2025/05/27 03:10:00",1,T-V-MNSP1,38,-415.7,-459.71,23.77,"2025/05/27 03:05:07"
D,TRADING,INTERCONNECTORRES,2,"2025/05/27 03:10:00",1,V-S-MNSP1,38,-143,-145.89,36.41,"2025/05/27 03:05:07"
D,TRADING,INTERCONNECTORRES,2,"2025/05/27 03:10:00",1,V-SA,38,-386.33,-363.69,8.21,"2025/05/27 03:05:07"
D,TRADING,INTERCONNECTORRES,2,"2025/05/27 03:10:00",1,VIC1-NSW1,38,933.65,941.3,95.59,"2025/05/27 03:05:07"
I,TRADING,PRICE,3,SETTLEMENTDATE,RUNNO,REGIONID,PERIODID,RRP,EEP,INVALIDFLAG,LASTCHANGED,ROP,RAISE6SECRRP,RAISE6SECROP,RAISE60SECRRP,RAISE60SECROP,RAISE5MINRRP,RAISE5MINROP,RAISEREGRRP,RAISEREGROP,LOWER6SECRRP,LOWER6SECROP,LOWER60SECRRP,LOWER60SECROP,LOWER5MINRRP,LOWER5MINROP,LOWERREGRRP,LOWERREGROP,RAISE1SECRRP,RAISE1SECROP,LOWER1SECRRP,LOWER1SECROP,PRICE_STATUS
D,TRADING,PRICE,3,"2025/05/27 03:10:00",1,SA1,38,-13.72,0,0,"2025/05/27 03:05:07",-13.72,0.1,0.1,0.04,0.04,0.1,0.1,7.49,7.49,0.38,0.38,0.86,0.86,0.1,0.1,1,1,0.38,0.38,0,0,FIRM
D,TRADING,PRICE,3,"2025/05/27 03:10:00",1,NSW1,38,46.67,0,0,"2025/05/27 03:05:07",46.67,0.1,0.1,0.04,0.04,0.1,0.1,7.49,7.49,0.38,0.38,0.86,0.86,0.1,0.1,1,1,0.38,0.38,0,0,FIRM
D,TRADING,PRICE,3,"2025/05/27 03:10:00",1,QLD1,38,50.75,0,0,"2025/05/27 03:05:07",50.75,0.1,0.1,0.04,0.04,0.1,0.1,7.49,7.49,0.38,0.38,0.86,0.86,0.1,0.1,1,1,0.38,0.38,0,0,FIRM
D,TRADING,PRICE,3,"2025/05/27 03:10:00",1,TAS1,38,11.25,0,0,"2025/05/27 03:05:07",11.25,0.38,0.38,0.38,0.38,0.1,0.1,8.8,8.8,0.38,0.38,0.86,0.86,0,0,2.55,2.55,0.38,0.38,0,0,FIRM
D,TRADING,PRICE,3,"2025/05/27 03:10:00",1,VIC1,38,-14.64,0,0,"2025/05/27 03:05:07",-14.64,0.1,0.1,0.04,0.04,0.1,0.1,7.49,7.49,0.38,0.38,0.86,0.86,0.1,0.1,1,1,0.38,0.38,0,0,FIRM
C,"END OF REPORT",15
