C,NEMP.WORLD,TRADINGIS,AEMO,PUBLIC,2025/05/29,17:35:11,0000000465418657,TRADINGIS,0000000465418656
I,TRADING,INTERCONNECTORRES,2,SETTLEMENTDATE,RUNNO,INTERCONNECTORID,PERIODID,METEREDMWFLOW,MWFLOW,MWLOSSES,LASTCHANGED
D,TRADING,INTERCONNECTORRES,2,"2025/05/29 17:40:00",1,N-Q-MNSP1,212,-17.7,-17,0.07,"2025/05/29 17:35:04"
D,TRADING,INTERCONNECTORRES,2,"2025/05/29 17:40:00",1,NSW1-QLD1,212,-655,-653.61,-6,"2025/05/29 17:35:04"
D,TRADING,INTERCONNECTORRES,2,"2025/05/29 17:40:00",1,T-V-MNSP1,212,256.4,283.11,7.22,"2025/05/29 17:35:04"
D,TRADING,INTERCONNECTORRES,2,"2025/05/29 17:40:00",1,V-S-MNSP1,212,27,27,-1.11,"2025/05/29 17:35:04"
D,TRADING,INTERCONNECTORRES,2,"2025/05/29 17:40:00",1,V-SA,212,-24.01,-45.23,0.57,"2025/05/29 17:35:04"
D,TRADING,INTERCONNECTORRES,2,"2025/05/29 17:40:00",1,VIC1-NSW1,212,108.82,205.05,6.86,"2025/05/29 17:35:04"
I,TRADING,PRICE,3,SETTLEMENTDATE,RUNNO,REGIONID,PERIODID,RRP,EEP,INVALIDFLAG,LASTCHANGED,ROP,RAISE6SECRRP,RAISE6SECROP,RAISE60SECRRP,RAISE60SECROP,RAISE5MINRRP,RAISE5MINROP,RAISEREGRRP,RAISEREGROP,LOWER6SECRRP,LOWER6SECROP,LOWER60SECRRP,LOWER60SECROP,LOWER5MINRRP,LOWER5MINROP,LOWERREGRRP,LOWERREGROP,RAISE1SECRRP,RAISE1SECROP,LOWER1SECRRP,LOWER1SECROP,PRICE_STATUS
D,TRADING,PRICE,3,"2025/05/29 17:40:00",1,SA1,212,208.08,0,0,"2025/05/29 17:35:04",208.08,0.39,0.39,0.38,0.38,0.23,0.23,21,21,0.2,0.2,0.38,0.38,0.38,0.38,16.5,16.5,0.04,0.04,0,0,FIRM
D,TRADING,PRICE,3,"2025/05/29 17:40:00",1,NSW1,212,291.98,0,0,"2025/05/29 17:35:04",291.98,0.39,0.39,0.38,0.38,0.23,0.23,21,21,0.2,0.2,0.38,0.38,0.38,0.38,16.5,16.5,0.04,0.04,0,0,FIRM
D,TRADING,PRICE,3,"2025/05/29 17:40:00",1,QLD1,212,278.21,0,0,"2025/05/29 17:35:04",278.21,0.39,0.39,0.38,0.38,0.23,0.23,21,21,0.2,0.2,0.38,0.38,0.38,0.38,16.5,16.5,0.04,0.04,0,0,FIRM
D,TRADING,PRICE,3,"2025/05/29 17:40:00",1,TAS1,212,196.29,0,0,"2025/05/29 17:35:04",196.29,0.39,0.39,0.38,0.38,0.23,0.23,7.54,7.54,0.2,0.2,0.38,0.38,0.38,0.38,2.46,2.46,0.04,0.04,0,0,FIRM
D,TRADING,PRICE,3,"2025/05/29 17:40:00",1,VIC1,212,211.65,0,0,"2025/05/29 17:35:04",211.65,0.39,0.39,0.38,0.38,0.23,0.23,21,21,0.2,0.2,0.38,0.38,0.38,0.38,16.5,16.5,0.04,0.04,0,0,FIRM
C,"END OF REPORT",15
