C,NEMP.WORLD,TRADINGIS,AEMO,PUBLIC,2025/05/29,10:10:11,0000000465370574,TRADINGIS,0000000465370573
I,TRADING,INTERCONNECTORRES,2,SETTLEMENTDATE,RUNNO,INTERCONNECTORID,PERIODID,METEREDMWFLOW,MWFLOW,MWLOSSES,LASTCHANGED
D,TRADING,INTERCONNECTORRES,2,"2025/05/29 10:15:00",1,N-Q-MNSP1,123,-15,-15,0.01,"2025/05/29 10:10:04"
D,TRADING,INTERCONNECTORRES,2,"2025/05/29 10:15:00",1,NSW1-QLD1,123,-275.4,-262.05,1.53,"2025/05/29 10:10:04"
D,TRADING,INTERCONNECTORRES,2,"2025/05/29 10:15:00",1,T-V-MNSP1,123,-442.6,-471.14,24.92,"2025/05/29 10:10:04"
D,TRADING,INTERCONNECTORRES,2,"2025/05/29 10:15:00",1,V-S-MNSP1,123,36,36,-1.09,"2025/05/29 10:10:04"
D,TRADING,INTERCONNECTORRES,2,"2025/05/29 10:15:00",1,V-SA,123,177.51,149.96,0.62,"2025/05/29 10:10:04"
D,TRADING,INTERCONNECTORRES,2,"2025/05/29 10:15:00",1,VIC1-NSW1,123,-437.17,-386.97,-3.06,"2025/05/29 10:10:04"
I,TRADING,PRICE,3,SETTLEMENTDATE,RUNNO,REGIONID,PERIODID,RRP,EEP,INVALIDFLAG,LASTCHANGED,ROP,RAISE6SECRRP,RAISE6SECROP,RAISE60SECRRP,RAISE60SECROP,RAISE5MINRRP,RAISE5MINROP,RAISEREGRRP,RAISEREGROP,LOWER6SECRRP,LOWER6SECROP,LOWER60SECRRP,LOWER60SECROP,LOWER5MINRRP,LOWER5MINROP,LOWERREGRRP,LOWERREGROP,RAISE1SECRRP,RAISE1SECROP,LOWER1SECRRP,LOWER1SECROP,PRICE_STATUS
D,TRADING,PRICE,3,"2025/05/29 10:15:00",1,SA1,123,123.97,0,0,"2025/05/29 10:10:04",123.97,0.37,0.37,0.1,0.1,0.1,0.1,9.89,9.89,0.1,0.1,0.39,0.39,0.01,0.01,0.01,0.01,0.81,0.81,0,0,FIRM
D,TRADING,PRICE,3,"2025/05/29 10:15:00",1,NSW1,123,118.47,0,0,"2025/05/29 10:10:04",118.47,0.37,0.37,0.1,0.1,0.1,0.1,9.89,9.89,0.1,0.1,0.39,0.39,0.01,0.01,0.01,0.01,0.81,0.81,0,0,FIRM
D,TRADING,PRICE,3,"2025/05/29 10:15:00",1,QLD1,123,114.83,0,0,"2025/05/29 10:10:04",114.83,0.37,0.37,0.1,0.1,0.1,0.1,9.89,9.89,0.1,0.1,0.39,0.39,0.01,0.01,0.01,0.01,0.81,0.81,0,0,FIRM
D,TRADING,PRICE,3,"2025/05/29 10:15:00",1,TAS1,123,150.07,0,0,"2025/05/29 10:10:04",150.07,0.38,0.38,0.38,0.38,0.36,0.36,6.54,6.54,0.1,0.1,0.38,0.38,0,0,2.46,2.46,0.81,0.81,0,0,FIRM
D,TRADING,PRICE,3,"2025/05/29 10:15:00",1,VIC1,123,121.51,0,0,"2025/05/29 10:10:04",121.51,0.37,0.37,0.1,0.1,0.1,0.1,9.89,9.89,0.1,0.1,0.39,0.39,0.01,0.01,0.01,0.01,0.81,0.81,0,0,FIRM
C,"END OF REPORT",15
