C,NEMP.WORLD,TRADINGIS,AEMO,PUBLIC,2025/05/29,19:00:12,0000000465427473,TRADINGIS,0000000465427472
I,TRADING,INTERCONNECTORRES,2,SETTLEMENTDATE,RUNNO,INTERCONNECTORID,PERIODID,METEREDMWFLOW,MWFLOW,MWLOSSES,LASTCHANGED
D,TRADING,INTERCONNECTORRES,2,"2025/05/29 19:05:00",1,N-Q-MNSP1,229,-11,-9,-0.16,"2025/05/29 19:00:04"
D,TRADING,INTERCONNECTORRES,2,"2025/05/29 19:05:00",1,NSW1-QLD1,229,-385,-360.12,-11.21,"2025/05/29 19:00:04"
D,TRADING,INTERCONNECTORRES,2,"2025/05/29 19:05:00",1,T-V-MNSP1,229,103.1,112.41,0.88,"2025/05/29 19:00:04"
D,TRADING,INTERCONNECTORRES,2,"2025/05/29 19:05:00",1,V-S-MNSP1,229,45,45,-0.87,"2025/05/29 19:00:04"
D,TRADING,INTERCONNECTORRES,2,"2025/05/29 19:05:00",1,V-SA,229,146.62,146.46,3.12,"2025/05/29 19:00:04"
D,TRADING,INTERCONNECTORRES,2,"2025/05/29 19:05:00",1,VIC1-NSW1,229,55.26,105.14,1.37,"2025/05/29 19:00:04"
I,TRADING,PRICE,3,SETTLEMENTDATE,RUNNO,REGIONID,PERIODID,RRP,EEP,INVALIDFLAG,LASTCHANGED,ROP,RAISE6SECRRP,RAISE6SECROP,RAISE60SECRRP,RAISE60SECROP,RAISE5MINRRP,RAISE5MINROP,RAISEREGRRP,RAISEREGROP,LOWER6SECRRP,LOWER6SECROP,LOWER60SECRRP,LOWER60SECROP,LOWER5MINRRP,LOWER5MINROP,LOWERREGRRP,LOWERREGROP,RAISE1SECRRP,RAISE1SECROP,LOWER1SECRRP,LOWER1SECROP,PRICE_STATUS
D,TRADING,PRICE,3,"2025/05/29 19:05:00",1,SA1,229,162.55,0,0,"2025/05/29 19:00:04",162.55,0.39,0.39,0.36,0.36,0.32,0.32,19.92,19.92,0.34,0.34,0.38,0.38,0.38,0.38,0.38,0.38,0.04,0.04,0,0,FIRM
D,TRADING,PRICE,3,"2025/05/29 19:05:00",1,NSW1,229,279.23,0,0,"2025/05/29 19:00:04",279.23,0.39,0.39,0.36,0.36,0.32,0.32,19.92,19.92,0.34,0.34,0.38,0.38,0.38,0.38,0.38,0.38,0.04,0.04,0,0,FIRM
D,TRADING,PRICE,3,"2025/05/29 19:05:00",1,QLD1,229,278.21,0,0,"2025/05/29 19:00:04",278.21,0.39,0.39,0.36,0.36,0.32,0.32,19.92,19.92,0.34,0.34,0.38,0.38,0.38,0.38,0.38,0.38,0.04,0.04,0,0,FIRM
D,TRADING,PRICE,3,"2025/05/29 19:05:00",1,TAS1,229,150.24,0,0,"2025/05/29 19:00:04",150.24,0.39,0.39,0.38,0.38,0.32,0.32,7.54,7.54,0.34,0.34,0.38,0.38,0.38,0.38,2.46,2.46,0.04,0.04,0,0,FIRM
D,TRADING,PRICE,3,"2025/05/29 19:05:00",1,VIC1,229,156.58,0,0,"2025/05/29 19:00:04",156.58,0.39,0.39,0.36,0.36,0.32,0.32,19.92,19.92,0.34,0.34,0.38,0.38,0.38,0.38,0.38,0.38,0.04,0.04,0,0,FIRM
C,"END OF REPORT",15
