C,NEMP.WORLD,TRADINGIS,AEMO,PUBLIC,2025/05/29,14:10:10,0000000465396869,TRADINGIS,0000000465396868
I,TRADING,INTERCONNECTORRES,2,SETTLEMENTDATE,RUNNO,INTERCONNECTORID,PERIODID,METEREDMWFLOW,MWFLOW,MWLOSSES,LASTCHANGED
D,TRADING,INTERCONNECTORRES,2,"2025/05/29 14:15:00",1,N-Q-MNSP1,171,0.5,-9,-0.16,"2025/05/29 14:10:03"
D,TRADING,INTERCONNECTORRES,2,"2025/05/29 14:15:00",1,NSW1-QLD1,171,-186.8,-167.99,-1.06,"2025/05/29 14:10:03"
D,TRADING,INTERCONNECTORRES,2,"2025/05/29 14:15:00",1,T-V-MNSP1,171,-464.5,-478,25.62,"2025/05/29 14:10:03"
D,TRADING,INTERCONNECTORRES,2,"2025/05/29 14:15:00",1,V-S-MNSP1,171,-9,-69.67,11,"2025/05/29 14:10:03"
D,TRADING,INTERCONNECTORRES,2,"2025/05/29 14:15:00",1,V-SA,171,-270.68,-375.22,28.58,"2025/05/29 14:10:03"
D,TRADING,INTERCONNECTORRES,2,"2025/05/29 14:15:00",1,VIC1-NSW1,171,687.7,657.72,86.49,"2025/05/29 14:10:03"
I,TRADING,PRICE,3,SETTLEMENTDATE,RUNNO,REGIONID,PERIODID,RRP,EEP,INVALIDFLAG,LASTCHANGED,ROP,RAISE6SECRRP,RAISE6SECROP,RAISE60SECRRP,RAISE60SECROP,RAISE5MINRRP,RAISE5MINROP,RAISEREGRRP,RAISEREGROP,LOWER6SECRRP,LOWER6SECROP,LOWER60SECRRP,LOWER60SECROP,LOWER5MINRRP,LOWER5MINROP,LOWERREGRRP,LOWERREGROP,RAISE1SECRRP,RAISE1SECROP,LOWER1SECRRP,LOWER1SECROP,PRICE_STATUS
D,TRADING,PRICE,3,"2025/05/29 14:15:00",1,SA1,171,0.01,0,0,"2025/05/29 14:10:03",0.01,0.15,0.15,0.1,0.1,0.1,0.1,5.99,5.99,0.38,0.38,0.86,0.86,0.38,0.38,0.38,0.38,0.81,0.81,0,0,FIRM
D,TRADING,PRICE,3,"2025/05/29 14:15:00",1,NSW1,171,76.32,0,0,"2025/05/29 14:10:03",76.32,0.15,0.15,0.1,0.1,0.1,0.1,5.99,5.99,0.38,0.38,0.86,0.86,0.38,0.38,0.38,0.38,0.81,0.81,0,0,FIRM
D,TRADING,PRICE,3,"2025/05/29 14:15:00",1,QLD1,171,75.63,0,0,"2025/05/29 14:10:03",75.63,0.15,0.15,0.1,0.1,0.1,0.1,5.99,5.99,0.38,0.38,0.86,0.86,0.38,0.38,0.38,0.38,0.81,0.81,0,0,FIRM
D,TRADING,PRICE,3,"2025/05/29 14:15:00",1,TAS1,171,75.13,0,0,"2025/05/29 14:10:03",75.13,0.38,0.38,0.38,0.38,0.38,0.38,7.54,7.54,0.38,0.38,0.38,0.38,0,0,2.46,2.46,0.81,0.81,0,0,FIRM
D,TRADING,PRICE,3,"2025/05/29 14:15:00",1,VIC1,171,0.01,0,0,"2025/05/29 14:10:03",0.01,0.15,0.15,0.1,0.1,0.1,0.1,5.99,5.99,0.38,0.38,0.86,0.86,0.38,0.38,0.38,0.38,0.81,0.81,0,0,FIRM
C,"END OF REPORT",15
