C,NEMP.WORLD,TRADINGIS,AEMO,PUBLIC,2025/05/27,18:15:11,0000000465134678,TRADINGIS,0000000465134677
I,TRADING,INTERCONNECTORRES,2,SETTLEMENTDATE,RUNNO,INTERCONNECTORID,PERIODID,METEREDMWFLOW,MWFLOW,MWLOSSES,LASTCHANGED
D,TRADING,INTERCONNECTORRES,2,"2025/05/27 18:20:00",1,N-Q-MNSP1,220,-0.1,-9,-0.16,"2025/05/27 18:15:04"
D,TRADING,INTERCONNECTORRES,2,"2025/05/27 18:20:00",1,NSW1-QLD1,220,-253.3,-356.78,-14.62,"2025/05/27 18:15:04"
D,TRADING,INTERCONNECTORRES,2,"2025/05/27 18:20:00",1,T-V-MNSP1,220,-441.3,-403.3,18.49,"2025/05/27 18:15:04"
D,TRADING,INTERCONNECTORRES,2,"2025/05/27 18:20:00",1,V-S-MNSP1,220,36,54,-0.46,"2025/05/27 18:15:04"
D,TRADING,INTERCONNECTORRES,2,"2025/05/27 18:20:00",1,V-SA,220,80.77,199.16,5.02,"2025/05/27 18:15:04"
D,TRADING,INTERCONNECTORRES,2,"2025/05/27 18:20:00",1,VIC1-NSW1,220,-447.5,-349.2,9.48,"2025/05/27 18:15:04"
I,TRADING,PRICE,3,SETTLEMENTDATE,RUNNO,REGIONID,PERIODID,RRP,EEP,INVALIDFLAG,LASTCHANGED,ROP,RAISE6SECRRP,RAISE6SECROP,RAISE60SECRRP,RAISE60SECROP,RAISE5MINRRP,RAISE5MINROP,RAISEREGRRP,RAISEREGROP,LOWER6SECRRP,LOWER6SECROP,LOWER60SECRRP,LOWER60SECROP,LOWER5MINRRP,LOWER5MINROP,LOWERREGRRP,LOWERREGROP,RAISE1SECRRP,RAISE1SECROP,LOWER1SECRRP,LOWER1SECROP,PRICE_STATUS
D,TRADING,PRICE,3,"2025/05/27 18:20:00",1,SA1,220,156.5,0,0,"2025/05/27 18:15:04",156.5,0.38,0.38,0.36,0.36,0.23,0.23,0.23,0.23,0.01,0.01,0.15,0.15,0.1,0.1,3.59,3.59,0.1,0.1,0,0,FIRM
D,TRADING,PRICE,3,"2025/05/27 18:20:00",1,NSW1,220,99.63,0,0,"2025/05/27 18:15:04",99.63,0.38,0.38,0.36,0.36,0.23,0.23,0.23,0.23,0.01,0.01,0.15,0.15,0.1,0.1,3.59,3.59,0.1,0.1,0,0,FIRM
D,TRADING,PRICE,3,"2025/05/27 18:20:00",1,QLD1,220,100.83,0,0,"2025/05/27 18:15:04",100.83,0.38,0.38,0.36,0.36,0.23,0.23,0.23,0.23,0.01,0.01,0.15,0.15,0.1,0.1,3.59,3.59,0.1,0.1,0,0,FIRM
D,TRADING,PRICE,3,"2025/05/27 18:20:00",1,TAS1,220,160.24,0,0,"2025/05/27 18:15:04",160.24,0.38,0.38,0.38,0.38,0.23,0.23,8.4,8.4,0.01,0.01,0.15,0.15,0.1,0.1,2.48,2.48,0.1,0.1,0,0,FIRM
D,TRADING,PRICE,3,"2025/05/27 18:20:00",1,VIC1,220,149.33,0,0,"2025/05/27 18:15:04",149.33,0.38,0.38,0.36,0.36,0.23,0.23,0.23,0.23,0.01,0.01,0.15,0.15,0.1,0.1,3.59,3.59,0.1,0.1,0,0,FIRM
C,"END OF REPORT",15
