C,NEMP.WORLD,TRADINGIS,AEMO,PUBLIC,2025/05/27,00:15:14,0000000465019890,TRADINGIS,0000000465019889
I,TRADING,INTERCONNECTORRES,2,SETTLEMENTDATE,RUNNO,INTERCONNECTORID,PERIODID,METEREDMWFLOW,MWFLOW,MWLOSSES,LASTCHANGED
D,TRADING,INTERCONNECTORRES,2,"2025/05/27 00:20:00",1,N-Q-MNSP1,4,8,9,0.6,"2025/05/27 00:15:07"
D,TRADING,INTERCONNECTORRES,2,"2025/05/27 00:20:00",1,NSW1-QLD1,4,413.6,479.28,25.4,"2025/05/27 00:15:07"
D,TRADING,INTERCONNECTORRES,2,"2025/05/27 00:20:00",1,T-V-MNSP1,4,-460.3,-454.55,23.26,"2025/05/27 00:15:07"
D,TRADING,INTERCONNECTORRES,2,"2025/05/27 00:20:00",1,V-S-MNSP1,4,-144,-144.83,35.95,"2025/05/27 00:15:07"
D,TRADING,INTERCONNECTORRES,2,"2025/05/27 00:20:00",1,V-SA,4,-307.05,-346.26,7.19,"2025/05/27 00:15:07"
D,TRADING,INTERCONNECTORRES,2,"2025/05/27 00:20:00",1,VIC1-NSW1,4,990.76,1071.69,112.84,"2025/05/27 00:15:07"
I,TRADING,PRICE,3,SETTLEMENTDATE,RUNNO,REGIONID,PERIODID,RRP,EEP,INVALIDFLAG,LASTCHANGED,ROP,RAISE6SECRRP,RAISE6SECROP,RAISE60SECRRP,RAISE60SECROP,RAISE5MINRRP,RAISE5MINROP,RAISEREGRRP,RAISEREGROP,LOWER6SECRRP,LOWER6SECROP,LOWER60SECRRP,LOWER60SECROP,LOWER5MINRRP,LOWER5MINROP,LOWERREGRRP,LOWERREGROP,RAISE1SECRRP,RAISE1SECROP,LOWER1SECRRP,LOWER1SECROP,PRICE_STATUS
D,TRADING,PRICE,3,"2025/05/27 00:20:00",1,SA1,4,-9.22,0,0,"2025/05/27 00:15:07",-9.22,0.01,0.01,0.01,0.01,0.04,0.04,9.24,9.24,0.1,0.1,0.38,0.38,0.38,0.38,3.6,3.6,0.17,0.17,0,0,FIRM
D,TRADING,PRICE,3,"2025/05/27 00:20:00",1,NSW1,4,35.88,0,0,"2025/05/27 00:15:07",35.88,0.01,0.01,0.01,0.01,0.04,0.04,9.24,9.24,0.1,0.1,0.38,0.38,0.38,0.38,3.6,3.6,0.17,0.17,0,0,FIRM
D,TRADING,PRICE,3,"2025/05/27 00:20:00",1,QLD1,4,39.43,0,0,"2025/05/27 00:15:07",39.43,0.01,0.01,0.01,0.01,0.04,0.04,9.24,9.24,0.1,0.1,0.38,0.38,0.38,0.38,3.6,3.6,0.17,0.17,0,0,FIRM
D,TRADING,PRICE,3,"2025/05/27 00:20:00",1,TAS1,4,11.25,0,0,"2025/05/27 00:15:07",11.25,0.38,0.38,0.38,0.38,0.04,0.04,7.97,7.97,0.1,0.1,0.38,0.38,0,0,1.55,1.55,0.17,0.17,0,0,FIRM
D,TRADING,PRICE,3,"2025/05/27 00:20:00",1,VIC1,4,-9.81,0,0,"2025/05/27 00:15:07",-9.81,0.01,0.01,0.01,0.01,0.04,0.04,9.24,9.24,0.1,0.1,0.38,0.38,0.38,0.38,3.6,3.6,0.17,0.17,0,0,FIRM
C,"END OF REPORT",15
