C,NEMP.WORLD,TRADINGIS,AEMO,PUBLIC,2025/05/28,14:30:11,0000000465255905,TRADINGIS,0000000465255904
I,TRADING,INTERCONNECTORRES,2,SETTLEMENTDATE,RUNNO,INTERCONNECTORID,PERIODID,METEREDMWFLOW,MWFLOW,MWLOSSES,LASTCHANGED
D,TRADING,INTERCONNECTORRES,2,"2025/05/28 14:35:00",1,N-Q-MNSP1,175,-24.5,-17,0.07,"2025/05/28 14:30:03"
D,TRADING,INTERCONNECTORRES,2,"2025/05/28 14:35:00",1,NSW1-QLD1,175,-433.7,-378.42,12.56,"2025/05/28 14:30:03"
D,TRADING,INTERCONNECTORRES,2,"2025/05/28 14:35:00",1,T-V-MNSP1,175,-454.2,-433.68,21.25,"2025/05/28 14:30:03"
D,TRADING,INTERCONNECTORRES,2,"2025/05/28 14:35:00",1,V-S-MNSP1,175,141,155.95,17.86,"2025/05/28 14:30:03"
D,TRADING,INTERCONNECTORRES,2,"2025/05/28 14:35:00",1,V-SA,175,583.39,597.93,32.26,"2025/05/28 14:30:03"
D,TRADING,INTERCONNECTORRES,2,"2025/05/28 14:35:00",1,VIC1-NSW1,175,-285.32,-255.38,-5.28,"2025/05/28 14:30:03"
I,TRADING,PRICE,3,SETTLEMENTDATE,RUNNO,REGIONID,PERIODID,RRP,EEP,INVALIDFLAG,LASTCHANGED,ROP,RAISE6SECRRP,RAISE6SECROP,RAISE60SECRRP,RAISE60SECROP,RAISE5MINRRP,RAISE5MINROP,RAISEREGRRP,RAISEREGROP,LOWER6SECRRP,LOWER6SECROP,LOWER60SECRRP,LOWER60SECROP,LOWER5MINRRP,LOWER5MINROP,LOWERREGRRP,LOWERREGROP,RAISE1SECRRP,RAISE1SECROP,LOWER1SECRRP,LOWER1SECROP,PRICE_STATUS
D,TRADING,PRICE,3,"2025/05/28 14:35:00",1,SA1,175,83.44,0,0,"2025/05/28 14:30:03",83.44,0.1,0.1,0.1,0.1,0.1,0.1,5.99,5.99,0,0,0.38,0.38,0.01,0.01,3.33,3.33,0.36,0.36,0,0,FIRM
D,TRADING,PRICE,3,"2025/05/28 14:35:00",1,NSW1,175,61.97,0,0,"2025/05/28 14:30:03",61.97,0.1,0.1,0.1,0.1,0.1,0.1,5.99,5.99,0,0,0.38,0.38,0.01,0.01,3.33,3.33,0.36,0.36,0,0,FIRM
D,TRADING,PRICE,3,"2025/05/28 14:35:00",1,QLD1,175,-10.49,0,0,"2025/05/28 14:30:03",-10.49,0.1,0.1,0.1,0.1,0.1,0.1,5.99,5.99,50.22,50.22,19.92,19.92,0.38,0.38,3.7,3.7,0.36,0.36,0,0,FIRM
D,TRADING,PRICE,3,"2025/05/28 14:35:00",1,TAS1,175,75.12,0,0,"2025/05/28 14:30:03",75.12,0.38,0.38,0.38,0.38,0.1,0.1,6.44,6.44,0,0,0.38,0.38,0,0,2.48,2.48,0.36,0.36,0,0,FIRM
D,TRADING,PRICE,3,"2025/05/28 14:35:00",1,VIC1,175,61.98,0,0,"2025/05/28 14:30:03",61.98,0.1,0.1,0.1,0.1,0.1,0.1,5.99,5.99,0,0,0.38,0.38,0.01,0.01,3.33,3.33,0.36,0.36,0,0,FIRM
C,"END OF REPORT",15
