C,NEMP.WORLD,TRADINGIS,AEMO,PUBLIC,2025/05/26,12:00:21,0000000464941325,TRADINGIS,0000000464941324
I,TRADING,INTERCONNECTORRES,2,SETTLEMENTDATE,RUNNO,INTERCONNECTORID,PERIODID,METEREDMWFLOW,MWFLOW,MWLOSSES,LASTCHANGED
D,TRADING,INTERCONNECTORRES,2,"2025/05/26 12:05:00",1,N-Q-MNSP1,145,-40.5,-33,1.59,"2025/05/26 12:00:11"
D,TRADING,INTERCONNECTORRES,2,"2025/05/26 12:05:00",1,NSW1-QLD1,145,-816.4,-799.56,56.29,"2025/05/26 12:00:11"
D,TRADING,INTERCONNECTORRES,2,"2025/05/26 12:05:00",1,T-V-MNSP1,145,-454.8,-453.6,23.16,"2025/05/26 12:00:11"
D,TRADING,INTERCONNECTORRES,2,"2025/05/26 12:05:00",1,V-S-MNSP1,145,70,96.89,4.2,"2025/05/26 12:00:11"
D,TRADING,INTERCONNECTORRES,2,"2025/05/26 12:05:00",1,V-SA,145,183.01,242.46,19.03,"2025/05/26 12:00:11"
D,TRADING,INTERCONNECTORRES,2,"2025/05/26 12:05:00",1,VIC1-NSW1,145,850.61,924.78,72.29,"2025/05/26 12:00:11"
I,TRADING,PRICE,3,SETTLEMENTDATE,RUNNO,REGIONID,PERIODID,RRP,EEP,INVALIDFLAG,LASTCHANGED,ROP,RAISE6SECRRP,RAISE6SECROP,RAISE60SECRRP,RAISE60SECROP,RAISE5MINRRP,RAISE5MINROP,RAISEREGRRP,RAISEREGROP,LOWER6SECRRP,LOWER6SECROP,LOWER60SECRRP,LOWER60SECROP,LOWER5MINRRP,LOWER5MINROP,LOWERREGRRP,LOWERREGROP,RAISE1SECRRP,RAISE1SECROP,LOWER1SECRRP,LOWER1SECROP,PRICE_STATUS
D,TRADING,PRICE,3,"2025/05/26 12:05:00",1,SA1,145,-20.79,0,0,"2025/05/26 12:00:11",-20.79,0.1,0.1,0.04,0.04,0.04,0.04,9.24,9.24,0.1,0.1,1.44,1.44,0,0,0,0,0.36,0.36,0,0,FIRM
D,TRADING,PRICE,3,"2025/05/26 12:05:00",1,NSW1,145,56.98,0,0,"2025/05/26 12:00:11",56.98,0.1,0.1,0.04,0.04,0.04,0.04,9.24,9.24,0.1,0.1,1.44,1.44,0,0,0,0,0.36,0.36,0,0,FIRM
D,TRADING,PRICE,3,"2025/05/26 12:05:00",1,QLD1,145,49.14,0,0,"2025/05/26 12:00:11",49.14,0.1,0.1,0.04,0.04,0.04,0.04,9.24,9.24,0.1,0.1,1.44,1.44,0,0,0,0,0.36,0.36,0,0,FIRM
D,TRADING,PRICE,3,"2025/05/26 12:05:00",1,TAS1,145,16.42,0,0,"2025/05/26 12:00:11",16.42,0.38,0.38,4.61,4.61,0.36,0.36,8.8,8.8,0.1,0.1,0.38,0.38,0,0,2.55,2.55,0.36,0.36,0,0,FIRM
D,TRADING,PRICE,3,"2025/05/26 12:05:00",1,VIC1,145,-18.5,0,0,"2025/05/26 12:00:11",-18.5,0.1,0.1,0.04,0.04,0.04,0.04,9.24,9.24,0.1,0.1,1.44,1.44,0,0,0,0,0.36,0.36,0,0,FIRM
C,"END OF REPORT",15
