C,NEMP.WORLD,TRADINGIS,AEMO,PUBLIC,2025/05/29,08:55:10,0000000465363475,TRADINGIS,0000000465363474
I,TRADING,INTERCONNECTORRES,2,SETTLEMENTDATE,RUNNO,INTERCONNECTORID,PERIODID,METEREDMWFLOW,MWFLOW,MWLOSSES,LASTCHANGED
D,TRADING,INTERCONNECTORRES,2,"2025/05/29 09:00:00",1,N-Q-MNSP1,108,-12.2,-17,0.07,"2025/05/29 08:55:03"
D,TRADING,INTERCONNECTORRES,2,"2025/05/29 09:00:00",1,NSW1-QLD1,108,-379.4,-372.07,2.27,"2025/05/29 08:55:03"
D,TRADING,INTERCONNECTORRES,2,"2025/05/29 09:00:00",1,T-V-MNSP1,108,-336.9,-307.52,11.04,"2025/05/29 08:55:03"
D,TRADING,INTERCONNECTORRES,2,"2025/05/29 09:00:00",1,V-S-MNSP1,108,27,43.1,-0.92,"2025/05/29 08:55:03"
D,TRADING,INTERCONNECTORRES,2,"2025/05/29 09:00:00",1,V-SA,108,-23.29,136,1.13,"2025/05/29 08:55:03"
D,TRADING,INTERCONNECTORRES,2,"2025/05/29 09:00:00",1,VIC1-NSW1,108,-281.35,-396.07,3.41,"2025/05/29 08:55:03"
I,TRADING,PRICE,3,SETTLEMENTDATE,RUNNO,REGIONID,PERIODID,RRP,EEP,INVALIDFLAG,LASTCHANGED,ROP,RAISE6SECRRP,RAISE6SECROP,RAISE60SECRRP,RAISE60SECROP,RAISE5MINRRP,RAISE5MINROP,RAISEREGRRP,RAISEREGROP,LOWER6SECRRP,LOWER6SECROP,LOWER60SECRRP,LOWER60SECROP,LOWER5MINRRP,LOWER5MINROP,LOWERREGRRP,LOWERREGROP,RAISE1SECRRP,RAISE1SECROP,LOWER1SECRRP,LOWER1SECROP,PRICE_STATUS
D,TRADING,PRICE,3,"2025/05/29 09:00:00",1,SA1,108,129.99,0,0,"2025/05/29 08:55:03",129.99,0.38,0.38,0.36,0.36,0.24,0.24,5.45,5.45,0.03,0.03,0.15,0.15,0.07,0.07,3.7,3.7,0.38,0.38,0,0,FIRM
D,TRADING,PRICE,3,"2025/05/29 09:00:00",1,NSW1,108,121.83,0,0,"2025/05/29 08:55:03",121.83,0.38,0.38,0.36,0.36,0.24,0.24,5.45,5.45,0.03,0.03,0.15,0.15,0.07,0.07,3.7,3.7,0.38,0.38,0,0,FIRM
D,TRADING,PRICE,3,"2025/05/29 09:00:00",1,QLD1,108,117.05,0,0,"2025/05/29 08:55:03",117.05,0.38,0.38,0.36,0.36,0.24,0.24,5.45,5.45,0.03,0.03,0.15,0.15,0.07,0.07,3.7,3.7,0.38,0.38,0,0,FIRM
D,TRADING,PRICE,3,"2025/05/29 09:00:00",1,TAS1,108,133.47,0,0,"2025/05/29 08:55:03",133.47,0.38,0.38,0.38,0.38,0.24,0.24,7.54,7.54,0.03,0.03,0.15,0.15,0.07,0.07,3.46,3.46,0.38,0.38,0,0,FIRM
D,TRADING,PRICE,3,"2025/05/29 09:00:00",1,VIC1,108,126.92,0,0,"2025/05/29 08:55:03",126.92,0.38,0.38,0.36,0.36,0.24,0.24,5.45,5.45,0.03,0.03,0.15,0.15,0.07,0.07,3.7,3.7,0.38,0.38,0,0,FIRM
C,"END OF REPORT",15
