C,NEMP.WORLD,TRADINGIS,AEMO,PUBLIC,2025/05/29,05:15:11,0000000465343453,TRADINGIS,0000000465343452
I,TRADING,INTERCONNECTORRES,2,SETTLEMENTDATE,RUNNO,INTERCONNECTORID,PERIODID,METEREDMWFLOW,MWFLOW,MWLOSSES,LASTCHANGED
D,TRADING,INTERCONNECTORRES,2,"2025/05/29 05:20:00",1,N-Q-MNSP1,64,-16.9,-17,0.07,"2025/05/29 05:15:04"
D,TRADING,INTERCONNECTORRES,2,"2025/05/29 05:20:00",1,NSW1-QLD1,64,-366.3,-343.47,7.49,"2025/05/29 05:15:04"
D,TRADING,INTERCONNECTORRES,2,"2025/05/29 05:20:00",1,T-V-MNSP1,64,-419.4,-438,21.66,"2025/05/29 05:15:04"
D,TRADING,INTERCONNECTORRES,2,"2025/05/29 05:20:00",1,V-S-MNSP1,64,45,36,-1.09,"2025/05/29 05:15:04"
D,TRADING,INTERCONNECTORRES,2,"2025/05/29 05:20:00",1,V-SA,64,90.83,81.22,1.05,"2025/05/29 05:15:04"
D,TRADING,INTERCONNECTORRES,2,"2025/05/29 05:20:00",1,VIC1-NSW1,64,470.52,382.36,24.93,"2025/05/29 05:15:04"
I,TRADING,PRICE,3,SETTLEMENTDATE,RUNNO,REGIONID,PERIODID,RRP,EEP,INVALIDFLAG,LASTCHANGED,ROP,RAISE6SECRRP,RAISE6SECROP,RAISE60SECRRP,RAISE60SECROP,RAISE5MINRRP,RAISE5MINROP,RAISEREGRRP,RAISEREGROP,LOWER6SECRRP,LOWER6SECROP,LOWER60SECRRP,LOWER60SECROP,LOWER5MINRRP,LOWER5MINROP,LOWERREGRRP,LOWERREGROP,RAISE1SECRRP,RAISE1SECROP,LOWER1SECRRP,LOWER1SECROP,PRICE_STATUS
D,TRADING,PRICE,3,"2025/05/29 05:20:00",1,SA1,64,80.44,0,0,"2025/05/29 05:15:04",80.44,0.37,0.37,0.1,0.1,0.1,0.1,7.6,7.6,0.38,0.38,0.38,0.38,0.1,0.1,0.72,0.72,0.86,0.86,0,0,FIRM
D,TRADING,PRICE,3,"2025/05/29 05:20:00",1,NSW1,64,87.17,0,0,"2025/05/29 05:15:04",87.17,0.37,0.37,0.1,0.1,0.1,0.1,7.6,7.6,0.38,0.38,0.38,0.38,0.1,0.1,0.72,0.72,0.86,0.86,0,0,FIRM
D,TRADING,PRICE,3,"2025/05/29 05:20:00",1,QLD1,64,82.73,0,0,"2025/05/29 05:15:04",82.73,0.37,0.37,0.1,0.1,0.1,0.1,7.6,7.6,0.38,0.38,0.38,0.38,0.1,0.1,0.72,0.72,0.86,0.86,0,0,FIRM
D,TRADING,PRICE,3,"2025/05/29 05:20:00",1,TAS1,64,100.24,0,0,"2025/05/29 05:15:04",100.24,0.38,0.38,0.38,0.38,0.38,0.38,7.54,7.54,0.38,0.38,0.38,0.38,0,0,2.46,2.46,0.86,0.86,0,0,FIRM
D,TRADING,PRICE,3,"2025/05/29 05:20:00",1,VIC1,64,78.76,0,0,"2025/05/29 05:15:04",78.76,0.37,0.37,0.1,0.1,0.1,0.1,7.6,7.6,0.38,0.38,0.38,0.38,0.1,0.1,0.72,0.72,0.86,0.86,0,0,FIRM
C,"END OF REPORT",15
