C,NEMP.WORLD,TRADINGIS,AEMO,PUBLIC,2025/05/27,21:15:11,0000000465152436,TRADINGIS,0000000465152435
I,TRADING,INTERCONNECTORRES,2,SETTLEMENTDATE,RUNNO,INTERCONNECTORID,PERIODID,METEREDMWFLOW,MWFLOW,MWLOSSES,LASTCHANGED
D,TRADING,INTERCONNECTORRES,2,"2025/05/27 21:20:00",1,N-Q-MNSP1,256,-2.1,0,0,"2025/05/27 21:15:03"
D,TRADING,INTERCONNECTORRES,2,"2025/05/27 21:20:00",1,NSW1-QLD1,256,-171.3,-119.99,-3.93,"2025/05/27 21:15:03"
D,TRADING,INTERCONNECTORRES,2,"2025/05/27 21:20:00",1,T-V-MNSP1,256,-473.7,-478,25.62,"2025/05/27 21:15:03"
D,TRADING,INTERCONNECTORRES,2,"2025/05/27 21:20:00",1,V-S-MNSP1,256,81,81,1.95,"2025/05/27 21:15:03"
D,TRADING,INTERCONNECTORRES,2,"2025/05/27 21:20:00",1,V-SA,256,483.46,512.09,35.43,"2025/05/27 21:15:03"
D,TRADING,INTERCONNECTORRES,2,"2025/05/27 21:20:00",1,VIC1-NSW1,256,-136.61,-138,0.4,"2025/05/27 21:15:03"
I,TRADING,PRICE,3,SETTLEMENTDATE,RUNNO,REGIONID,PERIODID,RRP,EEP,INVALIDFLAG,LASTCHANGED,ROP,RAISE6SECRRP,RAISE6SECROP,RAISE60SECRRP,RAISE60SECROP,RAISE5MINRRP,RAISE5MINROP,RAISEREGRRP,RAISEREGROP,LOWER6SECRRP,LOWER6SECROP,LOWER60SECRRP,LOWER60SECROP,LOWER5MINRRP,LOWER5MINROP,LOWERREGRRP,LOWERREGROP,RAISE1SECRRP,RAISE1SECROP,LOWER1SECRRP,LOWER1SECROP,PRICE_STATUS
D,TRADING,PRICE,3,"2025/05/27 21:20:00",1,SA1,256,91.44,0,0,"2025/05/27 21:15:03",91.44,0.37,0.37,0.1,0.1,0.15,0.15,7.85,7.85,0.01,0.01,0.1,0.1,0.1,0.1,8.5,8.5,0.81,0.81,0,0,FIRM
D,TRADING,PRICE,3,"2025/05/27 21:20:00",1,NSW1,256,79.28,0,0,"2025/05/27 21:15:03",79.28,0.37,0.37,0.1,0.1,0.15,0.15,7.85,7.85,0.01,0.01,0.1,0.1,0.1,0.1,8.5,8.5,0.81,0.81,0,0,FIRM
D,TRADING,PRICE,3,"2025/05/27 21:20:00",1,QLD1,256,80.79,0,0,"2025/05/27 21:15:03",80.79,0.37,0.37,0.1,0.1,0.15,0.15,7.85,7.85,0.01,0.01,0.1,0.1,0.1,0.1,8.5,8.5,0.81,0.81,0,0,FIRM
D,TRADING,PRICE,3,"2025/05/27 21:20:00",1,TAS1,256,100.02,0,0,"2025/05/27 21:15:03",100.02,0.38,0.38,0.38,0.38,0.36,0.36,6.4,6.4,0.01,0.01,0.1,0.1,0,0,3.48,3.48,0.81,0.81,0,0,FIRM
D,TRADING,PRICE,3,"2025/05/27 21:20:00",1,VIC1,256,80.51,0,0,"2025/05/27 21:15:03",80.51,0.37,0.37,0.1,0.1,0.15,0.15,7.85,7.85,0.01,0.01,0.1,0.1,0.1,0.1,8.5,8.5,0.81,0.81,0,0,FIRM
C,"END OF REPORT",15
