C,NEMP.WORLD,TRADINGIS,AEMO,PUBLIC,2025/05/28,04:45:13,0000000465196470,TRADINGIS,0000000465196469
I,TRADING,INTERCONNECTORRES,2,SETTLEMENTDATE,RUNNO,INTERCONNECTORID,PERIODID,METEREDMWFLOW,MWFLOW,MWLOSSES,LASTCHANGED
D,TRADING,INTERCONNECTORRES,2,"2025/05/28 04:50:00",1,N-Q-MNSP1,58,1.3,0,0,"2025/05/28 04:45:03"
D,TRADING,INTERCONNECTORRES,2,"2025/05/28 04:50:00",1,NSW1-QLD1,58,126.4,144.93,2.42,"2025/05/28 04:45:03"
D,TRADING,INTERCONNECTORRES,2,"2025/05/28 04:50:00",1,T-V-MNSP1,58,-390.7,-437.2,21.58,"2025/05/28 04:45:03"
D,TRADING,INTERCONNECTORRES,2,"2025/05/28 04:50:00",1,V-S-MNSP1,58,167,166.36,21.14,"2025/05/28 04:45:03"
D,TRADING,INTERCONNECTORRES,2,"2025/05/28 04:50:00",1,V-SA,58,584.8,566.05,42.74,"2025/05/28 04:45:03"
D,TRADING,INTERCONNECTORRES,2,"2025/05/28 04:50:00",1,VIC1-NSW1,58,662.11,610.62,49.67,"2025/05/28 04:45:03"
I,TRADING,PRICE,3,SETTLEMENTDATE,RUNNO,REGIONID,PERIODID,RRP,EEP,INVALIDFLAG,LASTCHANGED,ROP,RAISE6SECRRP,RAISE6SECROP,RAISE60SECRRP,RAISE60SECROP,RAISE5MINRRP,RAISE5MINROP,RAISEREGRRP,RAISEREGROP,LOWER6SECRRP,LOWER6SECROP,LOWER60SECRRP,LOWER60SECROP,LOWER5MINRRP,LOWER5MINROP,LOWERREGRRP,LOWERREGROP,RAISE1SECRRP,RAISE1SECROP,LOWER1SECRRP,LOWER1SECROP,PRICE_STATUS
D,TRADING,PRICE,3,"2025/05/28 04:50:00",1,SA1,58,83.44,0,0,"2025/05/28 04:45:03",83.44,0.37,0.37,0.24,0.24,0.23,0.23,3.99,3.99,0.38,0.38,0.39,0.39,0.39,0.39,1,1,0.38,0.38,0,0,FIRM
D,TRADING,PRICE,3,"2025/05/28 04:50:00",1,NSW1,58,57.01,0,0,"2025/05/28 04:45:03",57.01,0.37,0.37,0.24,0.24,0.23,0.23,3.99,3.99,0.38,0.38,0.39,0.39,0.39,0.39,1,1,0.38,0.38,0,0,FIRM
D,TRADING,PRICE,3,"2025/05/28 04:50:00",1,QLD1,58,58.63,0,0,"2025/05/28 04:45:03",58.63,0.37,0.37,0.24,0.24,0.23,0.23,3.99,3.99,0.38,0.38,0.39,0.39,0.39,0.39,1,1,0.38,0.38,0,0,FIRM
D,TRADING,PRICE,3,"2025/05/28 04:50:00",1,TAS1,58,35.1,0,0,"2025/05/28 04:45:03",35.1,0.38,0.38,0.38,0.38,0.36,0.36,7.4,7.4,0.38,0.38,0.38,0.38,0,0,3.48,3.48,0.38,0.38,0,0,FIRM
D,TRADING,PRICE,3,"2025/05/28 04:50:00",1,VIC1,58,19.19,0,0,"2025/05/28 04:45:03",19.19,0.37,0.37,0.24,0.24,0.23,0.23,3.99,3.99,0.38,0.38,0.39,0.39,0.39,0.39,1,1,0.38,0.38,0,0,FIRM
C,"END OF REPORT",15
