C,NEMP.WORLD,TRADINGIS,AEMO,PUBLIC,2025/05/29,02:15:13,0000000465325771,TRADINGIS,0000000465325770
I,TRADING,INTERCONNECTORRES,2,SETTLEMENTDATE,RUNNO,INTERCONNECTORID,PERIODID,METEREDMWFLOW,MWFLOW,MWLOSSES,LASTCHANGED
D,TRADING,INTERCONNECTORRES,2,"2025/05/29 02:20:00",1,N-Q-MNSP1,28,-24.6,-17,0.07,"2025/05/29 02:15:06"
D,TRADING,INTERCONNECTORRES,2,"2025/05/29 02:20:00",1,NSW1-QLD1,28,-389.8,-423.1,15.92,"2025/05/29 02:15:06"
D,TRADING,INTERCONNECTORRES,2,"2025/05/29 02:20:00",1,T-V-MNSP1,28,-429.1,-438,21.66,"2025/05/29 02:15:06"
D,TRADING,INTERCONNECTORRES,2,"2025/05/29 02:20:00",1,V-S-MNSP1,28,72,72,0.95,"2025/05/29 02:15:06"
D,TRADING,INTERCONNECTORRES,2,"2025/05/29 02:20:00",1,V-SA,28,348.4,371.29,20.92,"2025/05/29 02:15:06"
D,TRADING,INTERCONNECTORRES,2,"2025/05/29 02:20:00",1,VIC1-NSW1,28,508.18,508.66,35.59,"2025/05/29 02:15:06"
I,TRADING,PRICE,3,SETTLEMENTDATE,RUNNO,REGIONID,PERIODID,RRP,EEP,INVALIDFLAG,LASTCHANGED,ROP,RAISE6SECRRP,RAISE6SECROP,RAISE60SECRRP,RAISE60SECROP,RAISE5MINRRP,RAISE5MINROP,RAISEREGRRP,RAISEREGROP,LOWER6SECRRP,LOWER6SECROP,LOWER60SECRRP,LOWER60SECROP,LOWER5MINRRP,LOWER5MINROP,LOWERREGRRP,LOWERREGROP,RAISE1SECRRP,RAISE1SECROP,LOWER1SECRRP,LOWER1SECROP,PRICE_STATUS
D,TRADING,PRICE,3,"2025/05/29 02:20:00",1,SA1,28,70.35,0,0,"2025/05/29 02:15:06",70.35,0.37,0.37,0.1,0.1,0.1,0.1,5,5,0.39,0.39,1.44,1.44,0.1,0.1,3.49,3.49,0.81,0.81,0,0,FIRM
D,TRADING,PRICE,3,"2025/05/29 02:20:00",1,NSW1,28,71.44,0,0,"2025/05/29 02:15:06",71.44,0.37,0.37,0.1,0.1,0.1,0.1,5,5,0.39,0.39,1.44,1.44,0.1,0.1,3.49,3.49,0.81,0.81,0,0,FIRM
D,TRADING,PRICE,3,"2025/05/29 02:20:00",1,QLD1,28,66.37,0,0,"2025/05/29 02:15:06",66.37,0.37,0.37,0.1,0.1,0.1,0.1,5,5,0.39,0.39,1.44,1.44,0.1,0.1,3.49,3.49,0.81,0.81,0,0,FIRM
D,TRADING,PRICE,3,"2025/05/29 02:20:00",1,TAS1,28,100.24,0,0,"2025/05/29 02:15:06",100.24,0.38,0.38,0.38,0.38,0.38,0.38,8.4,8.4,0.38,0.38,0.38,0.38,0,0,2.48,2.48,0.81,0.81,0,0,FIRM
D,TRADING,PRICE,3,"2025/05/29 02:20:00",1,VIC1,28,63.9,0,0,"2025/05/29 02:15:06",63.9,0.37,0.37,0.1,0.1,0.1,0.1,5,5,0.39,0.39,1.44,1.44,0.1,0.1,3.49,3.49,0.81,0.81,0,0,FIRM
C,"END OF REPORT",15
