C,NEMP.WORLD,TRADINGIS,AEMO,PUBLIC,2025/05/27,11:30:17,0000000465087854,TRADINGIS,0000000465087853
I,TRADING,INTERCONNECTORRES,2,SETTLEMENTDATE,RUNNO,INTERCONNECTORID,PERIODID,METEREDMWFLOW,MWFLOW,MWLOSSES,LASTCHANGED
D,TRADING,INTERCONNECTORRES,2,"2025/05/27 11:35:00",1,N-Q-MNSP1,139,-131.4,-130.6,41.28,"2025/05/27 11:30:09"
D,TRADING,INTERCONNECTORRES,2,"2025/05/27 11:35:00",1,NSW1-QLD1,139,-247.3,-2.52,0.01,"2025/05/27 11:30:09"
D,TRADING,INTERCONNECTORRES,2,"2025/05/27 11:35:00",1,T-V-MNSP1,139,-374.2,-414.33,19.47,"2025/05/27 11:30:09"
D,TRADING,INTERCONNECTORRES,2,"2025/05/27 11:35:00",1,V-S-MNSP1,139,-69,-61.93,9.19,"2025/05/27 11:30:09"
D,TRADING,INTERCONNECTORRES,2,"2025/05/27 11:35:00",1,V-SA,139,-502.59,-518.03,39.8,"2025/05/27 11:30:09"
D,TRADING,INTERCONNECTORRES,2,"2025/05/27 11:35:00",1,VIC1-NSW1,139,-435.08,-40.26,-1.79,"2025/05/27 11:30:09"
I,TRADING,PRICE,3,SETTLEMENTDATE,RUNNO,REGIONID,PERIODID,RRP,EEP,INVALIDFLAG,LASTCHANGED,ROP,RAISE6SECRRP,RAISE6SECROP,RAISE60SECRRP,RAISE60SECROP,RAISE5MINRRP,RAISE5MINROP,RAISEREGRRP,RAISEREGROP,LOWER6SECRRP,LOWER6SECROP,LOWER60SECRRP,LOWER60SECROP,LOWER5MINRRP,LOWER5MINROP,LOWERREGRRP,LOWERREGROP,RAISE1SECRRP,RAISE1SECROP,LOWER1SECRRP,LOWER1SECROP,PRICE_STATUS
D,TRADING,PRICE,3,"2025/05/27 11:35:00",1,SA1,139,-22,0,0,"2025/05/27 11:30:09",-22,0.1,0.1,0.01,0.01,0.01,0.01,6.53,6.53,0.38,0.38,0.86,0.86,0.1,0.1,0.1,0.1,0.04,0.04,0,0,FIRM
D,TRADING,PRICE,3,"2025/05/27 11:35:00",1,NSW1,139,-16.52,0,0,"2025/05/27 11:30:09",-16.52,0.1,0.1,0.01,0.01,0.01,0.01,6.53,6.53,0.38,0.38,0.86,0.86,0.1,0.1,0.1,0.1,0.04,0.04,0,0,FIRM
D,TRADING,PRICE,3,"2025/05/27 11:35:00",1,QLD1,139,-16.46,0,0,"2025/05/27 11:30:09",-16.46,0.1,0.1,0.01,0.01,0.01,0.01,6.53,6.53,0.38,0.38,0.86,0.86,0.1,0.1,0.1,0.1,0.04,0.04,0,0,FIRM
D,TRADING,PRICE,3,"2025/05/27 11:35:00",1,TAS1,139,-20.27,0,0,"2025/05/27 11:30:09",-20.27,0.38,0.38,0.38,0.38,0.01,0.01,7.4,7.4,0.38,0.38,0.86,0.86,0.1,0.1,3.48,3.48,0.04,0.04,0,0,FIRM
D,TRADING,PRICE,3,"2025/05/27 11:35:00",1,VIC1,139,-19.5,0,0,"2025/05/27 11:30:09",-19.5,0.1,0.1,0.01,0.01,0.01,0.01,6.53,6.53,0.38,0.38,0.86,0.86,0.1,0.1,0.1,0.1,0.04,0.04,0,0,FIRM
C,"END OF REPORT",15
