C,NEMP.WORLD,TRADINGIS,AEMO,PUBLIC,2025/05/29,05:35:10,0000000465345146,TRADINGIS,0000000465345145
I,TRADING,INTERCONNECTORRES,2,SETTLEMENTDATE,RUNNO,INTERCONNECTORID,PERIODID,METEREDMWFLOW,MWFLOW,MWLOSSES,LASTCHANGED
D,TRADING,INTERCONNECTORRES,2,"2025/05/29 05:40:00",1,N-Q-MNSP1,68,-17.1,-17,0.07,"2025/05/29 05:35:03"
D,TRADING,INTERCONNECTORRES,2,"2025/05/29 05:40:00",1,NSW1-QLD1,68,-385.9,-421.32,10.92,"2025/05/29 05:35:03"
D,TRADING,INTERCONNECTORRES,2,"2025/05/29 05:40:00",1,T-V-MNSP1,68,-405.9,-438,21.66,"2025/05/29 05:35:03"
D,TRADING,INTERCONNECTORRES,2,"2025/05/29 05:40:00",1,V-S-MNSP1,68,54,45,-0.87,"2025/05/29 05:35:03"
D,TRADING,INTERCONNECTORRES,2,"2025/05/29 05:40:00",1,V-SA,68,204.28,176.65,4.05,"2025/05/29 05:35:03"
D,TRADING,INTERCONNECTORRES,2,"2025/05/29 05:40:00",1,VIC1-NSW1,68,244.37,156.79,7.21,"2025/05/29 05:35:03"
I,TRADING,PRICE,3,SETTLEMENTDATE,RUNNO,REGIONID,PERIODID,RRP,EEP,INVALIDFLAG,LASTCHANGED,ROP,RAISE6SECRRP,RAISE6SECROP,RAISE60SECRRP,RAISE60SECROP,RAISE5MINRRP,RAISE5MINROP,RAISEREGRRP,RAISEREGROP,LOWER6SECRRP,LOWER6SECROP,LOWER60SECRRP,LOWER60SECROP,LOWER5MINRRP,LOWER5MINROP,LOWERREGRRP,LOWERREGROP,RAISE1SECRRP,RAISE1SECROP,LOWER1SECRRP,LOWER1SECROP,PRICE_STATUS
D,TRADING,PRICE,3,"2025/05/29 05:40:00",1,SA1,68,80.44,0,0,"2025/05/29 05:35:03",80.44,0.23,0.23,0.1,0.1,0.1,0.1,7.6,7.6,0.14,0.14,0.38,0.38,0.1,0.1,0.1,0.1,0.38,0.38,0,0,FIRM
D,TRADING,PRICE,3,"2025/05/29 05:40:00",1,NSW1,68,81.87,0,0,"2025/05/29 05:35:03",81.87,0.23,0.23,0.1,0.1,0.1,0.1,7.6,7.6,0.14,0.14,0.38,0.38,0.1,0.1,0.1,0.1,0.38,0.38,0,0,FIRM
D,TRADING,PRICE,3,"2025/05/29 05:40:00",1,QLD1,68,76.97,0,0,"2025/05/29 05:35:03",76.97,0.23,0.23,0.1,0.1,0.1,0.1,7.6,7.6,0.14,0.14,0.38,0.38,0.1,0.1,0.1,0.1,0.38,0.38,0,0,FIRM
D,TRADING,PRICE,3,"2025/05/29 05:40:00",1,TAS1,68,100.24,0,0,"2025/05/29 05:35:03",100.24,0.38,0.38,0.38,0.38,0.38,0.38,7.54,7.54,0.14,0.14,0.38,0.38,0,0,2.46,2.46,0.38,0.38,0,0,FIRM
D,TRADING,PRICE,3,"2025/05/29 05:40:00",1,VIC1,68,77.03,0,0,"2025/05/29 05:35:03",77.03,0.23,0.23,0.1,0.1,0.1,0.1,7.6,7.6,0.14,0.14,0.38,0.38,0.1,0.1,0.1,0.1,0.38,0.38,0,0,FIRM
C,"END OF REPORT",15
