C,NEMP.WORLD,TRADINGIS,AEMO,PUBLIC,2025/05/27,02:50:15,0000000465035359,TRADINGIS,0000000465035358
I,TRADING,INTERCONNECTORRES,2,SETTLEMENTDATE,RUNNO,INTERCONNECTORID,PERIODID,METEREDMWFLOW,MWFLOW,MWLOSSES,LASTCHANGED
D,TRADING,INTERCONNECTORRES,2,"2025/05/27 02:55:00",1,N-Q-MNSP1,35,7.4,9,0.6,"2025/05/27 02:50:08"
D,TRADING,INTERCONNECTORRES,2,"2025/05/27 02:55:00",1,NSW1-QLD1,35,481.3,492.94,21.06,"2025/05/27 02:50:08"
D,TRADING,INTERCONNECTORRES,2,"2025/05/27 02:55:00",1,T-V-MNSP1,35,-460.3,-459.53,23.75,"2025/05/27 02:50:08"
D,TRADING,INTERCONNECTORRES,2,"2025/05/27 02:55:00",1,V-S-MNSP1,35,-147,-148.15,37.38,"2025/05/27 02:50:08"
D,TRADING,INTERCONNECTORRES,2,"2025/05/27 02:55:00",1,V-SA,35,-334.72,-355.46,7.86,"2025/05/27 02:50:08"
D,TRADING,INTERCONNECTORRES,2,"2025/05/27 02:55:00",1,VIC1-NSW1,35,927.6,938.36,95.98,"2025/05/27 02:50:08"
I,TRADING,PRICE,3,SETTLEMENTDATE,RUNNO,REGIONID,PERIODID,RRP,EEP,INVALIDFLAG,LASTCHANGED,ROP,RAISE6SECRRP,RAISE6SECROP,RAISE60SECRRP,RAISE60SECROP,RAISE5MINRRP,RAISE5MINROP,RAISEREGRRP,RAISEREGROP,LOWER6SECRRP,LOWER6SECROP,LOWER60SECRRP,LOWER60SECROP,LOWER5MINRRP,LOWER5MINROP,LOWERREGRRP,LOWERREGROP,RAISE1SECRRP,RAISE1SECROP,LOWER1SECRRP,LOWER1SECROP,PRICE_STATUS
D,TRADING,PRICE,3,"2025/05/27 02:55:00",1,SA1,35,-17.39,0,0,"2025/05/27 02:50:08",-17.39,0.1,0.1,0.1,0.1,0.1,0.1,3.99,3.99,0.1,0.1,1,1,0,0,0,0,0.38,0.38,0,0,FIRM
D,TRADING,PRICE,3,"2025/05/27 02:55:00",1,NSW1,35,46.71,0,0,"2025/05/27 02:50:08",46.71,0.1,0.1,0.1,0.1,0.1,0.1,3.99,3.99,0.1,0.1,1,1,0,0,0,0,0.38,0.38,0,0,FIRM
D,TRADING,PRICE,3,"2025/05/27 02:55:00",1,QLD1,35,50.75,0,0,"2025/05/27 02:50:08",50.75,0.1,0.1,0.1,0.1,0.1,0.1,3.99,3.99,0.1,0.1,1,1,0,0,0,0,0.38,0.38,0,0,FIRM
D,TRADING,PRICE,3,"2025/05/27 02:55:00",1,TAS1,35,11.25,0,0,"2025/05/27 02:50:08",11.25,0.38,0.38,0.38,0.38,0.1,0.1,6.97,6.97,0.1,0.1,0.38,0.38,0,0,2.55,2.55,0.38,0.38,0,0,FIRM
D,TRADING,PRICE,3,"2025/05/27 02:55:00",1,VIC1,35,-18.5,0,0,"2025/05/27 02:50:08",-18.5,0.1,0.1,0.1,0.1,0.1,0.1,3.99,3.99,0.1,0.1,1,1,0,0,0,0,0.38,0.38,0,0,FIRM
C,"END OF REPORT",15
