C,NEMP.WORLD,TRADINGIS,AEMO,PUBLIC,2025/05/27,16:30:15,0000000465122943,TRADINGIS,0000000465122942
I,TRADING,INTERCONNECTORRES,2,SETTLEMENTDATE,RUNNO,INTERCONNECTORID,PERIODID,METEREDMWFLOW,MWFLOW,MWLOSSES,LASTCHANGED
D,TRADING,INTERCONNECTORRES,2,"2025/05/27 16:35:00",1,N-Q-MNSP1,199,-0.8,0,0,"2025/05/27 16:30:05"
D,TRADING,INTERCONNECTORRES,2,"2025/05/27 16:35:00",1,NSW1-QLD1,199,-85.5,19.98,1.19,"2025/05/27 16:30:05"
D,TRADING,INTERCONNECTORRES,2,"2025/05/27 16:35:00",1,T-V-MNSP1,199,-371.1,-420.66,20.04,"2025/05/27 16:30:05"
D,TRADING,INTERCONNECTORRES,2,"2025/05/27 16:35:00",1,V-S-MNSP1,199,161,162.75,19.95,"2025/05/27 16:30:05"
D,TRADING,INTERCONNECTORRES,2,"2025/05/27 16:35:00",1,V-SA,199,43.6,168.89,-0.01,"2025/05/27 16:30:05"
D,TRADING,INTERCONNECTORRES,2,"2025/05/27 16:35:00",1,VIC1-NSW1,199,275.08,230.16,11.84,"2025/05/27 16:30:05"
I,TRADING,PRICE,3,SETTLEMENTDATE,RUNNO,REGIONID,PERIODID,RRP,EEP,INVALIDFLAG,LASTCHANGED,ROP,RAISE6SECRRP,RAISE6SECROP,RAISE60SECRRP,RAISE60SECROP,RAISE5MINRRP,RAISE5MINROP,RAISEREGRRP,RAISEREGROP,LOWER6SECRRP,LOWER6SECROP,LOWER60SECRRP,LOWER60SECROP,LOWER5MINRRP,LOWER5MINROP,LOWERREGRRP,LOWERREGROP,RAISE1SECRRP,RAISE1SECROP,LOWER1SECRRP,LOWER1SECROP,PRICE_STATUS
D,TRADING,PRICE,3,"2025/05/27 16:35:00",1,SA1,199,-36.71,0,0,"2025/05/27 16:30:05",-36.71,0.38,0.38,0.38,0.38,0.38,0.38,5.46,5.46,0.14,0.14,0.38,0.38,0.39,0.39,3.7,3.7,0.81,0.81,0,0,FIRM
D,TRADING,PRICE,3,"2025/05/27 16:35:00",1,NSW1,199,94.55,0,0,"2025/05/27 16:30:05",94.55,0.38,0.38,0.38,0.38,0.38,0.38,5.46,5.46,0.14,0.14,0.38,0.38,0.39,0.39,3.7,3.7,0.81,0.81,0,0,FIRM
D,TRADING,PRICE,3,"2025/05/27 16:35:00",1,QLD1,199,100.83,0,0,"2025/05/27 16:30:05",100.83,0.38,0.38,0.38,0.38,0.38,0.38,5.46,5.46,0.14,0.14,0.38,0.38,0.39,0.39,3.7,3.7,0.81,0.81,0,0,FIRM
D,TRADING,PRICE,3,"2025/05/27 16:35:00",1,TAS1,199,64.05,0,0,"2025/05/27 16:30:05",64.05,0.38,0.38,0.38,0.38,0.38,0.38,7.4,7.4,0.14,0.14,0.38,0.38,0.38,0.38,3.48,3.48,0.81,0.81,0,0,FIRM
D,TRADING,PRICE,3,"2025/05/27 16:35:00",1,VIC1,199,59.54,0,0,"2025/05/27 16:30:05",59.54,0.38,0.38,0.38,0.38,0.38,0.38,5.46,5.46,0.14,0.14,0.38,0.38,0.39,0.39,3.7,3.7,0.81,0.81,0,0,FIRM
C,"END OF REPORT",15
