C,NEMP.WORLD,TRADINGIS,AEMO,PUBLIC,2025/05/29,12:55:11,0000000465388814,TRADINGIS,0000000465388813
I,TRADING,INTERCONNECTORRES,2,SETTLEMENTDATE,RUNNO,INTERCONNECTORID,PERIODID,METEREDMWFLOW,MWFLOW,MWLOSSES,LASTCHANGED
D,TRADING,INTERCONNECTORRES,2,"2025/05/29 13:00:00",1,N-Q-MNSP1,156,-9.3,-9,-0.16,"2025/05/29 12:55:03"
D,TRADING,INTERCONNECTORRES,2,"2025/05/29 13:00:00",1,NSW1-QLD1,156,-101,-74.97,-0.15,"2025/05/29 12:55:03"
D,TRADING,INTERCONNECTORRES,2,"2025/05/29 13:00:00",1,T-V-MNSP1,156,-447.4,-454.44,23.25,"2025/05/29 12:55:03"
D,TRADING,INTERCONNECTORRES,2,"2025/05/29 13:00:00",1,V-S-MNSP1,156,18,0,0,"2025/05/29 12:55:03"
D,TRADING,INTERCONNECTORRES,2,"2025/05/29 13:00:00",1,V-SA,156,-18.33,-207.23,11.99,"2025/05/29 12:55:03"
D,TRADING,INTERCONNECTORRES,2,"2025/05/29 13:00:00",1,VIC1-NSW1,156,213.38,369.71,40.24,"2025/05/29 12:55:03"
I,TRADING,PRICE,3,SETTLEMENTDATE,RUNNO,REGIONID,PERIODID,RRP,EEP,INVALIDFLAG,LASTCHANGED,ROP,RAISE6SECRRP,RAISE6SECROP,RAISE60SECRRP,RAISE60SECROP,RAISE5MINRRP,RAISE5MINROP,RAISEREGRRP,RAISEREGROP,LOWER6SECRRP,LOWER6SECROP,LOWER60SECRRP,LOWER60SECROP,LOWER5MINRRP,LOWER5MINROP,LOWERREGRRP,LOWERREGROP,RAISE1SECRRP,RAISE1SECROP,LOWER1SECRRP,LOWER1SECROP,PRICE_STATUS
D,TRADING,PRICE,3,"2025/05/29 13:00:00",1,SA1,156,51.97,0,0,"2025/05/29 12:55:03",51.97,0,0,0,0,0.1,0.1,5.71,5.71,0.38,0.38,1,1,0.39,0.39,3.75,3.75,0.38,0.38,0,0,FIRM
D,TRADING,PRICE,3,"2025/05/29 13:00:00",1,NSW1,156,65.01,0,0,"2025/05/29 12:55:03",65.01,0,0,0,0,0.1,0.1,5.71,5.71,0.38,0.38,1,1,0.39,0.39,3.75,3.75,0.38,0.38,0,0,FIRM
D,TRADING,PRICE,3,"2025/05/29 13:00:00",1,QLD1,156,75.83,0,0,"2025/05/29 12:55:03",75.83,4.89,4.89,5.89,5.89,0.38,0.38,5.99,5.99,0.38,0.38,1,1,0.39,0.39,3.75,3.75,0.38,0.38,0,0,FIRM
D,TRADING,PRICE,3,"2025/05/29 13:00:00",1,TAS1,156,100.24,0,0,"2025/05/29 12:55:03",100.24,0.38,0.38,0.38,0.38,0.1,0.1,7.54,7.54,0.38,0.38,0.38,0.38,0,0,2.46,2.46,0.38,0.38,0,0,FIRM
D,TRADING,PRICE,3,"2025/05/29 13:00:00",1,VIC1,156,56.53,0,0,"2025/05/29 12:55:03",56.53,0,0,0,0,0.1,0.1,5.71,5.71,0.38,0.38,1,1,0.39,0.39,3.75,3.75,0.38,0.38,0,0,FIRM
C,"END OF REPORT",15
