C,NEMP.WORLD,TRADINGIS,AEMO,PUBLIC,2025/05/29,10:20:10,0000000465371461,TRADINGIS,0000000465371460
I,TRADING,INTERCONNECTORRES,2,SETTLEMENTDATE,RUNNO,INTERCONNECTORID,PERIODID,METEREDMWFLOW,MWFLOW,MWLOSSES,LASTCHANGED
D,TRADING,INTERCONNECTORRES,2,"2025/05/29 10:25:00",1,N-Q-MNSP1,125,-13.1,-17,0.07,"2025/05/29 10:20:03"
D,TRADING,INTERCONNECTORRES,2,"2025/05/29 10:25:00",1,NSW1-QLD1,125,-401.9,-413.72,8.61,"2025/05/29 10:20:03"
D,TRADING,INTERCONNECTORRES,2,"2025/05/29 10:25:00",1,T-V-MNSP1,125,-458.4,-471.15,24.92,"2025/05/29 10:20:03"
D,TRADING,INTERCONNECTORRES,2,"2025/05/29 10:25:00",1,V-S-MNSP1,125,36,36,-1.09,"2025/05/29 10:20:03"
D,TRADING,INTERCONNECTORRES,2,"2025/05/29 10:25:00",1,V-SA,125,113.86,112.32,-0.01,"2025/05/29 10:20:03"
D,TRADING,INTERCONNECTORRES,2,"2025/05/29 10:25:00",1,VIC1-NSW1,125,-227.87,-232,-5.31,"2025/05/29 10:20:03"
I,TRADING,PRICE,3,SETTLEMENTDATE,RUNNO,REGIONID,PERIODID,RRP,EEP,INVALIDFLAG,LASTCHANGED,ROP,RAISE6SECRRP,RAISE6SECROP,RAISE60SECRRP,RAISE60SECROP,RAISE5MINRRP,RAISE5MINROP,RAISEREGRRP,RAISEREGROP,LOWER6SECRRP,LOWER6SECROP,LOWER60SECRRP,LOWER60SECROP,LOWER5MINRRP,LOWER5MINROP,LOWERREGRRP,LOWERREGROP,RAISE1SECRRP,RAISE1SECROP,LOWER1SECRRP,LOWER1SECROP,PRICE_STATUS
D,TRADING,PRICE,3,"2025/05/29 10:25:00",1,SA1,125,110.35,0,0,"2025/05/29 10:20:03",110.35,0.37,0.37,0.1,0.1,0.15,0.15,9.89,9.89,0,0,0.1,0.1,0.1,0.1,8.5,8.5,0.81,0.81,0,0,FIRM
D,TRADING,PRICE,3,"2025/05/29 10:25:00",1,NSW1,125,109.5,0,0,"2025/05/29 10:20:03",109.5,0.37,0.37,0.1,0.1,0.15,0.15,9.89,9.89,0,0,0.1,0.1,0.1,0.1,8.5,8.5,0.81,0.81,0,0,FIRM
D,TRADING,PRICE,3,"2025/05/29 10:25:00",1,QLD1,125,99.92,0,0,"2025/05/29 10:20:03",99.92,0.37,0.37,0.1,0.1,0.15,0.15,9.89,9.89,1.83,1.83,1.83,1.83,0.1,0.1,8.5,8.5,0.81,0.81,0,0,FIRM
D,TRADING,PRICE,3,"2025/05/29 10:25:00",1,TAS1,125,150.07,0,0,"2025/05/29 10:20:03",150.07,0.38,0.38,0.38,0.38,0.36,0.36,6.54,6.54,0,0,0.1,0.1,0,0,2.46,2.46,0.81,0.81,0,0,FIRM
D,TRADING,PRICE,3,"2025/05/29 10:25:00",1,VIC1,125,109,0,0,"2025/05/29 10:20:03",109,0.37,0.37,0.1,0.1,0.15,0.15,9.89,9.89,0,0,0.1,0.1,0.1,0.1,8.5,8.5,0.81,0.81,0,0,FIRM
C,"END OF REPORT",15
