C,NEMP.WORLD,TRADINGIS,AEMO,PUBLIC,2025/05/27,21:25:11,0000000465153500,TRADINGIS,0000000465153499
I,TRADING,INTERCONNECTORRES,2,SETTLEMENTDATE,RUNNO,INTERCONNECTORID,PERIODID,METEREDMWFLOW,MWFLOW,MWLOSSES,LASTCHANGED
D,TRADING,INTERCONNECTORRES,2,"2025/05/27 21:30:00",1,N-Q-MNSP1,258,0.6,0,0,"2025/05/27 21:25:03"
D,TRADING,INTERCONNECTORRES,2,"2025/05/27 21:30:00",1,NSW1-QLD1,258,-102.4,-88.9,-2.93,"2025/05/27 21:25:03"
D,TRADING,INTERCONNECTORRES,2,"2025/05/27 21:30:00",1,T-V-MNSP1,258,-476.8,-478,25.62,"2025/05/27 21:25:03"
D,TRADING,INTERCONNECTORRES,2,"2025/05/27 21:30:00",1,V-S-MNSP1,258,90,99,4.53,"2025/05/27 21:25:03"
D,TRADING,INTERCONNECTORRES,2,"2025/05/27 21:30:00",1,V-SA,258,536.38,573.77,43.94,"2025/05/27 21:25:03"
D,TRADING,INTERCONNECTORRES,2,"2025/05/27 21:30:00",1,VIC1-NSW1,258,-135.58,-149.24,0.4,"2025/05/27 21:25:03"
I,TRADING,PRICE,3,SETTLEMENTDATE,RUNNO,REGIONID,PERIODID,RRP,EEP,INVALIDFLAG,LASTCHANGED,ROP,RAISE6SECRRP,RAISE6SECROP,RAISE60SECRRP,RAISE60SECROP,RAISE5MINRRP,RAISE5MINROP,RAISEREGRRP,RAISEREGROP,LOWER6SECRRP,LOWER6SECROP,LOWER60SECRRP,LOWER60SECROP,LOWER5MINRRP,LOWER5MINROP,LOWERREGRRP,LOWERREGROP,RAISE1SECRRP,RAISE1SECROP,LOWER1SECRRP,LOWER1SECROP,PRICE_STATUS
D,TRADING,PRICE,3,"2025/05/27 21:30:00",1,SA1,258,91.44,0,0,"2025/05/27 21:25:03",91.44,0.23,0.23,0.1,0.1,0.15,0.15,19.92,19.92,0.01,0.01,0.38,0.38,0,0,0,0,0.36,0.36,0,0,FIRM
D,TRADING,PRICE,3,"2025/05/27 21:30:00",1,NSW1,258,76.58,0,0,"2025/05/27 21:25:03",76.58,0.23,0.23,0.1,0.1,0.15,0.15,19.92,19.92,0.01,0.01,0.38,0.38,0,0,0,0,0.36,0.36,0,0,FIRM
D,TRADING,PRICE,3,"2025/05/27 21:30:00",1,QLD1,258,78.32,0,0,"2025/05/27 21:25:03",78.32,0.23,0.23,0.1,0.1,0.15,0.15,19.92,19.92,0.01,0.01,0.38,0.38,0,0,0,0,0.36,0.36,0,0,FIRM
D,TRADING,PRICE,3,"2025/05/27 21:30:00",1,TAS1,258,100.02,0,0,"2025/05/27 21:25:03",100.02,0.38,0.38,0.38,0.38,0.38,0.38,7.4,7.4,0.01,0.01,0.38,0.38,0,0,3.48,3.48,0.36,0.36,0,0,FIRM
D,TRADING,PRICE,3,"2025/05/27 21:30:00",1,VIC1,258,77.88,0,0,"2025/05/27 21:25:03",77.88,0.23,0.23,0.1,0.1,0.15,0.15,19.92,19.92,0.01,0.01,0.38,0.38,0,0,0,0,0.36,0.36,0,0,FIRM
C,"END OF REPORT",15
