C,NEMP.WORLD,TRADINGIS,AEMO,PUBLIC,2025/05/26,18:45:11,0000000464986408,TRADINGIS,0000000464986407
I,TRADING,INTERCONNECTORRES,2,SETTLEMENTDATE,RUNNO,INTERCONNECTORID,PERIODID,METEREDMWFLOW,MWFLOW,MWLOSSES,LASTCHANGED
D,TRADING,INTERCONNECTORRES,2,"2025/05/26 18:50:00",1,N-Q-MNSP1,226,9.1,9,0.6,"2025/05/26 18:45:03"
D,TRADING,INTERCONNECTORRES,2,"2025/05/26 18:50:00",1,NSW1-QLD1,226,139.4,189.51,16.25,"2025/05/26 18:45:03"
D,TRADING,INTERCONNECTORRES,2,"2025/05/26 18:50:00",1,T-V-MNSP1,226,-460.3,-459.07,23.71,"2025/05/26 18:45:03"
D,TRADING,INTERCONNECTORRES,2,"2025/05/26 18:50:00",1,V-S-MNSP1,226,133,124.57,9.55,"2025/05/26 18:45:03"
D,TRADING,INTERCONNECTORRES,2,"2025/05/26 18:50:00",1,V-SA,226,175.78,61.6,2.21,"2025/05/26 18:45:03"
D,TRADING,INTERCONNECTORRES,2,"2025/05/26 18:50:00",1,VIC1-NSW1,226,-19.87,64.23,-0.31,"2025/05/26 18:45:03"
I,TRADING,PRICE,3,SETTLEMENTDATE,RUNNO,REGIONID,PERIODID,RRP,EEP,INVALIDFLAG,LASTCHANGED,ROP,RAISE6SECRRP,RAISE6SECROP,RAISE60SECRRP,RAISE60SECROP,RAISE5MINRRP,RAISE5MINROP,RAISEREGRRP,RAISEREGROP,LOWER6SECRRP,LOWER6SECROP,LOWER60SECRRP,LOWER60SECROP,LOWER5MINRRP,LOWER5MINROP,LOWERREGRRP,LOWERREGROP,RAISE1SECRRP,RAISE1SECROP,LOWER1SECRRP,LOWER1SECROP,PRICE_STATUS
D,TRADING,PRICE,3,"2025/05/26 18:50:00",1,SA1,226,0,0,0,"2025/05/26 18:45:03",0,0.38,0.38,0.38,0.38,0.38,0.38,0.38,0.38,0.14,0.14,0.39,0.39,0.38,0.38,3.49,3.49,0.86,0.86,0,0,FIRM
D,TRADING,PRICE,3,"2025/05/26 18:50:00",1,NSW1,226,88.07,0,0,"2025/05/26 18:45:03",88.07,0.38,0.38,0.38,0.38,0.38,0.38,0.38,0.38,0.14,0.14,0.39,0.39,0.38,0.38,3.49,3.49,0.86,0.86,0,0,FIRM
D,TRADING,PRICE,3,"2025/05/26 18:50:00",1,QLD1,226,97.73,0,0,"2025/05/26 18:45:03",97.73,0.38,0.38,0.38,0.38,0.38,0.38,0.38,0.38,0.14,0.14,0.39,0.39,0.38,0.38,3.49,3.49,0.86,0.86,0,0,FIRM
D,TRADING,PRICE,3,"2025/05/26 18:50:00",1,TAS1,226,55.24,0,0,"2025/05/26 18:45:03",55.24,0.38,0.38,0.38,0.38,0.38,0.38,8.8,8.8,0.14,0.14,0.38,0.38,0,0,2.55,2.55,0.86,0.86,0,0,FIRM
D,TRADING,PRICE,3,"2025/05/26 18:50:00",1,VIC1,226,4.91,0,0,"2025/05/26 18:45:03",4.91,0.38,0.38,0.38,0.38,0.38,0.38,0.38,0.38,0.14,0.14,0.39,0.39,0.38,0.38,3.49,3.49,0.86,0.86,0,0,FIRM
C,"END OF REPORT",15
