C,NEMP.WORLD,TRADINGIS,AEMO,PUBLIC,2025/05/29,03:30:11,0000000465332744,TRADINGIS,0000000465332743
I,TRADING,INTERCONNECTORRES,2,SETTLEMENTDATE,RUNNO,INTERCONNECTORID,PERIODID,METEREDMWFLOW,MWFLOW,MWLOSSES,LASTCHANGED
D,TRADING,INTERCONNECTORRES,2,"2025/05/29 03:35:00",1,N-Q-MNSP1,43,-15.9,-17,0.07,"2025/05/29 03:30:04"
D,TRADING,INTERCONNECTORRES,2,"2025/05/29 03:35:00",1,NSW1-QLD1,43,-371.8,-388.43,14.47,"2025/05/29 03:30:04"
D,TRADING,INTERCONNECTORRES,2,"2025/05/29 03:35:00",1,T-V-MNSP1,43,-432.8,-438,21.66,"2025/05/29 03:30:04"
D,TRADING,INTERCONNECTORRES,2,"2025/05/29 03:35:00",1,V-S-MNSP1,43,72,70.03,0.77,"2025/05/29 03:30:04"
D,TRADING,INTERCONNECTORRES,2,"2025/05/29 03:35:00",1,V-SA,43,361.42,340,17.43,"2025/05/29 03:30:04"
D,TRADING,INTERCONNECTORRES,2,"2025/05/29 03:35:00",1,VIC1-NSW1,43,436.91,393.53,24.57,"2025/05/29 03:30:04"
I,TRADING,PRICE,3,SETTLEMENTDATE,RUNNO,REGIONID,PERIODID,RRP,EEP,INVALIDFLAG,LASTCHANGED,ROP,RAISE6SECRRP,RAISE6SECROP,RAISE60SECRRP,RAISE60SECROP,RAISE5MINRRP,RAISE5MINROP,RAISEREGRRP,RAISEREGROP,LOWER6SECRRP,LOWER6SECROP,LOWER60SECRRP,LOWER60SECROP,LOWER5MINRRP,LOWER5MINROP,LOWERREGRRP,LOWERREGROP,RAISE1SECRRP,RAISE1SECROP,LOWER1SECRRP,LOWER1SECROP,PRICE_STATUS
D,TRADING,PRICE,3,"2025/05/29 03:35:00",1,SA1,43,70.44,0,0,"2025/05/29 03:30:04",70.44,0.37,0.37,0.1,0.1,0.1,0.1,1,1,0.38,0.38,0.39,0.39,0.3,0.3,0.93,0.93,0.38,0.38,0,0,FIRM
D,TRADING,PRICE,3,"2025/05/29 03:35:00",1,NSW1,43,71.15,0,0,"2025/05/29 03:30:04",71.15,0.37,0.37,0.1,0.1,0.1,0.1,1,1,0.38,0.38,0.39,0.39,0.3,0.3,0.93,0.93,0.38,0.38,0,0,FIRM
D,TRADING,PRICE,3,"2025/05/29 03:35:00",1,QLD1,43,66.33,0,0,"2025/05/29 03:30:04",66.33,0.37,0.37,0.1,0.1,0.1,0.1,1,1,0.38,0.38,0.39,0.39,0.3,0.3,0.93,0.93,0.38,0.38,0,0,FIRM
D,TRADING,PRICE,3,"2025/05/29 03:35:00",1,TAS1,43,100.24,0,0,"2025/05/29 03:30:04",100.24,0.38,0.38,0.38,0.38,0.38,0.38,8.4,8.4,0.38,0.38,0.38,0.38,0,0,2.48,2.48,0.38,0.38,0,0,FIRM
D,TRADING,PRICE,3,"2025/05/29 03:35:00",1,VIC1,43,64.53,0,0,"2025/05/29 03:30:04",64.53,0.37,0.37,0.1,0.1,0.1,0.1,1,1,0.38,0.38,0.39,0.39,0.3,0.3,0.93,0.93,0.38,0.38,0,0,FIRM
C,"END OF REPORT",15
