C,NEMP.WORLD,TRADINGIS,AEMO,PUBLIC,2025/05/26,20:20:20,0000000464996276,TRADINGIS,0000000464996275
I,TRADING,INTERCONNECTORRES,2,SETTLEMENTDATE,RUNNO,INTERCONNECTORID,PERIODID,METEREDMWFLOW,MWFLOW,MWLOSSES,LASTCHANGED
D,TRADING,INTERCONNECTORRES,2,"2025/05/26 20:25:00",1,N-Q-MNSP1,245,9.5,9,0.6,"2025/05/26 20:20:08"
D,TRADING,INTERCONNECTORRES,2,"2025/05/26 20:25:00",1,NSW1-QLD1,245,228.3,218.82,15.42,"2025/05/26 20:20:08"
D,TRADING,INTERCONNECTORRES,2,"2025/05/26 20:25:00",1,T-V-MNSP1,245,-461.5,-454.72,23.27,"2025/05/26 20:20:08"
D,TRADING,INTERCONNECTORRES,2,"2025/05/26 20:25:00",1,V-S-MNSP1,245,176,176.96,24.74,"2025/05/26 20:20:08"
D,TRADING,INTERCONNECTORRES,2,"2025/05/26 20:25:00",1,V-SA,245,160.19,147.14,6.05,"2025/05/26 20:20:08"
D,TRADING,INTERCONNECTORRES,2,"2025/05/26 20:25:00",1,VIC1-NSW1,245,1043.1,1040.14,85.81,"2025/05/26 20:20:08"
I,TRADING,PRICE,3,SETTLEMENTDATE,RUNNO,REGIONID,PERIODID,RRP,EEP,INVALIDFLAG,LASTCHANGED,ROP,RAISE6SECRRP,RAISE6SECROP,RAISE60SECRRP,RAISE60SECROP,RAISE5MINRRP,RAISE5MINROP,RAISEREGRRP,RAISEREGROP,LOWER6SECRRP,LOWER6SECROP,LOWER60SECRRP,LOWER60SECROP,LOWER5MINRRP,LOWER5MINROP,LOWERREGRRP,LOWERREGROP,RAISE1SECRRP,RAISE1SECROP,LOWER1SECRRP,LOWER1SECROP,PRICE_STATUS
D,TRADING,PRICE,3,"2025/05/26 20:25:00",1,SA1,245,-75.09,0,0,"2025/05/26 20:20:08",-75.09,0.38,0.38,0.38,0.38,0.38,0.38,3,3,0.1,0.1,0.38,0.38,0.1,0.1,1.49,1.49,0.36,0.36,0,0,FIRM
D,TRADING,PRICE,3,"2025/05/26 20:25:00",1,NSW1,245,64.24,0,0,"2025/05/26 20:20:08",64.24,0.38,0.38,0.38,0.38,0.38,0.38,3,3,0.1,0.1,0.38,0.38,0.1,0.1,1.49,1.49,0.36,0.36,0,0,FIRM
D,TRADING,PRICE,3,"2025/05/26 20:25:00",1,QLD1,245,70.05,0,0,"2025/05/26 20:20:08",70.05,0.38,0.38,0.38,0.38,0.38,0.38,3,3,0.1,0.1,0.38,0.38,0.1,0.1,1.49,1.49,0.36,0.36,0,0,FIRM
D,TRADING,PRICE,3,"2025/05/26 20:25:00",1,TAS1,245,35.24,0,0,"2025/05/26 20:20:08",35.24,0.38,0.38,0.38,0.38,0.38,0.38,8.8,8.8,0.1,0.1,0.38,0.38,0,0,2.55,2.55,0.36,0.36,0,0,FIRM
D,TRADING,PRICE,3,"2025/05/26 20:25:00",1,VIC1,245,20.01,0,0,"2025/05/26 20:20:08",20.01,0.38,0.38,0.38,0.38,0.38,0.38,3,3,0.1,0.1,0.38,0.38,0.1,0.1,1.49,1.49,0.36,0.36,0,0,FIRM
C,"END OF REPORT",15
