C,NEMP.WORLD,TRADINGIS,AEMO,PUBLIC,2025/05/28,22:25:12,0000000465304022,TRADINGIS,0000000465304021
I,TRADING,INTERCONNECTORRES,2,SETTLEMENTDATE,RUNNO,INTERCONNECTORID,PERIODID,METEREDMWFLOW,MWFLOW,MWLOSSES,LASTCHANGED
D,TRADING,INTERCONNECTORRES,2,"2025/05/28 22:30:00",1,N-Q-MNSP1,270,-24.7,-17,0.07,"2025/05/28 22:25:03"
D,TRADING,INTERCONNECTORRES,2,"2025/05/28 22:30:00",1,NSW1-QLD1,270,-525.1,-571.99,11.69,"2025/05/28 22:25:03"
D,TRADING,INTERCONNECTORRES,2,"2025/05/28 22:30:00",1,T-V-MNSP1,270,-441.3,-438,21.66,"2025/05/28 22:25:03"
D,TRADING,INTERCONNECTORRES,2,"2025/05/28 22:30:00",1,V-S-MNSP1,270,54,54,-0.46,"2025/05/28 22:25:03"
D,TRADING,INTERCONNECTORRES,2,"2025/05/28 22:30:00",1,V-SA,270,196.9,183.4,5.02,"2025/05/28 22:25:03"
D,TRADING,INTERCONNECTORRES,2,"2025/05/28 22:30:00",1,VIC1-NSW1,270,154.26,118.55,3.56,"2025/05/28 22:25:03"
I,TRADING,PRICE,3,SETTLEMENTDATE,RUNNO,REGIONID,PERIODID,RRP,EEP,INVALIDFLAG,LASTCHANGED,ROP,RAISE6SECRRP,RAISE6SECROP,RAISE60SECRRP,RAISE60SECROP,RAISE5MINRRP,RAISE5MINROP,RAISEREGRRP,RAISEREGROP,LOWER6SECRRP,LOWER6SECROP,LOWER60SECRRP,LOWER60SECROP,LOWER5MINRRP,LOWER5MINROP,LOWERREGRRP,LOWERREGROP,RAISE1SECRRP,RAISE1SECROP,LOWER1SECRRP,LOWER1SECROP,PRICE_STATUS
D,TRADING,PRICE,3,"2025/05/28 22:30:00",1,SA1,270,114.24,0,0,"2025/05/28 22:25:03",114.24,0.37,0.37,0.1,0.1,0.1,0.1,9.89,9.89,0.1,0.1,0.38,0.38,0.1,0.1,6,6,0.38,0.38,0,0,FIRM
D,TRADING,PRICE,3,"2025/05/28 22:30:00",1,NSW1,270,113.45,0,0,"2025/05/28 22:25:03",113.45,0.37,0.37,0.1,0.1,0.1,0.1,9.89,9.89,0.1,0.1,0.38,0.38,0.1,0.1,6,6,0.38,0.38,0,0,FIRM
D,TRADING,PRICE,3,"2025/05/28 22:30:00",1,QLD1,270,105.42,0,0,"2025/05/28 22:25:03",105.42,0.37,0.37,0.1,0.1,0.1,0.1,9.89,9.89,0.1,0.1,0.38,0.38,0.1,0.1,6,6,0.38,0.38,0,0,FIRM
D,TRADING,PRICE,3,"2025/05/28 22:30:00",1,TAS1,270,150.24,0,0,"2025/05/28 22:25:03",150.24,0.38,0.38,0.38,0.38,0.36,0.36,8.4,8.4,0.1,0.1,0.38,0.38,0,0,2.48,2.48,0.38,0.38,0,0,FIRM
D,TRADING,PRICE,3,"2025/05/28 22:30:00",1,VIC1,270,109,0,0,"2025/05/28 22:25:03",109,0.37,0.37,0.1,0.1,0.1,0.1,9.89,9.89,0.1,0.1,0.38,0.38,0.1,0.1,6,6,0.38,0.38,0,0,FIRM
C,"END OF REPORT",15
