C,NEMP.WORLD,TRADINGIS,AEMO,PUBLIC,2025/05/29,07:45:10,0000000465356861,TRADINGIS,0000000465356860
I,TRADING,INTERCONNECTORRES,2,SETTLEMENTDATE,RUNNO,INTERCONNECTORID,PERIODID,METEREDMWFLOW,MWFLOW,MWLOSSES,LASTCHANGED
D,TRADING,INTERCONNECTORRES,2,"2025/05/29 07:50:00",1,N-Q-MNSP1,94,-17.6,-17,0.07,"2025/05/29 07:45:03"
D,TRADING,INTERCONNECTORRES,2,"2025/05/29 07:50:00",1,NSW1-QLD1,94,-533.2,-576.56,6.2,"2025/05/29 07:45:03"
D,TRADING,INTERCONNECTORRES,2,"2025/05/29 07:50:00",1,T-V-MNSP1,94,-235,-35,0.27,"2025/05/29 07:45:03"
D,TRADING,INTERCONNECTORRES,2,"2025/05/29 07:50:00",1,V-S-MNSP1,94,10,27,-1.11,"2025/05/29 07:45:03"
D,TRADING,INTERCONNECTORRES,2,"2025/05/29 07:50:00",1,V-SA,94,-194.02,-17.95,0.11,"2025/05/29 07:45:03"
D,TRADING,INTERCONNECTORRES,2,"2025/05/29 07:50:00",1,VIC1-NSW1,94,25.52,102.45,2.64,"2025/05/29 07:45:03"
I,TRADING,PRICE,3,SETTLEMENTDATE,RUNNO,REGIONID,PERIODID,RRP,EEP,INVALIDFLAG,LASTCHANGED,ROP,RAISE6SECRRP,RAISE6SECROP,RAISE60SECRRP,RAISE60SECROP,RAISE5MINRRP,RAISE5MINROP,RAISEREGRRP,RAISEREGROP,LOWER6SECRRP,LOWER6SECROP,LOWER60SECRRP,LOWER60SECROP,LOWER5MINRRP,LOWER5MINROP,LOWERREGRRP,LOWERREGROP,RAISE1SECRRP,RAISE1SECROP,LOWER1SECRRP,LOWER1SECROP,PRICE_STATUS
D,TRADING,PRICE,3,"2025/05/29 07:50:00",1,SA1,94,166.29,0,0,"2025/05/29 07:45:03",166.29,0.39,0.39,0.38,0.38,0.38,0.38,4.15,4.15,0,0,0.01,0.01,0.1,0.1,3.65,3.65,0.38,0.38,0,0,FIRM
D,TRADING,PRICE,3,"2025/05/29 07:50:00",1,NSW1,94,174.36,0,0,"2025/05/29 07:45:03",174.36,0.39,0.39,0.38,0.38,0.38,0.38,4.15,4.15,0,0,0.01,0.01,0.1,0.1,3.65,3.65,0.38,0.38,0,0,FIRM
D,TRADING,PRICE,3,"2025/05/29 07:50:00",1,QLD1,94,162.95,0,0,"2025/05/29 07:45:03",162.95,0.39,0.39,0.38,0.38,0.38,0.38,4.15,4.15,0.38,0.38,0.38,0.38,0.1,0.1,3.65,3.65,0.38,0.38,0,0,FIRM
D,TRADING,PRICE,3,"2025/05/29 07:50:00",1,TAS1,94,160.24,0,0,"2025/05/29 07:45:03",160.24,1.75,1.75,0.38,0.38,0,0,5.54,5.54,0.39,0.39,0.38,0.38,0.38,0.38,2.46,2.46,0,0,0,0,FIRM
D,TRADING,PRICE,3,"2025/05/29 07:50:00",1,VIC1,94,167.97,0,0,"2025/05/29 07:45:03",167.97,0.39,0.39,0.38,0.38,0.38,0.38,4.15,4.15,0,0,0.01,0.01,0.1,0.1,3.65,3.65,0.38,0.38,0,0,FIRM
C,"END OF REPORT",15
