C,NEMP.WORLD,TRADINGIS,AEMO,PUBLIC,2025/05/29,20:05:11,0000000465434218,TRADINGIS,0000000465434217
I,TRADING,INTERCONNECTORRES,2,SETTLEMENTDATE,RUNNO,INTERCONNECTORID,PERIODID,METEREDMWFLOW,MWFLOW,MWLOSSES,LASTCHANGED
D,TRADING,INTERCONNECTORRES,2,"2025/05/29 20:10:00",1,N-Q-MNSP1,242,-8.7,-9,-0.16,"2025/05/29 20:05:04"
D,TRADING,INTERCONNECTORRES,2,"2025/05/29 20:10:00",1,NSW1-QLD1,242,-355,-399.18,-7.57,"2025/05/29 20:05:04"
D,TRADING,INTERCONNECTORRES,2,"2025/05/29 20:10:00",1,T-V-MNSP1,242,65.3,77.44,0.32,"2025/05/29 20:05:04"
D,TRADING,INTERCONNECTORRES,2,"2025/05/29 20:10:00",1,V-S-MNSP1,242,36,36,-1.09,"2025/05/29 20:05:04"
D,TRADING,INTERCONNECTORRES,2,"2025/05/29 20:10:00",1,V-SA,242,2.07,30.63,0.3,"2025/05/29 20:05:04"
D,TRADING,INTERCONNECTORRES,2,"2025/05/29 20:10:00",1,VIC1-NSW1,242,197.54,80.35,0.98,"2025/05/29 20:05:04"
I,TRADING,PRICE,3,SETTLEMENTDATE,RUNNO,REGIONID,PERIODID,RRP,EEP,INVALIDFLAG,LASTCHANGED,ROP,RAISE6SECRRP,RAISE6SECROP,RAISE60SECRRP,RAISE60SECROP,RAISE5MINRRP,RAISE5MINROP,RAISEREGRRP,RAISEREGROP,LOWER6SECRRP,LOWER6SECROP,LOWER60SECRRP,LOWER60SECROP,LOWER5MINRRP,LOWER5MINROP,LOWERREGRRP,LOWERREGROP,RAISE1SECRRP,RAISE1SECROP,LOWER1SECRRP,LOWER1SECROP,PRICE_STATUS
D,TRADING,PRICE,3,"2025/05/29 20:10:00",1,SA1,242,129.99,0,0,"2025/05/29 20:05:04",129.99,0.37,0.37,0.1,0.1,0.15,0.15,11.05,11.05,0.1,0.1,0.38,0.38,0.1,0.1,0.1,0.1,0.04,0.04,0,0,FIRM
D,TRADING,PRICE,3,"2025/05/29 20:10:00",1,NSW1,242,165.76,0,0,"2025/05/29 20:05:04",165.76,0.37,0.37,0.1,0.1,0.15,0.15,11.05,11.05,0.1,0.1,0.38,0.38,0.1,0.1,0.1,0.1,0.04,0.04,0,0,FIRM
D,TRADING,PRICE,3,"2025/05/29 20:10:00",1,QLD1,242,162.73,0,0,"2025/05/29 20:05:04",162.73,0.37,0.37,0.1,0.1,0.15,0.15,11.05,11.05,0.1,0.1,0.38,0.38,0.1,0.1,0.1,0.1,0.04,0.04,0,0,FIRM
D,TRADING,PRICE,3,"2025/05/29 20:10:00",1,TAS1,242,124.81,0,0,"2025/05/29 20:05:04",124.81,0.38,0.38,0.38,0.38,0.36,0.36,5.54,5.54,0.1,0.1,0.38,0.38,0,0,2.46,2.46,0.04,0.04,0,0,FIRM
D,TRADING,PRICE,3,"2025/05/29 20:10:00",1,VIC1,242,128.45,0,0,"2025/05/29 20:05:04",128.45,0.37,0.37,0.1,0.1,0.15,0.15,11.05,11.05,0.1,0.1,0.38,0.38,0.1,0.1,0.1,0.1,0.04,0.04,0,0,FIRM
C,"END OF REPORT",15
