C,NEMP.WORLD,TRADINGIS,AEMO,PUBLIC,2025/05/29,12:25:11,0000000465385534,TRADINGIS,0000000465385533
I,TRADING,INTERCONNECTORRES,2,SETTLEMENTDATE,RUNNO,INTERCONNECTORID,PERIODID,METEREDMWFLOW,MWFLOW,MWLOSSES,LASTCHANGED
D,TRADING,INTERCONNECTORRES,2,"2025/05/29 12:30:00",1,N-Q-MNSP1,150,-28.5,-17,0.07,"2025/05/29 12:25:04"
D,TRADING,INTERCONNECTORRES,2,"2025/05/29 12:30:00",1,NSW1-QLD1,150,-441.7,-403.73,14.19,"2025/05/29 12:25:04"
D,TRADING,INTERCONNECTORRES,2,"2025/05/29 12:30:00",1,T-V-MNSP1,150,-448.1,-462.88,24.09,"2025/05/29 12:25:04"
D,TRADING,INTERCONNECTORRES,2,"2025/05/29 12:30:00",1,V-S-MNSP1,150,9,9,-0.56,"2025/05/29 12:25:04"
D,TRADING,INTERCONNECTORRES,2,"2025/05/29 12:30:00",1,V-SA,150,-72.06,-79.42,3.44,"2025/05/29 12:25:04"
D,TRADING,INTERCONNECTORRES,2,"2025/05/29 12:30:00",1,VIC1-NSW1,150,104.13,94.53,7.88,"2025/05/29 12:25:04"
I,TRADING,PRICE,3,SETTLEMENTDATE,RUNNO,REGIONID,PERIODID,RRP,EEP,INVALIDFLAG,LASTCHANGED,ROP,RAISE6SECRRP,RAISE6SECROP,RAISE60SECRRP,RAISE60SECROP,RAISE5MINRRP,RAISE5MINROP,RAISEREGRRP,RAISEREGROP,LOWER6SECRRP,LOWER6SECROP,LOWER60SECRRP,LOWER60SECROP,LOWER5MINRRP,LOWER5MINROP,LOWERREGRRP,LOWERREGROP,RAISE1SECRRP,RAISE1SECROP,LOWER1SECRRP,LOWER1SECROP,PRICE_STATUS
D,TRADING,PRICE,3,"2025/05/29 12:30:00",1,SA1,150,56.47,0,0,"2025/05/29 12:25:04",56.47,0.1,0.1,0.04,0.04,0.1,0.1,5.99,5.99,0.38,0.38,1.29,1.29,0.38,0.38,1,1,0.3,0.3,0,0,FIRM
D,TRADING,PRICE,3,"2025/05/29 12:30:00",1,NSW1,150,65.01,0,0,"2025/05/29 12:25:04",65.01,0.1,0.1,0.04,0.04,0.1,0.1,5.99,5.99,0.38,0.38,1.29,1.29,0.38,0.38,1,1,0.3,0.3,0,0,FIRM
D,TRADING,PRICE,3,"2025/05/29 12:30:00",1,QLD1,150,50.75,0,0,"2025/05/29 12:25:04",50.75,0.1,0.1,0.04,0.04,0.1,0.1,5.99,5.99,6.01,6.01,5.62,5.62,0.38,0.38,1,1,0.3,0.3,0,0,FIRM
D,TRADING,PRICE,3,"2025/05/29 12:30:00",1,TAS1,150,103,0,0,"2025/05/29 12:25:04",103,0.38,0.38,0.38,0.38,0.38,0.38,8.54,8.54,0.38,0.38,0.38,0.38,0,0,2.46,2.46,0.3,0.3,0,0,FIRM
D,TRADING,PRICE,3,"2025/05/29 12:30:00",1,VIC1,150,59.49,0,0,"2025/05/29 12:25:04",59.49,0.1,0.1,0.04,0.04,0.1,0.1,5.99,5.99,0.38,0.38,1.29,1.29,0.38,0.38,1,1,0.3,0.3,0,0,FIRM
C,"END OF REPORT",15
