C,NEMP.WORLD,TRADINGIS,AEMO,PUBLIC,2025/05/27,00:35:15,0000000465022004,TRADINGIS,0000000465022003
I,TRADING,INTERCONNECTORRES,2,SETTLEMENTDATE,RUNNO,INTERCONNECTORID,PERIODID,METEREDMWFLOW,MWFLOW,MWLOSSES,LASTCHANGED
D,TRADING,INTERCONNECTORRES,2,"2025/05/27 00:40:00",1,N-Q-MNSP1,8,6.3,9,0.6,"2025/05/27 00:35:08"
D,TRADING,INTERCONNECTORRES,2,"2025/05/27 00:40:00",1,NSW1-QLD1,8,432.7,476.31,24.38,"2025/05/27 00:35:08"
D,TRADING,INTERCONNECTORRES,2,"2025/05/27 00:40:00",1,T-V-MNSP1,8,-437.7,-445.25,22.35,"2025/05/27 00:35:08"
D,TRADING,INTERCONNECTORRES,2,"2025/05/27 00:40:00",1,V-S-MNSP1,8,-144,-143.22,35.27,"2025/05/27 00:35:08"
D,TRADING,INTERCONNECTORRES,2,"2025/05/27 00:40:00",1,V-SA,8,-270.59,-293.82,3.1,"2025/05/27 00:35:08"
D,TRADING,INTERCONNECTORRES,2,"2025/05/27 00:40:00",1,VIC1-NSW1,8,1081.86,1061.95,108.36,"2025/05/27 00:35:08"
I,TRADING,PRICE,3,SETTLEMENTDATE,RUNNO,REGIONID,PERIODID,RRP,EEP,INVALIDFLAG,LASTCHANGED,ROP,RAISE6SECRRP,RAISE6SECROP,RAISE60SECRRP,RAISE60SECROP,RAISE5MINRRP,RAISE5MINROP,RAISEREGRRP,RAISEREGROP,LOWER6SECRRP,LOWER6SECROP,LOWER60SECRRP,LOWER60SECROP,LOWER5MINRRP,LOWER5MINROP,LOWERREGRRP,LOWERREGROP,RAISE1SECRRP,RAISE1SECROP,LOWER1SECRRP,LOWER1SECROP,PRICE_STATUS
D,TRADING,PRICE,3,"2025/05/27 00:40:00",1,SA1,8,-10.62,0,0,"2025/05/27 00:35:08",-10.62,0.01,0.01,0.01,0.01,0.04,0.04,9.24,9.24,0.38,0.38,0.38,0.38,0.1,0.1,3.59,3.59,0.1,0.1,0,0,FIRM
D,TRADING,PRICE,3,"2025/05/27 00:40:00",1,NSW1,8,40.96,0,0,"2025/05/27 00:35:08",40.96,0.01,0.01,0.01,0.01,0.04,0.04,9.24,9.24,0.38,0.38,0.38,0.38,0.1,0.1,3.59,3.59,0.1,0.1,0,0,FIRM
D,TRADING,PRICE,3,"2025/05/27 00:40:00",1,QLD1,8,44.94,0,0,"2025/05/27 00:35:08",44.94,0.01,0.01,0.01,0.01,0.04,0.04,9.24,9.24,0.38,0.38,0.38,0.38,0.1,0.1,3.59,3.59,0.1,0.1,0,0,FIRM
D,TRADING,PRICE,3,"2025/05/27 00:40:00",1,TAS1,8,34.28,0,0,"2025/05/27 00:35:08",34.28,0.38,0.38,0.38,0.38,0.04,0.04,8.8,8.8,0.38,0.38,0.38,0.38,0,0,2.55,2.55,0.1,0.1,0,0,FIRM
D,TRADING,PRICE,3,"2025/05/27 00:40:00",1,VIC1,8,-11.11,0,0,"2025/05/27 00:35:08",-11.11,0.01,0.01,0.01,0.01,0.04,0.04,9.24,9.24,0.38,0.38,0.38,0.38,0.1,0.1,3.59,3.59,0.1,0.1,0,0,FIRM
C,"END OF REPORT",15
