C,NEMP.WORLD,TRADINGIS,AEMO,PUBLIC,2025/05/28,05:50:11,0000000465202790,TRADINGIS,0000000465202789
I,TRADING,INTERCONNECTORRES,2,SETTLEMENTDATE,RUNNO,INTERCONNECTORID,PERIODID,METEREDMWFLOW,MWFLOW,MWLOSSES,LASTCHANGED
D,TRADING,INTERCONNECTORRES,2,"2025/05/28 05:55:00",1,N-Q-MNSP1,71,-1.2,9,0.6,"2025/05/28 05:50:03"
D,TRADING,INTERCONNECTORRES,2,"2025/05/28 05:55:00",1,NSW1-QLD1,71,228.3,298.16,12.77,"2025/05/28 05:50:03"
D,TRADING,INTERCONNECTORRES,2,"2025/05/28 05:55:00",1,T-V-MNSP1,71,-343.7,-404.24,18.57,"2025/05/28 05:50:03"
D,TRADING,INTERCONNECTORRES,2,"2025/05/28 05:55:00",1,V-S-MNSP1,71,173,175.25,24.14,"2025/05/28 05:50:03"
D,TRADING,INTERCONNECTORRES,2,"2025/05/28 05:55:00",1,V-SA,71,602.48,568.91,41.89,"2025/05/28 05:50:03"
D,TRADING,INTERCONNECTORRES,2,"2025/05/28 05:55:00",1,VIC1-NSW1,71,824.16,774.68,70.39,"2025/05/28 05:50:03"
I,TRADING,PRICE,3,SETTLEMENTDATE,RUNNO,REGIONID,PERIODID,RRP,EEP,INVALIDFLAG,LASTCHANGED,ROP,RAISE6SECRRP,RAISE6SECROP,RAISE60SECRRP,RAISE60SECROP,RAISE5MINRRP,RAISE5MINROP,RAISEREGRRP,RAISEREGROP,LOWER6SECRRP,LOWER6SECROP,LOWER60SECRRP,LOWER60SECROP,LOWER5MINRRP,LOWER5MINROP,LOWERREGRRP,LOWERREGROP,RAISE1SECRRP,RAISE1SECROP,LOWER1SECRRP,LOWER1SECROP,PRICE_STATUS
D,TRADING,PRICE,3,"2025/05/28 05:55:00",1,SA1,71,83.44,0,0,"2025/05/28 05:50:03",83.44,0.39,0.39,0.38,0.38,0.38,0.38,5,5,0.39,0.39,0.39,0.39,0.39,0.39,1,1,0.86,0.86,0,0,FIRM
D,TRADING,PRICE,3,"2025/05/28 05:55:00",1,NSW1,71,76.8,0,0,"2025/05/28 05:50:03",76.8,0.39,0.39,0.38,0.38,0.38,0.38,5,5,0.39,0.39,0.39,0.39,0.39,0.39,1,1,0.86,0.86,0,0,FIRM
D,TRADING,PRICE,3,"2025/05/28 05:55:00",1,QLD1,71,82.4,0,0,"2025/05/28 05:50:03",82.4,0.39,0.39,0.38,0.38,0.38,0.38,5,5,0.39,0.39,0.39,0.39,0.39,0.39,1,1,0.86,0.86,0,0,FIRM
D,TRADING,PRICE,3,"2025/05/28 05:55:00",1,TAS1,71,35.09,0,0,"2025/05/28 05:50:03",35.09,0.39,0.39,0.38,0.38,0.38,0.38,7.4,7.4,0.39,0.39,0.38,0.38,0.38,0.38,2.49,2.49,0.86,0.86,0,0,FIRM
D,TRADING,PRICE,3,"2025/05/28 05:55:00",1,VIC1,71,32.69,0,0,"2025/05/28 05:50:03",32.69,0.39,0.39,0.38,0.38,0.38,0.38,5,5,0.39,0.39,0.39,0.39,0.39,0.39,1,1,0.86,0.86,0,0,FIRM
C,"END OF REPORT",15
