C,NEMP.WORLD,TRADINGIS,AEMO,PUBLIC,2025/05/27,20:25:10,0000000465147805,TRADINGIS,0000000465147804
I,TRADING,INTERCONNECTORRES,2,SETTLEMENTDATE,RUNNO,INTERCONNECTORID,PERIODID,METEREDMWFLOW,MWFLOW,MWLOSSES,LASTCHANGED
D,TRADING,INTERCONNECTORRES,2,"2025/05/27 20:30:00",1,N-Q-MNSP1,246,-7.6,-9,-0.16,"2025/05/27 20:25:03"
D,TRADING,INTERCONNECTORRES,2,"2025/05/27 20:30:00",1,NSW1-QLD1,246,-293.7,-344.34,-8.31,"2025/05/27 20:25:03"
D,TRADING,INTERCONNECTORRES,2,"2025/05/27 20:30:00",1,T-V-MNSP1,246,-220.3,-214.17,5.61,"2025/05/27 20:25:03"
D,TRADING,INTERCONNECTORRES,2,"2025/05/27 20:30:00",1,V-S-MNSP1,246,72,72,0.95,"2025/05/27 20:25:03"
D,TRADING,INTERCONNECTORRES,2,"2025/05/27 20:30:00",1,V-SA,246,377.71,436.55,24.79,"2025/05/27 20:25:03"
D,TRADING,INTERCONNECTORRES,2,"2025/05/27 20:30:00",1,VIC1-NSW1,246,-165.34,-215.7,2.43,"2025/05/27 20:25:03"
I,TRADING,PRICE,3,SETTLEMENTDATE,RUNNO,REGIONID,PERIODID,RRP,EEP,INVALIDFLAG,LASTCHANGED,ROP,RAISE6SECRRP,RAISE6SECROP,RAISE60SECRRP,RAISE60SECROP,RAISE5MINRRP,RAISE5MINROP,RAISEREGRRP,RAISEREGROP,LOWER6SECRRP,LOWER6SECROP,LOWER60SECRRP,LOWER60SECROP,LOWER5MINRRP,LOWER5MINROP,LOWERREGRRP,LOWERREGROP,RAISE1SECRRP,RAISE1SECROP,LOWER1SECRRP,LOWER1SECROP,PRICE_STATUS
D,TRADING,PRICE,3,"2025/05/27 20:30:00",1,SA1,246,108.59,0,0,"2025/05/27 20:25:03",108.59,0.37,0.37,0.1,0.1,0.1,0.1,5,5,0.01,0.01,0.38,0.38,0.01,0.01,3.99,3.99,0.04,0.04,0,0,FIRM
D,TRADING,PRICE,3,"2025/05/27 20:30:00",1,NSW1,246,95.16,0,0,"2025/05/27 20:25:03",95.16,0.37,0.37,0.1,0.1,0.1,0.1,5,5,0.01,0.01,0.38,0.38,0.01,0.01,3.99,3.99,0.04,0.04,0,0,FIRM
D,TRADING,PRICE,3,"2025/05/27 20:30:00",1,QLD1,246,94.59,0,0,"2025/05/27 20:25:03",94.59,0.37,0.37,0.1,0.1,0.1,0.1,5,5,0.01,0.01,0.38,0.38,0.01,0.01,3.99,3.99,0.04,0.04,0,0,FIRM
D,TRADING,PRICE,3,"2025/05/27 20:30:00",1,TAS1,246,101.04,0,0,"2025/05/27 20:25:03",101.04,0.37,0.37,0.36,0.36,0.1,0.1,7.4,7.4,0.01,0.01,0.38,0.38,0.01,0.01,2.48,2.48,0.04,0.04,0,0,FIRM
D,TRADING,PRICE,3,"2025/05/27 20:30:00",1,VIC1,246,97.82,0,0,"2025/05/27 20:25:03",97.82,0.37,0.37,0.1,0.1,0.1,0.1,5,5,0.01,0.01,0.38,0.38,0.01,0.01,3.99,3.99,0.04,0.04,0,0,FIRM
C,"END OF REPORT",15
