C,NEMP.WORLD,TRADINGIS,AEMO,PUBLIC,2025/05/26,17:10:13,0000000464976061,TRADINGIS,0000000464976060
I,TRADING,INTERCONNECTORRES,2,SETTLEMENTDATE,RUNNO,INTERCONNECTORID,PERIODID,METEREDMWFLOW,MWFLOW,MWLOSSES,LASTCHANGED
D,TRADING,INTERCONNECTORRES,2,"2025/05/26 17:15:00",1,N-Q-MNSP1,207,-10.3,0,0,"2025/05/26 17:10:05"
D,TRADING,INTERCONNECTORRES,2,"2025/05/26 17:15:00",1,NSW1-QLD1,207,-223.2,-227.99,-10.35,"2025/05/26 17:10:05"
D,TRADING,INTERCONNECTORRES,2,"2025/05/26 17:15:00",1,T-V-MNSP1,207,-416.3,-444.39,22.27,"2025/05/26 17:10:05"
D,TRADING,INTERCONNECTORRES,2,"2025/05/26 17:15:00",1,V-S-MNSP1,207,151,140.68,13.52,"2025/05/26 17:10:05"
D,TRADING,INTERCONNECTORRES,2,"2025/05/26 17:15:00",1,V-SA,207,249.8,205.43,8.33,"2025/05/26 17:10:05"
D,TRADING,INTERCONNECTORRES,2,"2025/05/26 17:15:00",1,VIC1-NSW1,207,-1001.51,-1153.82,105.51,"2025/05/26 17:10:05"
I,TRADING,PRICE,3,SETTLEMENTDATE,RUNNO,REGIONID,PERIODID,RRP,EEP,INVALIDFLAG,LASTCHANGED,ROP,RAISE6SECRRP,RAISE6SECROP,RAISE60SECRRP,RAISE60SECROP,RAISE5MINRRP,RAISE5MINROP,RAISEREGRRP,RAISEREGROP,LOWER6SECRRP,LOWER6SECROP,LOWER60SECRRP,LOWER60SECROP,LOWER5MINRRP,LOWER5MINROP,LOWERREGRRP,LOWERREGROP,RAISE1SECRRP,RAISE1SECROP,LOWER1SECRRP,LOWER1SECROP,PRICE_STATUS
D,TRADING,PRICE,3,"2025/05/26 17:15:00",1,SA1,207,-21.34,0,0,"2025/05/26 17:10:05",-21.34,0.38,0.38,0.24,0.24,0.32,0.32,5.99,5.99,0.1,0.1,0.38,0.38,0.38,0.38,1,1,0.81,0.81,0,0,FIRM
D,TRADING,PRICE,3,"2025/05/26 17:15:00",1,NSW1,207,179.9,0,0,"2025/05/26 17:10:05",179.9,0.38,0.38,0.24,0.24,0.32,0.32,5.99,5.99,0.1,0.1,0.38,0.38,0.38,0.38,1,1,0.81,0.81,0,0,FIRM
D,TRADING,PRICE,3,"2025/05/26 17:15:00",1,QLD1,207,184.1,0,0,"2025/05/26 17:10:05",184.1,0.38,0.38,0.24,0.24,0.32,0.32,5.99,5.99,0.1,0.1,0.38,0.38,0.38,0.38,1,1,0.81,0.81,0,0,FIRM
D,TRADING,PRICE,3,"2025/05/26 17:15:00",1,TAS1,207,100.24,0,0,"2025/05/26 17:10:05",100.24,0.38,0.38,0.38,0.38,0.32,0.32,8.8,8.8,0.1,0.1,0.38,0.38,0,0,2.55,2.55,0.81,0.81,0,0,FIRM
D,TRADING,PRICE,3,"2025/05/26 17:15:00",1,VIC1,207,-20,0,0,"2025/05/26 17:10:05",-20,0.38,0.38,0.24,0.24,0.32,0.32,5.99,5.99,0.1,0.1,0.38,0.38,0.38,0.38,1,1,0.81,0.81,0,0,FIRM
C,"END OF REPORT",15
