C,NEMP.WORLD,TRADINGIS,AEMO,PUBLIC,2025/05/29,06:05:10,0000000465348104,TRADINGIS,0000000465348103
I,TRADING,INTERCONNECTORRES,2,SETTLEMENTDATE,RUNNO,INTERCONNECTORID,PERIODID,METEREDMWFLOW,MWFLOW,MWLOSSES,LASTCHANGED
D,TRADING,INTERCONNECTORRES,2,"2025/05/29 06:10:00",1,N-Q-MNSP1,74,-18.5,-17,0.07,"2025/05/29 06:05:03"
D,TRADING,INTERCONNECTORRES,2,"2025/05/29 06:10:00",1,NSW1-QLD1,74,-374.2,-432.71,7.11,"2025/05/29 06:05:03"
D,TRADING,INTERCONNECTORRES,2,"2025/05/29 06:10:00",1,T-V-MNSP1,74,-421.2,-438,21.66,"2025/05/29 06:05:03"
D,TRADING,INTERCONNECTORRES,2,"2025/05/29 06:10:00",1,V-S-MNSP1,74,36,36,-1.09,"2025/05/29 06:05:03"
D,TRADING,INTERCONNECTORRES,2,"2025/05/29 06:10:00",1,V-SA,74,49.94,84.31,0.76,"2025/05/29 06:05:03"
D,TRADING,INTERCONNECTORRES,2,"2025/05/29 06:10:00",1,VIC1-NSW1,74,205.17,79.45,3.02,"2025/05/29 06:05:03"
I,TRADING,PRICE,3,SETTLEMENTDATE,RUNNO,REGIONID,PERIODID,RRP,EEP,INVALIDFLAG,LASTCHANGED,ROP,RAISE6SECRRP,RAISE6SECROP,RAISE60SECRRP,RAISE60SECROP,RAISE5MINRRP,RAISE5MINROP,RAISEREGRRP,RAISEREGROP,LOWER6SECRRP,LOWER6SECROP,LOWER60SECRRP,LOWER60SECROP,LOWER5MINRRP,LOWER5MINROP,LOWERREGRRP,LOWERREGROP,RAISE1SECRRP,RAISE1SECROP,LOWER1SECRRP,LOWER1SECROP,PRICE_STATUS
D,TRADING,PRICE,3,"2025/05/29 06:10:00",1,SA1,74,89.3,0,0,"2025/05/29 06:05:03",89.3,0.37,0.37,0.1,0.1,0.15,0.15,7.86,7.86,0.14,0.14,0.38,0.38,0.15,0.15,1.49,1.49,0.38,0.38,0,0,FIRM
D,TRADING,PRICE,3,"2025/05/29 06:10:00",1,NSW1,74,91.71,0,0,"2025/05/29 06:05:03",91.71,0.37,0.37,0.1,0.1,0.15,0.15,7.86,7.86,0.14,0.14,0.38,0.38,0.15,0.15,1.49,1.49,0.38,0.38,0,0,FIRM
D,TRADING,PRICE,3,"2025/05/29 06:10:00",1,QLD1,74,86.6,0,0,"2025/05/29 06:05:03",86.6,0.37,0.37,0.1,0.1,0.15,0.15,7.86,7.86,0.14,0.14,0.38,0.38,0.15,0.15,1.49,1.49,0.38,0.38,0,0,FIRM
D,TRADING,PRICE,3,"2025/05/29 06:10:00",1,TAS1,74,101.09,0,0,"2025/05/29 06:05:03",101.09,0.38,0.38,0.38,0.38,0.38,0.38,6.54,6.54,0.14,0.14,0.38,0.38,0,0,2.46,2.46,0.38,0.38,0,0,FIRM
D,TRADING,PRICE,3,"2025/05/29 06:10:00",1,VIC1,74,87.81,0,0,"2025/05/29 06:05:03",87.81,0.37,0.37,0.1,0.1,0.15,0.15,7.86,7.86,0.14,0.14,0.38,0.38,0.15,0.15,1.49,1.49,0.38,0.38,0,0,FIRM
C,"END OF REPORT",15
