C,NEMP.WORLD,TRADINGIS,AEMO,PUBLIC,2025/05/29,04:15:10,0000000465337783,TRADINGIS,0000000465337782
I,TRADING,INTERCONNECTORRES,2,SETTLEMENTDATE,RUNNO,INTERCONNECTORID,PERIODID,METEREDMWFLOW,MWFLOW,MWLOSSES,LASTCHANGED
D,TRADING,INTERCONNECTORRES,2,"2025/05/29 04:20:00",1,N-Q-MNSP1,52,-17.4,-17,0.07,"2025/05/29 04:15:03"
D,TRADING,INTERCONNECTORRES,2,"2025/05/29 04:20:00",1,NSW1-QLD1,52,-247.1,-289,7.42,"2025/05/29 04:15:03"
D,TRADING,INTERCONNECTORRES,2,"2025/05/29 04:20:00",1,T-V-MNSP1,52,-426.1,-438,21.66,"2025/05/29 04:15:03"
D,TRADING,INTERCONNECTORRES,2,"2025/05/29 04:20:00",1,V-S-MNSP1,52,63,63,0.15,"2025/05/29 04:15:03"
D,TRADING,INTERCONNECTORRES,2,"2025/05/29 04:20:00",1,V-SA,52,309.29,330.58,16.23,"2025/05/29 04:15:03"
D,TRADING,INTERCONNECTORRES,2,"2025/05/29 04:20:00",1,VIC1-NSW1,52,599.74,557.44,42.88,"2025/05/29 04:15:03"
I,TRADING,PRICE,3,SETTLEMENTDATE,RUNNO,REGIONID,PERIODID,RRP,EEP,INVALIDFLAG,LASTCHANGED,ROP,RAISE6SECRRP,RAISE6SECROP,RAISE60SECRRP,RAISE60SECROP,RAISE5MINRRP,RAISE5MINROP,RAISEREGRRP,RAISEREGROP,LOWER6SECRRP,LOWER6SECROP,LOWER60SECRRP,LOWER60SECROP,LOWER5MINRRP,LOWER5MINROP,LOWERREGRRP,LOWERREGROP,RAISE1SECRRP,RAISE1SECROP,LOWER1SECRRP,LOWER1SECROP,PRICE_STATUS
D,TRADING,PRICE,3,"2025/05/29 04:20:00",1,SA1,52,74.04,0,0,"2025/05/29 04:15:03",74.04,0.23,0.23,0.1,0.1,0.01,0.01,0.01,0.01,0.38,0.38,0.39,0.39,0.1,0.1,0.1,0.1,0.37,0.37,0,0,FIRM
D,TRADING,PRICE,3,"2025/05/29 04:20:00",1,NSW1,52,76.8,0,0,"2025/05/29 04:15:03",76.8,0.23,0.23,0.1,0.1,0.01,0.01,0.01,0.01,0.38,0.38,0.39,0.39,0.1,0.1,0.1,0.1,0.37,0.37,0,0,FIRM
D,TRADING,PRICE,3,"2025/05/29 04:20:00",1,QLD1,52,72.75,0,0,"2025/05/29 04:15:03",72.75,0.23,0.23,0.1,0.1,0.01,0.01,0.01,0.01,0.38,0.38,0.39,0.39,0.1,0.1,0.1,0.1,0.37,0.37,0,0,FIRM
D,TRADING,PRICE,3,"2025/05/29 04:20:00",1,TAS1,52,100.24,0,0,"2025/05/29 04:15:03",100.24,0.38,0.38,0.38,0.38,0.38,0.38,7.54,7.54,0.38,0.38,0.38,0.38,0,0,2.46,2.46,0.37,0.37,0,0,FIRM
D,TRADING,PRICE,3,"2025/05/29 04:20:00",1,VIC1,52,67.93,0,0,"2025/05/29 04:15:03",67.93,0.23,0.23,0.1,0.1,0.01,0.01,0.01,0.01,0.38,0.38,0.39,0.39,0.1,0.1,0.1,0.1,0.37,0.37,0,0,FIRM
C,"END OF REPORT",15
