C,NEMP.WORLD,TRADINGIS,AEMO,PUBLIC,2025/05/27,15:15:12,0000000465114654,TRADINGIS,0000000465114653
I,TRADING,INTERCONNECTORRES,2,SETTLEMENTDATE,RUNNO,INTERCONNECTORID,PERIODID,METEREDMWFLOW,MWFLOW,MWLOSSES,LASTCHANGED
D,TRADING,INTERCONNECTORRES,2,"2025/05/27 15:20:00",1,N-Q-MNSP1,184,-3.5,0,0,"2025/05/27 15:15:04"
D,TRADING,INTERCONNECTORRES,2,"2025/05/27 15:20:00",1,NSW1-QLD1,184,104.5,-59.82,-1.51,"2025/05/27 15:15:04"
D,TRADING,INTERCONNECTORRES,2,"2025/05/27 15:20:00",1,T-V-MNSP1,184,-429.7,-478,25.62,"2025/05/27 15:15:04"
D,TRADING,INTERCONNECTORRES,2,"2025/05/27 15:20:00",1,V-S-MNSP1,184,152,152.06,16.69,"2025/05/27 15:15:04"
D,TRADING,INTERCONNECTORRES,2,"2025/05/27 15:20:00",1,V-SA,184,-33.31,-23.74,0.69,"2025/05/27 15:15:04"
D,TRADING,INTERCONNECTORRES,2,"2025/05/27 15:20:00",1,VIC1-NSW1,184,440.77,308.54,22.99,"2025/05/27 15:15:04"
I,TRADING,PRICE,3,SETTLEMENTDATE,RUNNO,REGIONID,PERIODID,RRP,EEP,INVALIDFLAG,LASTCHANGED,ROP,RAISE6SECRRP,RAISE6SECROP,RAISE60SECRRP,RAISE60SECROP,RAISE5MINRRP,RAISE5MINROP,RAISEREGRRP,RAISEREGROP,LOWER6SECRRP,LOWER6SECROP,LOWER60SECRRP,LOWER60SECROP,LOWER5MINRRP,LOWER5MINROP,LOWERREGRRP,LOWERREGROP,RAISE1SECRRP,RAISE1SECROP,LOWER1SECRRP,LOWER1SECROP,PRICE_STATUS
D,TRADING,PRICE,3,"2025/05/27 15:20:00",1,SA1,184,-82.57,0,0,"2025/05/27 15:15:04",-82.57,0.1,0.1,0.1,0.1,0.1,0.1,9.24,9.24,0.39,0.39,0.86,0.86,0.2,0.2,0.2,0.2,0.37,0.37,0,0,FIRM
D,TRADING,PRICE,3,"2025/05/27 15:20:00",1,NSW1,184,36.5,0,0,"2025/05/27 15:15:04",36.5,0.1,0.1,0.1,0.1,0.1,0.1,9.24,9.24,0.39,0.39,0.86,0.86,0.2,0.2,0.2,0.2,0.37,0.37,0,0,FIRM
D,TRADING,PRICE,3,"2025/05/27 15:20:00",1,QLD1,184,162.95,0,0,"2025/05/27 15:15:04",162.95,0.1,0.1,0.1,0.1,0.1,0.1,9.24,9.24,0.39,0.39,0.86,0.86,0.2,0.2,0.2,0.2,0.37,0.37,0,0,FIRM
D,TRADING,PRICE,3,"2025/05/27 15:20:00",1,TAS1,184,75.24,0,0,"2025/05/27 15:15:04",75.24,0.38,0.38,0.38,0.38,0.36,0.36,7.4,7.4,0.38,0.38,0.38,0.38,0,0,2.48,2.48,0.37,0.37,0,0,FIRM
D,TRADING,PRICE,3,"2025/05/27 15:20:00",1,VIC1,184,8.95,0,0,"2025/05/27 15:15:04",8.95,0.1,0.1,0.1,0.1,0.1,0.1,9.24,9.24,0.39,0.39,0.86,0.86,0.2,0.2,0.2,0.2,0.37,0.37,0,0,FIRM
C,"END OF REPORT",15
