C,NEMP.WORLD,TRADINGIS,AEMO,PUBLIC,2025/05/28,13:25:14,0000000465249519,TRADINGIS,0000000465249518
I,TRADING,INTERCONNECTORRES,2,SETTLEMENTDATE,RUNNO,INTERCONNECTORID,PERIODID,METEREDMWFLOW,MWFLOW,MWLOSSES,LASTCHANGED
D,TRADING,INTERCONNECTORRES,2,"2025/05/28 13:30:00",1,N-Q-MNSP1,162,96.4,96.52,29.68,"2025/05/28 13:25:07"
D,TRADING,INTERCONNECTORRES,2,"2025/05/28 13:30:00",1,NSW1-QLD1,162,-316.6,-341.09,15.73,"2025/05/28 13:25:07"
D,TRADING,INTERCONNECTORRES,2,"2025/05/28 13:30:00",1,T-V-MNSP1,162,-429.1,-421.13,20.09,"2025/05/28 13:25:07"
D,TRADING,INTERCONNECTORRES,2,"2025/05/28 13:30:00",1,V-S-MNSP1,162,148,148.89,15.79,"2025/05/28 13:25:07"
D,TRADING,INTERCONNECTORRES,2,"2025/05/28 13:30:00",1,V-SA,162,498.73,529.92,22.59,"2025/05/28 13:25:07"
D,TRADING,INTERCONNECTORRES,2,"2025/05/28 13:30:00",1,VIC1-NSW1,162,-344.13,-318.54,-7.5,"2025/05/28 13:25:07"
I,TRADING,PRICE,3,SETTLEMENTDATE,RUNNO,REGIONID,PERIODID,RRP,EEP,INVALIDFLAG,LASTCHANGED,ROP,RAISE6SECRRP,RAISE6SECROP,RAISE60SECRRP,RAISE60SECROP,RAISE5MINRRP,RAISE5MINROP,RAISEREGRRP,RAISEREGROP,LOWER6SECRRP,LOWER6SECROP,LOWER60SECRRP,LOWER60SECROP,LOWER5MINRRP,LOWER5MINROP,LOWERREGRRP,LOWERREGROP,RAISE1SECRRP,RAISE1SECROP,LOWER1SECRRP,LOWER1SECROP,PRICE_STATUS
D,TRADING,PRICE,3,"2025/05/28 13:30:00",1,SA1,162,70.44,0,0,"2025/05/28 13:25:07",70.44,0.1,0.1,0.1,0.1,0.1,0.1,5.99,5.99,0.01,0.01,0.39,0.39,0.1,0.1,0.1,0.1,0.01,0.01,0,0,FIRM
D,TRADING,PRICE,3,"2025/05/28 13:30:00",1,NSW1,162,-8.69,0,0,"2025/05/28 13:25:07",-8.69,0.1,0.1,0.1,0.1,0.1,0.1,5.99,5.99,0.01,0.01,0.39,0.39,0.1,0.1,0.1,0.1,0.01,0.01,0,0,FIRM
D,TRADING,PRICE,3,"2025/05/28 13:30:00",1,QLD1,162,-23,0,0,"2025/05/28 13:25:07",-23,0.1,0.1,0.1,0.1,0.1,0.1,5.99,5.99,7.89,7.89,7.89,7.89,0.1,0.1,0.1,0.1,0.01,0.01,0,0,FIRM
D,TRADING,PRICE,3,"2025/05/28 13:30:00",1,TAS1,162,35.08,0,0,"2025/05/28 13:25:07",35.08,0.38,0.38,0.38,0.38,0.1,0.1,6.4,6.4,0.01,0.01,0.39,0.39,0.1,0.1,2.52,2.52,0.01,0.01,0,0,FIRM
D,TRADING,PRICE,3,"2025/05/28 13:30:00",1,VIC1,162,8.95,0,0,"2025/05/28 13:25:07",8.95,0.1,0.1,0.1,0.1,0.1,0.1,5.99,5.99,0.01,0.01,0.39,0.39,0.1,0.1,0.1,0.1,0.01,0.01,0,0,FIRM
C,"END OF REPORT",15
