C,NEMP.WORLD,TRADINGIS,AEMO,PUBLIC,2025/05/29,00:35:10,0000000465316244,TRADINGIS,0000000465316243
I,TRADING,INTERCONNECTORRES,2,SETTLEMENTDATE,RUNNO,INTERCONNECTORID,PERIODID,METEREDMWFLOW,MWFLOW,MWLOSSES,LASTCHANGED
D,TRADING,INTERCONNECTORRES,2,"2025/05/29 00:40:00",1,N-Q-MNSP1,8,-19.6,-17,0.07,"2025/05/29 00:35:03"
D,TRADING,INTERCONNECTORRES,2,"2025/05/29 00:40:00",1,NSW1-QLD1,8,-332,-337.66,7.52,"2025/05/29 00:35:03"
D,TRADING,INTERCONNECTORRES,2,"2025/05/29 00:40:00",1,T-V-MNSP1,8,-423.6,-436.5,21.52,"2025/05/29 00:35:03"
D,TRADING,INTERCONNECTORRES,2,"2025/05/29 00:40:00",1,V-S-MNSP1,8,72,72,0.95,"2025/05/29 00:35:03"
D,TRADING,INTERCONNECTORRES,2,"2025/05/29 00:40:00",1,V-SA,8,397.85,395.75,23.11,"2025/05/29 00:35:03"
D,TRADING,INTERCONNECTORRES,2,"2025/05/29 00:40:00",1,VIC1-NSW1,8,208.94,219.01,8.71,"2025/05/29 00:35:03"
I,TRADING,PRICE,3,SETTLEMENTDATE,RUNNO,REGIONID,PERIODID,RRP,EEP,INVALIDFLAG,LASTCHANGED,ROP,RAISE6SECRRP,RAISE6SECROP,RAISE60SECRRP,RAISE60SECROP,RAISE5MINRRP,RAISE5MINROP,RAISEREGRRP,RAISEREGROP,LOWER6SECRRP,LOWER6SECROP,LOWER60SECRRP,LOWER60SECROP,LOWER5MINRRP,LOWER5MINROP,LOWERREGRRP,LOWERREGROP,RAISE1SECRRP,RAISE1SECROP,LOWER1SECRRP,LOWER1SECROP,PRICE_STATUS
D,TRADING,PRICE,3,"2025/05/29 00:40:00",1,SA1,8,80.38,0,0,"2025/05/29 00:35:03",80.38,0.1,0.1,0.04,0.04,0.04,0.04,1,1,0.39,0.39,1,1,0.1,0.1,1,1,0.36,0.36,0,0,FIRM
D,TRADING,PRICE,3,"2025/05/29 00:40:00",1,NSW1,8,76.8,0,0,"2025/05/29 00:35:03",76.8,0.1,0.1,0.04,0.04,0.04,0.04,1,1,0.39,0.39,1,1,0.1,0.1,1,1,0.36,0.36,0,0,FIRM
D,TRADING,PRICE,3,"2025/05/29 00:40:00",1,QLD1,8,72.81,0,0,"2025/05/29 00:35:03",72.81,0.1,0.1,0.04,0.04,0.04,0.04,1,1,0.39,0.39,1,1,0.1,0.1,1,1,0.36,0.36,0,0,FIRM
D,TRADING,PRICE,3,"2025/05/29 00:40:00",1,TAS1,8,80.78,0,0,"2025/05/29 00:35:03",80.78,0.38,0.38,0.38,0.38,0.38,0.38,8.4,8.4,0.38,0.38,0.38,0.38,0,0,2.48,2.48,0.36,0.36,0,0,FIRM
D,TRADING,PRICE,3,"2025/05/29 00:40:00",1,VIC1,8,72.52,0,0,"2025/05/29 00:35:03",72.52,0.1,0.1,0.04,0.04,0.04,0.04,1,1,0.39,0.39,1,1,0.1,0.1,1,1,0.36,0.36,0,0,FIRM
C,"END OF REPORT",15
