C,NEMP.WORLD,TRADINGIS,AEMO,PUBLIC,2025/05/30,11:20:11,0000000465521087,TRADINGIS,0000000465521086
I,TRADING,INTERCONNECTORRES,2,SETTLEMENTDATE,RUNNO,INTERCONNECTORID,PERIODID,METEREDMWFLOW,MWFLOW,MWLOSSES,LASTCHANGED
D,TRADING,INTERCONNECTORRES,2,"2025/05/30 11:25:00",1,N-Q-MNSP1,137,14.1,9,0.6,"2025/05/30 11:20:04"
D,TRADING,INTERCONNECTORRES,2,"2025/05/30 11:25:00",1,NSW1-QLD1,137,392.5,416.32,26.42,"2025/05/30 11:20:04"
D,TRADING,INTERCONNECTORRES,2,"2025/05/30 11:25:00",1,T-V-MNSP1,137,-457.8,-475.26,25.34,"2025/05/30 11:20:04"
D,TRADING,INTERCONNECTORRES,2,"2025/05/30 11:25:00",1,V-S-MNSP1,137,0,0,0,"2025/05/30 11:20:04"
D,TRADING,INTERCONNECTORRES,2,"2025/05/30 11:25:00",1,V-SA,137,-173.19,-191,10.75,"2025/05/30 11:20:04"
D,TRADING,INTERCONNECTORRES,2,"2025/05/30 11:25:00",1,VIC1-NSW1,137,-561.85,-588.74,-8.31,"2025/05/30 11:20:04"
I,TRADING,PRICE,3,SETTLEMENTDATE,RUNNO,REGIONID,PERIODID,RRP,EEP,INVALIDFLAG,LASTCHANGED,ROP,RAISE6SECRRP,RAISE6SECROP,RAISE60SECRRP,RAISE60SECROP,RAISE5MINRRP,RAISE5MINROP,RAISEREGRRP,RAISEREGROP,LOWER6SECRRP,LOWER6SECROP,LOWER60SECRRP,LOWER60SECROP,LOWER5MINRRP,LOWER5MINROP,LOWERREGRRP,LOWERREGROP,RAISE1SECRRP,RAISE1SECROP,LOWER1SECRRP,LOWER1SECROP,PRICE_STATUS
D,TRADING,PRICE,3,"2025/05/30 11:25:00",1,SA1,137,84.58,0,0,"2025/05/30 11:20:04",84.58,0.37,0.37,0.1,0.1,0.1,0.1,7.85,7.85,0.39,0.39,1.44,1.44,0.85,0.85,3.7,3.7,0.38,0.38,0,0,FIRM
D,TRADING,PRICE,3,"2025/05/30 11:25:00",1,NSW1,137,87.78,0,0,"2025/05/30 11:20:04",87.78,0.37,0.37,0.1,0.1,0.1,0.1,7.85,7.85,0.39,0.39,1.44,1.44,0.85,0.85,3.7,3.7,0.38,0.38,0,0,FIRM
D,TRADING,PRICE,3,"2025/05/30 11:25:00",1,QLD1,137,96.83,0,0,"2025/05/30 11:20:04",96.83,0.37,0.37,0.1,0.1,0.1,0.1,7.85,7.85,0.39,0.39,1.44,1.44,0.85,0.85,3.7,3.7,0.38,0.38,0,0,FIRM
D,TRADING,PRICE,3,"2025/05/30 11:25:00",1,TAS1,137,120.08,0,0,"2025/05/30 11:20:04",120.08,0.38,0.38,0.38,0.38,0.36,0.36,6.24,6.24,0.38,0.38,0.38,0.38,0,0,2.48,2.48,0.38,0.38,0,0,FIRM
D,TRADING,PRICE,3,"2025/05/30 11:25:00",1,VIC1,137,91.66,0,0,"2025/05/30 11:20:04",91.66,0.37,0.37,0.1,0.1,0.1,0.1,7.85,7.85,0.39,0.39,1.44,1.44,0.85,0.85,3.7,3.7,0.38,0.38,0,0,FIRM
C,"END OF REPORT",15
