C,NEMP.WORLD,TRADINGIS,AEMO,PUBLIC,2025/05/28,06:10:10,0000000465204986,TRADINGIS,0000000465204985
I,TRADING,INTERCONNECTORRES,2,SETTLEMENTDATE,RUNNO,INTERCONNECTORID,PERIODID,METEREDMWFLOW,MWFLOW,MWLOSSES,LASTCHANGED
D,TRADING,INTERCONNECTORRES,2,"2025/05/28 06:15:00",1,N-Q-MNSP1,75,5.2,9,0.6,"2025/05/28 06:10:03"
D,TRADING,INTERCONNECTORRES,2,"2025/05/28 06:15:00",1,NSW1-QLD1,75,347.4,277.81,14.24,"2025/05/28 06:10:03"
D,TRADING,INTERCONNECTORRES,2,"2025/05/28 06:15:00",1,T-V-MNSP1,75,-326,-360.04,14.89,"2025/05/28 06:10:03"
D,TRADING,INTERCONNECTORRES,2,"2025/05/28 06:15:00",1,V-S-MNSP1,75,162,140.09,13.37,"2025/05/28 06:10:03"
D,TRADING,INTERCONNECTORRES,2,"2025/05/28 06:15:00",1,V-SA,75,526.6,570.44,39.28,"2025/05/28 06:10:03"
D,TRADING,INTERCONNECTORRES,2,"2025/05/28 06:15:00",1,VIC1-NSW1,75,752.81,648.81,52.66,"2025/05/28 06:10:03"
I,TRADING,PRICE,3,SETTLEMENTDATE,RUNNO,REGIONID,PERIODID,RRP,EEP,INVALIDFLAG,LASTCHANGED,ROP,RAISE6SECRRP,RAISE6SECROP,RAISE60SECRRP,RAISE60SECROP,RAISE5MINRRP,RAISE5MINROP,RAISEREGRRP,RAISEREGROP,LOWER6SECRRP,LOWER6SECROP,LOWER60SECRRP,LOWER60SECROP,LOWER5MINRRP,LOWER5MINROP,LOWERREGRRP,LOWERREGROP,RAISE1SECRRP,RAISE1SECROP,LOWER1SECRRP,LOWER1SECROP,PRICE_STATUS
D,TRADING,PRICE,3,"2025/05/28 06:15:00",1,SA1,75,71.8,0,0,"2025/05/28 06:10:03",71.8,0.38,0.38,0.38,0.38,0.38,0.38,10.98,10.98,0.39,0.39,0.45,0.45,0.38,0.38,1.49,1.49,0.94,0.94,0,0,FIRM
D,TRADING,PRICE,3,"2025/05/28 06:15:00",1,NSW1,75,76.8,0,0,"2025/05/28 06:10:03",76.8,0.38,0.38,0.38,0.38,0.38,0.38,10.98,10.98,0.39,0.39,0.45,0.45,0.38,0.38,1.49,1.49,0.94,0.94,0,0,FIRM
D,TRADING,PRICE,3,"2025/05/28 06:15:00",1,QLD1,75,82.73,0,0,"2025/05/28 06:10:03",82.73,0.38,0.38,0.38,0.38,0.38,0.38,10.98,10.98,0.39,0.39,0.45,0.45,0.38,0.38,1.49,1.49,0.94,0.94,0,0,FIRM
D,TRADING,PRICE,3,"2025/05/28 06:15:00",1,TAS1,75,59.42,0,0,"2025/05/28 06:10:03",59.42,0.38,0.38,0.38,0.38,0.38,0.38,8.4,8.4,0.39,0.39,0.38,0.38,0.38,0.38,2.49,2.49,0.94,0.94,0,0,FIRM
D,TRADING,PRICE,3,"2025/05/28 06:15:00",1,VIC1,75,55.87,0,0,"2025/05/28 06:10:03",55.87,0.38,0.38,0.38,0.38,0.38,0.38,10.98,10.98,0.39,0.39,0.45,0.45,0.38,0.38,1.49,1.49,0.94,0.94,0,0,FIRM
C,"END OF REPORT",15
