C,NEMP.WORLD,TRADINGIS,AEMO,PUBLIC,2025/05/29,07:20:11,0000000465354632,TRADINGIS,0000000465354631
I,TRADING,INTERCONNECTORRES,2,SETTLEMENTDATE,RUNNO,INTERCONNECTORID,PERIODID,METEREDMWFLOW,MWFLOW,MWLOSSES,LASTCHANGED
D,TRADING,INTERCONNECTORRES,2,"2025/05/29 07:25:00",1,N-Q-MNSP1,89,-17.1,-17,0.07,"2025/05/29 07:20:04"
D,TRADING,INTERCONNECTORRES,2,"2025/05/29 07:25:00",1,NSW1-QLD1,89,-489.3,-507.19,1.65,"2025/05/29 07:20:04"
D,TRADING,INTERCONNECTORRES,2,"2025/05/29 07:25:00",1,T-V-MNSP1,89,-225.2,-91.95,1.24,"2025/05/29 07:20:04"
D,TRADING,INTERCONNECTORRES,2,"2025/05/29 07:25:00",1,V-S-MNSP1,89,27,27,-1.11,"2025/05/29 07:20:04"
D,TRADING,INTERCONNECTORRES,2,"2025/05/29 07:25:00",1,V-SA,89,-56.77,-29.52,0.23,"2025/05/29 07:20:04"
D,TRADING,INTERCONNECTORRES,2,"2025/05/29 07:25:00",1,VIC1-NSW1,89,175.98,189.12,6.96,"2025/05/29 07:20:04"
I,TRADING,PRICE,3,SETTLEMENTDATE,RUNNO,REGIONID,PERIODID,RRP,EEP,INVALIDFLAG,LASTCHANGED,ROP,RAISE6SECRRP,RAISE6SECROP,RAISE60SECRRP,RAISE60SECROP,RAISE5MINRRP,RAISE5MINROP,RAISEREGRRP,RAISEREGROP,LOWER6SECRRP,LOWER6SECROP,LOWER60SECRRP,LOWER60SECROP,LOWER5MINRRP,LOWER5MINROP,LOWERREGRRP,LOWERREGROP,RAISE1SECRRP,RAISE1SECROP,LOWER1SECRRP,LOWER1SECROP,PRICE_STATUS
D,TRADING,PRICE,3,"2025/05/29 07:25:00",1,SA1,89,161.35,0,0,"2025/05/29 07:20:04",161.35,0.38,0.38,0.38,0.38,0.23,0.23,2.64,2.64,0,0,0.1,0.1,0.01,0.01,0.01,0.01,0.38,0.38,0,0,FIRM
D,TRADING,PRICE,3,"2025/05/29 07:25:00",1,NSW1,89,171.22,0,0,"2025/05/29 07:20:04",171.22,0.38,0.38,0.38,0.38,0.23,0.23,2.64,2.64,0,0,0.1,0.1,0.01,0.01,0.01,0.01,0.38,0.38,0,0,FIRM
D,TRADING,PRICE,3,"2025/05/29 07:25:00",1,QLD1,89,162.95,0,0,"2025/05/29 07:20:04",162.95,0.38,0.38,0.38,0.38,0.23,0.23,2.64,2.64,0,0,0.1,0.1,0.01,0.01,0.01,0.01,0.38,0.38,0,0,FIRM
D,TRADING,PRICE,3,"2025/05/29 07:25:00",1,TAS1,89,160.2,0,0,"2025/05/29 07:20:04",160.2,0.38,0.38,0.38,0.38,0,0,7.66,7.66,0.38,0.38,1.36,1.36,0.01,0.01,3.46,3.46,0.38,0.38,0,0,FIRM
D,TRADING,PRICE,3,"2025/05/29 07:25:00",1,VIC1,89,163.01,0,0,"2025/05/29 07:20:04",163.01,0.38,0.38,0.38,0.38,0.23,0.23,2.64,2.64,0,0,0.1,0.1,0.01,0.01,0.01,0.01,0.38,0.38,0,0,FIRM
C,"END OF REPORT",15
