C,NEMP.WORLD,TRADINGIS,AEMO,PUBLIC,2025/05/27,15:20:15,0000000465115171,TRADINGIS,0000000465115170
I,TRADING,INTERCONNECTORRES,2,SETTLEMENTDATE,RUNNO,INTERCONNECTORID,PERIODID,METEREDMWFLOW,MWFLOW,MWLOSSES,LASTCHANGED
D,TRADING,INTERCONNECTORRES,2,"2025/05/27 15:25:00",1,N-Q-MNSP1,185,-3.6,0,0,"2025/05/27 15:20:08"
D,TRADING,INTERCONNECTORRES,2,"2025/05/27 15:25:00",1,NSW1-QLD1,185,-31.7,-102.51,-2.6,"2025/05/27 15:20:08"
D,TRADING,INTERCONNECTORRES,2,"2025/05/27 15:25:00",1,T-V-MNSP1,185,-410.8,-478,25.62,"2025/05/27 15:20:08"
D,TRADING,INTERCONNECTORRES,2,"2025/05/27 15:25:00",1,V-S-MNSP1,185,152,152.71,16.87,"2025/05/27 15:20:08"
D,TRADING,INTERCONNECTORRES,2,"2025/05/27 15:25:00",1,V-SA,185,6.82,57.42,-0.94,"2025/05/27 15:20:08"
D,TRADING,INTERCONNECTORRES,2,"2025/05/27 15:25:00",1,VIC1-NSW1,185,351.87,245.7,16.49,"2025/05/27 15:20:08"
I,TRADING,PRICE,3,SETTLEMENTDATE,RUNNO,REGIONID,PERIODID,RRP,EEP,INVALIDFLAG,LASTCHANGED,ROP,RAISE6SECRRP,RAISE6SECROP,RAISE60SECRRP,RAISE60SECROP,RAISE5MINRRP,RAISE5MINROP,RAISEREGRRP,RAISEREGROP,LOWER6SECRRP,LOWER6SECROP,LOWER60SECRRP,LOWER60SECROP,LOWER5MINRRP,LOWER5MINROP,LOWERREGRRP,LOWERREGROP,RAISE1SECRRP,RAISE1SECROP,LOWER1SECRRP,LOWER1SECROP,PRICE_STATUS
D,TRADING,PRICE,3,"2025/05/27 15:25:00",1,SA1,185,-89.26,0,0,"2025/05/27 15:20:08",-89.26,0.1,0.1,0.1,0.1,0.1,0.1,5.99,5.99,0.1,0.1,0.38,0.38,0.38,0.38,0.38,0.38,0.81,0.81,0,0,FIRM
D,TRADING,PRICE,3,"2025/05/27 15:25:00",1,NSW1,185,56.98,0,0,"2025/05/27 15:20:08",56.98,0.1,0.1,0.1,0.1,0.1,0.1,5.99,5.99,0.1,0.1,0.38,0.38,0.38,0.38,0.38,0.38,0.81,0.81,0,0,FIRM
D,TRADING,PRICE,3,"2025/05/27 15:25:00",1,QLD1,185,284.95,0,0,"2025/05/27 15:20:08",284.95,0.1,0.1,0.1,0.1,0.1,0.1,5.99,5.99,0.1,0.1,0.38,0.38,0.38,0.38,0.38,0.38,0.81,0.81,0,0,FIRM
D,TRADING,PRICE,3,"2025/05/27 15:25:00",1,TAS1,185,75.24,0,0,"2025/05/27 15:20:08",75.24,0.38,0.38,0.38,0.38,0.36,0.36,8.4,8.4,0.1,0.1,0.38,0.38,0,0,2.48,2.48,0.81,0.81,0,0,FIRM
D,TRADING,PRICE,3,"2025/05/27 15:25:00",1,VIC1,185,2.03,0,0,"2025/05/27 15:20:08",2.03,0.1,0.1,0.1,0.1,0.1,0.1,5.99,5.99,0.1,0.1,0.38,0.38,0.38,0.38,0.38,0.38,0.81,0.81,0,0,FIRM
C,"END OF REPORT",15
