C,NEMP.WORLD,TRADINGIS,AEMO,PUBLIC,2025/05/28,14:50:10,0000000465257956,TRADINGIS,0000000465257955
I,TRADING,INTERCONNECTORRES,2,SETTLEMENTDATE,RUNNO,INTERCONNECTORID,PERIODID,METEREDMWFLOW,MWFLOW,MWLOSSES,LASTCHANGED
D,TRADING,INTERCONNECTORRES,2,"2025/05/28 14:55:00",1,N-Q-MNSP1,179,-19.6,-17,0.07,"2025/05/28 14:50:03"
D,TRADING,INTERCONNECTORRES,2,"2025/05/28 14:55:00",1,NSW1-QLD1,179,-269.7,-352.69,7.84,"2025/05/28 14:50:03"
D,TRADING,INTERCONNECTORRES,2,"2025/05/28 14:55:00",1,T-V-MNSP1,179,-438.9,-433.19,21.21,"2025/05/28 14:50:03"
D,TRADING,INTERCONNECTORRES,2,"2025/05/28 14:55:00",1,V-S-MNSP1,179,155,108,6.11,"2025/05/28 14:50:03"
D,TRADING,INTERCONNECTORRES,2,"2025/05/28 14:55:00",1,V-SA,179,486.01,558.01,24.56,"2025/05/28 14:50:03"
D,TRADING,INTERCONNECTORRES,2,"2025/05/28 14:55:00",1,VIC1-NSW1,179,-324.47,-492.11,-2,"2025/05/28 14:50:03"
I,TRADING,PRICE,3,SETTLEMENTDATE,RUNNO,REGIONID,PERIODID,RRP,EEP,INVALIDFLAG,LASTCHANGED,ROP,RAISE6SECRRP,RAISE6SECROP,RAISE60SECRRP,RAISE60SECROP,RAISE5MINRRP,RAISE5MINROP,RAISEREGRRP,RAISEREGROP,LOWER6SECRRP,LOWER6SECROP,LOWER60SECRRP,LOWER60SECROP,LOWER5MINRRP,LOWER5MINROP,LOWERREGRRP,LOWERREGROP,RAISE1SECRRP,RAISE1SECROP,LOWER1SECRRP,LOWER1SECROP,PRICE_STATUS
D,TRADING,PRICE,3,"2025/05/28 14:55:00",1,SA1,179,83.44,0,0,"2025/05/28 14:50:03",83.44,0.23,0.23,0.1,0.1,0.1,0.1,9.24,9.24,0,0,0.39,0.39,0.38,0.38,14.7,14.7,0.38,0.38,0,0,FIRM
D,TRADING,PRICE,3,"2025/05/28 14:55:00",1,NSW1,179,65.01,0,0,"2025/05/28 14:50:03",65.01,0.23,0.23,0.1,0.1,0.1,0.1,9.24,9.24,0,0,0.39,0.39,0.38,0.38,14.7,14.7,0.38,0.38,0,0,FIRM
D,TRADING,PRICE,3,"2025/05/28 14:55:00",1,QLD1,179,58.51,0,0,"2025/05/28 14:50:03",58.51,0.23,0.23,0.1,0.1,0.1,0.1,9.24,9.24,1.83,1.83,1.83,1.83,0.38,0.38,14.7,14.7,0.38,0.38,0,0,FIRM
D,TRADING,PRICE,3,"2025/05/28 14:55:00",1,TAS1,179,100.12,0,0,"2025/05/28 14:50:03",100.12,0.38,0.38,0.38,0.38,0.1,0.1,6.44,6.44,0,0,0.39,0.39,0,0,2.48,2.48,0.38,0.38,0,0,FIRM
D,TRADING,PRICE,3,"2025/05/28 14:55:00",1,VIC1,179,67.39,0,0,"2025/05/28 14:50:03",67.39,0.23,0.23,0.1,0.1,0.1,0.1,9.24,9.24,0,0,0.39,0.39,0.38,0.38,14.7,14.7,0.38,0.38,0,0,FIRM
C,"END OF REPORT",15
