C,NEMP.WORLD,TRADINGIS,AEMO,PUBLIC,2025/05/28,18:30:12,0000000465281149,TRADINGIS,0000000465281148
I,TRADING,INTERCONNECTORRES,2,SETTLEMENTDATE,RUNNO,INTERCONNECTORID,PERIODID,METEREDMWFLOW,MWFLOW,MWLOSSES,LASTCHANGED
D,TRADING,INTERCONNECTORRES,2,"2025/05/28 18:35:00",1,N-Q-MNSP1,223,-16.8,-25,0.65,"2025/05/28 18:30:03"
D,TRADING,INTERCONNECTORRES,2,"2025/05/28 18:35:00",1,NSW1-QLD1,223,-712.2,-868.1,11.21,"2025/05/28 18:30:03"
D,TRADING,INTERCONNECTORRES,2,"2025/05/28 18:35:00",1,T-V-MNSP1,223,73.8,73.48,0.28,"2025/05/28 18:30:03"
D,TRADING,INTERCONNECTORRES,2,"2025/05/28 18:35:00",1,V-S-MNSP1,223,81,72,0.95,"2025/05/28 18:30:03"
D,TRADING,INTERCONNECTORRES,2,"2025/05/28 18:35:00",1,V-SA,223,450.84,387.72,20.38,"2025/05/28 18:30:03"
D,TRADING,INTERCONNECTORRES,2,"2025/05/28 18:35:00",1,VIC1-NSW1,223,-897.59,-681.03,40.37,"2025/05/28 18:30:03"
I,TRADING,PRICE,3,SETTLEMENTDATE,RUNNO,REGIONID,PERIODID,RRP,EEP,INVALIDFLAG,LASTCHANGED,ROP,RAISE6SECRRP,RAISE6SECROP,RAISE60SECRRP,RAISE60SECROP,RAISE5MINRRP,RAISE5MINROP,RAISEREGRRP,RAISEREGROP,LOWER6SECRRP,LOWER6SECROP,LOWER60SECRRP,LOWER60SECROP,LOWER5MINRRP,LOWER5MINROP,LOWERREGRRP,LOWERREGROP,RAISE1SECRRP,RAISE1SECROP,LOWER1SECRRP,LOWER1SECROP,PRICE_STATUS
D,TRADING,PRICE,3,"2025/05/28 18:35:00",1,SA1,223,145.87,0,0,"2025/05/28 18:30:03",145.87,0.37,0.37,0.1,0.1,0.1,0.1,5.99,5.99,0.1,0.1,0.38,0.38,0.1,0.1,15.17,15.17,0.04,0.04,0,0,FIRM
D,TRADING,PRICE,3,"2025/05/28 18:35:00",1,NSW1,223,118.52,0,0,"2025/05/28 18:30:03",118.52,0.37,0.37,0.1,0.1,0.1,0.1,5.99,5.99,0.1,0.1,0.38,0.38,0.1,0.1,15.17,15.17,0.04,0.04,0,0,FIRM
D,TRADING,PRICE,3,"2025/05/28 18:35:00",1,QLD1,223,107.81,0,0,"2025/05/28 18:30:03",107.81,0.37,0.37,0.1,0.1,0.1,0.1,5.99,5.99,0.1,0.1,0.38,0.38,0.1,0.1,15.17,15.17,0.04,0.04,0,0,FIRM
D,TRADING,PRICE,3,"2025/05/28 18:35:00",1,TAS1,223,143.92,0,0,"2025/05/28 18:30:03",143.92,0.38,0.38,0.38,0.38,0.38,0.38,9.4,9.4,0.1,0.1,0.38,0.38,0,0,3.48,3.48,0.04,0.04,0,0,FIRM
D,TRADING,PRICE,3,"2025/05/28 18:35:00",1,VIC1,223,132.72,0,0,"2025/05/28 18:30:03",132.72,0.37,0.37,0.1,0.1,0.1,0.1,5.99,5.99,0.1,0.1,0.38,0.38,0.1,0.1,15.17,15.17,0.04,0.04,0,0,FIRM
C,"END OF REPORT",15
