C,NEMP.WORLD,TRADINGIS,AEMO,PUBLIC,2025/05/29,02:10:10,0000000465325287,TRADINGIS,0000000465325286
I,TRADING,INTERCONNECTORRES,2,SETTLEMENTDATE,RUNNO,INTERCONNECTORID,PERIODID,METEREDMWFLOW,MWFLOW,MWLOSSES,LASTCHANGED
D,TRADING,INTERCONNECTORRES,2,"2025/05/29 02:15:00",1,N-Q-MNSP1,27,-24.5,-25,0.65,"2025/05/29 02:10:03"
D,TRADING,INTERCONNECTORRES,2,"2025/05/29 02:15:00",1,NSW1-QLD1,27,-434.6,-451.84,17.94,"2025/05/29 02:10:03"
D,TRADING,INTERCONNECTORRES,2,"2025/05/29 02:15:00",1,T-V-MNSP1,27,-356.5,-438,21.66,"2025/05/29 02:10:03"
D,TRADING,INTERCONNECTORRES,2,"2025/05/29 02:15:00",1,V-S-MNSP1,27,72,72,0.95,"2025/05/29 02:10:03"
D,TRADING,INTERCONNECTORRES,2,"2025/05/29 02:15:00",1,V-SA,27,336.12,327.37,16.58,"2025/05/29 02:10:03"
D,TRADING,INTERCONNECTORRES,2,"2025/05/29 02:15:00",1,VIC1-NSW1,27,515.29,475.06,31.65,"2025/05/29 02:10:03"
I,TRADING,PRICE,3,SETTLEMENTDATE,RUNNO,REGIONID,PERIODID,RRP,EEP,INVALIDFLAG,LASTCHANGED,ROP,RAISE6SECRRP,RAISE6SECROP,RAISE60SECRRP,RAISE60SECROP,RAISE5MINRRP,RAISE5MINROP,RAISEREGRRP,RAISEREGROP,LOWER6SECRRP,LOWER6SECROP,LOWER60SECRRP,LOWER60SECROP,LOWER5MINRRP,LOWER5MINROP,LOWERREGRRP,LOWERREGROP,RAISE1SECRRP,RAISE1SECROP,LOWER1SECRRP,LOWER1SECROP,PRICE_STATUS
D,TRADING,PRICE,3,"2025/05/29 02:15:00",1,SA1,27,74.83,0,0,"2025/05/29 02:10:03",74.83,0.23,0.23,0.1,0.1,0.1,0.1,14.89,14.89,0.39,0.39,1,1,0.1,0.1,1.49,1.49,0.38,0.38,0,0,FIRM
D,TRADING,PRICE,3,"2025/05/29 02:15:00",1,NSW1,27,76.58,0,0,"2025/05/29 02:10:03",76.58,0.23,0.23,0.1,0.1,0.1,0.1,14.89,14.89,0.39,0.39,1,1,0.1,0.1,1.49,1.49,0.38,0.38,0,0,FIRM
D,TRADING,PRICE,3,"2025/05/29 02:15:00",1,QLD1,27,70.74,0,0,"2025/05/29 02:10:03",70.74,0.23,0.23,0.1,0.1,0.1,0.1,14.89,14.89,0.39,0.39,1,1,0.1,0.1,1.49,1.49,0.38,0.38,0,0,FIRM
D,TRADING,PRICE,3,"2025/05/29 02:15:00",1,TAS1,27,100.24,0,0,"2025/05/29 02:10:03",100.24,0.38,0.38,0.38,0.38,0.38,0.38,8.4,8.4,0.38,0.38,0.38,0.38,0,0,2.48,2.48,0.38,0.38,0,0,FIRM
D,TRADING,PRICE,3,"2025/05/29 02:15:00",1,VIC1,27,68.53,0,0,"2025/05/29 02:10:03",68.53,0.23,0.23,0.1,0.1,0.1,0.1,14.89,14.89,0.39,0.39,1,1,0.1,0.1,1.49,1.49,0.38,0.38,0,0,FIRM
C,"END OF REPORT",15
