C,NEMP.WORLD,TRADINGIS,AEMO,PUBLIC,2025/05/27,05:35:11,0000000465052424,TRADINGIS,0000000465052423
I,TRADING,INTERCONNECTORRES,2,SETTLEMENTDATE,RUNNO,INTERCONNECTORID,PERIODID,METEREDMWFLOW,MWFLOW,MWLOSSES,LASTCHANGED
D,TRADING,INTERCONNECTORRES,2,"2025/05/27 05:40:00",1,N-Q-MNSP1,68,-1.2,9,0.6,"2025/05/27 05:35:04"
D,TRADING,INTERCONNECTORRES,2,"2025/05/27 05:40:00",1,NSW1-QLD1,68,353.8,383.68,17.93,"2025/05/27 05:35:04"
D,TRADING,INTERCONNECTORRES,2,"2025/05/27 05:40:00",1,T-V-MNSP1,68,-454.8,-460.5,23.85,"2025/05/27 05:35:04"
D,TRADING,INTERCONNECTORRES,2,"2025/05/27 05:40:00",1,V-S-MNSP1,68,-144,-143.66,35.45,"2025/05/27 05:35:04"
D,TRADING,INTERCONNECTORRES,2,"2025/05/27 05:40:00",1,V-SA,68,-299.83,-274.39,5.56,"2025/05/27 05:35:04"
D,TRADING,INTERCONNECTORRES,2,"2025/05/27 05:40:00",1,VIC1-NSW1,68,981.72,946.6,97.94,"2025/05/27 05:35:04"
I,TRADING,PRICE,3,SETTLEMENTDATE,RUNNO,REGIONID,PERIODID,RRP,EEP,INVALIDFLAG,LASTCHANGED,ROP,RAISE6SECRRP,RAISE6SECROP,RAISE60SECRRP,RAISE60SECROP,RAISE5MINRRP,RAISE5MINROP,RAISEREGRRP,RAISEREGROP,LOWER6SECRRP,LOWER6SECROP,LOWER60SECRRP,LOWER60SECROP,LOWER5MINRRP,LOWER5MINROP,LOWERREGRRP,LOWERREGROP,RAISE1SECRRP,RAISE1SECROP,LOWER1SECRRP,LOWER1SECROP,PRICE_STATUS
D,TRADING,PRICE,3,"2025/05/27 05:40:00",1,SA1,68,0,0,0,"2025/05/27 05:35:04",0,0.15,0.15,0.1,0.1,0.1,0.1,3.99,3.99,0.1,0.1,0.38,0.38,0,0,0,0,0.37,0.37,0,0,FIRM
D,TRADING,PRICE,3,"2025/05/27 05:40:00",1,NSW1,68,57.01,0,0,"2025/05/27 05:35:04",57.01,0.15,0.15,0.1,0.1,0.1,0.1,3.99,3.99,0.1,0.1,0.38,0.38,0,0,0,0,0.37,0.37,0,0,FIRM
D,TRADING,PRICE,3,"2025/05/27 05:40:00",1,QLD1,68,61.67,0,0,"2025/05/27 05:35:04",61.67,0.15,0.15,0.1,0.1,0.1,0.1,3.99,3.99,0.1,0.1,0.38,0.38,0,0,0,0,0.37,0.37,0,0,FIRM
D,TRADING,PRICE,3,"2025/05/27 05:40:00",1,TAS1,68,35.24,0,0,"2025/05/27 05:35:04",35.24,0.38,0.38,0.38,0.38,0.1,0.1,8.4,8.4,0.1,0.1,0.38,0.38,0,0,2.48,2.48,0.37,0.37,0,0,FIRM
D,TRADING,PRICE,3,"2025/05/27 05:40:00",1,VIC1,68,0,0,0,"2025/05/27 05:35:04",0,0.15,0.15,0.1,0.1,0.1,0.1,3.99,3.99,0.1,0.1,0.38,0.38,0,0,0,0,0.37,0.37,0,0,FIRM
C,"END OF REPORT",15
