C,NEMP.WORLD,TRADINGIS,AEMO,PUBLIC,2025/05/26,21:25:14,0000000465002782,TRADINGIS,0000000465002781
I,TRADING,INTERCONNECTORRES,2,SETTLEMENTDATE,RUNNO,INTERCONNECTORID,PERIODID,METEREDMWFLOW,MWFLOW,MWLOSSES,LASTCHANGED
D,TRADING,INTERCONNECTORRES,2,"2025/05/26 21:30:00",1,N-Q-MNSP1,258,10.3,17,1.52,"2025/05/26 21:25:07"
D,TRADING,INTERCONNECTORRES,2,"2025/05/26 21:30:00",1,NSW1-QLD1,258,392.3,435.54,33.26,"2025/05/26 21:25:07"
D,TRADING,INTERCONNECTORRES,2,"2025/05/26 21:30:00",1,T-V-MNSP1,258,-459.7,-451.69,22.98,"2025/05/26 21:25:07"
D,TRADING,INTERCONNECTORRES,2,"2025/05/26 21:30:00",1,V-S-MNSP1,258,-152,-153.24,39.58,"2025/05/26 21:25:07"
D,TRADING,INTERCONNECTORRES,2,"2025/05/26 21:30:00",1,V-SA,258,-39,-84.94,-1.16,"2025/05/26 21:25:07"
D,TRADING,INTERCONNECTORRES,2,"2025/05/26 21:30:00",1,VIC1-NSW1,258,1103.54,1115.26,104.64,"2025/05/26 21:25:07"
I,TRADING,PRICE,3,SETTLEMENTDATE,RUNNO,REGIONID,PERIODID,RRP,EEP,INVALIDFLAG,LASTCHANGED,ROP,RAISE6SECRRP,RAISE6SECROP,RAISE60SECRRP,RAISE60SECROP,RAISE5MINRRP,RAISE5MINROP,RAISEREGRRP,RAISEREGROP,LOWER6SECRRP,LOWER6SECROP,LOWER60SECRRP,LOWER60SECROP,LOWER5MINRRP,LOWER5MINROP,LOWERREGRRP,LOWERREGROP,RAISE1SECRRP,RAISE1SECROP,LOWER1SECRRP,LOWER1SECROP,PRICE_STATUS
D,TRADING,PRICE,3,"2025/05/26 21:30:00",1,SA1,258,-1.87,0,0,"2025/05/26 21:25:07",-1.87,0.23,0.23,0.1,0.1,0.23,0.23,3.38,3.38,0.1,0.1,0.38,0.38,0.1,0.1,3.59,3.59,0.36,0.36,0,0,FIRM
D,TRADING,PRICE,3,"2025/05/26 21:30:00",1,NSW1,258,57.01,0,0,"2025/05/26 21:25:07",57.01,0.23,0.23,0.1,0.1,0.23,0.23,3.38,3.38,0.1,0.1,0.38,0.38,0.1,0.1,3.59,3.59,0.36,0.36,0,0,FIRM
D,TRADING,PRICE,3,"2025/05/26 21:30:00",1,QLD1,258,63.95,0,0,"2025/05/26 21:25:07",63.95,0.23,0.23,0.1,0.1,0.23,0.23,3.38,3.38,0.1,0.1,0.38,0.38,0.1,0.1,3.59,3.59,0.36,0.36,0,0,FIRM
D,TRADING,PRICE,3,"2025/05/26 21:30:00",1,TAS1,258,55.28,0,0,"2025/05/26 21:25:07",55.28,0.38,0.38,0.38,0.38,0.23,0.23,8.8,8.8,0.1,0.1,0.38,0.38,0,0,2.55,2.55,0.36,0.36,0,0,FIRM
D,TRADING,PRICE,3,"2025/05/26 21:30:00",1,VIC1,258,0.01,0,0,"2025/05/26 21:25:07",0.01,0.23,0.23,0.1,0.1,0.23,0.23,3.38,3.38,0.1,0.1,0.38,0.38,0.1,0.1,3.59,3.59,0.36,0.36,0,0,FIRM
C,"END OF REPORT",15
