C,NEMP.WORLD,TRADINGIS,AEMO,PUBLIC,2025/05/26,15:40:15,0000000464965888,TRADINGIS,0000000464965887
I,TRADING,INTERCONNECTORRES,2,SETTLEMENTDATE,RUNNO,INTERCONNECTORID,PERIODID,METEREDMWFLOW,MWFLOW,MWLOSSES,LASTCHANGED
D,TRADING,INTERCONNECTORRES,2,"2025/05/26 15:45:00",1,N-Q-MNSP1,189,-11.2,0,0,"2025/05/26 15:40:08"
D,TRADING,INTERCONNECTORRES,2,"2025/05/26 15:45:00",1,NSW1-QLD1,189,-141.5,-119,-3.87,"2025/05/26 15:40:08"
D,TRADING,INTERCONNECTORRES,2,"2025/05/26 15:45:00",1,T-V-MNSP1,189,-400.4,-437,21.56,"2025/05/26 15:40:08"
D,TRADING,INTERCONNECTORRES,2,"2025/05/26 15:45:00",1,V-S-MNSP1,189,14,-34.46,3.98,"2025/05/26 15:40:08"
D,TRADING,INTERCONNECTORRES,2,"2025/05/26 15:45:00",1,V-SA,189,-259.96,-322.7,10.64,"2025/05/26 15:40:08"
D,TRADING,INTERCONNECTORRES,2,"2025/05/26 15:45:00",1,VIC1-NSW1,189,927.27,881.34,95.12,"2025/05/26 15:40:08"
I,TRADING,PRICE,3,SETTLEMENTDATE,RUNNO,REGIONID,PERIODID,RRP,EEP,INVALIDFLAG,LASTCHANGED,ROP,RAISE6SECRRP,RAISE6SECROP,RAISE60SECRRP,RAISE60SECROP,RAISE5MINRRP,RAISE5MINROP,RAISEREGRRP,RAISEREGROP,LOWER6SECRRP,LOWER6SECROP,LOWER60SECRRP,LOWER60SECROP,LOWER5MINRRP,LOWER5MINROP,LOWERREGRRP,LOWERREGROP,RAISE1SECRRP,RAISE1SECROP,LOWER1SECRRP,LOWER1SECROP,PRICE_STATUS
D,TRADING,PRICE,3,"2025/05/26 15:45:00",1,SA1,189,-18,0,0,"2025/05/26 15:40:08",-18,0.23,0.23,0.1,0.1,0.1,0.1,9.24,9.24,0.38,0.38,0.45,0.45,0,0,0,0,0.36,0.36,0,0,FIRM
D,TRADING,PRICE,3,"2025/05/26 15:45:00",1,NSW1,189,82.8,0,0,"2025/05/26 15:40:08",82.8,0.23,0.23,0.1,0.1,0.1,0.1,9.24,9.24,0.38,0.38,0.45,0.45,0,0,0,0,0.36,0.36,0,0,FIRM
D,TRADING,PRICE,3,"2025/05/26 15:45:00",1,QLD1,189,84.45,0,0,"2025/05/26 15:40:08",84.45,0.23,0.23,0.1,0.1,0.1,0.1,9.24,9.24,0.38,0.38,0.45,0.45,0,0,0,0,0.36,0.36,0,0,FIRM
D,TRADING,PRICE,3,"2025/05/26 15:45:00",1,TAS1,189,11.25,0,0,"2025/05/26 15:40:08",11.25,0.38,0.38,0.38,0.38,0.1,0.1,8.8,8.8,0.38,0.38,0.38,0.38,0,0,2.55,2.55,0.36,0.36,0,0,FIRM
D,TRADING,PRICE,3,"2025/05/26 15:45:00",1,VIC1,189,-19.29,0,0,"2025/05/26 15:40:08",-19.29,0.23,0.23,0.1,0.1,0.1,0.1,9.24,9.24,0.38,0.38,0.45,0.45,0,0,0,0,0.36,0.36,0,0,FIRM
C,"END OF REPORT",15
