C,NEMP.WORLD,TRADINGIS,AEMO,PUBLIC,2025/05/28,13:15:14,0000000465248599,TRADINGIS,0000000465248598
I,TRADING,INTERCONNECTORRES,2,SETTLEMENTDATE,RUNNO,INTERCONNECTORID,PERIODID,METEREDMWFLOW,MWFLOW,MWLOSSES,LASTCHANGED
D,TRADING,INTERCONNECTORRES,2,"2025/05/28 13:20:00",1,N-Q-MNSP1,160,95.8,96.53,29.68,"2025/05/28 13:15:07"
D,TRADING,INTERCONNECTORRES,2,"2025/05/28 13:20:00",1,NSW1-QLD1,160,-302.7,-359.92,17.63,"2025/05/28 13:15:07"
D,TRADING,INTERCONNECTORRES,2,"2025/05/28 13:20:00",1,T-V-MNSP1,160,-412.6,-420.94,20.07,"2025/05/28 13:15:07"
D,TRADING,INTERCONNECTORRES,2,"2025/05/28 13:20:00",1,V-S-MNSP1,160,155,150.03,16.11,"2025/05/28 13:15:07"
D,TRADING,INTERCONNECTORRES,2,"2025/05/28 13:20:00",1,V-SA,160,542.43,548.19,25.81,"2025/05/28 13:15:07"
D,TRADING,INTERCONNECTORRES,2,"2025/05/28 13:20:00",1,VIC1-NSW1,160,-339.19,-321.01,-6.81,"2025/05/28 13:15:07"
I,TRADING,PRICE,3,SETTLEMENTDATE,RUNNO,REGIONID,PERIODID,RRP,EEP,INVALIDFLAG,LASTCHANGED,ROP,RAISE6SECRRP,RAISE6SECROP,RAISE60SECRRP,RAISE60SECROP,RAISE5MINRRP,RAISE5MINROP,RAISEREGRRP,RAISEREGROP,LOWER6SECRRP,LOWER6SECROP,LOWER60SECRRP,LOWER60SECROP,LOWER5MINRRP,LOWER5MINROP,LOWERREGRRP,LOWERREGROP,RAISE1SECRRP,RAISE1SECROP,LOWER1SECRRP,LOWER1SECROP,PRICE_STATUS
D,TRADING,PRICE,3,"2025/05/28 13:20:00",1,SA1,160,70.44,0,0,"2025/05/28 13:15:07",70.44,0.1,0.1,0.1,0.1,0.1,0.1,5.99,5.99,0.1,0.1,1.37,1.37,0.38,0.38,0.38,0.38,0.01,0.01,0,0,FIRM
D,TRADING,PRICE,3,"2025/05/28 13:20:00",1,NSW1,160,-15.01,0,0,"2025/05/28 13:15:07",-15.01,0.1,0.1,0.1,0.1,0.1,0.1,5.99,5.99,0.1,0.1,1.37,1.37,0.38,0.38,0.38,0.38,0.01,0.01,0,0,FIRM
D,TRADING,PRICE,3,"2025/05/28 13:20:00",1,QLD1,160,-21.79,0,0,"2025/05/28 13:15:07",-21.79,0.1,0.1,0.1,0.1,0.1,0.1,5.99,5.99,7.89,7.89,1.83,1.83,0.38,0.38,0.38,0.38,0.01,0.01,0,0,FIRM
D,TRADING,PRICE,3,"2025/05/28 13:20:00",1,TAS1,160,35.08,0,0,"2025/05/28 13:15:07",35.08,0.38,0.38,0.38,0.38,0.1,0.1,6.4,6.4,0.1,0.1,1.37,1.37,0.38,0.38,2.52,2.52,0.01,0.01,0,0,FIRM
D,TRADING,PRICE,3,"2025/05/28 13:20:00",1,VIC1,160,14.43,0,0,"2025/05/28 13:15:07",14.43,0.1,0.1,0.1,0.1,0.1,0.1,5.99,5.99,0.1,0.1,1.37,1.37,0.38,0.38,0.38,0.38,0.01,0.01,0,0,FIRM
C,"END OF REPORT",15
