C,NEMP.WORLD,TRADINGIS,AEMO,PUBLIC,2025/06/11,03:15:10,0000000467169654,TRADINGIS,0000000467169653
I,TRADING,INTERCONNECTORRES,2,SETTLEMENTDATE,RUNNO,INTERCONNECTORID,PERIODID,METEREDMWFLOW,MWFLOW,MWLOSSES,LASTCHANGED
D,TRADING,INTERCONNECTORRES,2,"2025/06/11 03:20:00",1,N-Q-MNSP1,40,-17.3,-17,0.07,"2025/06/11 03:15:03"
D,TRADING,INTERCONNECTORRES,2,"2025/06/11 03:20:00",1,NSW1-QLD1,40,-490.2,-455.31,13.56,"2025/06/11 03:15:03"
D,TRADING,INTERCONNECTORRES,2,"2025/06/11 03:20:00",1,T-V-MNSP1,40,-125.1,-100,1.44,"2025/06/11 03:15:03"
D,TRADING,INTERCONNECTORRES,2,"2025/06/11 03:20:00",1,V-S-MNSP1,40,90,90,3.14,"2025/06/11 03:15:03"
D,TRADING,INTERCONNECTORRES,2,"2025/06/11 03:20:00",1,V-SA,40,437.15,386.59,20.1,"2025/06/11 03:15:03"
D,TRADING,INTERCONNECTORRES,2,"2025/06/11 03:20:00",1,VIC1-NSW1,40,-338.9,-302.87,-1.12,"2025/06/11 03:15:03"
I,TRADING,PRICE,3,SETTLEMENTDATE,RUNNO,REGIONID,PERIODID,RRP,EEP,INVALIDFLAG,LASTCHANGED,ROP,RAISE6SECRRP,RAISE6SECROP,RAISE60SECRRP,RAISE60SECROP,RAISE5MINRRP,RAISE5MINROP,RAISEREGRRP,RAISEREGROP,LOWER6SECRRP,LOWER6SECROP,LOWER60SECRRP,LOWER60SECROP,LOWER5MINRRP,LOWER5MINROP,LOWERREGRRP,LOWERREGROP,RAISE1SECRRP,RAISE1SECROP,LOWER1SECRRP,LOWER1SECROP,PRICE_STATUS
D,TRADING,PRICE,3,"2025/06/11 03:20:00",1,SA1,40,178.7,0,0,"2025/06/11 03:15:03",178.7,0.37,0.37,0.1,0.1,0.1,0.1,5.99,5.99,0.01,0.01,0.38,0.38,0,0,0,0,0.04,0.04,0,0,FIRM
D,TRADING,PRICE,3,"2025/06/11 03:20:00",1,NSW1,40,107.93,0,0,"2025/06/11 03:15:03",107.93,0.37,0.37,0.1,0.1,0.1,0.1,5.99,5.99,0.01,0.01,0.38,0.38,0,0,0,0,0.04,0.04,0,0,FIRM
D,TRADING,PRICE,3,"2025/06/11 03:20:00",1,QLD1,40,100.75,0,0,"2025/06/11 03:15:03",100.75,0.37,0.37,0.1,0.1,0.1,0.1,5.99,5.99,0.01,0.01,0.38,0.38,0,0,0,0,0.04,0.04,0,0,FIRM
D,TRADING,PRICE,3,"2025/06/11 03:20:00",1,TAS1,40,160.28,0,0,"2025/06/11 03:15:03",160.28,0.38,0.38,0.38,0.38,0,0,7.28,7.28,0.38,0.38,0.38,0.38,0.38,0.38,2.84,2.84,0.04,0.04,0,0,FIRM
D,TRADING,PRICE,3,"2025/06/11 03:20:00",1,VIC1,40,162.66,0,0,"2025/06/11 03:15:03",162.66,0.37,0.37,0.1,0.1,0.1,0.1,5.99,5.99,0.01,0.01,0.38,0.38,0,0,0,0,0.04,0.04,0,0,FIRM
C,"END OF REPORT",15
