C,NEMP.WORLD,TRADINGIS,AEMO,PUBLIC,2025/05/26,14:30:22,0000000464958515,TRADINGIS,0000000464958514
I,TRADING,INTERCONNECTORRES,2,SETTLEMENTDATE,RUNNO,INTERCONNECTORID,PERIODID,METEREDMWFLOW,MWFLOW,MWLOSSES,LASTCHANGED
D,TRADING,INTERCONNECTORRES,2,"2025/05/26 14:35:00",1,N-Q-MNSP1,175,-26.6,-25,0.65,"2025/05/26 14:30:09"
D,TRADING,INTERCONNECTORRES,2,"2025/05/26 14:35:00",1,NSW1-QLD1,175,-853.9,-688.25,25.17,"2025/05/26 14:30:09"
D,TRADING,INTERCONNECTORRES,2,"2025/05/26 14:35:00",1,T-V-MNSP1,175,-415.1,-438.03,21.66,"2025/05/26 14:30:09"
D,TRADING,INTERCONNECTORRES,2,"2025/05/26 14:35:00",1,V-S-MNSP1,175,180,181.36,26.31,"2025/05/26 14:30:09"
D,TRADING,INTERCONNECTORRES,2,"2025/05/26 14:35:00",1,V-SA,175,284.7,-59.43,-1.36,"2025/05/26 14:30:09"
D,TRADING,INTERCONNECTORRES,2,"2025/05/26 14:35:00",1,VIC1-NSW1,175,386.54,616.31,42.23,"2025/05/26 14:30:09"
I,TRADING,PRICE,3,SETTLEMENTDATE,RUNNO,REGIONID,PERIODID,RRP,EEP,INVALIDFLAG,LASTCHANGED,ROP,RAISE6SECRRP,RAISE6SECROP,RAISE60SECRRP,RAISE60SECROP,RAISE5MINRRP,RAISE5MINROP,RAISEREGRRP,RAISEREGROP,LOWER6SECRRP,LOWER6SECROP,LOWER60SECRRP,LOWER60SECROP,LOWER5MINRRP,LOWER5MINROP,LOWERREGRRP,LOWERREGROP,RAISE1SECRRP,RAISE1SECROP,LOWER1SECRRP,LOWER1SECROP,PRICE_STATUS
D,TRADING,PRICE,3,"2025/05/26 14:35:00",1,SA1,175,-5.27,0,0,"2025/05/26 14:30:09",-5.27,0.1,0.1,0.04,0.04,0.04,0.04,9.24,9.24,0.38,0.38,4.88,4.88,0.38,0.38,8.72,8.72,0.3,0.3,0.01,0.01,FIRM
D,TRADING,PRICE,3,"2025/05/26 14:35:00",1,NSW1,175,57.01,0,0,"2025/05/26 14:30:09",57.01,0.1,0.1,0.04,0.04,0.04,0.04,9.24,9.24,0.38,0.38,4.88,4.88,0.38,0.38,8.72,8.72,0.3,0.3,0.01,0.01,FIRM
D,TRADING,PRICE,3,"2025/05/26 14:35:00",1,QLD1,175,51.68,0,0,"2025/05/26 14:30:09",51.68,0.1,0.1,0.04,0.04,0.04,0.04,9.24,9.24,0.38,0.38,4.88,4.88,0.38,0.38,8.72,8.72,0.3,0.3,0.01,0.01,FIRM
D,TRADING,PRICE,3,"2025/05/26 14:35:00",1,TAS1,175,11.25,0,0,"2025/05/26 14:30:09",11.25,0.38,0.38,0.38,0.38,0.04,0.04,8.8,8.8,0.38,0.38,1.33,1.33,0,0,3.55,3.55,0.3,0.3,0.01,0.01,FIRM
D,TRADING,PRICE,3,"2025/05/26 14:35:00",1,VIC1,175,-3.65,0,0,"2025/05/26 14:30:09",-3.65,0.1,0.1,0.04,0.04,0.04,0.04,9.24,9.24,0.38,0.38,4.88,4.88,0.38,0.38,8.72,8.72,0.3,0.3,0.01,0.01,FIRM
C,"END OF REPORT",15
