C,NEMP.WORLD,TRADINGIS,AEMO,PUBLIC,2025/05/29,19:25:11,0000000465430007,TRADINGIS,0000000465430006
I,TRADING,INTERCONNECTORRES,2,SETTLEMENTDATE,RUNNO,INTERCONNECTORID,PERIODID,METEREDMWFLOW,MWFLOW,MWLOSSES,LASTCHANGED
D,TRADING,INTERCONNECTORRES,2,"2025/05/29 19:30:00",1,N-Q-MNSP1,234,-9.6,-9,-0.16,"2025/05/29 19:25:03"
D,TRADING,INTERCONNECTORRES,2,"2025/05/29 19:30:00",1,NSW1-QLD1,234,-277.4,-388.72,-10.44,"2025/05/29 19:25:03"
D,TRADING,INTERCONNECTORRES,2,"2025/05/29 19:30:00",1,T-V-MNSP1,234,116.6,97.68,0.61,"2025/05/29 19:25:03"
D,TRADING,INTERCONNECTORRES,2,"2025/05/29 19:30:00",1,V-S-MNSP1,234,45,45,-0.87,"2025/05/29 19:25:03"
D,TRADING,INTERCONNECTORRES,2,"2025/05/29 19:30:00",1,V-SA,234,106.33,114.26,2.13,"2025/05/29 19:25:03"
D,TRADING,INTERCONNECTORRES,2,"2025/05/29 19:30:00",1,VIC1-NSW1,234,131.44,79.97,0.84,"2025/05/29 19:25:03"
I,TRADING,PRICE,3,SETTLEMENTDATE,RUNNO,REGIONID,PERIODID,RRP,EEP,INVALIDFLAG,LASTCHANGED,ROP,RAISE6SECRRP,RAISE6SECROP,RAISE60SECRRP,RAISE60SECROP,RAISE5MINRRP,RAISE5MINROP,RAISEREGRRP,RAISEREGROP,LOWER6SECRRP,LOWER6SECROP,LOWER60SECRRP,LOWER60SECROP,LOWER5MINRRP,LOWER5MINROP,LOWERREGRRP,LOWERREGROP,RAISE1SECRRP,RAISE1SECROP,LOWER1SECRRP,LOWER1SECROP,PRICE_STATUS
D,TRADING,PRICE,3,"2025/05/29 19:30:00",1,SA1,234,145.18,0,0,"2025/05/29 19:25:03",145.18,0.38,0.38,0.23,0.23,0.24,0.24,7.84,7.84,0.38,0.38,1,1,0.38,0.38,0.38,0.38,0.1,0.1,0,0,FIRM
D,TRADING,PRICE,3,"2025/05/29 19:30:00",1,NSW1,234,164.43,0,0,"2025/05/29 19:25:03",164.43,0.38,0.38,0.23,0.23,0.24,0.24,7.84,7.84,0.38,0.38,1,1,0.38,0.38,0.38,0.38,0.1,0.1,0,0,FIRM
D,TRADING,PRICE,3,"2025/05/29 19:30:00",1,QLD1,234,163.55,0,0,"2025/05/29 19:25:03",163.55,0.38,0.38,0.23,0.23,0.24,0.24,7.84,7.84,0.38,0.38,1,1,0.38,0.38,0.38,0.38,0.1,0.1,0,0,FIRM
D,TRADING,PRICE,3,"2025/05/29 19:30:00",1,TAS1,234,136.56,0,0,"2025/05/29 19:25:03",136.56,0.38,0.38,0.38,0.38,0.24,0.24,7.54,7.54,0.38,0.38,0.38,0.38,0,0,2.46,2.46,0.1,0.1,0,0,FIRM
D,TRADING,PRICE,3,"2025/05/29 19:30:00",1,VIC1,234,140.79,0,0,"2025/05/29 19:25:03",140.79,0.38,0.38,0.23,0.23,0.24,0.24,7.84,7.84,0.38,0.38,1,1,0.38,0.38,0.38,0.38,0.1,0.1,0,0,FIRM
C,"END OF REPORT",15
