C,NEMP.WORLD,TRADINGIS,AEMO,PUBLIC,2025/05/28,23:20:10,0000000465309009,TRADINGIS,0000000465309008
I,TRADING,INTERCONNECTORRES,2,SETTLEMENTDATE,RUNNO,INTERCONNECTORID,PERIODID,METEREDMWFLOW,MWFLOW,MWLOSSES,LASTCHANGED
D,TRADING,INTERCONNECTORRES,2,"2025/05/28 23:25:00",1,N-Q-MNSP1,281,-17.1,-17,0.07,"2025/05/28 23:20:03"
D,TRADING,INTERCONNECTORRES,2,"2025/05/28 23:25:00",1,NSW1-QLD1,281,-357.5,-362.6,4.83,"2025/05/28 23:20:03"
D,TRADING,INTERCONNECTORRES,2,"2025/05/28 23:25:00",1,T-V-MNSP1,281,-451.1,-438,21.66,"2025/05/28 23:20:03"
D,TRADING,INTERCONNECTORRES,2,"2025/05/28 23:25:00",1,V-S-MNSP1,281,63,63,0.15,"2025/05/28 23:20:03"
D,TRADING,INTERCONNECTORRES,2,"2025/05/28 23:25:00",1,V-SA,281,313.03,306.15,11.22,"2025/05/28 23:20:03"
D,TRADING,INTERCONNECTORRES,2,"2025/05/28 23:25:00",1,VIC1-NSW1,281,324.47,315.44,16.98,"2025/05/28 23:20:03"
I,TRADING,PRICE,3,SETTLEMENTDATE,RUNNO,REGIONID,PERIODID,RRP,EEP,INVALIDFLAG,LASTCHANGED,ROP,RAISE6SECRRP,RAISE6SECROP,RAISE60SECRRP,RAISE60SECROP,RAISE5MINRRP,RAISE5MINROP,RAISEREGRRP,RAISEREGROP,LOWER6SECRRP,LOWER6SECROP,LOWER60SECRRP,LOWER60SECROP,LOWER5MINRRP,LOWER5MINROP,LOWERREGRRP,LOWERREGROP,RAISE1SECRRP,RAISE1SECROP,LOWER1SECRRP,LOWER1SECROP,PRICE_STATUS
D,TRADING,PRICE,3,"2025/05/28 23:25:00",1,SA1,281,93.13,0,0,"2025/05/28 23:20:03",93.13,0.37,0.37,0.1,0.1,0.1,0.1,9.89,9.89,0.1,0.1,0.45,0.45,0.1,0.1,3.7,3.7,0.81,0.81,0,0,FIRM
D,TRADING,PRICE,3,"2025/05/28 23:25:00",1,NSW1,281,93.74,0,0,"2025/05/28 23:20:03",93.74,0.37,0.37,0.1,0.1,0.1,0.1,9.89,9.89,0.1,0.1,0.45,0.45,0.1,0.1,3.7,3.7,0.81,0.81,0,0,FIRM
D,TRADING,PRICE,3,"2025/05/28 23:25:00",1,QLD1,281,89.33,0,0,"2025/05/28 23:20:03",89.33,0.37,0.37,0.1,0.1,0.1,0.1,9.89,9.89,0.1,0.1,0.45,0.45,0.1,0.1,3.7,3.7,0.81,0.81,0,0,FIRM
D,TRADING,PRICE,3,"2025/05/28 23:25:00",1,TAS1,281,150.24,0,0,"2025/05/28 23:20:03",150.24,0.38,0.38,0.38,0.38,0.36,0.36,8.4,8.4,0,0,0,0,0,0,2.48,2.48,0.81,0.81,0,0,FIRM
D,TRADING,PRICE,3,"2025/05/28 23:25:00",1,VIC1,281,86.58,0,0,"2025/05/28 23:20:03",86.58,0.37,0.37,0.1,0.1,0.1,0.1,9.89,9.89,0.1,0.1,0.45,0.45,0.1,0.1,3.7,3.7,0.81,0.81,0,0,FIRM
C,"END OF REPORT",15
