C,NEMP.WORLD,TRADINGIS,AEMO,PUBLIC,2025/05/26,13:50:16,0000000464954336,TRADINGIS,0000000464954335
I,TRADING,INTERCONNECTORRES,2,SETTLEMENTDATE,RUNNO,INTERCONNECTORID,PERIODID,METEREDMWFLOW,MWFLOW,MWLOSSES,LASTCHANGED
D,TRADING,INTERCONNECTORRES,2,"2025/05/26 13:55:00",1,N-Q-MNSP1,167,-34.5,-33,1.59,"2025/05/26 13:50:06"
D,TRADING,INTERCONNECTORRES,2,"2025/05/26 13:55:00",1,NSW1-QLD1,167,-783.1,-870.08,56.11,"2025/05/26 13:50:06"
D,TRADING,INTERCONNECTORRES,2,"2025/05/26 13:55:00",1,T-V-MNSP1,167,-457.2,-441.28,21.97,"2025/05/26 13:50:06"
D,TRADING,INTERCONNECTORRES,2,"2025/05/26 13:55:00",1,V-S-MNSP1,167,168,170.19,22.39,"2025/05/26 13:50:06"
D,TRADING,INTERCONNECTORRES,2,"2025/05/26 13:55:00",1,V-SA,167,260.05,250.1,10.05,"2025/05/26 13:50:06"
D,TRADING,INTERCONNECTORRES,2,"2025/05/26 13:55:00",1,VIC1-NSW1,167,399.28,323.39,21.29,"2025/05/26 13:50:06"
I,TRADING,PRICE,3,SETTLEMENTDATE,RUNNO,REGIONID,PERIODID,RRP,EEP,INVALIDFLAG,LASTCHANGED,ROP,RAISE6SECRRP,RAISE6SECROP,RAISE60SECRRP,RAISE60SECROP,RAISE5MINRRP,RAISE5MINROP,RAISEREGRRP,RAISEREGROP,LOWER6SECRRP,LOWER6SECROP,LOWER60SECRRP,LOWER60SECROP,LOWER5MINRRP,LOWER5MINROP,LOWERREGRRP,LOWERREGROP,RAISE1SECRRP,RAISE1SECROP,LOWER1SECRRP,LOWER1SECROP,PRICE_STATUS
D,TRADING,PRICE,3,"2025/05/26 13:55:00",1,SA1,167,-22.5,0,0,"2025/05/26 13:50:06",-22.5,0.1,0.1,0.04,0.04,0.09,0.09,9.24,9.24,0.39,0.39,4,4,0.39,0.39,6,6,0.36,0.36,0.04,0.04,FIRM
D,TRADING,PRICE,3,"2025/05/26 13:55:00",1,NSW1,167,57.01,0,0,"2025/05/26 13:50:06",57.01,0.1,0.1,0.04,0.04,0.09,0.09,9.24,9.24,0.39,0.39,4,4,0.39,0.39,6,6,0.36,0.36,0.04,0.04,FIRM
D,TRADING,PRICE,3,"2025/05/26 13:55:00",1,QLD1,167,49.17,0,0,"2025/05/26 13:50:06",49.17,0.1,0.1,0.04,0.04,0.09,0.09,9.24,9.24,0.39,0.39,4,4,0.39,0.39,6,6,0.36,0.36,0.04,0.04,FIRM
D,TRADING,PRICE,3,"2025/05/26 13:55:00",1,TAS1,167,11.25,0,0,"2025/05/26 13:50:06",11.25,0.38,0.38,0.38,0.38,0.09,0.09,8.8,8.8,0.38,0.38,1.33,1.33,0,0,3.55,3.55,0.36,0.36,0.04,0.04,FIRM
D,TRADING,PRICE,3,"2025/05/26 13:55:00",1,VIC1,167,-27.8,0,0,"2025/05/26 13:50:06",-27.8,0.1,0.1,0.04,0.04,0.09,0.09,9.24,9.24,0.39,0.39,4,4,0.39,0.39,6,6,0.36,0.36,0.04,0.04,FIRM
C,"END OF REPORT",15
