C,NEMP.WORLD,TRADINGIS,AEMO,PUBLIC,2025/05/27,00:55:15,0000000465023980,TRADINGIS,0000000465023979
I,TRADING,INTERCONNECTORRES,2,SETTLEMENTDATE,RUNNO,INTERCONNECTORID,PERIODID,METEREDMWFLOW,MWFLOW,MWLOSSES,LASTCHANGED
D,TRADING,INTERCONNECTORRES,2,"2025/05/27 01:00:00",1,N-Q-MNSP1,12,10.1,9,0.6,"2025/05/27 00:55:08"
D,TRADING,INTERCONNECTORRES,2,"2025/05/27 01:00:00",1,NSW1-QLD1,12,473.6,528.87,28.31,"2025/05/27 00:55:08"
D,TRADING,INTERCONNECTORRES,2,"2025/05/27 01:00:00",1,T-V-MNSP1,12,-449.3,-457.39,23.54,"2025/05/27 00:55:08"
D,TRADING,INTERCONNECTORRES,2,"2025/05/27 01:00:00",1,V-S-MNSP1,12,-143,-142.91,35.15,"2025/05/27 00:55:08"
D,TRADING,INTERCONNECTORRES,2,"2025/05/27 01:00:00",1,V-SA,12,-271.75,-324.78,4.53,"2025/05/27 00:55:08"
D,TRADING,INTERCONNECTORRES,2,"2025/05/27 01:00:00",1,VIC1-NSW1,12,1012.64,1066.97,110.52,"2025/05/27 00:55:08"
I,TRADING,PRICE,3,SETTLEMENTDATE,RUNNO,REGIONID,PERIODID,RRP,EEP,INVALIDFLAG,LASTCHANGED,ROP,RAISE6SECRRP,RAISE6SECROP,RAISE60SECRRP,RAISE60SECROP,RAISE5MINRRP,RAISE5MINROP,RAISEREGRRP,RAISEREGROP,LOWER6SECRRP,LOWER6SECROP,LOWER60SECRRP,LOWER60SECROP,LOWER5MINRRP,LOWER5MINROP,LOWERREGRRP,LOWERREGROP,RAISE1SECRRP,RAISE1SECROP,LOWER1SECRRP,LOWER1SECROP,PRICE_STATUS
D,TRADING,PRICE,3,"2025/05/27 01:00:00",1,SA1,12,-13.05,0,0,"2025/05/27 00:55:08",-13.05,0.01,0.01,0.01,0.01,0.01,0.01,7.5,7.5,0.1,0.1,0.38,0.38,0.1,0.1,2.08,2.08,0.04,0.04,0,0,FIRM
D,TRADING,PRICE,3,"2025/05/27 01:00:00",1,NSW1,12,40.57,0,0,"2025/05/27 00:55:08",40.57,0.01,0.01,0.01,0.01,0.01,0.01,7.5,7.5,0.1,0.1,0.38,0.38,0.1,0.1,2.08,2.08,0.04,0.04,0,0,FIRM
D,TRADING,PRICE,3,"2025/05/27 01:00:00",1,QLD1,12,44.94,0,0,"2025/05/27 00:55:08",44.94,0.01,0.01,0.01,0.01,0.01,0.01,7.5,7.5,0.1,0.1,0.38,0.38,0.1,0.1,2.08,2.08,0.04,0.04,0,0,FIRM
D,TRADING,PRICE,3,"2025/05/27 01:00:00",1,TAS1,12,34.28,0,0,"2025/05/27 00:55:08",34.28,0.38,0.38,0.38,0.38,0.36,0.36,8.8,8.8,0.1,0.1,0.38,0.38,0,0,2.55,2.55,0.04,0.04,0,0,FIRM
D,TRADING,PRICE,3,"2025/05/27 01:00:00",1,VIC1,12,-13.76,0,0,"2025/05/27 00:55:08",-13.76,0.01,0.01,0.01,0.01,0.01,0.01,7.5,7.5,0.1,0.1,0.38,0.38,0.1,0.1,2.08,2.08,0.04,0.04,0,0,FIRM
C,"END OF REPORT",15
