C,NEMP.WORLD,TRADINGIS,AEMO,PUBLIC,2025/05/28,16:40:11,0000000465269585,TRADINGIS,0000000465269584
I,TRADING,INTERCONNECTORRES,2,SETTLEMENTDATE,RUNNO,INTERCONNECTORID,PERIODID,METEREDMWFLOW,MWFLOW,MWLOSSES,LASTCHANGED
D,TRADING,INTERCONNECTORRES,2,"2025/05/28 16:45:00",1,N-Q-MNSP1,201,-25.2,-25,0.65,"2025/05/28 16:40:03"
D,TRADING,INTERCONNECTORRES,2,"2025/05/28 16:45:00",1,NSW1-QLD1,201,-662,-835.85,20.5,"2025/05/28 16:40:03"
D,TRADING,INTERCONNECTORRES,2,"2025/05/28 16:45:00",1,T-V-MNSP1,201,-111.7,0,0,"2025/05/28 16:40:03"
D,TRADING,INTERCONNECTORRES,2,"2025/05/28 16:45:00",1,V-S-MNSP1,201,63,54,-0.46,"2025/05/28 16:40:03"
D,TRADING,INTERCONNECTORRES,2,"2025/05/28 16:45:00",1,V-SA,201,347.48,301.05,5.21,"2025/05/28 16:40:03"
D,TRADING,INTERCONNECTORRES,2,"2025/05/28 16:45:00",1,VIC1-NSW1,201,-558.52,-458.52,3.98,"2025/05/28 16:40:03"
I,TRADING,PRICE,3,SETTLEMENTDATE,RUNNO,REGIONID,PERIODID,RRP,EEP,INVALIDFLAG,LASTCHANGED,ROP,RAISE6SECRRP,RAISE6SECROP,RAISE60SECRRP,RAISE60SECROP,RAISE5MINRRP,RAISE5MINROP,RAISEREGRRP,RAISEREGROP,LOWER6SECRRP,LOWER6SECROP,LOWER60SECRRP,LOWER60SECROP,LOWER5MINRRP,LOWER5MINROP,LOWERREGRRP,LOWERREGROP,RAISE1SECRRP,RAISE1SECROP,LOWER1SECRRP,LOWER1SECROP,PRICE_STATUS
D,TRADING,PRICE,3,"2025/05/28 16:45:00",1,SA1,201,234.98,0,0,"2025/05/28 16:40:03",234.98,19.53,19.53,0.39,0.39,0.39,0.39,19.92,19.92,0,0,0.01,0.01,0.1,0.1,5.03,5.03,0.94,0.94,0,0,FIRM
D,TRADING,PRICE,3,"2025/05/28 16:45:00",1,NSW1,201,299.49,0,0,"2025/05/28 16:40:03",299.49,19.53,19.53,0.39,0.39,0.39,0.39,19.92,19.92,0,0,0.01,0.01,0.1,0.1,5.03,5.03,0.94,0.94,0,0,FIRM
D,TRADING,PRICE,3,"2025/05/28 16:45:00",1,QLD1,201,115.61,0,0,"2025/05/28 16:40:03",115.61,19.53,19.53,0.39,0.39,0.39,0.39,19.92,19.92,65.89,65.89,62.5,62.5,32,32,36.93,36.93,0.94,0.94,0,0,FIRM
D,TRADING,PRICE,3,"2025/05/28 16:45:00",1,TAS1,201,150.24,0,0,"2025/05/28 16:40:03",150.24,4.61,4.61,0.38,0.38,0.38,0.38,8.4,8.4,0.38,0.38,0.38,0.38,0.38,0.38,2.48,2.48,0,0,0,0,FIRM
D,TRADING,PRICE,3,"2025/05/28 16:45:00",1,VIC1,201,223.37,0,0,"2025/05/28 16:40:03",223.37,19.53,19.53,0.39,0.39,0.39,0.39,19.92,19.92,0,0,0.01,0.01,0.1,0.1,5.03,5.03,0.94,0.94,0,0,FIRM
C,"END OF REPORT",15
