C,NEMP.WORLD,TRADINGIS,AEMO,PUBLIC,2025/05/29,11:15:11,0000000465377061,TRADINGIS,0000000465377060
I,TRADING,INTERCONNECTORRES,2,SETTLEMENTDATE,RUNNO,INTERCONNECTORID,PERIODID,METEREDMWFLOW,MWFLOW,MWLOSSES,LASTCHANGED
D,TRADING,INTERCONNECTORRES,2,"2025/05/29 11:20:00",1,N-Q-MNSP1,136,-18.9,-17,0.07,"2025/05/29 11:15:04"
D,TRADING,INTERCONNECTORRES,2,"2025/05/29 11:20:00",1,NSW1-QLD1,136,-405.3,-401.11,8.68,"2025/05/29 11:15:04"
D,TRADING,INTERCONNECTORRES,2,"2025/05/29 11:20:00",1,T-V-MNSP1,136,-470.6,-470.14,24.82,"2025/05/29 11:15:04"
D,TRADING,INTERCONNECTORRES,2,"2025/05/29 11:20:00",1,V-S-MNSP1,136,18,18,-0.93,"2025/05/29 11:15:04"
D,TRADING,INTERCONNECTORRES,2,"2025/05/29 11:20:00",1,V-SA,136,-8.7,-39.55,1.27,"2025/05/29 11:15:04"
D,TRADING,INTERCONNECTORRES,2,"2025/05/29 11:20:00",1,VIC1-NSW1,136,18.14,78.97,5.44,"2025/05/29 11:15:04"
I,TRADING,PRICE,3,SETTLEMENTDATE,RUNNO,REGIONID,PERIODID,RRP,EEP,INVALIDFLAG,LASTCHANGED,ROP,RAISE6SECRRP,RAISE6SECROP,RAISE60SECRRP,RAISE60SECROP,RAISE5MINRRP,RAISE5MINROP,RAISEREGRRP,RAISEREGROP,LOWER6SECRRP,LOWER6SECROP,LOWER60SECRRP,LOWER60SECROP,LOWER5MINRRP,LOWER5MINROP,LOWERREGRRP,LOWERREGROP,RAISE1SECRRP,RAISE1SECROP,LOWER1SECRRP,LOWER1SECROP,PRICE_STATUS
D,TRADING,PRICE,3,"2025/05/29 11:20:00",1,SA1,136,73.07,0,0,"2025/05/29 11:15:04",73.07,0.37,0.37,0.1,0.1,0.15,0.15,5.99,5.99,0.1,0.1,0.39,0.39,0,0,0,0,0.81,0.81,0,0,FIRM
D,TRADING,PRICE,3,"2025/05/29 11:20:00",1,NSW1,136,81.75,0,0,"2025/05/29 11:15:04",81.75,0.37,0.37,0.1,0.1,0.15,0.15,5.99,5.99,0.1,0.1,0.39,0.39,0,0,0,0,0.81,0.81,0,0,FIRM
D,TRADING,PRICE,3,"2025/05/29 11:20:00",1,QLD1,136,75.63,0,0,"2025/05/29 11:15:04",75.63,0.37,0.37,0.1,0.1,0.15,0.15,5.99,5.99,1.55,1.55,0.39,0.39,0,0,0,0,0.81,0.81,0,0,FIRM
D,TRADING,PRICE,3,"2025/05/29 11:20:00",1,TAS1,136,100.07,0,0,"2025/05/29 11:15:04",100.07,0.38,0.38,0.38,0.38,0.36,0.36,5.54,5.54,0.1,0.1,0.38,0.38,0,0,2.46,2.46,0.81,0.81,0,0,FIRM
D,TRADING,PRICE,3,"2025/05/29 11:20:00",1,VIC1,136,75.85,0,0,"2025/05/29 11:15:04",75.85,0.37,0.37,0.1,0.1,0.15,0.15,5.99,5.99,0.1,0.1,0.39,0.39,0,0,0,0,0.81,0.81,0,0,FIRM
C,"END OF REPORT",15
