C,NEMP.WORLD,TRADINGIS,AEMO,PUBLIC,2025/05/29,11:05:10,0000000465375970,TRADINGIS,0000000465375969
I,TRADING,INTERCONNECTORRES,2,SETTLEMENTDATE,RUNNO,INTERCONNECTORID,PERIODID,METEREDMWFLOW,MWFLOW,MWLOSSES,LASTCHANGED
D,TRADING,INTERCONNECTORRES,2,"2025/05/29 11:10:00",1,N-Q-MNSP1,134,-18.5,-17,0.07,"2025/05/29 11:05:03"
D,TRADING,INTERCONNECTORRES,2,"2025/05/29 11:10:00",1,NSW1-QLD1,134,-314.1,-318.49,3.35,"2025/05/29 11:05:03"
D,TRADING,INTERCONNECTORRES,2,"2025/05/29 11:10:00",1,T-V-MNSP1,134,-462.7,-457.4,23.54,"2025/05/29 11:05:03"
D,TRADING,INTERCONNECTORRES,2,"2025/05/29 11:10:00",1,V-S-MNSP1,134,27,18,-0.93,"2025/05/29 11:05:03"
D,TRADING,INTERCONNECTORRES,2,"2025/05/29 11:10:00",1,V-SA,134,-1.74,-51,1.51,"2025/05/29 11:05:03"
D,TRADING,INTERCONNECTORRES,2,"2025/05/29 11:10:00",1,VIC1-NSW1,134,158.68,94.57,6.15,"2025/05/29 11:05:03"
I,TRADING,PRICE,3,SETTLEMENTDATE,RUNNO,REGIONID,PERIODID,RRP,EEP,INVALIDFLAG,LASTCHANGED,ROP,RAISE6SECRRP,RAISE6SECROP,RAISE60SECRRP,RAISE60SECROP,RAISE5MINRRP,RAISE5MINROP,RAISEREGRRP,RAISEREGROP,LOWER6SECRRP,LOWER6SECROP,LOWER60SECRRP,LOWER60SECROP,LOWER5MINRRP,LOWER5MINROP,LOWERREGRRP,LOWERREGROP,RAISE1SECRRP,RAISE1SECROP,LOWER1SECRRP,LOWER1SECROP,PRICE_STATUS
D,TRADING,PRICE,3,"2025/05/29 11:10:00",1,SA1,134,80.44,0,0,"2025/05/29 11:05:03",80.44,0.37,0.37,0.1,0.1,0.1,0.1,5.99,5.99,0.1,0.1,0.38,0.38,0.1,0.1,0.93,0.93,0.81,0.81,0,0,FIRM
D,TRADING,PRICE,3,"2025/05/29 11:10:00",1,NSW1,134,89.34,0,0,"2025/05/29 11:05:03",89.34,0.37,0.37,0.1,0.1,0.1,0.1,5.99,5.99,0.1,0.1,0.38,0.38,0.1,0.1,0.93,0.93,0.81,0.81,0,0,FIRM
D,TRADING,PRICE,3,"2025/05/29 11:10:00",1,QLD1,134,86.09,0,0,"2025/05/29 11:05:03",86.09,0.37,0.37,0.1,0.1,0.1,0.1,5.99,5.99,0.1,0.1,0.38,0.38,0.1,0.1,0.93,0.93,0.81,0.81,0,0,FIRM
D,TRADING,PRICE,3,"2025/05/29 11:10:00",1,TAS1,134,100.1,0,0,"2025/05/29 11:05:03",100.1,0.38,0.38,0.38,0.38,0.1,0.1,5.54,5.54,0.1,0.1,0.38,0.38,0,0,2.46,2.46,0.81,0.81,0,0,FIRM
D,TRADING,PRICE,3,"2025/05/29 11:10:00",1,VIC1,134,83.29,0,0,"2025/05/29 11:05:03",83.29,0.37,0.37,0.1,0.1,0.1,0.1,5.99,5.99,0.1,0.1,0.38,0.38,0.1,0.1,0.93,0.93,0.81,0.81,0,0,FIRM
C,"END OF REPORT",15
