C,NEMP.WORLD,TRADINGIS,AEMO,PUBLIC,2025/05/27,02:25:13,0000000465032915,TRADINGIS,0000000465032914
I,TRADING,INTERCONNECTORRES,2,SETTLEMENTDATE,RUNNO,INTERCONNECTORID,PERIODID,METEREDMWFLOW,MWFLOW,MWLOSSES,LASTCHANGED
D,TRADING,INTERCONNECTORRES,2,"2025/05/27 02:30:00",1,N-Q-MNSP1,30,13.1,9,0.6,"2025/05/27 02:25:06"
D,TRADING,INTERCONNECTORRES,2,"2025/05/27 02:30:00",1,NSW1-QLD1,30,566,610.22,32.56,"2025/05/27 02:25:06"
D,TRADING,INTERCONNECTORRES,2,"2025/05/27 02:30:00",1,T-V-MNSP1,30,-452.3,-459.58,23.76,"2025/05/27 02:25:06"
D,TRADING,INTERCONNECTORRES,2,"2025/05/27 02:30:00",1,V-S-MNSP1,30,-147,-146.88,36.84,"2025/05/27 02:25:06"
D,TRADING,INTERCONNECTORRES,2,"2025/05/27 02:30:00",1,V-SA,30,-320.73,-293.41,3.72,"2025/05/27 02:25:06"
D,TRADING,INTERCONNECTORRES,2,"2025/05/27 02:30:00",1,VIC1-NSW1,30,925.7,939.38,93.93,"2025/05/27 02:25:06"
I,TRADING,PRICE,3,SETTLEMENTDATE,RUNNO,REGIONID,PERIODID,RRP,EEP,INVALIDFLAG,LASTCHANGED,ROP,RAISE6SECRRP,RAISE6SECROP,RAISE60SECRRP,RAISE60SECROP,RAISE5MINRRP,RAISE5MINROP,RAISEREGRRP,RAISEREGROP,LOWER6SECRRP,LOWER6SECROP,LOWER60SECRRP,LOWER60SECROP,LOWER5MINRRP,LOWER5MINROP,LOWERREGRRP,LOWERREGROP,RAISE1SECRRP,RAISE1SECROP,LOWER1SECRRP,LOWER1SECROP,PRICE_STATUS
D,TRADING,PRICE,3,"2025/05/27 02:30:00",1,SA1,30,-13.26,0,0,"2025/05/27 02:25:06",-13.26,0.01,0.01,0.01,0.01,0.01,0.01,9.24,9.24,0.39,0.39,0.86,0.86,0,0,0,0,0.1,0.1,0,0,FIRM
D,TRADING,PRICE,3,"2025/05/27 02:30:00",1,NSW1,30,45.6,0,0,"2025/05/27 02:25:06",45.6,0.01,0.01,0.01,0.01,0.01,0.01,9.24,9.24,0.39,0.39,0.86,0.86,0,0,0,0,0.1,0.1,0,0,FIRM
D,TRADING,PRICE,3,"2025/05/27 02:30:00",1,QLD1,30,50.75,0,0,"2025/05/27 02:25:06",50.75,0.01,0.01,0.01,0.01,0.01,0.01,9.24,9.24,0.39,0.39,0.86,0.86,0,0,0,0,0.1,0.1,0,0,FIRM
D,TRADING,PRICE,3,"2025/05/27 02:30:00",1,TAS1,30,11.25,0,0,"2025/05/27 02:25:06",11.25,0.38,0.38,0.38,0.38,0.01,0.01,6.97,6.97,0.38,0.38,0.38,0.38,0,0,2.55,2.55,0.1,0.1,0,0,FIRM
D,TRADING,PRICE,3,"2025/05/27 02:30:00",1,VIC1,30,-13.91,0,0,"2025/05/27 02:25:06",-13.91,0.01,0.01,0.01,0.01,0.01,0.01,9.24,9.24,0.39,0.39,0.86,0.86,0,0,0,0,0.1,0.1,0,0,FIRM
C,"END OF REPORT",15
