C,NEMP.WORLD,TRADINGIS,AEMO,PUBLIC,2025/05/28,21:20:11,0000000465297283,TRADINGIS,0000000465297282
I,TRADING,INTERCONNECTORRES,2,SETTLEMENTDATE,RUNNO,INTERCONNECTORID,PERIODID,METEREDMWFLOW,MWFLOW,MWLOSSES,LASTCHANGED
D,TRADING,INTERCONNECTORRES,2,"2025/05/28 21:25:00",1,N-Q-MNSP1,257,-32.5,-33,1.59,"2025/05/28 21:20:04"
D,TRADING,INTERCONNECTORRES,2,"2025/05/28 21:25:00",1,NSW1-QLD1,257,-1116.9,-1081.96,58.48,"2025/05/28 21:20:04"
D,TRADING,INTERCONNECTORRES,2,"2025/05/28 21:25:00",1,T-V-MNSP1,257,-268,-221.41,5.96,"2025/05/28 21:20:04"
D,TRADING,INTERCONNECTORRES,2,"2025/05/28 21:25:00",1,V-S-MNSP1,257,63,72,0.95,"2025/05/28 21:20:04"
D,TRADING,INTERCONNECTORRES,2,"2025/05/28 21:25:00",1,V-SA,257,279.15,387.51,20.88,"2025/05/28 21:20:04"
D,TRADING,INTERCONNECTORRES,2,"2025/05/28 21:25:00",1,VIC1-NSW1,257,-49.97,-71.3,-0.28,"2025/05/28 21:20:04"
I,TRADING,PRICE,3,SETTLEMENTDATE,RUNNO,REGIONID,PERIODID,RRP,EEP,INVALIDFLAG,LASTCHANGED,ROP,RAISE6SECRRP,RAISE6SECROP,RAISE60SECRRP,RAISE60SECROP,RAISE5MINRRP,RAISE5MINROP,RAISEREGRRP,RAISEREGROP,LOWER6SECRRP,LOWER6SECROP,LOWER60SECRRP,LOWER60SECROP,LOWER5MINRRP,LOWER5MINROP,LOWERREGRRP,LOWERREGROP,RAISE1SECRRP,RAISE1SECROP,LOWER1SECRRP,LOWER1SECROP,PRICE_STATUS
D,TRADING,PRICE,3,"2025/05/28 21:25:00",1,SA1,257,138,0,0,"2025/05/28 21:20:04",138,0.38,0.38,0.23,0.23,0.15,0.15,7.86,7.86,0.03,0.03,0.38,0.38,0,0,0,0,0.36,0.36,0,0,FIRM
D,TRADING,PRICE,3,"2025/05/28 21:25:00",1,NSW1,257,118.84,0,0,"2025/05/28 21:20:04",118.84,0.38,0.38,0.23,0.23,0.15,0.15,7.86,7.86,0.03,0.03,0.38,0.38,0,0,0,0,0.36,0.36,0,0,FIRM
D,TRADING,PRICE,3,"2025/05/28 21:25:00",1,QLD1,257,101.73,0,0,"2025/05/28 21:20:04",101.73,0.38,0.38,0.23,0.23,0.15,0.15,7.86,7.86,0.03,0.03,0.38,0.38,0,0,0,0,0.36,0.36,0,0,FIRM
D,TRADING,PRICE,3,"2025/05/28 21:25:00",1,TAS1,257,129.87,0,0,"2025/05/28 21:20:04",129.87,0.38,0.38,0.38,0.38,0.15,0.15,8.4,8.4,0.03,0.03,0.38,0.38,0,0,3.48,3.48,0.36,0.36,0,0,FIRM
D,TRADING,PRICE,3,"2025/05/28 21:25:00",1,VIC1,257,125.4,0,0,"2025/05/28 21:20:04",125.4,0.38,0.38,0.23,0.23,0.15,0.15,7.86,7.86,0.03,0.03,0.38,0.38,0,0,0,0,0.36,0.36,0,0,FIRM
C,"END OF REPORT",15
