C,NEMP.WORLD,TRADINGIS,AEMO,PUBLIC,2025/05/27,05:45:10,0000000465053403,TRADINGIS,0000000465053402
I,TRADING,INTERCONNECTORRES,2,SETTLEMENTDATE,RUNNO,INTERCONNECTORID,PERIODID,METEREDMWFLOW,MWFLOW,MWLOSSES,LASTCHANGED
D,TRADING,INTERCONNECTORRES,2,"2025/05/27 05:50:00",1,N-Q-MNSP1,70,7.9,9,0.6,"2025/05/27 05:45:03"
D,TRADING,INTERCONNECTORRES,2,"2025/05/27 05:50:00",1,NSW1-QLD1,70,356.1,376.85,17.59,"2025/05/27 05:45:03"
D,TRADING,INTERCONNECTORRES,2,"2025/05/27 05:50:00",1,T-V-MNSP1,70,-451.1,-464.49,24.25,"2025/05/27 05:45:03"
D,TRADING,INTERCONNECTORRES,2,"2025/05/27 05:50:00",1,V-S-MNSP1,70,-146,-148.03,37.33,"2025/05/27 05:45:03"
D,TRADING,INTERCONNECTORRES,2,"2025/05/27 05:50:00",1,V-SA,70,-220.97,-202.47,2.42,"2025/05/27 05:45:03"
D,TRADING,INTERCONNECTORRES,2,"2025/05/27 05:50:00",1,VIC1-NSW1,70,898.89,944.77,96.73,"2025/05/27 05:45:03"
I,TRADING,PRICE,3,SETTLEMENTDATE,RUNNO,REGIONID,PERIODID,RRP,EEP,INVALIDFLAG,LASTCHANGED,ROP,RAISE6SECRRP,RAISE6SECROP,RAISE60SECRRP,RAISE60SECROP,RAISE5MINRRP,RAISE5MINROP,RAISEREGRRP,RAISEREGROP,LOWER6SECRRP,LOWER6SECROP,LOWER60SECRRP,LOWER60SECROP,LOWER5MINRRP,LOWER5MINROP,LOWERREGRRP,LOWERREGROP,RAISE1SECRRP,RAISE1SECROP,LOWER1SECRRP,LOWER1SECROP,PRICE_STATUS
D,TRADING,PRICE,3,"2025/05/27 05:50:00",1,SA1,70,0,0,0,"2025/05/27 05:45:03",0,0.37,0.37,0.1,0.1,0.1,0.1,3.38,3.38,0.03,0.03,0.1,0.1,0.1,0.1,7.65,7.65,0.38,0.38,0,0,FIRM
D,TRADING,PRICE,3,"2025/05/27 05:50:00",1,NSW1,70,57.01,0,0,"2025/05/27 05:45:03",57.01,0.37,0.37,0.1,0.1,0.1,0.1,3.38,3.38,0.03,0.03,0.1,0.1,0.1,0.1,7.65,7.65,0.38,0.38,0,0,FIRM
D,TRADING,PRICE,3,"2025/05/27 05:50:00",1,QLD1,70,61.71,0,0,"2025/05/27 05:45:03",61.71,0.37,0.37,0.1,0.1,0.1,0.1,3.38,3.38,0.03,0.03,0.1,0.1,0.1,0.1,7.65,7.65,0.38,0.38,0,0,FIRM
D,TRADING,PRICE,3,"2025/05/27 05:50:00",1,TAS1,70,35.24,0,0,"2025/05/27 05:45:03",35.24,0.38,0.38,0.38,0.38,0.36,0.36,8.4,8.4,0.03,0.03,0.1,0.1,0,0,2.48,2.48,0.38,0.38,0,0,FIRM
D,TRADING,PRICE,3,"2025/05/27 05:50:00",1,VIC1,70,0,0,0,"2025/05/27 05:45:03",0,0.37,0.37,0.1,0.1,0.1,0.1,3.38,3.38,0.03,0.03,0.1,0.1,0.1,0.1,7.65,7.65,0.38,0.38,0,0,FIRM
C,"END OF REPORT",15
