C,NEMP.WORLD,TRADINGIS,AEMO,PUBLIC,2025/05/27,05:00:16,0000000465048552,TRADINGIS,0000000465048551
I,TRADING,INTERCONNECTORRES,2,SETTLEMENTDATE,RUNNO,INTERCONNECTORID,PERIODID,METEREDMWFLOW,MWFLOW,MWLOSSES,LASTCHANGED
D,TRADING,INTERCONNECTORRES,2,"2025/05/27 05:05:00",1,N-Q-MNSP1,61,9.2,9,0.6,"2025/05/27 05:00:09"
D,TRADING,INTERCONNECTORRES,2,"2025/05/27 05:05:00",1,NSW1-QLD1,61,354.2,383.97,14.84,"2025/05/27 05:00:09"
D,TRADING,INTERCONNECTORRES,2,"2025/05/27 05:05:00",1,T-V-MNSP1,61,-451.1,-457.56,23.55,"2025/05/27 05:00:09"
D,TRADING,INTERCONNECTORRES,2,"2025/05/27 05:05:00",1,V-S-MNSP1,61,-146,-149.02,37.76,"2025/05/27 05:00:09"
D,TRADING,INTERCONNECTORRES,2,"2025/05/27 05:05:00",1,V-SA,61,-304.72,-287.72,4.9,"2025/05/27 05:00:09"
D,TRADING,INTERCONNECTORRES,2,"2025/05/27 05:05:00",1,VIC1-NSW1,61,993.06,952,98.92,"2025/05/27 05:00:09"
I,TRADING,PRICE,3,SETTLEMENTDATE,RUNNO,REGIONID,PERIODID,RRP,EEP,INVALIDFLAG,LASTCHANGED,ROP,RAISE6SECRRP,RAISE6SECROP,RAISE60SECRRP,RAISE60SECROP,RAISE5MINRRP,RAISE5MINROP,RAISEREGRRP,RAISEREGROP,LOWER6SECRRP,LOWER6SECROP,LOWER60SECRRP,LOWER60SECROP,LOWER5MINRRP,LOWER5MINROP,LOWERREGRRP,LOWERREGROP,RAISE1SECRRP,RAISE1SECROP,LOWER1SECRRP,LOWER1SECROP,PRICE_STATUS
D,TRADING,PRICE,3,"2025/05/27 05:05:00",1,SA1,61,-13.1,0,0,"2025/05/27 05:00:09",-13.1,0.23,0.23,0.1,0.1,0.1,0.1,3.99,3.99,0.1,0.1,0.15,0.15,0.01,0.01,0.2,0.2,0.37,0.37,0,0,FIRM
D,TRADING,PRICE,3,"2025/05/27 05:05:00",1,NSW1,61,47.29,0,0,"2025/05/27 05:00:09",47.29,0.23,0.23,0.1,0.1,0.1,0.1,3.99,3.99,0.1,0.1,0.15,0.15,0.01,0.01,0.2,0.2,0.37,0.37,0,0,FIRM
D,TRADING,PRICE,3,"2025/05/27 05:05:00",1,QLD1,61,50.75,0,0,"2025/05/27 05:00:09",50.75,0.23,0.23,0.1,0.1,0.1,0.1,3.99,3.99,0.1,0.1,0.15,0.15,0.01,0.01,0.2,0.2,0.37,0.37,0,0,FIRM
D,TRADING,PRICE,3,"2025/05/27 05:05:00",1,TAS1,61,11.25,0,0,"2025/05/27 05:00:09",11.25,0.38,0.38,0.38,0.38,0.1,0.1,6.6,6.6,0.1,0.1,0.15,0.15,0,0,2.48,2.48,0.37,0.37,0,0,FIRM
D,TRADING,PRICE,3,"2025/05/27 05:05:00",1,VIC1,61,-13.76,0,0,"2025/05/27 05:00:09",-13.76,0.23,0.23,0.1,0.1,0.1,0.1,3.99,3.99,0.1,0.1,0.15,0.15,0.01,0.01,0.2,0.2,0.37,0.37,0,0,FIRM
C,"END OF REPORT",15
