C,NEMP.WORLD,TRADINGIS,AEMO,PUBLIC,2025/05/26,15:20:15,0000000464963778,TRADINGIS,0000000464963777
I,TRADING,INTERCONNECTORRES,2,SETTLEMENTDATE,RUNNO,INTERCONNECTORID,PERIODID,METEREDMWFLOW,MWFLOW,MWLOSSES,LASTCHANGED
D,TRADING,INTERCONNECTORRES,2,"2025/05/26 15:25:00",1,N-Q-MNSP1,185,-18.5,-17,0.07,"2025/05/26 15:20:08"
D,TRADING,INTERCONNECTORRES,2,"2025/05/26 15:25:00",1,NSW1-QLD1,185,-559.5,-542.55,7.22,"2025/05/26 15:20:08"
D,TRADING,INTERCONNECTORRES,2,"2025/05/26 15:25:00",1,T-V-MNSP1,185,-429.7,-436.07,21.48,"2025/05/26 15:20:08"
D,TRADING,INTERCONNECTORRES,2,"2025/05/26 15:25:00",1,V-S-MNSP1,185,91,28.81,-1.1,"2025/05/26 15:20:08"
D,TRADING,INTERCONNECTORRES,2,"2025/05/26 15:25:00",1,V-SA,185,-83.85,-229.34,2.4,"2025/05/26 15:20:08"
D,TRADING,INTERCONNECTORRES,2,"2025/05/26 15:25:00",1,VIC1-NSW1,185,751.72,820.03,76.85,"2025/05/26 15:20:08"
I,TRADING,PRICE,3,SETTLEMENTDATE,RUNNO,REGIONID,PERIODID,RRP,EEP,INVALIDFLAG,LASTCHANGED,ROP,RAISE6SECRRP,RAISE6SECROP,RAISE60SECRRP,RAISE60SECROP,RAISE5MINRRP,RAISE5MINROP,RAISEREGRRP,RAISEREGROP,LOWER6SECRRP,LOWER6SECROP,LOWER60SECRRP,LOWER60SECROP,LOWER5MINRRP,LOWER5MINROP,LOWERREGRRP,LOWERREGROP,RAISE1SECRRP,RAISE1SECROP,LOWER1SECRRP,LOWER1SECROP,PRICE_STATUS
D,TRADING,PRICE,3,"2025/05/26 15:25:00",1,SA1,185,-19.26,0,0,"2025/05/26 15:20:08",-19.26,0.1,0.1,0.04,0.04,0.04,0.04,7.99,7.99,0.38,0.38,0.38,0.38,0.38,0.38,0.72,0.72,0.36,0.36,0.01,0.01,FIRM
D,TRADING,PRICE,3,"2025/05/26 15:25:00",1,NSW1,185,76.8,0,0,"2025/05/26 15:20:08",76.8,0.1,0.1,0.04,0.04,0.04,0.04,7.99,7.99,0.38,0.38,0.38,0.38,0.38,0.38,0.72,0.72,0.36,0.36,0.01,0.01,FIRM
D,TRADING,PRICE,3,"2025/05/26 15:25:00",1,QLD1,185,72.13,0,0,"2025/05/26 15:20:08",72.13,0.1,0.1,0.04,0.04,0.04,0.04,7.99,7.99,0.38,0.38,0.38,0.38,0.38,0.38,0.72,0.72,0.36,0.36,0.01,0.01,FIRM
D,TRADING,PRICE,3,"2025/05/26 15:25:00",1,TAS1,185,11.25,0,0,"2025/05/26 15:20:08",11.25,0.38,0.38,0.38,0.38,0.36,0.36,8.8,8.8,0.38,0.38,0.38,0.38,0,0,2.55,2.55,0.36,0.36,0.01,0.01,FIRM
D,TRADING,PRICE,3,"2025/05/26 15:25:00",1,VIC1,185,-19.99,0,0,"2025/05/26 15:20:08",-19.99,0.1,0.1,0.04,0.04,0.04,0.04,7.99,7.99,0.38,0.38,0.38,0.38,0.38,0.38,0.72,0.72,0.36,0.36,0.01,0.01,FIRM
C,"END OF REPORT",15
