C,NEMP.WORLD,TRADINGIS,AEMO,PUBLIC,2025/05/28,08:20:16,0000000465217247,TRADINGIS,0000000465217246
I,TRADING,INTERCONNECTORRES,2,SETTLEMENTDATE,RUNNO,INTERCONNECTORID,PERIODID,METEREDMWFLOW,MWFLOW,MWLOSSES,LASTCHANGED
D,TRADING,INTERCONNECTORRES,2,"2025/05/28 08:25:00",1,N-Q-MNSP1,101,-16.1,63.9,13.94,"2025/05/28 08:20:09"
D,TRADING,INTERCONNECTORRES,2,"2025/05/28 08:25:00",1,NSW1-QLD1,101,-545.1,-518.82,15.36,"2025/05/28 08:20:09"
D,TRADING,INTERCONNECTORRES,2,"2025/05/28 08:25:00",1,T-V-MNSP1,101,-434.6,-436.21,21.49,"2025/05/28 08:20:09"
D,TRADING,INTERCONNECTORRES,2,"2025/05/28 08:25:00",1,V-S-MNSP1,101,81,81,1.95,"2025/05/28 08:20:09"
D,TRADING,INTERCONNECTORRES,2,"2025/05/28 08:25:00",1,V-SA,101,537.14,549.84,36.57,"2025/05/28 08:20:09"
D,TRADING,INTERCONNECTORRES,2,"2025/05/28 08:25:00",1,VIC1-NSW1,101,-641.79,-430.18,11.07,"2025/05/28 08:20:09"
I,TRADING,PRICE,3,SETTLEMENTDATE,RUNNO,REGIONID,PERIODID,RRP,EEP,INVALIDFLAG,LASTCHANGED,ROP,RAISE6SECRRP,RAISE6SECROP,RAISE60SECRRP,RAISE60SECROP,RAISE5MINRRP,RAISE5MINROP,RAISEREGRRP,RAISEREGROP,LOWER6SECRRP,LOWER6SECROP,LOWER60SECRRP,LOWER60SECROP,LOWER5MINRRP,LOWER5MINROP,LOWERREGRRP,LOWERREGROP,RAISE1SECRRP,RAISE1SECROP,LOWER1SECRRP,LOWER1SECROP,PRICE_STATUS
D,TRADING,PRICE,3,"2025/05/28 08:25:00",1,SA1,101,138,0,0,"2025/05/28 08:20:09",138,0.37,0.37,0.1,0.1,0.15,0.15,5,5,0.38,0.38,0.45,0.45,0.1,0.1,0.1,0.1,0.38,0.38,0,0,FIRM
D,TRADING,PRICE,3,"2025/05/28 08:25:00",1,NSW1,101,2.81,0,0,"2025/05/28 08:20:09",2.81,0.37,0.37,0.1,0.1,0.15,0.15,5,5,0.38,0.38,0.45,0.45,0.1,0.1,0.1,0.1,0.38,0.38,0,0,FIRM
D,TRADING,PRICE,3,"2025/05/28 08:25:00",1,QLD1,101,-18,0,0,"2025/05/28 08:20:09",-18,0.37,0.37,0.1,0.1,0.15,0.15,5,5,13.32,13.32,8.68,8.68,0.1,0.1,0.1,0.1,0.38,0.38,0,0,FIRM
D,TRADING,PRICE,3,"2025/05/28 08:25:00",1,TAS1,101,149.28,0,0,"2025/05/28 08:20:09",149.28,0.38,0.38,0.38,0.38,0.15,0.15,8.4,8.4,0.38,0.38,0.38,0.38,0,0,2.48,2.48,0.38,0.38,0,0,FIRM
D,TRADING,PRICE,3,"2025/05/28 08:25:00",1,VIC1,101,121.37,0,0,"2025/05/28 08:20:09",121.37,0.37,0.37,0.1,0.1,0.15,0.15,5,5,0.38,0.38,0.45,0.45,0.1,0.1,0.1,0.1,0.38,0.38,0,0,FIRM
C,"END OF REPORT",15
