C,NEMP.WORLD,TRADINGIS,AEMO,PUBLIC,2025/05/29,18:50:11,0000000465426474,TRADINGIS,0000000465426473
I,TRADING,INTERCONNECTORRES,2,SETTLEMENTDATE,RUNNO,INTERCONNECTORID,PERIODID,METEREDMWFLOW,MWFLOW,MWLOSSES,LASTCHANGED
D,TRADING,INTERCONNECTORRES,2,"2025/05/29 18:55:00",1,N-Q-MNSP1,227,-9.9,-9,-0.16,"2025/05/29 18:50:03"
D,TRADING,INTERCONNECTORRES,2,"2025/05/29 18:55:00",1,NSW1-QLD1,227,-476.8,-509.07,-9.61,"2025/05/29 18:50:03"
D,TRADING,INTERCONNECTORRES,2,"2025/05/29 18:55:00",1,T-V-MNSP1,227,100.1,0,0,"2025/05/29 18:50:03"
D,TRADING,INTERCONNECTORRES,2,"2025/05/29 18:55:00",1,V-S-MNSP1,227,45,45,-0.87,"2025/05/29 18:50:03"
D,TRADING,INTERCONNECTORRES,2,"2025/05/29 18:55:00",1,V-SA,227,149.08,153.55,3.71,"2025/05/29 18:50:03"
D,TRADING,INTERCONNECTORRES,2,"2025/05/29 18:55:00",1,VIC1-NSW1,227,85.72,14.22,0.08,"2025/05/29 18:50:03"
I,TRADING,PRICE,3,SETTLEMENTDATE,RUNNO,REGIONID,PERIODID,RRP,EEP,INVALIDFLAG,LASTCHANGED,ROP,RAISE6SECRRP,RAISE6SECROP,RAISE60SECRRP,RAISE60SECROP,RAISE5MINRRP,RAISE5MINROP,RAISEREGRRP,RAISEREGROP,LOWER6SECRRP,LOWER6SECROP,LOWER60SECRRP,LOWER60SECROP,LOWER5MINRRP,LOWER5MINROP,LOWERREGRRP,LOWERREGROP,RAISE1SECRRP,RAISE1SECROP,LOWER1SECRRP,LOWER1SECROP,PRICE_STATUS
D,TRADING,PRICE,3,"2025/05/29 18:55:00",1,SA1,227,148.98,0,0,"2025/05/29 18:50:03",148.98,0.37,0.37,0.1,0.1,0.15,0.15,5.99,5.99,0.38,0.38,0.38,0.38,0.38,0.38,3.59,3.59,0.36,0.36,0.01,0.01,FIRM
D,TRADING,PRICE,3,"2025/05/29 18:55:00",1,NSW1,227,143.71,0,0,"2025/05/29 18:50:03",143.71,0.37,0.37,0.1,0.1,0.15,0.15,5.99,5.99,0.38,0.38,0.38,0.38,0.38,0.38,3.59,3.59,0.36,0.36,0.01,0.01,FIRM
D,TRADING,PRICE,3,"2025/05/29 18:55:00",1,QLD1,227,139.89,0,0,"2025/05/29 18:50:03",139.89,0.37,0.37,0.1,0.1,0.15,0.15,5.99,5.99,0.38,0.38,0.38,0.38,0.38,0.38,3.59,3.59,0.36,0.36,0.01,0.01,FIRM
D,TRADING,PRICE,3,"2025/05/29 18:55:00",1,TAS1,227,150.24,0,0,"2025/05/29 18:50:03",150.24,1.75,1.75,3,3,0.38,0.38,8.54,8.54,0,0,0,0,0,0,2.46,2.46,0.36,0.36,0,0,FIRM
D,TRADING,PRICE,3,"2025/05/29 18:55:00",1,VIC1,227,142.66,0,0,"2025/05/29 18:50:03",142.66,0.37,0.37,0.1,0.1,0.15,0.15,5.99,5.99,0.38,0.38,0.38,0.38,0.38,0.38,3.59,3.59,0.36,0.36,0.01,0.01,FIRM
C,"END OF REPORT",15
