C,NEMP.WORLD,TRADINGIS,AEMO,PUBLIC,2025/05/29,01:20:11,0000000465320552,TRADINGIS,0000000465320551
I,TRADING,INTERCONNECTORRES,2,SETTLEMENTDATE,RUNNO,INTERCONNECTORID,PERIODID,METEREDMWFLOW,MWFLOW,MWLOSSES,LASTCHANGED
D,TRADING,INTERCONNECTORRES,2,"2025/05/29 01:25:00",1,N-Q-MNSP1,17,-15.1,-17,0.07,"2025/05/29 01:20:04"
D,TRADING,INTERCONNECTORRES,2,"2025/05/29 01:25:00",1,NSW1-QLD1,17,-339.8,-413.33,14.19,"2025/05/29 01:20:04"
D,TRADING,INTERCONNECTORRES,2,"2025/05/29 01:25:00",1,T-V-MNSP1,17,-446.2,-438,21.66,"2025/05/29 01:20:04"
D,TRADING,INTERCONNECTORRES,2,"2025/05/29 01:25:00",1,V-S-MNSP1,17,63,63,0.15,"2025/05/29 01:20:04"
D,TRADING,INTERCONNECTORRES,2,"2025/05/29 01:25:00",1,V-SA,17,287.11,289.42,13.37,"2025/05/29 01:20:04"
D,TRADING,INTERCONNECTORRES,2,"2025/05/29 01:25:00",1,VIC1-NSW1,17,344.39,313.66,15.9,"2025/05/29 01:20:04"
I,TRADING,PRICE,3,SETTLEMENTDATE,RUNNO,REGIONID,PERIODID,RRP,EEP,INVALIDFLAG,LASTCHANGED,ROP,RAISE6SECRRP,RAISE6SECROP,RAISE60SECRRP,RAISE60SECROP,RAISE5MINRRP,RAISE5MINROP,RAISEREGRRP,RAISEREGROP,LOWER6SECRRP,LOWER6SECROP,LOWER60SECRRP,LOWER60SECROP,LOWER5MINRRP,LOWER5MINROP,LOWERREGRRP,LOWERREGROP,RAISE1SECRRP,RAISE1SECROP,LOWER1SECRRP,LOWER1SECROP,PRICE_STATUS
D,TRADING,PRICE,3,"2025/05/29 01:25:00",1,SA1,17,69.35,0,0,"2025/05/29 01:20:04",69.35,0.23,0.23,0.1,0.1,0.1,0.1,5.99,5.99,0.39,0.39,1,1,0.1,0.1,3.59,3.59,0.38,0.38,0,0,FIRM
D,TRADING,PRICE,3,"2025/05/29 01:25:00",1,NSW1,17,69.08,0,0,"2025/05/29 01:20:04",69.08,0.23,0.23,0.1,0.1,0.1,0.1,5.99,5.99,0.39,0.39,1,1,0.1,0.1,3.59,3.59,0.38,0.38,0,0,FIRM
D,TRADING,PRICE,3,"2025/05/29 01:25:00",1,QLD1,17,64.34,0,0,"2025/05/29 01:20:04",64.34,0.23,0.23,0.1,0.1,0.1,0.1,5.99,5.99,0.39,0.39,1,1,0.1,0.1,3.59,3.59,0.38,0.38,0,0,FIRM
D,TRADING,PRICE,3,"2025/05/29 01:25:00",1,TAS1,17,100.24,0,0,"2025/05/29 01:20:04",100.24,0.38,0.38,0.38,0.38,0.38,0.38,8.4,8.4,0,0,0,0,0,0,2.48,2.48,0.38,0.38,0,0,FIRM
D,TRADING,PRICE,3,"2025/05/29 01:25:00",1,VIC1,17,64,0,0,"2025/05/29 01:20:04",64,0.23,0.23,0.1,0.1,0.1,0.1,5.99,5.99,0.39,0.39,1,1,0.1,0.1,3.59,3.59,0.38,0.38,0,0,FIRM
C,"END OF REPORT",15
