C,NEMP.WORLD,TRADINGIS,AEMO,PUBLIC,2025/05/29,11:55:10,0000000465381084,TRADINGIS,0000000465381083
I,TRADING,INTERCONNECTORRES,2,SETTLEMENTDATE,RUNNO,INTERCONNECTORID,PERIODID,METEREDMWFLOW,MWFLOW,MWLOSSES,LASTCHANGED
D,TRADING,INTERCONNECTORRES,2,"2025/05/29 12:00:00",1,N-Q-MNSP1,144,-20.6,-25,0.65,"2025/05/29 11:55:03"
D,TRADING,INTERCONNECTORRES,2,"2025/05/29 12:00:00",1,NSW1-QLD1,144,-566,-565.57,26.71,"2025/05/29 11:55:03"
D,TRADING,INTERCONNECTORRES,2,"2025/05/29 12:00:00",1,T-V-MNSP1,144,-454.2,-459.95,23.79,"2025/05/29 11:55:03"
D,TRADING,INTERCONNECTORRES,2,"2025/05/29 12:00:00",1,V-S-MNSP1,144,18,9,-0.56,"2025/05/29 11:55:03"
D,TRADING,INTERCONNECTORRES,2,"2025/05/29 12:00:00",1,V-SA,144,-19.62,-83.48,3.31,"2025/05/29 11:55:03"
D,TRADING,INTERCONNECTORRES,2,"2025/05/29 12:00:00",1,VIC1-NSW1,144,6.51,6.22,0.43,"2025/05/29 11:55:03"
I,TRADING,PRICE,3,SETTLEMENTDATE,RUNNO,REGIONID,PERIODID,RRP,EEP,INVALIDFLAG,LASTCHANGED,ROP,RAISE6SECRRP,RAISE6SECROP,RAISE60SECRRP,RAISE60SECROP,RAISE5MINRRP,RAISE5MINROP,RAISEREGRRP,RAISEREGROP,LOWER6SECRRP,LOWER6SECROP,LOWER60SECRRP,LOWER60SECROP,LOWER5MINRRP,LOWER5MINROP,LOWERREGRRP,LOWERREGROP,RAISE1SECRRP,RAISE1SECROP,LOWER1SECRRP,LOWER1SECROP,PRICE_STATUS
D,TRADING,PRICE,3,"2025/05/29 12:00:00",1,SA1,144,68.04,0,0,"2025/05/29 11:55:03",68.04,0.23,0.23,0.1,0.1,0.1,0.1,5.99,5.99,0,0,0.01,0.01,0.01,0.01,0.01,0.01,0.81,0.81,0,0,FIRM
D,TRADING,PRICE,3,"2025/05/29 12:00:00",1,NSW1,144,76.8,0,0,"2025/05/29 11:55:03",76.8,0.23,0.23,0.1,0.1,0.1,0.1,5.99,5.99,0,0,0.01,0.01,0.01,0.01,0.01,0.01,0.81,0.81,0,0,FIRM
D,TRADING,PRICE,3,"2025/05/29 12:00:00",1,QLD1,144,52.57,0,0,"2025/05/29 11:55:03",52.57,0.23,0.23,0.1,0.1,0.1,0.1,5.99,5.99,8.68,8.68,8.68,8.68,0.1,0.1,0.1,0.1,0.81,0.81,0,0,FIRM
D,TRADING,PRICE,3,"2025/05/29 12:00:00",1,TAS1,144,100.12,0,0,"2025/05/29 11:55:03",100.12,0.38,0.38,0.38,0.38,0.1,0.1,6.54,6.54,0,0,0.01,0.01,0,0,3.46,3.46,0.81,0.81,0,0,FIRM
D,TRADING,PRICE,3,"2025/05/29 12:00:00",1,VIC1,144,71.38,0,0,"2025/05/29 11:55:03",71.38,0.23,0.23,0.1,0.1,0.1,0.1,5.99,5.99,0,0,0.01,0.01,0.01,0.01,0.01,0.01,0.81,0.81,0,0,FIRM
C,"END OF REPORT",15
