C,NEMP.WORLD,TRADINGIS,AEMO,PUBLIC,2025/05/26,22:20:11,0000000465008327,TRADINGIS,0000000465008326
I,TRADING,INTERCONNECTORRES,2,SETTLEMENTDATE,RUNNO,INTERCONNECTORID,PERIODID,METEREDMWFLOW,MWFLOW,MWLOSSES,LASTCHANGED
D,TRADING,INTERCONNECTORRES,2,"2025/05/26 22:25:00",1,N-Q-MNSP1,269,9.9,9,0.6,"2025/05/26 22:20:03"
D,TRADING,INTERCONNECTORRES,2,"2025/05/26 22:25:00",1,NSW1-QLD1,269,446.9,432.34,28.58,"2025/05/26 22:20:03"
D,TRADING,INTERCONNECTORRES,2,"2025/05/26 22:25:00",1,T-V-MNSP1,269,-470,-453.21,23.13,"2025/05/26 22:20:03"
D,TRADING,INTERCONNECTORRES,2,"2025/05/26 22:25:00",1,V-S-MNSP1,269,-149,-150.2,38.27,"2025/05/26 22:20:03"
D,TRADING,INTERCONNECTORRES,2,"2025/05/26 22:25:00",1,V-SA,269,-215.89,-249.32,1.68,"2025/05/26 22:20:03"
D,TRADING,INTERCONNECTORRES,2,"2025/05/26 22:25:00",1,VIC1-NSW1,269,1094.25,1108.19,113.36,"2025/05/26 22:20:03"
I,TRADING,PRICE,3,SETTLEMENTDATE,RUNNO,REGIONID,PERIODID,RRP,EEP,INVALIDFLAG,LASTCHANGED,ROP,RAISE6SECRRP,RAISE6SECROP,RAISE60SECRRP,RAISE60SECROP,RAISE5MINRRP,RAISE5MINROP,RAISEREGRRP,RAISEREGROP,LOWER6SECRRP,LOWER6SECROP,LOWER60SECRRP,LOWER60SECROP,LOWER5MINRRP,LOWER5MINROP,LOWERREGRRP,LOWERREGROP,RAISE1SECRRP,RAISE1SECROP,LOWER1SECRRP,LOWER1SECROP,PRICE_STATUS
D,TRADING,PRICE,3,"2025/05/26 22:25:00",1,SA1,269,0,0,0,"2025/05/26 22:20:03",0,0.1,0.1,0.04,0.04,0.1,0.1,3.99,3.99,0.1,0.1,0.38,0.38,0.1,0.1,1,1,0.36,0.36,0,0,FIRM
D,TRADING,PRICE,3,"2025/05/26 22:25:00",1,NSW1,269,57.01,0,0,"2025/05/26 22:20:03",57.01,0.1,0.1,0.04,0.04,0.1,0.1,3.99,3.99,0.1,0.1,0.38,0.38,0.1,0.1,1,1,0.36,0.36,0,0,FIRM
D,TRADING,PRICE,3,"2025/05/26 22:25:00",1,QLD1,269,63.34,0,0,"2025/05/26 22:20:03",63.34,0.1,0.1,0.04,0.04,0.1,0.1,3.99,3.99,0.1,0.1,0.38,0.38,0.1,0.1,1,1,0.36,0.36,0,0,FIRM
D,TRADING,PRICE,3,"2025/05/26 22:25:00",1,TAS1,269,55.24,0,0,"2025/05/26 22:20:03",55.24,0.38,0.38,0.38,0.38,0.1,0.1,8.8,8.8,0.1,0.1,0.38,0.38,0,0,2.55,2.55,0.36,0.36,0,0,FIRM
D,TRADING,PRICE,3,"2025/05/26 22:25:00",1,VIC1,269,0,0,0,"2025/05/26 22:20:03",0,0.1,0.1,0.04,0.04,0.1,0.1,3.99,3.99,0.1,0.1,0.38,0.38,0.1,0.1,1,1,0.36,0.36,0,0,FIRM
C,"END OF REPORT",15
