C,NEMP.WORLD,TRADINGIS,AEMO,PUBLIC,2025/05/29,04:50:13,0000000465340669,TRADINGIS,0000000465340668
I,TRADING,INTERCONNECTORRES,2,SETTLEMENTDATE,RUNNO,INTERCONNECTORID,PERIODID,METEREDMWFLOW,MWFLOW,MWLOSSES,LASTCHANGED
D,TRADING,INTERCONNECTORRES,2,"2025/05/29 04:55:00",1,N-Q-MNSP1,59,-17,-17,0.07,"2025/05/29 04:50:03"
D,TRADING,INTERCONNECTORRES,2,"2025/05/29 04:55:00",1,NSW1-QLD1,59,-318.4,-275.09,6.29,"2025/05/29 04:50:03"
D,TRADING,INTERCONNECTORRES,2,"2025/05/29 04:55:00",1,T-V-MNSP1,59,-443.8,-438,21.66,"2025/05/29 04:50:03"
D,TRADING,INTERCONNECTORRES,2,"2025/05/29 04:55:00",1,V-S-MNSP1,59,54,45,-0.87,"2025/05/29 04:50:03"
D,TRADING,INTERCONNECTORRES,2,"2025/05/29 04:55:00",1,V-SA,59,157.47,164.44,4.17,"2025/05/29 04:50:03"
D,TRADING,INTERCONNECTORRES,2,"2025/05/29 04:55:00",1,VIC1-NSW1,59,546.97,561.74,44.9,"2025/05/29 04:50:03"
I,TRADING,PRICE,3,SETTLEMENTDATE,RUNNO,REGIONID,PERIODID,RRP,EEP,INVALIDFLAG,LASTCHANGED,ROP,RAISE6SECRRP,RAISE6SECROP,RAISE60SECRRP,RAISE60SECROP,RAISE5MINRRP,RAISE5MINROP,RAISEREGRRP,RAISEREGROP,LOWER6SECRRP,LOWER6SECROP,LOWER60SECRRP,LOWER60SECROP,LOWER5MINRRP,LOWER5MINROP,LOWERREGRRP,LOWERREGROP,RAISE1SECRRP,RAISE1SECROP,LOWER1SECRRP,LOWER1SECROP,PRICE_STATUS
D,TRADING,PRICE,3,"2025/05/29 04:55:00",1,SA1,59,70.25,0,0,"2025/05/29 04:50:03",70.25,0.23,0.23,0.1,0.1,0.1,0.1,1,1,0.38,0.38,0.38,0.38,0.39,0.39,6,6,0.38,0.38,0,0,FIRM
D,TRADING,PRICE,3,"2025/05/29 04:55:00",1,NSW1,59,76.27,0,0,"2025/05/29 04:50:03",76.27,0.23,0.23,0.1,0.1,0.1,0.1,1,1,0.38,0.38,0.38,0.38,0.39,0.39,6,6,0.38,0.38,0,0,FIRM
D,TRADING,PRICE,3,"2025/05/29 04:55:00",1,QLD1,59,72.75,0,0,"2025/05/29 04:50:03",72.75,0.23,0.23,0.1,0.1,0.1,0.1,1,1,0.38,0.38,0.38,0.38,0.39,0.39,6,6,0.38,0.38,0,0,FIRM
D,TRADING,PRICE,3,"2025/05/29 04:55:00",1,TAS1,59,100.24,0,0,"2025/05/29 04:50:03",100.24,0.38,0.38,0.38,0.38,0.38,0.38,7.54,7.54,0,0,0,0,0,0,2.46,2.46,0.38,0.38,0,0,FIRM
D,TRADING,PRICE,3,"2025/05/29 04:55:00",1,VIC1,59,67.28,0,0,"2025/05/29 04:50:03",67.28,0.23,0.23,0.1,0.1,0.1,0.1,1,1,0.38,0.38,0.38,0.38,0.39,0.39,6,6,0.38,0.38,0,0,FIRM
C,"END OF REPORT",15
