C,NEMP.WORLD,TRADINGIS,AEMO,PUBLIC,2025/05/29,15:55:11,0000000465408029,TRADINGIS,0000000465408028
I,TRADING,INTERCONNECTORRES,2,SETTLEMENTDATE,RUNNO,INTERCONNECTORID,PERIODID,METEREDMWFLOW,MWFLOW,MWLOSSES,LASTCHANGED
D,TRADING,INTERCONNECTORRES,2,"2025/05/29 16:00:00",1,N-Q-MNSP1,192,-7.9,-9,-0.16,"2025/05/29 15:55:03"
D,TRADING,INTERCONNECTORRES,2,"2025/05/29 16:00:00",1,NSW1-QLD1,192,-271.7,-337.39,-4.52,"2025/05/29 15:55:03"
D,TRADING,INTERCONNECTORRES,2,"2025/05/29 16:00:00",1,T-V-MNSP1,192,-461.5,-409.67,19.05,"2025/05/29 15:55:03"
D,TRADING,INTERCONNECTORRES,2,"2025/05/29 16:00:00",1,V-S-MNSP1,192,-144,-64,9.66,"2025/05/29 15:55:03"
D,TRADING,INTERCONNECTORRES,2,"2025/05/29 16:00:00",1,V-SA,192,66.77,94.45,-0.84,"2025/05/29 15:55:03"
D,TRADING,INTERCONNECTORRES,2,"2025/05/29 16:00:00",1,VIC1-NSW1,192,-862.19,-812.87,13.16,"2025/05/29 15:55:03"
I,TRADING,PRICE,3,SETTLEMENTDATE,RUNNO,REGIONID,PERIODID,RRP,EEP,INVALIDFLAG,LASTCHANGED,ROP,RAISE6SECRRP,RAISE6SECROP,RAISE60SECRRP,RAISE60SECROP,RAISE5MINRRP,RAISE5MINROP,RAISEREGRRP,RAISEREGROP,LOWER6SECRRP,LOWER6SECROP,LOWER60SECRRP,LOWER60SECROP,LOWER5MINRRP,LOWER5MINROP,LOWERREGRRP,LOWERREGROP,RAISE1SECRRP,RAISE1SECROP,LOWER1SECRRP,LOWER1SECROP,PRICE_STATUS
D,TRADING,PRICE,3,"2025/05/29 16:00:00",1,SA1,192,10.23,0,0,"2025/05/29 15:55:03",10.23,0.37,0.37,0.1,0.1,0.1,0.1,11.05,11.05,0.38,0.38,0.38,0.38,0.38,0.38,3.99,3.99,0.1,0.1,0,0,FIRM
D,TRADING,PRICE,3,"2025/05/29 16:00:00",1,NSW1,192,132.27,0,0,"2025/05/29 15:55:03",132.27,0.37,0.37,0.1,0.1,0.1,0.1,11.05,11.05,0.38,0.38,0.38,0.38,0.38,0.38,3.99,3.99,0.1,0.1,0,0,FIRM
D,TRADING,PRICE,3,"2025/05/29 16:00:00",1,QLD1,192,130,0,0,"2025/05/29 15:55:03",130,0.37,0.37,0.1,0.1,0.1,0.1,11.05,11.05,0.38,0.38,0.38,0.38,0.38,0.38,3.99,3.99,0.1,0.1,0,0,FIRM
D,TRADING,PRICE,3,"2025/05/29 16:00:00",1,TAS1,192,11.25,0,0,"2025/05/29 15:55:03",11.25,0.38,0.38,0.38,0.38,0.1,0.1,7.54,7.54,0.38,0.38,0.38,0.38,0.38,0.38,2.46,2.46,0.1,0.1,0,0,FIRM
D,TRADING,PRICE,3,"2025/05/29 16:00:00",1,VIC1,192,10.22,0,0,"2025/05/29 15:55:03",10.22,0.37,0.37,0.1,0.1,0.1,0.1,11.05,11.05,0.38,0.38,0.38,0.38,0.38,0.38,3.99,3.99,0.1,0.1,0,0,FIRM
C,"END OF REPORT",15
