C,NEMP.WORLD,TRADINGIS,AEMO,PUBLIC,2025/05/26,23:15:11,0000000465013717,TRADINGIS,0000000465013716
I,TRADING,INTERCONNECTORRES,2,SETTLEMENTDATE,RUNNO,INTERCONNECTORID,PERIODID,METEREDMWFLOW,MWFLOW,MWLOSSES,LASTCHANGED
D,TRADING,INTERCONNECTORRES,2,"2025/05/26 23:20:00",1,N-Q-MNSP1,280,10,9,0.6,"2025/05/26 23:15:03"
D,TRADING,INTERCONNECTORRES,2,"2025/05/26 23:20:00",1,NSW1-QLD1,280,382.4,374.6,19.68,"2025/05/26 23:15:03"
D,TRADING,INTERCONNECTORRES,2,"2025/05/26 23:20:00",1,T-V-MNSP1,280,-422.4,-453.22,23.13,"2025/05/26 23:15:03"
D,TRADING,INTERCONNECTORRES,2,"2025/05/26 23:20:00",1,V-S-MNSP1,280,-146,-147.15,36.95,"2025/05/26 23:15:03"
D,TRADING,INTERCONNECTORRES,2,"2025/05/26 23:20:00",1,V-SA,280,-340.17,-402.99,13.18,"2025/05/26 23:15:03"
D,TRADING,INTERCONNECTORRES,2,"2025/05/26 23:20:00",1,VIC1-NSW1,280,1149.79,1094.12,120.53,"2025/05/26 23:15:03"
I,TRADING,PRICE,3,SETTLEMENTDATE,RUNNO,REGIONID,PERIODID,RRP,EEP,INVALIDFLAG,LASTCHANGED,ROP,RAISE6SECRRP,RAISE6SECROP,RAISE60SECRRP,RAISE60SECROP,RAISE5MINRRP,RAISE5MINROP,RAISEREGRRP,RAISEREGROP,LOWER6SECRRP,LOWER6SECROP,LOWER60SECRRP,LOWER60SECROP,LOWER5MINRRP,LOWER5MINROP,LOWERREGRRP,LOWERREGROP,RAISE1SECRRP,RAISE1SECROP,LOWER1SECRRP,LOWER1SECROP,PRICE_STATUS
D,TRADING,PRICE,3,"2025/05/26 23:20:00",1,SA1,280,0,0,0,"2025/05/26 23:15:03",0,0.01,0.01,0.01,0.01,0.01,0.01,3.99,3.99,0.1,0.1,0.39,0.39,0,0,0,0,0.04,0.04,0,0,FIRM
D,TRADING,PRICE,3,"2025/05/26 23:20:00",1,NSW1,280,55.91,0,0,"2025/05/26 23:15:03",55.91,0.01,0.01,0.01,0.01,0.01,0.01,3.99,3.99,0.1,0.1,0.39,0.39,0,0,0,0,0.04,0.04,0,0,FIRM
D,TRADING,PRICE,3,"2025/05/26 23:20:00",1,QLD1,280,60.88,0,0,"2025/05/26 23:15:03",60.88,0.01,0.01,0.01,0.01,0.01,0.01,3.99,3.99,0.1,0.1,0.39,0.39,0,0,0,0,0.04,0.04,0,0,FIRM
D,TRADING,PRICE,3,"2025/05/26 23:20:00",1,TAS1,280,11.25,0,0,"2025/05/26 23:15:03",11.25,0.38,0.38,0.38,0.38,0.01,0.01,8.8,8.8,0.1,0.1,0.38,0.38,0,0,2.55,2.55,0.04,0.04,0,0,FIRM
D,TRADING,PRICE,3,"2025/05/26 23:20:00",1,VIC1,280,0,0,0,"2025/05/26 23:15:03",0,0.01,0.01,0.01,0.01,0.01,0.01,3.99,3.99,0.1,0.1,0.39,0.39,0,0,0,0,0.04,0.04,0,0,FIRM
C,"END OF REPORT",15
