C,NEMP.WORLD,TRADINGIS,AEMO,PUBLIC,2025/05/29,07:55:11,0000000465357742,TRADINGIS,0000000465357741
I,TRADING,INTERCONNECTORRES,2,SETTLEMENTDATE,RUNNO,INTERCONNECTORID,PERIODID,METEREDMWFLOW,MWFLOW,MWLOSSES,LASTCHANGED
D,TRADING,INTERCONNECTORRES,2,"2025/05/29 08:00:00",1,N-Q-MNSP1,96,-13.2,-17,0.07,"2025/05/29 07:55:03"
D,TRADING,INTERCONNECTORRES,2,"2025/05/29 08:00:00",1,NSW1-QLD1,96,-539.3,-580.22,7.26,"2025/05/29 07:55:03"
D,TRADING,INTERCONNECTORRES,2,"2025/05/29 08:00:00",1,T-V-MNSP1,96,-109.2,-287.89,9.74,"2025/05/29 07:55:03"
D,TRADING,INTERCONNECTORRES,2,"2025/05/29 08:00:00",1,V-S-MNSP1,96,27,18,-0.93,"2025/05/29 07:55:03"
D,TRADING,INTERCONNECTORRES,2,"2025/05/29 08:00:00",1,V-SA,96,-70.73,-153,3.15,"2025/05/29 07:55:03"
D,TRADING,INTERCONNECTORRES,2,"2025/05/29 08:00:00",1,VIC1-NSW1,96,76.57,-30.76,-0.39,"2025/05/29 07:55:03"
I,TRADING,PRICE,3,SETTLEMENTDATE,RUNNO,REGIONID,PERIODID,RRP,EEP,INVALIDFLAG,LASTCHANGED,ROP,RAISE6SECRRP,RAISE6SECROP,RAISE60SECRRP,RAISE60SECROP,RAISE5MINRRP,RAISE5MINROP,RAISEREGRRP,RAISEREGROP,LOWER6SECRRP,LOWER6SECROP,LOWER60SECRRP,LOWER60SECROP,LOWER5MINRRP,LOWER5MINROP,LOWERREGRRP,LOWERREGROP,RAISE1SECRRP,RAISE1SECROP,LOWER1SECRRP,LOWER1SECROP,PRICE_STATUS
D,TRADING,PRICE,3,"2025/05/29 08:00:00",1,SA1,96,138,0,0,"2025/05/29 07:55:03",138,1.75,1.75,0.36,0.36,0.32,0.32,7.6,7.6,0,0,0.07,0.07,0.01,0.01,3.99,3.99,0.86,0.86,0,0,FIRM
D,TRADING,PRICE,3,"2025/05/29 08:00:00",1,NSW1,96,145.02,0,0,"2025/05/29 07:55:03",145.02,1.75,1.75,0.36,0.36,0.32,0.32,7.6,7.6,0,0,0.07,0.07,0.01,0.01,3.99,3.99,0.86,0.86,0,0,FIRM
D,TRADING,PRICE,3,"2025/05/29 08:00:00",1,QLD1,96,133.85,0,0,"2025/05/29 07:55:03",133.85,1.75,1.75,0.36,0.36,0.32,0.32,7.6,7.6,0.38,0.38,1.83,1.83,0.01,0.01,3.99,3.99,0.86,0.86,0,0,FIRM
D,TRADING,PRICE,3,"2025/05/29 08:00:00",1,TAS1,96,150.19,0,0,"2025/05/29 07:55:03",150.19,1.75,1.75,0.38,0.38,0.32,0.32,7.54,7.54,0,0,0.07,0.07,0.01,0.01,2.46,2.46,0.86,0.86,0,0,FIRM
D,TRADING,PRICE,3,"2025/05/29 08:00:00",1,VIC1,96,143.18,0,0,"2025/05/29 07:55:03",143.18,1.75,1.75,0.36,0.36,0.32,0.32,7.6,7.6,0,0,0.07,0.07,0.01,0.01,3.99,3.99,0.86,0.86,0,0,FIRM
C,"END OF REPORT",15
