C,NEMP.WORLD,TRADINGIS,AEMO,PUBLIC,2025/05/26,12:35:21,0000000464946390,TRADINGIS,0000000464946389
I,TRADING,INTERCONNECTORRES,2,SETTLEMENTDATE,RUNNO,INTERCONNECTORID,PERIODID,METEREDMWFLOW,MWFLOW,MWLOSSES,LASTCHANGED
D,TRADING,INTERCONNECTORRES,2,"2025/05/26 12:40:00",1,N-Q-MNSP1,152,-30.9,-33,1.59,"2025/05/26 12:35:08"
D,TRADING,INTERCONNECTORRES,2,"2025/05/26 12:40:00",1,NSW1-QLD1,152,-988.5,-948.19,80.8,"2025/05/26 12:35:08"
D,TRADING,INTERCONNECTORRES,2,"2025/05/26 12:40:00",1,T-V-MNSP1,152,-413.3,-441.09,21.95,"2025/05/26 12:35:08"
D,TRADING,INTERCONNECTORRES,2,"2025/05/26 12:40:00",1,V-S-MNSP1,152,156,160.23,19.17,"2025/05/26 12:35:08"
D,TRADING,INTERCONNECTORRES,2,"2025/05/26 12:40:00",1,V-SA,152,365.91,225.1,18.61,"2025/05/26 12:35:08"
D,TRADING,INTERCONNECTORRES,2,"2025/05/26 12:40:00",1,VIC1-NSW1,152,355.02,455.68,16.12,"2025/05/26 12:35:08"
I,TRADING,PRICE,3,SETTLEMENTDATE,RUNNO,REGIONID,PERIODID,RRP,EEP,INVALIDFLAG,LASTCHANGED,ROP,RAISE6SECRRP,RAISE6SECROP,RAISE60SECRRP,RAISE60SECROP,RAISE5MINRRP,RAISE5MINROP,RAISEREGRRP,RAISEREGROP,LOWER6SECRRP,LOWER6SECROP,LOWER60SECRRP,LOWER60SECROP,LOWER5MINRRP,LOWER5MINROP,LOWERREGRRP,LOWERREGROP,RAISE1SECRRP,RAISE1SECROP,LOWER1SECRRP,LOWER1SECROP,PRICE_STATUS
D,TRADING,PRICE,3,"2025/05/26 12:40:00",1,SA1,152,-7.94,0,0,"2025/05/26 12:35:08",-7.94,0.1,0.1,0.1,0.1,0.1,0.1,7.85,7.85,0.38,0.38,1,1,0.39,0.39,2.89,2.89,0.38,0.38,0,0,FIRM
D,TRADING,PRICE,3,"2025/05/26 12:40:00",1,NSW1,152,44.29,0,0,"2025/05/26 12:35:08",44.29,0.1,0.1,0.1,0.1,0.1,0.1,7.85,7.85,0.38,0.38,1,1,0.39,0.39,2.89,2.89,0.38,0.38,0,0,FIRM
D,TRADING,PRICE,3,"2025/05/26 12:40:00",1,QLD1,152,34.75,0,0,"2025/05/26 12:35:08",34.75,0.1,0.1,0.1,0.1,0.1,0.1,7.85,7.85,0.38,0.38,1,1,0.39,0.39,2.89,2.89,0.38,0.38,0,0,FIRM
D,TRADING,PRICE,3,"2025/05/26 12:40:00",1,TAS1,152,11.25,0,0,"2025/05/26 12:35:08",11.25,0.38,0.38,0.38,0.38,0.1,0.1,8.8,8.8,0.38,0.38,1,1,0,0,3.55,3.55,0.38,0.38,0,0,FIRM
D,TRADING,PRICE,3,"2025/05/26 12:40:00",1,VIC1,152,-18.5,0,0,"2025/05/26 12:35:08",-18.5,0.1,0.1,0.1,0.1,0.1,0.1,7.85,7.85,0.38,0.38,1,1,0.39,0.39,2.89,2.89,0.38,0.38,0,0,FIRM
C,"END OF REPORT",15
