C,NEMP.WORLD,TRADINGIS,AEMO,PUBLIC,2025/05/29,11:30:09,0000000465378490,TRADINGIS,0000000465378489
I,TRADING,INTERCONNECTORRES,2,SETTLEMENTDATE,RUNNO,INTERCONNECTORID,PERIODID,METEREDMWFLOW,MWFLOW,MWLOSSES,LASTCHANGED
D,TRADING,INTERCONNECTORRES,2,"2025/05/29 11:35:00",1,N-Q-MNSP1,139,-11.5,-17,0.07,"2025/05/29 11:30:03"
D,TRADING,INTERCONNECTORRES,2,"2025/05/29 11:35:00",1,NSW1-QLD1,139,-387,-351.78,7.49,"2025/05/29 11:30:03"
D,TRADING,INTERCONNECTORRES,2,"2025/05/29 11:35:00",1,T-V-MNSP1,139,-442.6,-452.45,23.05,"2025/05/29 11:30:03"
D,TRADING,INTERCONNECTORRES,2,"2025/05/29 11:35:00",1,V-S-MNSP1,139,18,18,-0.93,"2025/05/29 11:30:03"
D,TRADING,INTERCONNECTORRES,2,"2025/05/29 11:35:00",1,V-SA,139,-35.15,-23.09,0.71,"2025/05/29 11:30:03"
D,TRADING,INTERCONNECTORRES,2,"2025/05/29 11:35:00",1,VIC1-NSW1,139,71.78,107.39,7.86,"2025/05/29 11:30:03"
I,TRADING,PRICE,3,SETTLEMENTDATE,RUNNO,REGIONID,PERIODID,RRP,EEP,INVALIDFLAG,LASTCHANGED,ROP,RAISE6SECRRP,RAISE6SECROP,RAISE60SECRRP,RAISE60SECROP,RAISE5MINRRP,RAISE5MINROP,RAISEREGRRP,RAISEREGROP,LOWER6SECRRP,LOWER6SECROP,LOWER60SECRRP,LOWER60SECROP,LOWER5MINRRP,LOWER5MINROP,LOWERREGRRP,LOWERREGROP,RAISE1SECRRP,RAISE1SECROP,LOWER1SECRRP,LOWER1SECROP,PRICE_STATUS
D,TRADING,PRICE,3,"2025/05/29 11:35:00",1,SA1,139,75.32,0,0,"2025/05/29 11:30:03",75.32,0.37,0.37,0.1,0.1,0.1,0.1,5.99,5.99,0.34,0.34,0.39,0.39,0.1,0.1,1.49,1.49,0.81,0.81,0,0,FIRM
D,TRADING,PRICE,3,"2025/05/29 11:35:00",1,NSW1,139,84.85,0,0,"2025/05/29 11:30:03",84.85,0.37,0.37,0.1,0.1,0.1,0.1,5.99,5.99,0.34,0.34,0.39,0.39,0.1,0.1,1.49,1.49,0.81,0.81,0,0,FIRM
D,TRADING,PRICE,3,"2025/05/29 11:35:00",1,QLD1,139,80.62,0,0,"2025/05/29 11:30:03",80.62,0.37,0.37,0.1,0.1,0.1,0.1,5.99,5.99,0.34,0.34,0.39,0.39,0.1,0.1,1.49,1.49,0.81,0.81,0,0,FIRM
D,TRADING,PRICE,3,"2025/05/29 11:35:00",1,TAS1,139,100.24,0,0,"2025/05/29 11:30:03",100.24,0.38,0.38,0.38,0.38,0.1,0.1,7.54,7.54,0.34,0.34,0.38,0.38,0,0,2.46,2.46,0.81,0.81,0,0,FIRM
D,TRADING,PRICE,3,"2025/05/29 11:35:00",1,VIC1,139,77.93,0,0,"2025/05/29 11:30:03",77.93,0.37,0.37,0.1,0.1,0.1,0.1,5.99,5.99,0.34,0.34,0.39,0.39,0.1,0.1,1.49,1.49,0.81,0.81,0,0,FIRM
C,"END OF REPORT",15
