C,NEMP.WORLD,TRADINGIS,AEMO,PUBLIC,2025/05/27,14:50:11,0000000465111572,TRADINGIS,0000000465111571
I,TRADING,INTERCONNECTORRES,2,SETTLEMENTDATE,RUNNO,INTERCONNECTORID,PERIODID,METEREDMWFLOW,MWFLOW,MWLOSSES,LASTCHANGED
D,TRADING,INTERCONNECTORRES,2,"2025/05/27 14:55:00",1,N-Q-MNSP1,179,-11,-9,-0.16,"2025/05/27 14:50:04"
D,TRADING,INTERCONNECTORRES,2,"2025/05/27 14:55:00",1,NSW1-QLD1,179,-148.1,-58.87,-0.95,"2025/05/27 14:50:04"
D,TRADING,INTERCONNECTORRES,2,"2025/05/27 14:55:00",1,T-V-MNSP1,179,-470.6,-478,25.62,"2025/05/27 14:50:04"
D,TRADING,INTERCONNECTORRES,2,"2025/05/27 14:55:00",1,V-S-MNSP1,179,146,146.01,14.97,"2025/05/27 14:50:04"
D,TRADING,INTERCONNECTORRES,2,"2025/05/27 14:55:00",1,V-SA,179,163.14,195.35,-1.24,"2025/05/27 14:50:04"
D,TRADING,INTERCONNECTORRES,2,"2025/05/27 14:55:00",1,VIC1-NSW1,179,-23.67,45.18,2.5,"2025/05/27 14:50:04"
I,TRADING,PRICE,3,SETTLEMENTDATE,RUNNO,REGIONID,PERIODID,RRP,EEP,INVALIDFLAG,LASTCHANGED,ROP,RAISE6SECRRP,RAISE6SECROP,RAISE60SECRRP,RAISE60SECROP,RAISE5MINRRP,RAISE5MINROP,RAISEREGRRP,RAISEREGROP,LOWER6SECRRP,LOWER6SECROP,LOWER60SECRRP,LOWER60SECROP,LOWER5MINRRP,LOWER5MINROP,LOWERREGRRP,LOWERREGROP,RAISE1SECRRP,RAISE1SECROP,LOWER1SECRRP,LOWER1SECROP,PRICE_STATUS
D,TRADING,PRICE,3,"2025/05/27 14:55:00",1,SA1,179,-52.95,0,0,"2025/05/27 14:50:04",-52.95,0.1,0.1,0.1,0.1,0.1,0.1,9.24,9.24,0.3,0.3,0.38,0.38,1.79,1.79,3.75,3.75,0.04,0.04,0,0,FIRM
D,TRADING,PRICE,3,"2025/05/27 14:55:00",1,NSW1,179,44.53,0,0,"2025/05/27 14:50:04",44.53,0.1,0.1,0.1,0.1,0.1,0.1,9.24,9.24,0.3,0.3,0.38,0.38,1.79,1.79,3.75,3.75,0.04,0.04,0,0,FIRM
D,TRADING,PRICE,3,"2025/05/27 14:55:00",1,QLD1,179,44.94,0,0,"2025/05/27 14:50:04",44.94,0.1,0.1,0.1,0.1,0.1,0.1,9.24,9.24,0.3,0.3,0.38,0.38,1.79,1.79,3.75,3.75,0.04,0.04,0,0,FIRM
D,TRADING,PRICE,3,"2025/05/27 14:55:00",1,TAS1,179,75.24,0,0,"2025/05/27 14:50:04",75.24,0.38,0.38,0.38,0.38,0.36,0.36,7.4,7.4,0.3,0.3,0.38,0.38,0,0,2.48,2.48,0.04,0.04,0,0,FIRM
D,TRADING,PRICE,3,"2025/05/27 14:55:00",1,VIC1,179,42.1,0,0,"2025/05/27 14:50:04",42.1,0.1,0.1,0.1,0.1,0.1,0.1,9.24,9.24,0.3,0.3,0.38,0.38,1.79,1.79,3.75,3.75,0.04,0.04,0,0,FIRM
C,"END OF REPORT",15
