C,NEMP.WORLD,TRADINGIS,AEMO,PUBLIC,2025/05/28,19:30:12,0000000465287041,TRADINGIS,0000000465287040
I,TRADING,INTERCONNECTORRES,2,SETTLEMENTDATE,RUNNO,INTERCONNECTORID,PERIODID,METEREDMWFLOW,MWFLOW,MWLOSSES,LASTCHANGED
D,TRADING,INTERCONNECTORRES,2,"2025/05/28 19:35:00",1,N-Q-MNSP1,235,-31.9,-33,1.59,"2025/05/28 19:30:03"
D,TRADING,INTERCONNECTORRES,2,"2025/05/28 19:35:00",1,NSW1-QLD1,235,-956.4,-969,27.95,"2025/05/28 19:30:03"
D,TRADING,INTERCONNECTORRES,2,"2025/05/28 19:35:00",1,T-V-MNSP1,235,128.2,121.7,1.07,"2025/05/28 19:30:03"
D,TRADING,INTERCONNECTORRES,2,"2025/05/28 19:35:00",1,V-S-MNSP1,235,54,54,-0.46,"2025/05/28 19:30:03"
D,TRADING,INTERCONNECTORRES,2,"2025/05/28 19:35:00",1,V-SA,235,193.3,203.81,6.81,"2025/05/28 19:30:03"
D,TRADING,INTERCONNECTORRES,2,"2025/05/28 19:35:00",1,VIC1-NSW1,235,-101.05,-18.23,0.06,"2025/05/28 19:30:03"
I,TRADING,PRICE,3,SETTLEMENTDATE,RUNNO,REGIONID,PERIODID,RRP,EEP,INVALIDFLAG,LASTCHANGED,ROP,RAISE6SECRRP,RAISE6SECROP,RAISE60SECRRP,RAISE60SECROP,RAISE5MINRRP,RAISE5MINROP,RAISEREGRRP,RAISEREGROP,LOWER6SECRRP,LOWER6SECROP,LOWER60SECRRP,LOWER60SECROP,LOWER5MINRRP,LOWER5MINROP,LOWERREGRRP,LOWERREGROP,RAISE1SECRRP,RAISE1SECROP,LOWER1SECRRP,LOWER1SECROP,PRICE_STATUS
D,TRADING,PRICE,3,"2025/05/28 19:35:00",1,SA1,235,138.04,0,0,"2025/05/28 19:30:03",138.04,0.38,0.38,0.15,0.15,0.15,0.15,10.98,10.98,0.14,0.14,0.39,0.39,0.15,0.15,3.78,3.78,0.36,0.36,0,0,FIRM
D,TRADING,PRICE,3,"2025/05/28 19:35:00",1,NSW1,235,130.29,0,0,"2025/05/28 19:30:03",130.29,0.38,0.38,0.15,0.15,0.15,0.15,10.98,10.98,0.14,0.14,0.39,0.39,0.15,0.15,3.78,3.78,0.36,0.36,0,0,FIRM
D,TRADING,PRICE,3,"2025/05/28 19:35:00",1,QLD1,235,115.6,0,0,"2025/05/28 19:30:03",115.6,0.38,0.38,0.15,0.15,0.15,0.15,10.98,10.98,0.14,0.14,0.39,0.39,0.15,0.15,3.78,3.78,0.36,0.36,0,0,FIRM
D,TRADING,PRICE,3,"2025/05/28 19:35:00",1,TAS1,235,125.32,0,0,"2025/05/28 19:30:03",125.32,0.38,0.38,0.38,0.38,0.15,0.15,9.4,9.4,0.14,0.14,0.38,0.38,0.15,0.15,3.48,3.48,0.36,0.36,0,0,FIRM
D,TRADING,PRICE,3,"2025/05/28 19:35:00",1,VIC1,235,130.73,0,0,"2025/05/28 19:30:03",130.73,0.38,0.38,0.15,0.15,0.15,0.15,10.98,10.98,0.14,0.14,0.39,0.39,0.15,0.15,3.78,3.78,0.36,0.36,0,0,FIRM
C,"END OF REPORT",15
