C,NEMP.WORLD,TRADINGIS,AEMO,PUBLIC,2025/05/28,21:00:11,0000000465295437,TRADINGIS,0000000465295436
I,TRADING,INTERCONNECTORRES,2,SETTLEMENTDATE,RUNNO,INTERCONNECTORID,PERIODID,METEREDMWFLOW,MWFLOW,MWLOSSES,LASTCHANGED
D,TRADING,INTERCONNECTORRES,2,"2025/05/28 21:05:00",1,N-Q-MNSP1,253,-35.7,-33,1.59,"2025/05/28 21:00:03"
D,TRADING,INTERCONNECTORRES,2,"2025/05/28 21:05:00",1,NSW1-QLD1,253,-925,-1026.41,47.96,"2025/05/28 21:00:03"
D,TRADING,INTERCONNECTORRES,2,"2025/05/28 21:05:00",1,T-V-MNSP1,253,-103.1,-208.96,5.36,"2025/05/28 21:00:03"
D,TRADING,INTERCONNECTORRES,2,"2025/05/28 21:05:00",1,V-S-MNSP1,253,72,54.22,-0.45,"2025/05/28 21:00:03"
D,TRADING,INTERCONNECTORRES,2,"2025/05/28 21:05:00",1,V-SA,253,382.33,255,10.03,"2025/05/28 21:00:03"
D,TRADING,INTERCONNECTORRES,2,"2025/05/28 21:05:00",1,VIC1-NSW1,253,123.62,2.88,0.01,"2025/05/28 21:00:03"
I,TRADING,PRICE,3,SETTLEMENTDATE,RUNNO,REGIONID,PERIODID,RRP,EEP,INVALIDFLAG,LASTCHANGED,ROP,RAISE6SECRRP,RAISE6SECROP,RAISE60SECRRP,RAISE60SECROP,RAISE5MINRRP,RAISE5MINROP,RAISEREGRRP,RAISEREGROP,LOWER6SECRRP,LOWER6SECROP,LOWER60SECRRP,LOWER60SECROP,LOWER5MINRRP,LOWER5MINROP,LOWERREGRRP,LOWERREGROP,RAISE1SECRRP,RAISE1SECROP,LOWER1SECRRP,LOWER1SECROP,PRICE_STATUS
D,TRADING,PRICE,3,"2025/05/28 21:05:00",1,SA1,253,138,0,0,"2025/05/28 21:00:03",138,0.38,0.38,0.23,0.23,0.15,0.15,19.92,19.92,0.1,0.1,0.38,0.38,0.15,0.15,5.54,5.54,0.1,0.1,0,0,FIRM
D,TRADING,PRICE,3,"2025/05/28 21:05:00",1,NSW1,253,129.66,0,0,"2025/05/28 21:00:03",129.66,0.38,0.38,0.23,0.23,0.15,0.15,19.92,19.92,0.1,0.1,0.38,0.38,0.15,0.15,5.54,5.54,0.1,0.1,0,0,FIRM
D,TRADING,PRICE,3,"2025/05/28 21:05:00",1,QLD1,253,112.69,0,0,"2025/05/28 21:00:03",112.69,0.38,0.38,0.23,0.23,0.15,0.15,19.92,19.92,0.1,0.1,0.38,0.38,0.15,0.15,5.54,5.54,0.1,0.1,0,0,FIRM
D,TRADING,PRICE,3,"2025/05/28 21:05:00",1,TAS1,253,133.37,0,0,"2025/05/28 21:00:03",133.37,0.38,0.38,0.38,0.38,0.15,0.15,8.4,8.4,0.1,0.1,0.38,0.38,0.15,0.15,3.48,3.48,0.1,0.1,0,0,FIRM
D,TRADING,PRICE,3,"2025/05/28 21:05:00",1,VIC1,253,129.12,0,0,"2025/05/28 21:00:03",129.12,0.38,0.38,0.23,0.23,0.15,0.15,19.92,19.92,0.1,0.1,0.38,0.38,0.15,0.15,5.54,5.54,0.1,0.1,0,0,FIRM
C,"END OF REPORT",15
