C,NEMP.WORLD,TRADINGIS,AEMO,PUBLIC,2025/05/27,22:10:10,0000000465158041,TRADINGIS,0000000465158040
I,TRADING,INTERCONNECTORRES,2,SETTLEMENTDATE,RUNNO,INTERCONNECTORID,PERIODID,METEREDMWFLOW,MWFLOW,MWLOSSES,LASTCHANGED
D,TRADING,INTERCONNECTORRES,2,"2025/05/27 22:15:00",1,N-Q-MNSP1,267,10.3,9,0.6,"2025/05/27 22:10:03"
D,TRADING,INTERCONNECTORRES,2,"2025/05/27 22:15:00",1,NSW1-QLD1,267,293.1,426.91,30.04,"2025/05/27 22:10:03"
D,TRADING,INTERCONNECTORRES,2,"2025/05/27 22:15:00",1,T-V-MNSP1,267,-462.1,-471.11,24.92,"2025/05/27 22:10:03"
D,TRADING,INTERCONNECTORRES,2,"2025/05/27 22:15:00",1,V-S-MNSP1,267,144,172.91,23.32,"2025/05/27 22:10:03"
D,TRADING,INTERCONNECTORRES,2,"2025/05/27 22:15:00",1,V-SA,267,595.69,570.14,42.66,"2025/05/27 22:10:03"
D,TRADING,INTERCONNECTORRES,2,"2025/05/27 22:15:00",1,VIC1-NSW1,267,99.74,180.26,5.49,"2025/05/27 22:10:03"
I,TRADING,PRICE,3,SETTLEMENTDATE,RUNNO,REGIONID,PERIODID,RRP,EEP,INVALIDFLAG,LASTCHANGED,ROP,RAISE6SECRRP,RAISE6SECROP,RAISE60SECRRP,RAISE60SECROP,RAISE5MINRRP,RAISE5MINROP,RAISEREGRRP,RAISEREGROP,LOWER6SECRRP,LOWER6SECROP,LOWER60SECRRP,LOWER60SECROP,LOWER5MINRRP,LOWER5MINROP,LOWERREGRRP,LOWERREGROP,RAISE1SECRRP,RAISE1SECROP,LOWER1SECRRP,LOWER1SECROP,PRICE_STATUS
D,TRADING,PRICE,3,"2025/05/27 22:15:00",1,SA1,267,88.98,0,0,"2025/05/27 22:10:03",88.98,0.1,0.1,0.04,0.04,0.04,0.04,4.79,4.79,0.1,0.1,0.38,0.38,0.1,0.1,8.5,8.5,0.1,0.1,0,0,FIRM
D,TRADING,PRICE,3,"2025/05/27 22:15:00",1,NSW1,267,66.83,0,0,"2025/05/27 22:10:03",66.83,0.1,0.1,0.04,0.04,0.04,0.04,4.79,4.79,0.1,0.1,0.38,0.38,0.1,0.1,8.5,8.5,0.1,0.1,0,0,FIRM
D,TRADING,PRICE,3,"2025/05/27 22:15:00",1,QLD1,267,74.6,0,0,"2025/05/27 22:10:03",74.6,0.1,0.1,0.04,0.04,0.04,0.04,4.79,4.79,0.1,0.1,0.38,0.38,0.1,0.1,8.5,8.5,0.1,0.1,0,0,FIRM
D,TRADING,PRICE,3,"2025/05/27 22:15:00",1,TAS1,267,100.24,0,0,"2025/05/27 22:10:03",100.24,0.38,0.38,0.38,0.38,0.36,0.36,8.4,8.4,0.1,0.1,0.38,0.38,0,0,2.48,2.48,0.1,0.1,0,0,FIRM
D,TRADING,PRICE,3,"2025/05/27 22:15:00",1,VIC1,267,64,0,0,"2025/05/27 22:10:03",64,0.1,0.1,0.04,0.04,0.04,0.04,4.79,4.79,0.1,0.1,0.38,0.38,0.1,0.1,8.5,8.5,0.1,0.1,0,0,FIRM
C,"END OF REPORT",15
