C,NEMP.WORLD,TRADINGIS,AEMO,PUBLIC,2025/05/29,13:00:12,0000000465389304,TRADINGIS,0000000465389303
I,TRADING,INTERCONNECTORRES,2,SETTLEMENTDATE,RUNNO,INTERCONNECTORID,PERIODID,METEREDMWFLOW,MWFLOW,MWLOSSES,LASTCHANGED
D,TRADING,INTERCONNECTORRES,2,"2025/05/29 13:05:00",1,N-Q-MNSP1,157,-11.6,-9,-0.16,"2025/05/29 13:00:03"
D,TRADING,INTERCONNECTORRES,2,"2025/05/29 13:05:00",1,NSW1-QLD1,157,-76.7,-188.57,1.17,"2025/05/29 13:00:03"
D,TRADING,INTERCONNECTORRES,2,"2025/05/29 13:05:00",1,T-V-MNSP1,157,-429.1,-443.77,22.21,"2025/05/29 13:00:03"
D,TRADING,INTERCONNECTORRES,2,"2025/05/29 13:05:00",1,V-S-MNSP1,157,0,7.9,-0.5,"2025/05/29 13:00:03"
D,TRADING,INTERCONNECTORRES,2,"2025/05/29 13:05:00",1,V-SA,157,-230.05,-119,5.73,"2025/05/29 13:00:03"
D,TRADING,INTERCONNECTORRES,2,"2025/05/29 13:05:00",1,VIC1-NSW1,157,407.25,244.7,24.27,"2025/05/29 13:00:03"
I,TRADING,PRICE,3,SETTLEMENTDATE,RUNNO,REGIONID,PERIODID,RRP,EEP,INVALIDFLAG,LASTCHANGED,ROP,RAISE6SECRRP,RAISE6SECROP,RAISE60SECRRP,RAISE60SECROP,RAISE5MINRRP,RAISE5MINROP,RAISEREGRRP,RAISEREGROP,LOWER6SECRRP,LOWER6SECROP,LOWER60SECRRP,LOWER60SECROP,LOWER5MINRRP,LOWER5MINROP,LOWERREGRRP,LOWERREGROP,RAISE1SECRRP,RAISE1SECROP,LOWER1SECRRP,LOWER1SECROP,PRICE_STATUS
D,TRADING,PRICE,3,"2025/05/29 13:05:00",1,SA1,157,75.32,0,0,"2025/05/29 13:00:03",75.32,0.1,0.1,0.04,0.04,0.1,0.1,5.99,5.99,0.38,0.38,0.38,0.38,0.38,0.38,3.59,3.59,0.38,0.38,0,0,FIRM
D,TRADING,PRICE,3,"2025/05/29 13:05:00",1,NSW1,157,90.89,0,0,"2025/05/29 13:00:03",90.89,0.1,0.1,0.04,0.04,0.1,0.1,5.99,5.99,0.38,0.38,0.38,0.38,0.38,0.38,3.59,3.59,0.38,0.38,0,0,FIRM
D,TRADING,PRICE,3,"2025/05/29 13:05:00",1,QLD1,157,95,0,0,"2025/05/29 13:00:03",95,1.8,1.8,4.85,4.85,0.1,0.1,5.99,5.99,0.38,0.38,0.38,0.38,0.38,0.38,3.59,3.59,0.38,0.38,0,0,FIRM
D,TRADING,PRICE,3,"2025/05/29 13:05:00",1,TAS1,157,90.97,0,0,"2025/05/29 13:00:03",90.97,0.38,0.38,0.38,0.38,0.1,0.1,8.54,8.54,0.38,0.38,0.38,0.38,0,0,2.46,2.46,0.38,0.38,0,0,FIRM
D,TRADING,PRICE,3,"2025/05/29 13:05:00",1,VIC1,157,80.26,0,0,"2025/05/29 13:00:03",80.26,0.1,0.1,0.04,0.04,0.1,0.1,5.99,5.99,0.38,0.38,0.38,0.38,0.38,0.38,3.59,3.59,0.38,0.38,0,0,FIRM
C,"END OF REPORT",15
