C,NEMP.WORLD,TRADINGIS,AEMO,PUBLIC,2025/05/29,17:10:11,0000000465416087,TRADINGIS,0000000465416086
I,TRADING,INTERCONNECTORRES,2,SETTLEMENTDATE,RUNNO,INTERCONNECTORID,PERIODID,METEREDMWFLOW,MWFLOW,MWLOSSES,LASTCHANGED
D,TRADING,INTERCONNECTORRES,2,"2025/05/29 17:15:00",1,N-Q-MNSP1,207,-18.6,-17,0.07,"2025/05/29 17:10:03"
D,TRADING,INTERCONNECTORRES,2,"2025/05/29 17:15:00",1,NSW1-QLD1,207,-715.7,-710.65,0.6,"2025/05/29 17:10:03"
D,TRADING,INTERCONNECTORRES,2,"2025/05/29 17:15:00",1,T-V-MNSP1,207,156.8,116.93,0.96,"2025/05/29 17:10:03"
D,TRADING,INTERCONNECTORRES,2,"2025/05/29 17:15:00",1,V-S-MNSP1,207,27,18,-0.93,"2025/05/29 17:10:03"
D,TRADING,INTERCONNECTORRES,2,"2025/05/29 17:15:00",1,V-SA,207,-2,-84.28,1.57,"2025/05/29 17:10:03"
D,TRADING,INTERCONNECTORRES,2,"2025/05/29 17:15:00",1,VIC1-NSW1,207,87.76,41.16,1.14,"2025/05/29 17:10:03"
I,TRADING,PRICE,3,SETTLEMENTDATE,RUNNO,REGIONID,PERIODID,RRP,EEP,INVALIDFLAG,LASTCHANGED,ROP,RAISE6SECRRP,RAISE6SECROP,RAISE60SECRRP,RAISE60SECROP,RAISE5MINRRP,RAISE5MINROP,RAISEREGRRP,RAISEREGROP,LOWER6SECRRP,LOWER6SECROP,LOWER60SECRRP,LOWER60SECROP,LOWER5MINRRP,LOWER5MINROP,LOWERREGRRP,LOWERREGROP,RAISE1SECRRP,RAISE1SECROP,LOWER1SECRRP,LOWER1SECROP,PRICE_STATUS
D,TRADING,PRICE,3,"2025/05/29 17:15:00",1,SA1,207,106.14,0,0,"2025/05/29 17:10:03",106.14,0.38,0.38,0.23,0.23,0.23,0.23,9.89,9.89,0.38,0.38,0.45,0.45,0.39,0.39,7.95,7.95,0.3,0.3,0,0,FIRM
D,TRADING,PRICE,3,"2025/05/29 17:15:00",1,NSW1,207,533.54,0,0,"2025/05/29 17:10:03",533.54,0.38,0.38,0.23,0.23,0.23,0.23,9.89,9.89,0.38,0.38,0.45,0.45,0.39,0.39,7.95,7.95,0.3,0.3,0,0,FIRM
D,TRADING,PRICE,3,"2025/05/29 17:15:00",1,QLD1,207,499.63,0,0,"2025/05/29 17:10:03",499.63,0.38,0.38,0.23,0.23,0.23,0.23,9.89,9.89,0.38,0.38,0.45,0.45,0.39,0.39,7.95,7.95,0.3,0.3,0,0,FIRM
D,TRADING,PRICE,3,"2025/05/29 17:15:00",1,TAS1,207,104.79,0,0,"2025/05/29 17:10:03",104.79,0.38,0.38,0.38,0.38,0.23,0.23,7.54,7.54,0.38,0.38,0.38,0.38,0.38,0.38,2.46,2.46,0.3,0.3,0,0,FIRM
D,TRADING,PRICE,3,"2025/05/29 17:15:00",1,VIC1,207,109,0,0,"2025/05/29 17:10:03",109,0.38,0.38,0.23,0.23,0.23,0.23,9.89,9.89,0.38,0.38,0.45,0.45,0.39,0.39,7.95,7.95,0.3,0.3,0,0,FIRM
C,"END OF REPORT",15
