C,NEMP.WORLD,TRADINGIS,AEMO,PUBLIC,2025/05/28,15:25:10,0000000465261773,TRADINGIS,0000000465261772
I,TRADING,INTERCONNECTORRES,2,SETTLEMENTDATE,RUNNO,INTERCONNECTORID,PERIODID,METEREDMWFLOW,MWFLOW,MWLOSSES,LASTCHANGED
D,TRADING,INTERCONNECTORRES,2,"2025/05/28 15:30:00",1,N-Q-MNSP1,186,-19.1,-17,0.07,"2025/05/28 15:25:03"
D,TRADING,INTERCONNECTORRES,2,"2025/05/28 15:30:00",1,NSW1-QLD1,186,-305,-441.29,7.91,"2025/05/28 15:25:03"
D,TRADING,INTERCONNECTORRES,2,"2025/05/28 15:30:00",1,T-V-MNSP1,186,-366.3,-245.31,7.22,"2025/05/28 15:25:03"
D,TRADING,INTERCONNECTORRES,2,"2025/05/28 15:30:00",1,V-S-MNSP1,186,68,72,0.95,"2025/05/28 15:25:03"
D,TRADING,INTERCONNECTORRES,2,"2025/05/28 15:30:00",1,V-SA,186,448.67,510.55,20.05,"2025/05/28 15:25:03"
D,TRADING,INTERCONNECTORRES,2,"2025/05/28 15:30:00",1,VIC1-NSW1,186,-282.22,-293.98,-5.02,"2025/05/28 15:25:03"
I,TRADING,PRICE,3,SETTLEMENTDATE,RUNNO,REGIONID,PERIODID,RRP,EEP,INVALIDFLAG,LASTCHANGED,ROP,RAISE6SECRRP,RAISE6SECROP,RAISE60SECRRP,RAISE60SECROP,RAISE5MINRRP,RAISE5MINROP,RAISEREGRRP,RAISEREGROP,LOWER6SECRRP,LOWER6SECROP,LOWER60SECRRP,LOWER60SECROP,LOWER5MINRRP,LOWER5MINROP,LOWERREGRRP,LOWERREGROP,RAISE1SECRRP,RAISE1SECROP,LOWER1SECRRP,LOWER1SECROP,PRICE_STATUS
D,TRADING,PRICE,3,"2025/05/28 15:30:00",1,SA1,186,164.12,0,0,"2025/05/28 15:25:03",164.12,0.38,0.38,0.1,0.1,0.04,0.04,0.04,0.04,0.38,0.38,0.38,0.38,0.38,0.38,0.38,0.38,0.81,0.81,0,0,FIRM
D,TRADING,PRICE,3,"2025/05/28 15:30:00",1,NSW1,186,114.65,0,0,"2025/05/28 15:25:03",114.65,0.38,0.38,0.1,0.1,0.04,0.04,0.04,0.04,0.38,0.38,0.38,0.38,0.38,0.38,0.38,0.38,0.81,0.81,0,0,FIRM
D,TRADING,PRICE,3,"2025/05/28 15:30:00",1,QLD1,186,100.83,0,0,"2025/05/28 15:25:03",100.83,0.38,0.38,0.1,0.1,0.04,0.04,0.04,0.04,0.38,0.38,7.89,7.89,0.38,0.38,0.38,0.38,0.81,0.81,0,0,FIRM
D,TRADING,PRICE,3,"2025/05/28 15:30:00",1,TAS1,186,155.03,0,0,"2025/05/28 15:25:03",155.03,0.38,0.38,0.38,0.38,0.04,0.04,9.4,9.4,0.38,0.38,0.38,0.38,0.38,0.38,2.48,2.48,0.81,0.81,0,0,FIRM
D,TRADING,PRICE,3,"2025/05/28 15:30:00",1,VIC1,186,149.31,0,0,"2025/05/28 15:25:03",149.31,0.38,0.38,0.1,0.1,0.04,0.04,0.04,0.04,0.38,0.38,0.38,0.38,0.38,0.38,0.38,0.38,0.81,0.81,0,0,FIRM
C,"END OF REPORT",15
