C,NEMP.WORLD,TRADINGIS,AEMO,PUBLIC,2025/06/02,09:55:11,0000000465938318,TRADINGIS,0000000465938317
I,TRADING,INTERCONNECTORRES,2,SETTLEMENTDATE,RUNNO,INTERCONNECTORID,PERIODID,METEREDMWFLOW,MWFLOW,MWLOSSES,LASTCHANGED
D,TRADING,INTERCONNECTORRES,2,"2025/06/02 10:00:00",1,N-Q-MNSP1,120,-113.2,-52.25,5.31,"2025/06/02 09:55:03"
D,TRADING,INTERCONNECTORRES,2,"2025/06/02 10:00:00",1,NSW1-QLD1,120,-1074.5,-1236,112.65,"2025/06/02 09:55:03"
D,TRADING,INTERCONNECTORRES,2,"2025/06/02 10:00:00",1,T-V-MNSP1,120,-206.9,-250.97,7.53,"2025/06/02 09:55:03"
D,TRADING,INTERCONNECTORRES,2,"2025/06/02 10:00:00",1,V-S-MNSP1,120,38,41.56,-0.95,"2025/06/02 09:55:03"
D,TRADING,INTERCONNECTORRES,2,"2025/06/02 10:00:00",1,V-SA,120,440.11,447.19,22.94,"2025/06/02 09:55:03"
D,TRADING,INTERCONNECTORRES,2,"2025/06/02 10:00:00",1,VIC1-NSW1,120,-209.54,-271.63,-0.4,"2025/06/02 09:55:03"
I,TRADING,PRICE,3,SETTLEMENTDATE,RUNNO,REGIONID,PERIODID,RRP,EEP,INVALIDFLAG,LASTCHANGED,ROP,RAISE6SECRRP,RAISE6SECROP,RAISE60SECRRP,RAISE60SECROP,RAISE5MINRRP,RAISE5MINROP,RAISEREGRRP,RAISEREGROP,LOWER6SECRRP,LOWER6SECROP,LOWER60SECRRP,LOWER60SECROP,LOWER5MINRRP,LOWER5MINROP,LOWERREGRRP,LOWERREGROP,RAISE1SECRRP,RAISE1SECROP,LOWER1SECRRP,LOWER1SECROP,PRICE_STATUS
D,TRADING,PRICE,3,"2025/06/02 10:00:00",1,SA1,120,138,0,0,"2025/06/02 09:55:03",138,0.37,0.37,0.1,0.1,0.1,0.1,9.89,9.89,0.1,0.1,0.38,0.38,0,0,0,0,0.37,0.37,0,0,FIRM
D,TRADING,PRICE,3,"2025/06/02 10:00:00",1,NSW1,120,117.84,0,0,"2025/06/02 09:55:03",117.84,0.37,0.37,0.1,0.1,0.1,0.1,9.89,9.89,0.1,0.1,0.38,0.38,0,0,0,0,0.37,0.37,0,0,FIRM
D,TRADING,PRICE,3,"2025/06/02 10:00:00",1,QLD1,120,75.83,0,0,"2025/06/02 09:55:03",75.83,0.37,0.37,0.1,0.1,0.1,0.1,9.89,9.89,0.1,0.1,0.38,0.38,0,0,0,0,0.37,0.37,0,0,FIRM
D,TRADING,PRICE,3,"2025/06/02 10:00:00",1,TAS1,120,124.92,0,0,"2025/06/02 09:55:03",124.92,0.37,0.37,0.36,0.36,0.1,0.1,7.92,7.92,0.1,0.1,0.38,0.38,0,0,2.95,2.95,0.37,0.37,0,0,FIRM
D,TRADING,PRICE,3,"2025/06/02 10:00:00",1,VIC1,120,120,0,0,"2025/06/02 09:55:03",120,0.37,0.37,0.1,0.1,0.1,0.1,9.89,9.89,0.1,0.1,0.38,0.38,0,0,0,0,0.37,0.37,0,0,FIRM
C,"END OF REPORT",15
