C,NEMP.WORLD,TRADINGIS,AEMO,PUBLIC,2025/05/26,12:15:16,0000000464944033,TRADINGIS,0000000464944032
I,TRADING,INTERCONNECTORRES,2,SETTLEMENTDATE,RUNNO,INTERCONNECTORID,PERIODID,METEREDMWFLOW,MWFLOW,MWLOSSES,LASTCHANGED
D,TRADING,INTERCONNECTORRES,2,"2025/05/26 12:20:00",1,N-Q-MNSP1,148,-15.7,-41,2.87,"2025/05/26 12:15:09"
D,TRADING,INTERCONNECTORRES,2,"2025/05/26 12:20:00",1,NSW1-QLD1,148,-1078.7,-955.71,80.75,"2025/05/26 12:15:09"
D,TRADING,INTERCONNECTORRES,2,"2025/05/26 12:20:00",1,T-V-MNSP1,148,-434,-452.93,23.1,"2025/05/26 12:15:09"
D,TRADING,INTERCONNECTORRES,2,"2025/05/26 12:20:00",1,V-S-MNSP1,148,155,150.73,16.31,"2025/05/26 12:15:09"
D,TRADING,INTERCONNECTORRES,2,"2025/05/26 12:20:00",1,V-SA,148,245.19,130.7,8.45,"2025/05/26 12:15:09"
D,TRADING,INTERCONNECTORRES,2,"2025/05/26 12:20:00",1,VIC1-NSW1,148,480.21,850.85,62.51,"2025/05/26 12:15:09"
I,TRADING,PRICE,3,SETTLEMENTDATE,RUNNO,REGIONID,PERIODID,RRP,EEP,INVALIDFLAG,LASTCHANGED,ROP,RAISE6SECRRP,RAISE6SECROP,RAISE60SECRRP,RAISE60SECROP,RAISE5MINRRP,RAISE5MINROP,RAISEREGRRP,RAISEREGROP,LOWER6SECRRP,LOWER6SECROP,LOWER60SECRRP,LOWER60SECROP,LOWER5MINRRP,LOWER5MINROP,LOWERREGRRP,LOWERREGROP,RAISE1SECRRP,RAISE1SECROP,LOWER1SECRRP,LOWER1SECROP,PRICE_STATUS
D,TRADING,PRICE,3,"2025/05/26 12:20:00",1,SA1,148,-13.89,0,0,"2025/05/26 12:15:09",-13.89,0.01,0.01,0.01,0.01,0.04,0.04,11,11,0.1,0.1,1,1,0.01,0.01,0.01,0.01,0.1,0.1,0,0,FIRM
D,TRADING,PRICE,3,"2025/05/26 12:20:00",1,NSW1,148,56.98,0,0,"2025/05/26 12:15:09",56.98,0.01,0.01,0.01,0.01,0.04,0.04,11,11,0.1,0.1,1,1,0.01,0.01,0.01,0.01,0.1,0.1,0,0,FIRM
D,TRADING,PRICE,3,"2025/05/26 12:20:00",1,QLD1,148,47.9,0,0,"2025/05/26 12:15:09",47.9,0.01,0.01,0.01,0.01,0.04,0.04,11,11,0.1,0.1,1,1,0.01,0.01,0.01,0.01,0.1,0.1,0,0,FIRM
D,TRADING,PRICE,3,"2025/05/26 12:20:00",1,TAS1,148,11.25,0,0,"2025/05/26 12:15:09",11.25,0.38,0.38,0.38,0.38,0.36,0.36,8.8,8.8,0.1,0.1,0.38,0.38,0,0,3.55,3.55,0.1,0.1,0,0,FIRM
D,TRADING,PRICE,3,"2025/05/26 12:20:00",1,VIC1,148,-12.09,0,0,"2025/05/26 12:15:09",-12.09,0.01,0.01,0.01,0.01,0.04,0.04,11,11,0.1,0.1,1,1,0.01,0.01,0.01,0.01,0.1,0.1,0,0,FIRM
C,"END OF REPORT",15
