C,NEMP.WORLD,TRADINGIS,AEMO,PUBLIC,2025/05/28,07:35:11,0000000465212667,TRADINGIS,0000000465212666
I,TRADING,INTERCONNECTORRES,2,SETTLEMENTDATE,RUNNO,INTERCONNECTORID,PERIODID,METEREDMWFLOW,MWFLOW,MWLOSSES,LASTCHANGED
D,TRADING,INTERCONNECTORRES,2,"2025/05/28 07:40:00",1,N-Q-MNSP1,92,-24.1,-25,0.65,"2025/05/28 07:35:03"
D,TRADING,INTERCONNECTORRES,2,"2025/05/28 07:40:00",1,NSW1-QLD1,92,-813.3,-686.23,17.82,"2025/05/28 07:35:03"
D,TRADING,INTERCONNECTORRES,2,"2025/05/28 07:40:00",1,T-V-MNSP1,92,-413.9,-412.2,19.28,"2025/05/28 07:35:03"
D,TRADING,INTERCONNECTORRES,2,"2025/05/28 07:40:00",1,V-S-MNSP1,92,84,86.69,2.7,"2025/05/28 07:35:03"
D,TRADING,INTERCONNECTORRES,2,"2025/05/28 07:40:00",1,V-SA,92,568.74,569.35,35.93,"2025/05/28 07:35:03"
D,TRADING,INTERCONNECTORRES,2,"2025/05/28 07:40:00",1,VIC1-NSW1,92,-299.75,-261.47,0.98,"2025/05/28 07:35:03"
I,TRADING,PRICE,3,SETTLEMENTDATE,RUNNO,REGIONID,PERIODID,RRP,EEP,INVALIDFLAG,LASTCHANGED,ROP,RAISE6SECRRP,RAISE6SECROP,RAISE60SECRRP,RAISE60SECROP,RAISE5MINRRP,RAISE5MINROP,RAISEREGRRP,RAISEREGROP,LOWER6SECRRP,LOWER6SECROP,LOWER60SECRRP,LOWER60SECROP,LOWER5MINRRP,LOWER5MINROP,LOWERREGRRP,LOWERREGROP,RAISE1SECRRP,RAISE1SECROP,LOWER1SECRRP,LOWER1SECROP,PRICE_STATUS
D,TRADING,PRICE,3,"2025/05/28 07:40:00",1,SA1,92,124.04,0,0,"2025/05/28 07:35:03",124.04,0.39,0.39,0.38,0.38,0.1,0.1,0.1,0.1,0,0,0,0,0,0,3.32,3.32,0.94,0.94,0,0,FIRM
D,TRADING,PRICE,3,"2025/05/28 07:40:00",1,NSW1,92,106.41,0,0,"2025/05/28 07:35:03",106.41,0.39,0.39,0.38,0.38,0.1,0.1,0.1,0.1,0,0,0,0,0,0,3.32,3.32,0.94,0.94,0,0,FIRM
D,TRADING,PRICE,3,"2025/05/28 07:40:00",1,QLD1,92,75.63,0,0,"2025/05/28 07:35:03",75.63,0.39,0.39,0.38,0.38,0.1,0.1,0.1,0.1,8.68,8.68,13.51,13.51,0.38,0.38,3.7,3.7,0.94,0.94,0,0,FIRM
D,TRADING,PRICE,3,"2025/05/28 07:40:00",1,TAS1,92,116.95,0,0,"2025/05/28 07:35:03",116.95,0.39,0.39,0.38,0.38,0.1,0.1,8.4,8.4,0,0,0,0,0,0,3.48,3.48,0.94,0.94,0,0,FIRM
D,TRADING,PRICE,3,"2025/05/28 07:40:00",1,VIC1,92,109,0,0,"2025/05/28 07:35:03",109,0.39,0.39,0.38,0.38,0.1,0.1,0.1,0.1,0,0,0,0,0,0,3.32,3.32,0.94,0.94,0,0,FIRM
C,"END OF REPORT",15
