C,NEMP.WORLD,TRADINGIS,AEMO,PUBLIC,2025/05/29,13:15:10,0000000465391061,TRADINGIS,0000000465391060
I,TRADING,INTERCONNECTORRES,2,SETTLEMENTDATE,RUNNO,INTERCONNECTORID,PERIODID,METEREDMWFLOW,MWFLOW,MWLOSSES,LASTCHANGED
D,TRADING,INTERCONNECTORRES,2,"2025/05/29 13:20:00",1,N-Q-MNSP1,160,-13.1,-9,-0.16,"2025/05/29 13:15:03"
D,TRADING,INTERCONNECTORRES,2,"2025/05/29 13:20:00",1,NSW1-QLD1,160,38.4,-49.65,-0.47,"2025/05/29 13:15:03"
D,TRADING,INTERCONNECTORRES,2,"2025/05/29 13:20:00",1,T-V-MNSP1,160,-442,-453.81,23.18,"2025/05/29 13:15:03"
D,TRADING,INTERCONNECTORRES,2,"2025/05/29 13:20:00",1,V-S-MNSP1,160,-9,-8.5,0.72,"2025/05/29 13:15:03"
D,TRADING,INTERCONNECTORRES,2,"2025/05/29 13:20:00",1,V-SA,160,-246.89,-238,14,"2025/05/29 13:15:03"
D,TRADING,INTERCONNECTORRES,2,"2025/05/29 13:20:00",1,VIC1-NSW1,160,475.56,459.19,52.64,"2025/05/29 13:15:03"
I,TRADING,PRICE,3,SETTLEMENTDATE,RUNNO,REGIONID,PERIODID,RRP,EEP,INVALIDFLAG,LASTCHANGED,ROP,RAISE6SECRRP,RAISE6SECROP,RAISE60SECRRP,RAISE60SECROP,RAISE5MINRRP,RAISE5MINROP,RAISEREGRRP,RAISEREGROP,LOWER6SECRRP,LOWER6SECROP,LOWER60SECRRP,LOWER60SECROP,LOWER5MINRRP,LOWER5MINROP,LOWERREGRRP,LOWERREGROP,RAISE1SECRRP,RAISE1SECROP,LOWER1SECRRP,LOWER1SECROP,PRICE_STATUS
D,TRADING,PRICE,3,"2025/05/29 13:20:00",1,SA1,160,51.29,0,0,"2025/05/29 13:15:03",51.29,0.01,0.01,0.01,0.01,0.1,0.1,5.71,5.71,0.39,0.39,1,1,0.39,0.39,3.49,3.49,0.38,0.38,0,0,FIRM
D,TRADING,PRICE,3,"2025/05/29 13:20:00",1,NSW1,160,65.22,0,0,"2025/05/29 13:15:03",65.22,0.01,0.01,0.01,0.01,0.1,0.1,5.71,5.71,0.39,0.39,1,1,0.39,0.39,3.49,3.49,0.38,0.38,0,0,FIRM
D,TRADING,PRICE,3,"2025/05/29 13:20:00",1,QLD1,160,75.83,0,0,"2025/05/29 13:15:03",75.83,4.85,4.85,4.99,4.99,0.38,0.38,5.99,5.99,0.39,0.39,1,1,0.39,0.39,3.49,3.49,0.38,0.38,0,0,FIRM
D,TRADING,PRICE,3,"2025/05/29 13:20:00",1,TAS1,160,76.09,0,0,"2025/05/29 13:15:03",76.09,0.38,0.38,0.38,0.38,0.1,0.1,6.54,6.54,0.38,0.38,0.38,0.38,0,0,3.46,3.46,0.38,0.38,0,0,FIRM
D,TRADING,PRICE,3,"2025/05/29 13:20:00",1,VIC1,160,55.89,0,0,"2025/05/29 13:15:03",55.89,0.01,0.01,0.01,0.01,0.1,0.1,5.71,5.71,0.39,0.39,1,1,0.39,0.39,3.49,3.49,0.38,0.38,0,0,FIRM
C,"END OF REPORT",15
