C,NEMP.WORLD,TRADINGIS,AEMO,PUBLIC,2025/05/28,10:55:15,0000000465232490,TRADINGIS,0000000465232489
I,TRADING,INTERCONNECTORRES,2,SETTLEMENTDATE,RUNNO,INTERCONNECTORID,PERIODID,METEREDMWFLOW,MWFLOW,MWLOSSES,LASTCHANGED
D,TRADING,INTERCONNECTORRES,2,"2025/05/28 11:00:00",1,N-Q-MNSP1,132,96.3,94.24,28.42,"2025/05/28 10:55:08"
D,TRADING,INTERCONNECTORRES,2,"2025/05/28 11:00:00",1,NSW1-QLD1,132,-423.1,-378.74,18.61,"2025/05/28 10:55:08"
D,TRADING,INTERCONNECTORRES,2,"2025/05/28 11:00:00",1,T-V-MNSP1,132,-416.3,-408.82,18.98,"2025/05/28 10:55:08"
D,TRADING,INTERCONNECTORRES,2,"2025/05/28 11:00:00",1,V-S-MNSP1,132,146,131.63,11.22,"2025/05/28 10:55:08"
D,TRADING,INTERCONNECTORRES,2,"2025/05/28 11:00:00",1,V-SA,132,639.98,605.04,38.12,"2025/05/28 10:55:08"
D,TRADING,INTERCONNECTORRES,2,"2025/05/28 11:00:00",1,VIC1-NSW1,132,-279.52,-178.88,-3.27,"2025/05/28 10:55:08"
I,TRADING,PRICE,3,SETTLEMENTDATE,RUNNO,REGIONID,PERIODID,RRP,EEP,INVALIDFLAG,LASTCHANGED,ROP,RAISE6SECRRP,RAISE6SECROP,RAISE60SECRRP,RAISE60SECROP,RAISE5MINRRP,RAISE5MINROP,RAISEREGRRP,RAISEREGROP,LOWER6SECRRP,LOWER6SECROP,LOWER60SECRRP,LOWER60SECROP,LOWER5MINRRP,LOWER5MINROP,LOWERREGRRP,LOWERREGROP,RAISE1SECRRP,RAISE1SECROP,LOWER1SECRRP,LOWER1SECROP,PRICE_STATUS
D,TRADING,PRICE,3,"2025/05/28 11:00:00",1,SA1,132,2.56,0,0,"2025/05/28 10:55:08",2.56,0.38,0.38,0.38,0.38,0.15,0.15,10,10,0.38,0.38,0.74,0.74,0.38,0.38,3.71,3.71,0.1,0.1,0,0,FIRM
D,TRADING,PRICE,3,"2025/05/28 11:00:00",1,NSW1,132,-20.51,0,0,"2025/05/28 10:55:08",-20.51,0.38,0.38,0.38,0.38,0.15,0.15,10,10,0.38,0.38,0.74,0.74,0.38,0.38,3.71,3.71,0.1,0.1,0,0,FIRM
D,TRADING,PRICE,3,"2025/05/28 11:00:00",1,QLD1,132,-33.1,0,0,"2025/05/28 10:55:08",-33.1,0.38,0.38,0.38,0.38,0.15,0.15,10,10,7.89,7.89,7.89,7.89,0.38,0.38,3.71,3.71,0.1,0.1,0,0,FIRM
D,TRADING,PRICE,3,"2025/05/28 11:00:00",1,TAS1,132,76.05,0,0,"2025/05/28 10:55:08",76.05,0.38,0.38,0.38,0.38,0.15,0.15,7.4,7.4,0.38,0.38,0.38,0.38,0.38,0.38,2.48,2.48,0.1,0.1,0,0,FIRM
D,TRADING,PRICE,3,"2025/05/28 11:00:00",1,VIC1,132,2.03,0,0,"2025/05/28 10:55:08",2.03,0.38,0.38,0.38,0.38,0.15,0.15,10,10,0.38,0.38,0.74,0.74,0.38,0.38,3.71,3.71,0.1,0.1,0,0,FIRM
C,"END OF REPORT",15
