C,NEMP.WORLD,TRADINGIS,AEMO,PUBLIC,2025/06/07,04:00:12,0000000466622472,TRADINGIS,0000000466622471
I,TRADING,INTERCONNECTORRES,2,SETTLEMENTDATE,RUNNO,INTERCONNECTORID,PERIODID,METEREDMWFLOW,MWFLOW,MWLOSSES,LASTCHANGED
D,TRADING,INTERCONNECTORRES,2,"2025/06/07 04:05:00",1,N-Q-MNSP1,49,9.3,9,0.6,"2025/06/07 04:00:04"
D,TRADING,INTERCONNECTORRES,2,"2025/06/07 04:05:00",1,NSW1-QLD1,49,431,480.2,22.78,"2025/06/07 04:00:04"
D,TRADING,INTERCONNECTORRES,2,"2025/06/07 04:05:00",1,T-V-MNSP1,49,-454.8,-478,25.62,"2025/06/07 04:00:04"
D,TRADING,INTERCONNECTORRES,2,"2025/06/07 04:05:00",1,V-S-MNSP1,49,-125,-125,28.04,"2025/06/07 04:00:04"
D,TRADING,INTERCONNECTORRES,2,"2025/06/07 04:05:00",1,V-SA,49,90.2,68.17,1.81,"2025/06/07 04:00:04"
D,TRADING,INTERCONNECTORRES,2,"2025/06/07 04:05:00",1,VIC1-NSW1,49,1007.54,1046.21,117.7,"2025/06/07 04:00:04"
I,TRADING,PRICE,3,SETTLEMENTDATE,RUNNO,REGIONID,PERIODID,RRP,EEP,INVALIDFLAG,LASTCHANGED,ROP,RAISE6SECRRP,RAISE6SECROP,RAISE60SECRRP,RAISE60SECROP,RAISE5MINRRP,RAISE5MINROP,RAISEREGRRP,RAISEREGROP,LOWER6SECRRP,LOWER6SECROP,LOWER60SECRRP,LOWER60SECROP,LOWER5MINRRP,LOWER5MINROP,LOWERREGRRP,LOWERREGROP,RAISE1SECRRP,RAISE1SECROP,LOWER1SECRRP,LOWER1SECROP,PRICE_STATUS
D,TRADING,PRICE,3,"2025/06/07 04:05:00",1,SA1,49,-21,0,0,"2025/06/07 04:00:04",-21,0.1,0.1,0.1,0.1,0.1,0.1,5.99,5.99,0.38,0.38,0.38,0.38,0.1,0.1,0.1,0.1,0.86,0.86,0.01,0.01,FIRM
D,TRADING,PRICE,3,"2025/06/07 04:05:00",1,NSW1,49,41.12,0,0,"2025/06/07 04:00:04",41.12,0.1,0.1,0.1,0.1,0.1,0.1,5.99,5.99,0.38,0.38,0.38,0.38,0.1,0.1,0.1,0.1,0.86,0.86,0.01,0.01,FIRM
D,TRADING,PRICE,3,"2025/06/07 04:05:00",1,QLD1,49,44.94,0,0,"2025/06/07 04:00:04",44.94,0.1,0.1,0.1,0.1,0.1,0.1,5.99,5.99,0.38,0.38,0.38,0.38,0.1,0.1,0.1,0.1,0.86,0.86,0.01,0.01,FIRM
D,TRADING,PRICE,3,"2025/06/07 04:05:00",1,TAS1,49,11.25,0,0,"2025/06/07 04:00:04",11.25,0.38,0.38,0.38,0.38,0.36,0.36,7.38,7.38,0.38,0.38,0.38,0.38,0,0,3.01,3.01,0.86,0.86,0,0,FIRM
D,TRADING,PRICE,3,"2025/06/07 04:05:00",1,VIC1,49,0,0,0,"2025/06/07 04:00:04",0,0.1,0.1,0.1,0.1,0.1,0.1,5.99,5.99,0.38,0.38,0.38,0.38,0.1,0.1,0.1,0.1,0.86,0.86,0.01,0.01,FIRM
C,"END OF REPORT",15
