C,NEMP.WORLD,TRADINGIS,AEMO,PUBLIC,2025/05/27,05:30:15,0000000465051977,TRADINGIS,0000000465051976
I,TRADING,INTERCONNECTORRES,2,SETTLEMENTDATE,RUNNO,INTERCONNECTORID,PERIODID,METEREDMWFLOW,MWFLOW,MWLOSSES,LASTCHANGED
D,TRADING,INTERCONNECTORRES,2,"2025/05/27 05:35:00",1,N-Q-MNSP1,67,0.9,0,0,"2025/05/27 05:30:07"
D,TRADING,INTERCONNECTORRES,2,"2025/05/27 05:35:00",1,NSW1-QLD1,67,282.5,320.37,12.48,"2025/05/27 05:30:07"
D,TRADING,INTERCONNECTORRES,2,"2025/05/27 05:35:00",1,T-V-MNSP1,67,-457.8,-460.72,23.87,"2025/05/27 05:30:07"
D,TRADING,INTERCONNECTORRES,2,"2025/05/27 05:35:00",1,V-S-MNSP1,67,-145,-144.14,35.65,"2025/05/27 05:30:07"
D,TRADING,INTERCONNECTORRES,2,"2025/05/27 05:35:00",1,V-SA,67,-306.44,-303.81,6.84,"2025/05/27 05:30:07"
D,TRADING,INTERCONNECTORRES,2,"2025/05/27 05:35:00",1,VIC1-NSW1,67,927.78,954.21,98.89,"2025/05/27 05:30:07"
I,TRADING,PRICE,3,SETTLEMENTDATE,RUNNO,REGIONID,PERIODID,RRP,EEP,INVALIDFLAG,LASTCHANGED,ROP,RAISE6SECRRP,RAISE6SECROP,RAISE60SECRRP,RAISE60SECROP,RAISE5MINRRP,RAISE5MINROP,RAISEREGRRP,RAISEREGROP,LOWER6SECRRP,LOWER6SECROP,LOWER60SECRRP,LOWER60SECROP,LOWER5MINRRP,LOWER5MINROP,LOWERREGRRP,LOWERREGROP,RAISE1SECRRP,RAISE1SECROP,LOWER1SECRRP,LOWER1SECROP,PRICE_STATUS
D,TRADING,PRICE,3,"2025/05/27 05:35:00",1,SA1,67,-9.27,0,0,"2025/05/27 05:30:07",-9.27,0.23,0.23,0.1,0.1,0.1,0.1,3.99,3.99,0.03,0.03,0.1,0.1,0.1,0.1,1.57,1.57,0.37,0.37,0,0,FIRM
D,TRADING,PRICE,3,"2025/05/27 05:35:00",1,NSW1,67,56.98,0,0,"2025/05/27 05:30:07",56.98,0.23,0.23,0.1,0.1,0.1,0.1,3.99,3.99,0.03,0.03,0.1,0.1,0.1,0.1,1.57,1.57,0.37,0.37,0,0,FIRM
D,TRADING,PRICE,3,"2025/05/27 05:35:00",1,QLD1,67,60.78,0,0,"2025/05/27 05:30:07",60.78,0.23,0.23,0.1,0.1,0.1,0.1,3.99,3.99,0.03,0.03,0.1,0.1,0.1,0.1,1.57,1.57,0.37,0.37,0,0,FIRM
D,TRADING,PRICE,3,"2025/05/27 05:35:00",1,TAS1,67,35.24,0,0,"2025/05/27 05:30:07",35.24,0.38,0.38,0.38,0.38,0.1,0.1,8.4,8.4,0.03,0.03,0.1,0.1,0,0,2.48,2.48,0.37,0.37,0,0,FIRM
D,TRADING,PRICE,3,"2025/05/27 05:35:00",1,VIC1,67,-9.81,0,0,"2025/05/27 05:30:07",-9.81,0.23,0.23,0.1,0.1,0.1,0.1,3.99,3.99,0.03,0.03,0.1,0.1,0.1,0.1,1.57,1.57,0.37,0.37,0,0,FIRM
C,"END OF REPORT",15
