C,NEMP.WORLD,TRADINGIS,AEMO,PUBLIC,2025/05/28,14:10:11,0000000465253932,TRADINGIS,0000000465253931
I,TRADING,INTERCONNECTORRES,2,SETTLEMENTDATE,RUNNO,INTERCONNECTORID,PERIODID,METEREDMWFLOW,MWFLOW,MWLOSSES,LASTCHANGED
D,TRADING,INTERCONNECTORRES,2,"2025/05/28 14:15:00",1,N-Q-MNSP1,171,4.4,-17,0.07,"2025/05/28 14:10:04"
D,TRADING,INTERCONNECTORRES,2,"2025/05/28 14:15:00",1,NSW1-QLD1,171,-453.8,-327.9,11.38,"2025/05/28 14:10:04"
D,TRADING,INTERCONNECTORRES,2,"2025/05/28 14:15:00",1,T-V-MNSP1,171,-427.3,-386.69,17.06,"2025/05/28 14:10:04"
D,TRADING,INTERCONNECTORRES,2,"2025/05/28 14:15:00",1,V-S-MNSP1,171,156,155.11,17.6,"2025/05/28 14:10:04"
D,TRADING,INTERCONNECTORRES,2,"2025/05/28 14:15:00",1,V-SA,171,539.02,581.99,29.25,"2025/05/28 14:10:04"
D,TRADING,INTERCONNECTORRES,2,"2025/05/28 14:15:00",1,VIC1-NSW1,171,-453.37,-298.4,-6.37,"2025/05/28 14:10:04"
I,TRADING,PRICE,3,SETTLEMENTDATE,RUNNO,REGIONID,PERIODID,RRP,EEP,INVALIDFLAG,LASTCHANGED,ROP,RAISE6SECRRP,RAISE6SECROP,RAISE60SECRRP,RAISE60SECROP,RAISE5MINRRP,RAISE5MINROP,RAISEREGRRP,RAISEREGROP,LOWER6SECRRP,LOWER6SECROP,LOWER60SECRRP,LOWER60SECROP,LOWER5MINRRP,LOWER5MINROP,LOWERREGRRP,LOWERREGROP,RAISE1SECRRP,RAISE1SECROP,LOWER1SECRRP,LOWER1SECROP,PRICE_STATUS
D,TRADING,PRICE,3,"2025/05/28 14:15:00",1,SA1,171,100,0,0,"2025/05/28 14:10:04",100,0.1,0.1,0.1,0.1,0.1,0.1,21,21,0,0,0.38,0.38,0.37,0.37,0.37,0.37,0.01,0.01,0,0,FIRM
D,TRADING,PRICE,3,"2025/05/28 14:15:00",1,NSW1,171,36.52,0,0,"2025/05/28 14:10:04",36.52,0.1,0.1,0.1,0.1,0.1,0.1,21,21,0,0,0.38,0.38,0.37,0.37,0.37,0.37,0.01,0.01,0,0,FIRM
D,TRADING,PRICE,3,"2025/05/28 14:15:00",1,QLD1,171,-18.51,0,0,"2025/05/28 14:10:04",-18.51,0.1,0.1,0.1,0.1,0.1,0.1,21,21,32.96,32.96,19.92,19.92,1.83,1.83,1.83,1.83,0.01,0.01,0,0,FIRM
D,TRADING,PRICE,3,"2025/05/28 14:15:00",1,TAS1,171,39.14,0,0,"2025/05/28 14:10:04",39.14,0.38,0.38,0.38,0.38,0.1,0.1,8.4,8.4,0,0,0.38,0.38,0.37,0.37,2.48,2.48,0.01,0.01,0,0,FIRM
D,TRADING,PRICE,3,"2025/05/28 14:15:00",1,VIC1,171,36.66,0,0,"2025/05/28 14:10:04",36.66,0.1,0.1,0.1,0.1,0.1,0.1,21,21,0,0,0.38,0.38,0.37,0.37,0.37,0.37,0.01,0.01,0,0,FIRM
C,"END OF REPORT",15
