C,NEMP.WORLD,TRADINGIS,AEMO,PUBLIC,2025/05/27,21:40:10,0000000465155117,TRADINGIS,0000000465155116
I,TRADING,INTERCONNECTORRES,2,SETTLEMENTDATE,RUNNO,INTERCONNECTORID,PERIODID,METEREDMWFLOW,MWFLOW,MWLOSSES,LASTCHANGED
D,TRADING,INTERCONNECTORRES,2,"2025/05/27 21:45:00",1,N-Q-MNSP1,261,1.7,0,0,"2025/05/27 21:40:03"
D,TRADING,INTERCONNECTORRES,2,"2025/05/27 21:45:00",1,NSW1-QLD1,261,54.7,16.92,0.61,"2025/05/27 21:40:03"
D,TRADING,INTERCONNECTORRES,2,"2025/05/27 21:45:00",1,T-V-MNSP1,261,-455.4,-475.26,25.34,"2025/05/27 21:40:03"
D,TRADING,INTERCONNECTORRES,2,"2025/05/27 21:45:00",1,V-S-MNSP1,261,108,122.18,9.02,"2025/05/27 21:40:03"
D,TRADING,INTERCONNECTORRES,2,"2025/05/27 21:45:00",1,V-SA,261,577.57,573.65,43.33,"2025/05/27 21:40:03"
D,TRADING,INTERCONNECTORRES,2,"2025/05/27 21:45:00",1,VIC1-NSW1,261,6.29,3,0.03,"2025/05/27 21:40:03"
I,TRADING,PRICE,3,SETTLEMENTDATE,RUNNO,REGIONID,PERIODID,RRP,EEP,INVALIDFLAG,LASTCHANGED,ROP,RAISE6SECRRP,RAISE6SECROP,RAISE60SECRRP,RAISE60SECROP,RAISE5MINRRP,RAISE5MINROP,RAISEREGRRP,RAISEREGROP,LOWER6SECRRP,LOWER6SECROP,LOWER60SECRRP,LOWER60SECROP,LOWER5MINRRP,LOWER5MINROP,LOWERREGRRP,LOWERREGROP,RAISE1SECRRP,RAISE1SECROP,LOWER1SECRRP,LOWER1SECROP,PRICE_STATUS
D,TRADING,PRICE,3,"2025/05/27 21:45:00",1,SA1,261,79.02,0,0,"2025/05/27 21:40:03",79.02,0.1,0.1,0.04,0.04,0.09,0.09,5.99,5.99,0.01,0.01,0.1,0.1,0.01,0.01,3.99,3.99,0.1,0.1,0,0,FIRM
D,TRADING,PRICE,3,"2025/05/27 21:45:00",1,NSW1,261,65.01,0,0,"2025/05/27 21:40:03",65.01,0.1,0.1,0.04,0.04,0.09,0.09,5.99,5.99,0.01,0.01,0.1,0.1,0.01,0.01,3.99,3.99,0.1,0.1,0,0,FIRM
D,TRADING,PRICE,3,"2025/05/27 21:45:00",1,QLD1,261,67.39,0,0,"2025/05/27 21:40:03",67.39,0.1,0.1,0.04,0.04,0.09,0.09,5.99,5.99,0.01,0.01,0.1,0.1,0.01,0.01,3.99,3.99,0.1,0.1,0,0,FIRM
D,TRADING,PRICE,3,"2025/05/27 21:45:00",1,TAS1,261,100.24,0,0,"2025/05/27 21:40:03",100.24,0.38,0.38,0.38,0.38,0.36,0.36,8.4,8.4,0.01,0.01,0.1,0.1,0,0,2.48,2.48,0.1,0.1,0,0,FIRM
D,TRADING,PRICE,3,"2025/05/27 21:45:00",1,VIC1,261,64,0,0,"2025/05/27 21:40:03",64,0.1,0.1,0.04,0.04,0.09,0.09,5.99,5.99,0.01,0.01,0.1,0.1,0.01,0.01,3.99,3.99,0.1,0.1,0,0,FIRM
C,"END OF REPORT",15
