C,NEMP.WORLD,TRADINGIS,AEMO,PUBLIC,2025/05/29,19:10:11,0000000465428536,TRADINGIS,0000000465428535
I,TRADING,INTERCONNECTORRES,2,SETTLEMENTDATE,RUNNO,INTERCONNECTORID,PERIODID,METEREDMWFLOW,MWFLOW,MWLOSSES,LASTCHANGED
D,TRADING,INTERCONNECTORRES,2,"2025/05/29 19:15:00",1,N-Q-MNSP1,231,-9.3,-9,-0.16,"2025/05/29 19:10:03"
D,TRADING,INTERCONNECTORRES,2,"2025/05/29 19:15:00",1,NSW1-QLD1,231,-311.8,-301.11,-10.38,"2025/05/29 19:10:03"
D,TRADING,INTERCONNECTORRES,2,"2025/05/29 19:15:00",1,T-V-MNSP1,231,152.6,174.26,2.48,"2025/05/29 19:10:03"
D,TRADING,INTERCONNECTORRES,2,"2025/05/29 19:15:00",1,V-S-MNSP1,231,54,45,-0.87,"2025/05/29 19:10:03"
D,TRADING,INTERCONNECTORRES,2,"2025/05/29 19:15:00",1,V-SA,231,158.15,157.53,3.49,"2025/05/29 19:10:03"
D,TRADING,INTERCONNECTORRES,2,"2025/05/29 19:15:00",1,VIC1-NSW1,231,91.07,38.96,0.33,"2025/05/29 19:10:03"
I,TRADING,PRICE,3,SETTLEMENTDATE,RUNNO,REGIONID,PERIODID,RRP,EEP,INVALIDFLAG,LASTCHANGED,ROP,RAISE6SECRRP,RAISE6SECROP,RAISE60SECRRP,RAISE60SECROP,RAISE5MINRRP,RAISE5MINROP,RAISEREGRRP,RAISEREGROP,LOWER6SECRRP,LOWER6SECROP,LOWER60SECRRP,LOWER60SECROP,LOWER5MINRRP,LOWER5MINROP,LOWERREGRRP,LOWERREGROP,RAISE1SECRRP,RAISE1SECROP,LOWER1SECRRP,LOWER1SECROP,PRICE_STATUS
D,TRADING,PRICE,3,"2025/05/29 19:15:00",1,SA1,231,167.71,0,0,"2025/05/29 19:10:03",167.71,0.38,0.38,0.38,0.38,0.32,0.32,5.99,5.99,0.2,0.2,0.38,0.38,0.38,0.38,2,2,0.36,0.36,0,0,FIRM
D,TRADING,PRICE,3,"2025/05/29 19:15:00",1,NSW1,231,162.47,0,0,"2025/05/29 19:10:03",162.47,0.38,0.38,0.38,0.38,0.32,0.32,5.99,5.99,0.2,0.2,0.38,0.38,0.38,0.38,2,2,0.36,0.36,0,0,FIRM
D,TRADING,PRICE,3,"2025/05/29 19:15:00",1,QLD1,231,163.55,0,0,"2025/05/29 19:10:03",163.55,0.38,0.38,0.38,0.38,0.32,0.32,5.99,5.99,0.2,0.2,0.38,0.38,0.38,0.38,2,2,0.36,0.36,0,0,FIRM
D,TRADING,PRICE,3,"2025/05/29 19:15:00",1,TAS1,231,152.43,0,0,"2025/05/29 19:10:03",152.43,0.38,0.38,0.38,0.38,0.32,0.32,7.54,7.54,0.2,0.2,0.38,0.38,0.38,0.38,2.46,2.46,0.36,0.36,0,0,FIRM
D,TRADING,PRICE,3,"2025/05/29 19:15:00",1,VIC1,231,161,0,0,"2025/05/29 19:10:03",161,0.38,0.38,0.38,0.38,0.32,0.32,5.99,5.99,0.2,0.2,0.38,0.38,0.38,0.38,2,2,0.36,0.36,0,0,FIRM
C,"END OF REPORT",15
