C,NEMP.WORLD,TRADINGIS,AEMO,PUBLIC,2025/05/27,13:20:15,0000000465101695,TRADINGIS,0000000465101694
I,TRADING,INTERCONNECTORRES,2,SETTLEMENTDATE,RUNNO,INTERCONNECTORID,PERIODID,METEREDMWFLOW,MWFLOW,MWLOSSES,LASTCHANGED
D,TRADING,INTERCONNECTORRES,2,"2025/05/27 13:25:00",1,N-Q-MNSP1,161,-1.8,31.77,4.14,"2025/05/27 13:20:08"
D,TRADING,INTERCONNECTORRES,2,"2025/05/27 13:25:00",1,NSW1-QLD1,161,93.7,4.38,0.02,"2025/05/27 13:20:08"
D,TRADING,INTERCONNECTORRES,2,"2025/05/27 13:25:00",1,T-V-MNSP1,161,-456.6,-478,25.62,"2025/05/27 13:20:08"
D,TRADING,INTERCONNECTORRES,2,"2025/05/27 13:25:00",1,V-S-MNSP1,161,164,165.13,20.74,"2025/05/27 13:20:08"
D,TRADING,INTERCONNECTORRES,2,"2025/05/27 13:25:00",1,V-SA,161,91.24,229.43,-1.04,"2025/05/27 13:20:08"
D,TRADING,INTERCONNECTORRES,2,"2025/05/27 13:25:00",1,VIC1-NSW1,161,98.79,-201.25,-8.77,"2025/05/27 13:20:08"
I,TRADING,PRICE,3,SETTLEMENTDATE,RUNNO,REGIONID,PERIODID,RRP,EEP,INVALIDFLAG,LASTCHANGED,ROP,RAISE6SECRRP,RAISE6SECROP,RAISE60SECRRP,RAISE60SECROP,RAISE5MINRRP,RAISE5MINROP,RAISEREGRRP,RAISEREGROP,LOWER6SECRRP,LOWER6SECROP,LOWER60SECRRP,LOWER60SECROP,LOWER5MINRRP,LOWER5MINROP,LOWERREGRRP,LOWERREGROP,RAISE1SECRRP,RAISE1SECROP,LOWER1SECRRP,LOWER1SECROP,PRICE_STATUS
D,TRADING,PRICE,3,"2025/05/27 13:25:00",1,SA1,161,-102,0,0,"2025/05/27 13:20:08",-102,0.01,0.01,0.1,0.1,0.1,0.1,7.85,7.85,0.59,0.59,1.44,1.44,0.39,0.39,7.65,7.65,0.04,0.04,0.04,0.04,FIRM
D,TRADING,PRICE,3,"2025/05/27 13:25:00",1,NSW1,161,-8.52,0,0,"2025/05/27 13:20:08",-8.52,0.01,0.01,0.1,0.1,0.1,0.1,7.85,7.85,0.59,0.59,1.44,1.44,0.39,0.39,7.65,7.65,0.04,0.04,0.04,0.04,FIRM
D,TRADING,PRICE,3,"2025/05/27 13:25:00",1,QLD1,161,20,0,0,"2025/05/27 13:20:08",20,0.1,0.1,0.1,0.1,0.1,0.1,7.85,7.85,0.59,0.59,1.44,1.44,0.39,0.39,7.65,7.65,0.04,0.04,0.04,0.04,FIRM
D,TRADING,PRICE,3,"2025/05/27 13:25:00",1,TAS1,161,33.18,0,0,"2025/05/27 13:20:08",33.18,0.38,0.38,0.38,0.38,0.36,0.36,7.4,7.4,0.38,0.38,0,0,0,0,4.48,4.48,0.04,0.04,0,0,FIRM
D,TRADING,PRICE,3,"2025/05/27 13:25:00",1,VIC1,161,-5.14,0,0,"2025/05/27 13:20:08",-5.14,0.01,0.01,0.1,0.1,0.1,0.1,7.85,7.85,0.59,0.59,1.44,1.44,0.39,0.39,7.65,7.65,0.04,0.04,0.04,0.04,FIRM
C,"END OF REPORT",15
