C,NEMP.WORLD,TRADINGIS,AEMO,PUBLIC,2025/05/27,06:20:10,0000000465057306,TRADINGIS,0000000465057305
I,TRADING,INTERCONNECTORRES,2,SETTLEMENTDATE,RUNNO,INTERCONNECTORID,PERIODID,METEREDMWFLOW,MWFLOW,MWLOSSES,LASTCHANGED
D,TRADING,INTERCONNECTORRES,2,"2025/05/27 06:25:00",1,N-Q-MNSP1,77,15.6,17,1.52,"2025/05/27 06:20:03"
D,TRADING,INTERCONNECTORRES,2,"2025/05/27 06:25:00",1,NSW1-QLD1,77,581.2,519.07,38.34,"2025/05/27 06:20:03"
D,TRADING,INTERCONNECTORRES,2,"2025/05/27 06:25:00",1,T-V-MNSP1,77,-424.2,-460.71,23.87,"2025/05/27 06:20:03"
D,TRADING,INTERCONNECTORRES,2,"2025/05/27 06:25:00",1,V-S-MNSP1,77,-127,-150.05,38.2,"2025/05/27 06:20:03"
D,TRADING,INTERCONNECTORRES,2,"2025/05/27 06:25:00",1,V-SA,77,-234.41,-247.68,6.4,"2025/05/27 06:20:03"
D,TRADING,INTERCONNECTORRES,2,"2025/05/27 06:25:00",1,VIC1-NSW1,77,1006.01,1059.07,117.86,"2025/05/27 06:20:03"
I,TRADING,PRICE,3,SETTLEMENTDATE,RUNNO,REGIONID,PERIODID,RRP,EEP,INVALIDFLAG,LASTCHANGED,ROP,RAISE6SECRRP,RAISE6SECROP,RAISE60SECRRP,RAISE60SECROP,RAISE5MINRRP,RAISE5MINROP,RAISEREGRRP,RAISEREGROP,LOWER6SECRRP,LOWER6SECROP,LOWER60SECRRP,LOWER60SECROP,LOWER5MINRRP,LOWER5MINROP,LOWERREGRRP,LOWERREGROP,RAISE1SECRRP,RAISE1SECROP,LOWER1SECRRP,LOWER1SECROP,PRICE_STATUS
D,TRADING,PRICE,3,"2025/05/27 06:25:00",1,SA1,77,18.95,0,0,"2025/05/27 06:20:03",18.95,0.23,0.23,0.1,0.1,0.1,0.1,4.51,4.51,0.01,0.01,0.1,0.1,0,0,0,0,0.38,0.38,0,0,FIRM
D,TRADING,PRICE,3,"2025/05/27 06:25:00",1,NSW1,77,71.15,0,0,"2025/05/27 06:20:03",71.15,0.23,0.23,0.1,0.1,0.1,0.1,4.51,4.51,0.01,0.01,0.1,0.1,0,0,0,0,0.38,0.38,0,0,FIRM
D,TRADING,PRICE,3,"2025/05/27 06:25:00",1,QLD1,77,79.99,0,0,"2025/05/27 06:20:03",79.99,0.23,0.23,0.1,0.1,0.1,0.1,4.51,4.51,0.01,0.01,0.1,0.1,0,0,0,0,0.38,0.38,0,0,FIRM
D,TRADING,PRICE,3,"2025/05/27 06:25:00",1,TAS1,77,35.24,0,0,"2025/05/27 06:20:03",35.24,0.38,0.38,0.38,0.38,0.36,0.36,8.4,8.4,0.01,0.01,0.1,0.1,0,0,2.48,2.48,0.38,0.38,0,0,FIRM
D,TRADING,PRICE,3,"2025/05/27 06:25:00",1,VIC1,77,20.01,0,0,"2025/05/27 06:20:03",20.01,0.23,0.23,0.1,0.1,0.1,0.1,4.51,4.51,0.01,0.01,0.1,0.1,0,0,0,0,0.38,0.38,0,0,FIRM
C,"END OF REPORT",15
