C,NEMP.WORLD,TRADINGIS,AEMO,PUBLIC,2025/05/29,15:25:17,0000000465404902,TRADINGIS,0000000465404901
I,TRADING,INTERCONNECTORRES,2,SETTLEMENTDATE,RUNNO,INTERCONNECTORID,PERIODID,METEREDMWFLOW,MWFLOW,MWLOSSES,LASTCHANGED
D,TRADING,INTERCONNECTORRES,2,"2025/05/29 15:30:00",1,N-Q-MNSP1,186,1.1,-9,-0.16,"2025/05/29 15:25:10"
D,TRADING,INTERCONNECTORRES,2,"2025/05/29 15:30:00",1,NSW1-QLD1,186,-136.1,-157.24,-3.46,"2025/05/29 15:25:10"
D,TRADING,INTERCONNECTORRES,2,"2025/05/29 15:30:00",1,T-V-MNSP1,186,-442,-478,25.62,"2025/05/29 15:25:10"
D,TRADING,INTERCONNECTORRES,2,"2025/05/29 15:30:00",1,V-S-MNSP1,186,-111,-51.82,7.07,"2025/05/29 15:25:10"
D,TRADING,INTERCONNECTORRES,2,"2025/05/29 15:30:00",1,V-SA,186,289.94,190.8,-0.47,"2025/05/29 15:25:10"
D,TRADING,INTERCONNECTORRES,2,"2025/05/29 15:30:00",1,VIC1-NSW1,186,-925.56,-1048.18,25.69,"2025/05/29 15:25:10"
I,TRADING,PRICE,3,SETTLEMENTDATE,RUNNO,REGIONID,PERIODID,RRP,EEP,INVALIDFLAG,LASTCHANGED,ROP,RAISE6SECRRP,RAISE6SECROP,RAISE60SECRRP,RAISE60SECROP,RAISE5MINRRP,RAISE5MINROP,RAISEREGRRP,RAISEREGROP,LOWER6SECRRP,LOWER6SECROP,LOWER60SECRRP,LOWER60SECROP,LOWER5MINRRP,LOWER5MINROP,LOWERREGRRP,LOWERREGROP,RAISE1SECRRP,RAISE1SECROP,LOWER1SECRRP,LOWER1SECROP,PRICE_STATUS
D,TRADING,PRICE,3,"2025/05/29 15:30:00",1,SA1,186,-20.1,0,0,"2025/05/29 15:25:10",-20.1,0.1,0.1,0.04,0.04,0.1,0.1,9.24,9.24,0.38,0.38,0.39,0.39,0.39,0.39,3.7,3.7,0.04,0.04,0,0,FIRM
D,TRADING,PRICE,3,"2025/05/29 15:30:00",1,NSW1,186,109.5,0,0,"2025/05/29 15:25:10",109.5,0.1,0.1,0.04,0.04,0.1,0.1,9.24,9.24,0.38,0.38,0.39,0.39,0.39,0.39,3.7,3.7,0.04,0.04,0,0,FIRM
D,TRADING,PRICE,3,"2025/05/29 15:30:00",1,QLD1,186,110.11,0,0,"2025/05/29 15:25:10",110.11,0.1,0.1,0.04,0.04,0.1,0.1,9.24,9.24,0.38,0.38,0.39,0.39,0.39,0.39,3.7,3.7,0.04,0.04,0,0,FIRM
D,TRADING,PRICE,3,"2025/05/29 15:30:00",1,TAS1,186,35.06,0,0,"2025/05/29 15:25:10",35.06,0.38,0.38,0.38,0.38,0.38,0.38,7.54,7.54,0.38,0.38,0.38,0.38,0,0,2.46,2.46,0.04,0.04,0,0,FIRM
D,TRADING,PRICE,3,"2025/05/29 15:30:00",1,VIC1,186,-21.94,0,0,"2025/05/29 15:25:10",-21.94,0.1,0.1,0.04,0.04,0.1,0.1,9.24,9.24,0.38,0.38,0.39,0.39,0.39,0.39,3.7,3.7,0.04,0.04,0,0,FIRM
C,"END OF REPORT",15
