C,NEMP.WORLD,TRADINGIS,AEMO,PUBLIC,2025/05/26,11:40:14,0000000464939134,TRADINGIS,0000000464939133
I,TRADING,INTERCONNECTORRES,2,SETTLEMENTDATE,RUNNO,INTERCONNECTORID,PERIODID,METEREDMWFLOW,MWFLOW,MWLOSSES,LASTCHANGED
D,TRADING,INTERCONNECTORRES,2,"2025/05/26 11:45:00",1,N-Q-MNSP1,141,-40.6,-41,2.87,"2025/05/26 11:40:07"
D,TRADING,INTERCONNECTORRES,2,"2025/05/26 11:45:00",1,NSW1-QLD1,141,-666.2,-933.23,78.15,"2025/05/26 11:40:07"
D,TRADING,INTERCONNECTORRES,2,"2025/05/26 11:45:00",1,T-V-MNSP1,141,-459,-452.11,23.02,"2025/05/26 11:40:07"
D,TRADING,INTERCONNECTORRES,2,"2025/05/26 11:45:00",1,V-S-MNSP1,141,107,153.3,17.05,"2025/05/26 11:40:07"
D,TRADING,INTERCONNECTORRES,2,"2025/05/26 11:45:00",1,V-SA,141,214.42,250.1,17.63,"2025/05/26 11:40:07"
D,TRADING,INTERCONNECTORRES,2,"2025/05/26 11:45:00",1,VIC1-NSW1,141,863.42,262.08,7.94,"2025/05/26 11:40:07"
I,TRADING,PRICE,3,SETTLEMENTDATE,RUNNO,REGIONID,PERIODID,RRP,EEP,INVALIDFLAG,LASTCHANGED,ROP,RAISE6SECRRP,RAISE6SECROP,RAISE60SECRRP,RAISE60SECROP,RAISE5MINRRP,RAISE5MINROP,RAISEREGRRP,RAISEREGROP,LOWER6SECRRP,LOWER6SECROP,LOWER60SECRRP,LOWER60SECROP,LOWER5MINRRP,LOWER5MINROP,LOWERREGRRP,LOWERREGROP,RAISE1SECRRP,RAISE1SECROP,LOWER1SECRRP,LOWER1SECROP,PRICE_STATUS
D,TRADING,PRICE,3,"2025/05/26 11:45:00",1,SA1,141,-23,0,0,"2025/05/26 11:40:07",-23,0.01,0.01,0.01,0.01,0.04,0.04,7.85,7.85,0.37,0.37,0.86,0.86,0.39,0.39,0.93,0.93,0.36,0.36,0,0,FIRM
D,TRADING,PRICE,3,"2025/05/26 11:45:00",1,NSW1,141,89.52,0,0,"2025/05/26 11:40:07",89.52,0.01,0.01,0.01,0.01,0.04,0.04,7.85,7.85,0.37,0.37,0.86,0.86,0.39,0.39,0.93,0.93,0.36,0.36,0,0,FIRM
D,TRADING,PRICE,3,"2025/05/26 11:45:00",1,QLD1,141,75.63,0,0,"2025/05/26 11:40:07",75.63,0.01,0.01,0.01,0.01,0.04,0.04,7.85,7.85,0.37,0.37,0.86,0.86,0.39,0.39,0.93,0.93,0.36,0.36,0,0,FIRM
D,TRADING,PRICE,3,"2025/05/26 11:45:00",1,TAS1,141,34.28,0,0,"2025/05/26 11:40:07",34.28,18.1,18.1,4.61,4.61,0.38,0.38,9.8,9.8,0.37,0.37,0.38,0.38,0,0,2.55,2.55,0.36,0.36,0,0,FIRM
D,TRADING,PRICE,3,"2025/05/26 11:45:00",1,VIC1,141,-27.8,0,0,"2025/05/26 11:40:07",-27.8,0.01,0.01,0.01,0.01,0.04,0.04,7.85,7.85,0.37,0.37,0.86,0.86,0.39,0.39,0.93,0.93,0.36,0.36,0,0,FIRM
C,"END OF REPORT",15
