C,NEMP.WORLD,TRADINGIS,AEMO,PUBLIC,2025/05/27,11:05:15,0000000465085383,TRADINGIS,0000000465085382
I,TRADING,INTERCONNECTORRES,2,SETTLEMENTDATE,RUNNO,INTERCONNECTORID,PERIODID,METEREDMWFLOW,MWFLOW,MWLOSSES,LASTCHANGED
D,TRADING,INTERCONNECTORRES,2,"2025/05/27 11:10:00",1,N-Q-MNSP1,134,-132.1,-132.1,42.31,"2025/05/27 11:05:08"
D,TRADING,INTERCONNECTORRES,2,"2025/05/27 11:10:00",1,NSW1-QLD1,134,-273.4,-39.24,0.35,"2025/05/27 11:05:08"
D,TRADING,INTERCONNECTORRES,2,"2025/05/27 11:10:00",1,T-V-MNSP1,134,-426.1,-436.51,21.52,"2025/05/27 11:05:08"
D,TRADING,INTERCONNECTORRES,2,"2025/05/27 11:10:00",1,V-S-MNSP1,134,152,131.32,11.14,"2025/05/27 11:05:08"
D,TRADING,INTERCONNECTORRES,2,"2025/05/27 11:10:00",1,V-SA,134,-623.83,-625.72,52.29,"2025/05/27 11:05:08"
D,TRADING,INTERCONNECTORRES,2,"2025/05/27 11:10:00",1,VIC1-NSW1,134,-144.6,118.8,6.44,"2025/05/27 11:05:08"
I,TRADING,PRICE,3,SETTLEMENTDATE,RUNNO,REGIONID,PERIODID,RRP,EEP,INVALIDFLAG,LASTCHANGED,ROP,RAISE6SECRRP,RAISE6SECROP,RAISE60SECRRP,RAISE60SECROP,RAISE5MINRRP,RAISE5MINROP,RAISEREGRRP,RAISEREGROP,LOWER6SECRRP,LOWER6SECROP,LOWER60SECRRP,LOWER60SECROP,LOWER5MINRRP,LOWER5MINROP,LOWERREGRRP,LOWERREGROP,RAISE1SECRRP,RAISE1SECROP,LOWER1SECRRP,LOWER1SECROP,PRICE_STATUS
D,TRADING,PRICE,3,"2025/05/27 11:10:00",1,SA1,134,-17.51,0,0,"2025/05/27 11:05:08",-17.51,0.1,0.1,0.01,0.01,0.04,0.04,5,5,0.38,0.38,0.38,0.38,0.38,0.38,4.62,4.62,0.36,0.36,0,0,FIRM
D,TRADING,PRICE,3,"2025/05/27 11:10:00",1,NSW1,134,-19.39,0,0,"2025/05/27 11:05:08",-19.39,0.1,0.1,0.01,0.01,0.04,0.04,5,5,0.38,0.38,0.38,0.38,0.38,0.38,4.62,4.62,0.36,0.36,0,0,FIRM
D,TRADING,PRICE,3,"2025/05/27 11:10:00",1,QLD1,134,-19.17,0,0,"2025/05/27 11:05:08",-19.17,0.1,0.1,0.01,0.01,0.04,0.04,5,5,0.38,0.38,0.38,0.38,0.38,0.38,4.62,4.62,0.36,0.36,0,0,FIRM
D,TRADING,PRICE,3,"2025/05/27 11:10:00",1,TAS1,134,11.25,0,0,"2025/05/27 11:05:08",11.25,0.38,0.38,0.38,0.38,0.04,0.04,7.4,7.4,0.38,0.38,0.38,0.38,0,0,2.48,2.48,0.36,0.36,0,0,FIRM
D,TRADING,PRICE,3,"2025/05/27 11:10:00",1,VIC1,134,-18.5,0,0,"2025/05/27 11:05:08",-18.5,0.1,0.1,0.01,0.01,0.04,0.04,5,5,0.38,0.38,0.38,0.38,0.38,0.38,4.62,4.62,0.36,0.36,0,0,FIRM
C,"END OF REPORT",15
