C,NEMP.WORLD,TRADINGIS,AEMO,PUBLIC,2025/05/27,17:50:10,0000000465131696,TRADINGIS,0000000465131695
I,TRADING,INTERCONNECTORRES,2,SETTLEMENTDATE,RUNNO,INTERCONNECTORID,PERIODID,METEREDMWFLOW,MWFLOW,MWLOSSES,LASTCHANGED
D,TRADING,INTERCONNECTORRES,2,"2025/05/27 17:55:00",1,N-Q-MNSP1,215,0.3,0,0,"2025/05/27 17:50:03"
D,TRADING,INTERCONNECTORRES,2,"2025/05/27 17:55:00",1,NSW1-QLD1,215,-384.5,-62.79,-4.45,"2025/05/27 17:50:03"
D,TRADING,INTERCONNECTORRES,2,"2025/05/27 17:55:00",1,T-V-MNSP1,215,-442,-478,25.62,"2025/05/27 17:50:03"
D,TRADING,INTERCONNECTORRES,2,"2025/05/27 17:55:00",1,V-S-MNSP1,215,27,27,-1.11,"2025/05/27 17:50:03"
D,TRADING,INTERCONNECTORRES,2,"2025/05/27 17:55:00",1,V-SA,215,1.28,1.28,0,"2025/05/27 17:50:03"
D,TRADING,INTERCONNECTORRES,2,"2025/05/27 17:55:00",1,VIC1-NSW1,215,-983.72,-761.12,41.14,"2025/05/27 17:50:03"
I,TRADING,PRICE,3,SETTLEMENTDATE,RUNNO,REGIONID,PERIODID,RRP,EEP,INVALIDFLAG,LASTCHANGED,ROP,RAISE6SECRRP,RAISE6SECROP,RAISE60SECRRP,RAISE60SECROP,RAISE5MINRRP,RAISE5MINROP,RAISEREGRRP,RAISEREGROP,LOWER6SECRRP,LOWER6SECROP,LOWER60SECRRP,LOWER60SECROP,LOWER5MINRRP,LOWER5MINROP,LOWERREGRRP,LOWERREGROP,RAISE1SECRRP,RAISE1SECROP,LOWER1SECRRP,LOWER1SECROP,PRICE_STATUS
D,TRADING,PRICE,3,"2025/05/27 17:55:00",1,SA1,215,141,0,0,"2025/05/27 17:50:03",141,0.37,0.37,0.1,0.1,0.1,0.1,0.1,0.1,0.01,0.01,0.1,0.1,0.1,0.1,3.7,3.7,0.37,0.37,0,0,"NOT FIRM"
D,TRADING,PRICE,3,"2025/05/27 17:55:00",1,NSW1,215,91.69,0,0,"2025/05/27 17:50:03",91.69,0.37,0.37,0.1,0.1,0.1,0.1,0.1,0.1,0.01,0.01,0.1,0.1,0.1,0.1,3.7,3.7,0.37,0.37,0,0,"NOT FIRM"
D,TRADING,PRICE,3,"2025/05/27 17:55:00",1,QLD1,215,97.73,0,0,"2025/05/27 17:50:03",97.73,0.37,0.37,0.1,0.1,0.1,0.1,0.1,0.1,0.01,0.01,0.1,0.1,0.1,0.1,3.7,3.7,0.37,0.37,0,0,"NOT FIRM"
D,TRADING,PRICE,3,"2025/05/27 17:55:00",1,TAS1,215,150.24,0,0,"2025/05/27 17:50:03",150.24,0.38,0.38,0.38,0.38,0.38,0.38,8.4,8.4,0.01,0.01,0.1,0.1,0,0,2.48,2.48,0.37,0.37,0,0,"NOT FIRM"
D,TRADING,PRICE,3,"2025/05/27 17:55:00",1,VIC1,215,108.11,0,0,"2025/05/27 17:50:03",108.11,0.37,0.37,0.1,0.1,0.1,0.1,0.1,0.1,0.01,0.01,0.1,0.1,0.1,0.1,3.7,3.7,0.37,0.37,0,0,"NOT FIRM"
C,"END OF REPORT",15
