C,NEMP.WORLD,TRADINGIS,AEMO,PUBLIC,2025/06/07,20:50:10,0000000466717569,TRADINGIS,0000000466717568
I,TRADING,INTERCONNECTORRES,2,SETTLEMENTDATE,RUNNO,INTERCONNECTORID,PERIODID,METEREDMWFLOW,MWFLOW,MWLOSSES,LASTCHANGED
D,TRADING,INTERCONNECTORRES,2,"2025/06/07 20:55:00",1,N-Q-MNSP1,251,-25,-25,0.65,"2025/06/07 20:50:03"
D,TRADING,INTERCONNECTORRES,2,"2025/06/07 20:55:00",1,NSW1-QLD1,251,-753.6,-776.91,22,"2025/06/07 20:50:03"
D,TRADING,INTERCONNECTORRES,2,"2025/06/07 20:55:00",1,T-V-MNSP1,251,-210,-286,9.62,"2025/06/07 20:50:03"
D,TRADING,INTERCONNECTORRES,2,"2025/06/07 20:55:00",1,V-S-MNSP1,251,-9,-9,0.76,"2025/06/07 20:50:03"
D,TRADING,INTERCONNECTORRES,2,"2025/06/07 20:55:00",1,V-SA,251,-503.89,-517.33,20.86,"2025/06/07 20:50:03"
D,TRADING,INTERCONNECTORRES,2,"2025/06/07 20:55:00",1,VIC1-NSW1,251,168.68,51.31,0.1,"2025/06/07 20:50:03"
I,TRADING,PRICE,3,SETTLEMENTDATE,RUNNO,REGIONID,PERIODID,RRP,EEP,INVALIDFLAG,LASTCHANGED,ROP,RAISE6SECRRP,RAISE6SECROP,RAISE60SECRRP,RAISE60SECROP,RAISE5MINRRP,RAISE5MINROP,RAISEREGRRP,RAISEREGROP,LOWER6SECRRP,LOWER6SECROP,LOWER60SECRRP,LOWER60SECROP,LOWER5MINRRP,LOWER5MINROP,LOWERREGRRP,LOWERREGROP,RAISE1SECRRP,RAISE1SECROP,LOWER1SECRRP,LOWER1SECROP,PRICE_STATUS
D,TRADING,PRICE,3,"2025/06/07 20:55:00",1,SA1,251,138.04,0,0,"2025/06/07 20:50:03",138.04,0.37,0.37,0.1,0.1,0.1,0.1,3.49,3.49,0.1,0.1,0.38,0.38,0,0,0,0,0.37,0.37,0,0,FIRM
D,TRADING,PRICE,3,"2025/06/07 20:55:00",1,NSW1,251,84.79,0,0,"2025/06/07 20:50:03",84.79,0.37,0.37,0.1,0.1,0.1,0.1,3.49,3.49,0.1,0.1,0.38,0.38,0,0,0,0,0.37,0.37,0,0,FIRM
D,TRADING,PRICE,3,"2025/06/07 20:55:00",1,QLD1,251,76.71,0,0,"2025/06/07 20:50:03",76.71,0.37,0.37,0.1,0.1,0.1,0.1,3.49,3.49,0.1,0.1,0.38,0.38,0,0,0,0,0.37,0.37,0,0,FIRM
D,TRADING,PRICE,3,"2025/06/07 20:55:00",1,TAS1,251,160.04,0,0,"2025/06/07 20:50:03",160.04,0.37,0.37,0.36,0.36,0.1,0.1,6.38,6.38,0.1,0.1,0.38,0.38,0,0,3.01,3.01,0.37,0.37,0,0,FIRM
D,TRADING,PRICE,3,"2025/06/07 20:55:00",1,VIC1,251,152.9,0,0,"2025/06/07 20:50:03",152.9,0.37,0.37,0.1,0.1,0.1,0.1,3.49,3.49,0.1,0.1,0.38,0.38,0,0,0,0,0.37,0.37,0,0,FIRM
C,"END OF REPORT",15
