C,NEMP.WORLD,TRADINGIS,AEMO,PUBLIC,2025/05/27,04:45:18,0000000465047197,TRADINGIS,0000000465047196
I,TRADING,INTERCONNECTORRES,2,SETTLEMENTDATE,RUNNO,INTERCONNECTORID,PERIODID,METEREDMWFLOW,MWFLOW,MWLOSSES,LASTCHANGED
D,TRADING,INTERCONNECTORRES,2,"2025/05/27 04:50:00",1,N-Q-MNSP1,58,1.2,9,0.6,"2025/05/27 04:45:08"
D,TRADING,INTERCONNECTORRES,2,"2025/05/27 04:50:00",1,NSW1-QLD1,58,374.6,382.07,13.55,"2025/05/27 04:45:08"
D,TRADING,INTERCONNECTORRES,2,"2025/05/27 04:50:00",1,T-V-MNSP1,58,-438.3,-457.58,23.56,"2025/05/27 04:45:08"
D,TRADING,INTERCONNECTORRES,2,"2025/05/27 04:50:00",1,V-S-MNSP1,58,-142,-142.15,34.83,"2025/05/27 04:45:08"
D,TRADING,INTERCONNECTORRES,2,"2025/05/27 04:50:00",1,V-SA,58,-159.84,-228.08,2.02,"2025/05/27 04:45:08"
D,TRADING,INTERCONNECTORRES,2,"2025/05/27 04:50:00",1,VIC1-NSW1,58,902.16,946.8,97.1,"2025/05/27 04:45:08"
I,TRADING,PRICE,3,SETTLEMENTDATE,RUNNO,REGIONID,PERIODID,RRP,EEP,INVALIDFLAG,LASTCHANGED,ROP,RAISE6SECRRP,RAISE6SECROP,RAISE60SECRRP,RAISE60SECROP,RAISE5MINRRP,RAISE5MINROP,RAISEREGRRP,RAISEREGROP,LOWER6SECRRP,LOWER6SECROP,LOWER60SECRRP,LOWER60SECROP,LOWER5MINRRP,LOWER5MINROP,LOWERREGRRP,LOWERREGROP,RAISE1SECRRP,RAISE1SECROP,LOWER1SECRRP,LOWER1SECROP,PRICE_STATUS
D,TRADING,PRICE,3,"2025/05/27 04:50:00",1,SA1,58,-13.28,0,0,"2025/05/27 04:45:08",-13.28,0.1,0.1,0.04,0.04,0.1,0.1,3.99,3.99,0.1,0.1,0.38,0.38,0.1,0.1,3.59,3.59,0.37,0.37,0,0,FIRM
D,TRADING,PRICE,3,"2025/05/27 04:50:00",1,NSW1,58,47.43,0,0,"2025/05/27 04:45:08",47.43,0.1,0.1,0.04,0.04,0.1,0.1,3.99,3.99,0.1,0.1,0.38,0.38,0.1,0.1,3.59,3.59,0.37,0.37,0,0,FIRM
D,TRADING,PRICE,3,"2025/05/27 04:50:00",1,QLD1,58,50.75,0,0,"2025/05/27 04:45:08",50.75,0.1,0.1,0.04,0.04,0.1,0.1,3.99,3.99,0.1,0.1,0.38,0.38,0.1,0.1,3.59,3.59,0.37,0.37,0,0,FIRM
D,TRADING,PRICE,3,"2025/05/27 04:50:00",1,TAS1,58,11.25,0,0,"2025/05/27 04:45:08",11.25,0.38,0.38,0.38,0.38,0.1,0.1,6.6,6.6,0.1,0.1,0.38,0.38,0,0,2.48,2.48,0.37,0.37,0,0,FIRM
D,TRADING,PRICE,3,"2025/05/27 04:50:00",1,VIC1,58,-13.76,0,0,"2025/05/27 04:45:08",-13.76,0.1,0.1,0.04,0.04,0.1,0.1,3.99,3.99,0.1,0.1,0.38,0.38,0.1,0.1,3.59,3.59,0.37,0.37,0,0,FIRM
C,"END OF REPORT",15
