C,NEMP.WORLD,TRADINGIS,AEMO,PUBLIC,2025/05/27,10:05:14,0000000465079473,TRADINGIS,0000000465079472
I,TRADING,INTERCONNECTORRES,2,SETTLEMENTDATE,RUNNO,INTERCONNECTORID,PERIODID,METEREDMWFLOW,MWFLOW,MWLOSSES,LASTCHANGED
D,TRADING,INTERCONNECTORRES,2,"2025/05/27 10:10:00",1,N-Q-MNSP1,122,-20.6,-17,0.07,"2025/05/27 10:05:08"
D,TRADING,INTERCONNECTORRES,2,"2025/05/27 10:10:00",1,NSW1-QLD1,122,-316.3,-388.84,11.82,"2025/05/27 10:05:08"
D,TRADING,INTERCONNECTORRES,2,"2025/05/27 10:10:00",1,T-V-MNSP1,122,-427.3,-463.36,24.13,"2025/05/27 10:05:08"
D,TRADING,INTERCONNECTORRES,2,"2025/05/27 10:10:00",1,V-S-MNSP1,122,-45,35,-1.09,"2025/05/27 10:05:08"
D,TRADING,INTERCONNECTORRES,2,"2025/05/27 10:10:00",1,V-SA,122,-273.58,-319.18,11.12,"2025/05/27 10:05:08"
D,TRADING,INTERCONNECTORRES,2,"2025/05/27 10:10:00",1,VIC1-NSW1,122,1012.35,690.68,56.21,"2025/05/27 10:05:08"
I,TRADING,PRICE,3,SETTLEMENTDATE,RUNNO,REGIONID,PERIODID,RRP,EEP,INVALIDFLAG,LASTCHANGED,ROP,RAISE6SECRRP,RAISE6SECROP,RAISE60SECRRP,RAISE60SECROP,RAISE5MINRRP,RAISE5MINROP,RAISEREGRRP,RAISEREGROP,LOWER6SECRRP,LOWER6SECROP,LOWER60SECRRP,LOWER60SECROP,LOWER5MINRRP,LOWER5MINROP,LOWERREGRRP,LOWERREGROP,RAISE1SECRRP,RAISE1SECROP,LOWER1SECRRP,LOWER1SECROP,PRICE_STATUS
D,TRADING,PRICE,3,"2025/05/27 10:10:00",1,SA1,122,-11.66,0,0,"2025/05/27 10:05:08",-11.66,0.01,0.01,0.01,0.01,0.04,0.04,9.24,9.24,0.1,0.1,0.38,0.38,0.1,0.1,6,6,0.1,0.1,0,0,FIRM
D,TRADING,PRICE,3,"2025/05/27 10:10:00",1,NSW1,122,59.36,0,0,"2025/05/27 10:05:08",59.36,0.01,0.01,0.01,0.01,0.04,0.04,9.24,9.24,0.1,0.1,0.38,0.38,0.1,0.1,6,6,0.1,0.1,0,0,FIRM
D,TRADING,PRICE,3,"2025/05/27 10:10:00",1,QLD1,122,55.73,0,0,"2025/05/27 10:05:08",55.73,0.01,0.01,0.01,0.01,0.04,0.04,9.24,9.24,0.1,0.1,0.38,0.38,0.1,0.1,6,6,0.1,0.1,0,0,FIRM
D,TRADING,PRICE,3,"2025/05/27 10:10:00",1,TAS1,122,35.24,0,0,"2025/05/27 10:05:08",35.24,0.38,0.38,0.38,0.38,0.36,0.36,8.4,8.4,0.1,0.1,0.38,0.38,0,0,2.48,2.48,0.1,0.1,0,0,FIRM
D,TRADING,PRICE,3,"2025/05/27 10:10:00",1,VIC1,122,-13.76,0,0,"2025/05/27 10:05:08",-13.76,0.01,0.01,0.01,0.01,0.04,0.04,9.24,9.24,0.1,0.1,0.38,0.38,0.1,0.1,6,6,0.1,0.1,0,0,FIRM
C,"END OF REPORT",15
