C,NEMP.WORLD,TRADINGIS,AEMO,PUBLIC,2025/05/29,10:55:11,0000000465374906,TRADINGIS,0000000465374905
I,TRADING,INTERCONNECTORRES,2,SETTLEMENTDATE,RUNNO,INTERCONNECTORID,PERIODID,METEREDMWFLOW,MWFLOW,MWLOSSES,LASTCHANGED
D,TRADING,INTERCONNECTORRES,2,"2025/05/29 11:00:00",1,N-Q-MNSP1,132,-22.6,-17,0.07,"2025/05/29 10:55:04"
D,TRADING,INTERCONNECTORRES,2,"2025/05/29 11:00:00",1,NSW1-QLD1,132,-320.4,-371.96,6.5,"2025/05/29 10:55:04"
D,TRADING,INTERCONNECTORRES,2,"2025/05/29 11:00:00",1,T-V-MNSP1,132,-455.4,-470.04,24.81,"2025/05/29 10:55:04"
D,TRADING,INTERCONNECTORRES,2,"2025/05/29 11:00:00",1,V-S-MNSP1,132,27,27,-1.11,"2025/05/29 10:55:04"
D,TRADING,INTERCONNECTORRES,2,"2025/05/29 11:00:00",1,V-SA,132,25.67,34.92,-0.55,"2025/05/29 10:55:04"
D,TRADING,INTERCONNECTORRES,2,"2025/05/29 11:00:00",1,VIC1-NSW1,132,157.81,133.56,8.59,"2025/05/29 10:55:04"
I,TRADING,PRICE,3,SETTLEMENTDATE,RUNNO,REGIONID,PERIODID,RRP,EEP,INVALIDFLAG,LASTCHANGED,ROP,RAISE6SECRRP,RAISE6SECROP,RAISE60SECRRP,RAISE60SECROP,RAISE5MINRRP,RAISE5MINROP,RAISEREGRRP,RAISEREGROP,LOWER6SECRRP,LOWER6SECROP,LOWER60SECRRP,LOWER60SECROP,LOWER5MINRRP,LOWER5MINROP,LOWERREGRRP,LOWERREGROP,RAISE1SECRRP,RAISE1SECROP,LOWER1SECRRP,LOWER1SECROP,PRICE_STATUS
D,TRADING,PRICE,3,"2025/05/29 11:00:00",1,SA1,132,70.44,0,0,"2025/05/29 10:55:04",70.44,0.37,0.37,0.1,0.1,0.15,0.15,5.99,5.99,0.03,0.03,0.38,0.38,0.01,0.01,0.93,0.93,0.81,0.81,0,0,FIRM
D,TRADING,PRICE,3,"2025/05/29 11:00:00",1,NSW1,132,76.61,0,0,"2025/05/29 10:55:04",76.61,0.37,0.37,0.1,0.1,0.15,0.15,5.99,5.99,0.03,0.03,0.38,0.38,0.01,0.01,0.93,0.93,0.81,0.81,0,0,FIRM
D,TRADING,PRICE,3,"2025/05/29 11:00:00",1,QLD1,132,72.75,0,0,"2025/05/29 10:55:04",72.75,0.37,0.37,0.1,0.1,0.15,0.15,5.99,5.99,0.04,0.04,0.38,0.38,0.01,0.01,0.93,0.93,0.81,0.81,0,0,FIRM
D,TRADING,PRICE,3,"2025/05/29 11:00:00",1,TAS1,132,100.02,0,0,"2025/05/29 10:55:04",100.02,0.38,0.38,0.38,0.38,0.15,0.15,6.54,6.54,0.03,0.03,0.38,0.38,0,0,2.46,2.46,0.81,0.81,0,0,FIRM
D,TRADING,PRICE,3,"2025/05/29 11:00:00",1,VIC1,132,71.16,0,0,"2025/05/29 10:55:04",71.16,0.37,0.37,0.1,0.1,0.15,0.15,5.99,5.99,0.03,0.03,0.38,0.38,0.01,0.01,0.93,0.93,0.81,0.81,0,0,FIRM
C,"END OF REPORT",15
