C,NEMP.WORLD,TRADINGIS,AEMO,PUBLIC,2025/05/29,16:45:11,0000000465413483,TRADINGIS,0000000465413482
I,TRADING,INTERCONNECTORRES,2,SETTLEMENTDATE,RUNNO,INTERCONNECTORID,PERIODID,METEREDMWFLOW,MWFLOW,MWLOSSES,LASTCHANGED
D,TRADING,INTERCONNECTORRES,2,"2025/05/29 16:50:00",1,N-Q-MNSP1,202,-26.2,-25,0.65,"2025/05/29 16:45:04"
D,TRADING,INTERCONNECTORRES,2,"2025/05/29 16:50:00",1,NSW1-QLD1,202,-854.7,-893.43,21.16,"2025/05/29 16:45:04"
D,TRADING,INTERCONNECTORRES,2,"2025/05/29 16:50:00",1,T-V-MNSP1,202,-102.5,-13.8,0.07,"2025/05/29 16:45:04"
D,TRADING,INTERCONNECTORRES,2,"2025/05/29 16:50:00",1,V-S-MNSP1,202,27,18,-0.93,"2025/05/29 16:45:04"
D,TRADING,INTERCONNECTORRES,2,"2025/05/29 16:50:00",1,V-SA,202,-12.32,-18.55,0.33,"2025/05/29 16:45:04"
D,TRADING,INTERCONNECTORRES,2,"2025/05/29 16:50:00",1,VIC1-NSW1,202,-37.57,0,0,"2025/05/29 16:45:04"
I,TRADING,PRICE,3,SETTLEMENTDATE,RUNNO,REGIONID,PERIODID,RRP,EEP,INVALIDFLAG,LASTCHANGED,ROP,RAISE6SECRRP,RAISE6SECROP,RAISE60SECRRP,RAISE60SECROP,RAISE5MINRRP,RAISE5MINROP,RAISEREGRRP,RAISEREGROP,LOWER6SECRRP,LOWER6SECROP,LOWER60SECRRP,LOWER60SECROP,LOWER5MINRRP,LOWER5MINROP,LOWERREGRRP,LOWERREGROP,RAISE1SECRRP,RAISE1SECROP,LOWER1SECRRP,LOWER1SECROP,PRICE_STATUS
D,TRADING,PRICE,3,"2025/05/29 16:50:00",1,SA1,202,162.84,0,0,"2025/05/29 16:45:04",162.84,0.39,0.39,0.38,0.38,0.32,0.32,9.89,9.89,0.03,0.03,0.38,0.38,0.38,0.38,8,8,0.38,0.38,0,0,FIRM
D,TRADING,PRICE,3,"2025/05/29 16:50:00",1,NSW1,202,387.86,0,0,"2025/05/29 16:45:04",387.86,0.39,0.39,0.38,0.38,0.32,0.32,9.89,9.89,0.03,0.03,0.38,0.38,0.38,0.38,8,8,0.38,0.38,0,0,FIRM
D,TRADING,PRICE,3,"2025/05/29 16:50:00",1,QLD1,202,349.73,0,0,"2025/05/29 16:45:04",349.73,0.39,0.39,0.38,0.38,0.32,0.32,9.89,9.89,0.03,0.03,0.38,0.38,0.38,0.38,8,8,0.38,0.38,0,0,FIRM
D,TRADING,PRICE,3,"2025/05/29 16:50:00",1,TAS1,202,150.16,0,0,"2025/05/29 16:45:04",150.16,0.38,0.38,0.38,0.38,0,0,7.63,7.63,1.74,1.74,1.37,1.37,1.74,1.74,4.46,4.46,0,0,0,0,FIRM
D,TRADING,PRICE,3,"2025/05/29 16:50:00",1,VIC1,202,166.41,0,0,"2025/05/29 16:45:04",166.41,0.39,0.39,0.38,0.38,0.32,0.32,9.89,9.89,0.03,0.03,0.38,0.38,0.38,0.38,8,8,0.38,0.38,0,0,FIRM
C,"END OF REPORT",15
