C,NEMP.WORLD,TRADINGIS,AEMO,PUBLIC,2025/05/29,00:55:10,0000000465318111,TRADINGIS,0000000465318110
I,TRADING,INTERCONNECTORRES,2,SETTLEMENTDATE,RUNNO,INTERCONNECTORID,PERIODID,METEREDMWFLOW,MWFLOW,MWLOSSES,LASTCHANGED
D,TRADING,INTERCONNECTORRES,2,"2025/05/29 01:00:00",1,N-Q-MNSP1,12,-12.8,-17,0.07,"2025/05/29 00:55:02"
D,TRADING,INTERCONNECTORRES,2,"2025/05/29 01:00:00",1,NSW1-QLD1,12,-327.9,-323,7.23,"2025/05/29 00:55:02"
D,TRADING,INTERCONNECTORRES,2,"2025/05/29 01:00:00",1,T-V-MNSP1,12,-412.6,-436.52,21.52,"2025/05/29 00:55:02"
D,TRADING,INTERCONNECTORRES,2,"2025/05/29 01:00:00",1,V-S-MNSP1,12,72,72,0.95,"2025/05/29 00:55:02"
D,TRADING,INTERCONNECTORRES,2,"2025/05/29 01:00:00",1,V-SA,12,390.85,389.52,22.55,"2025/05/29 00:55:02"
D,TRADING,INTERCONNECTORRES,2,"2025/05/29 01:00:00",1,VIC1-NSW1,12,330.47,308.99,15.13,"2025/05/29 00:55:02"
I,TRADING,PRICE,3,SETTLEMENTDATE,RUNNO,REGIONID,PERIODID,RRP,EEP,INVALIDFLAG,LASTCHANGED,ROP,RAISE6SECRRP,RAISE6SECROP,RAISE60SECRRP,RAISE60SECROP,RAISE5MINRRP,RAISE5MINROP,RAISEREGRRP,RAISEREGROP,LOWER6SECRRP,LOWER6SECROP,LOWER60SECRRP,LOWER60SECROP,LOWER5MINRRP,LOWER5MINROP,LOWERREGRRP,LOWERREGROP,RAISE1SECRRP,RAISE1SECROP,LOWER1SECRRP,LOWER1SECROP,PRICE_STATUS
D,TRADING,PRICE,3,"2025/05/29 01:00:00",1,SA1,12,78.7,0,0,"2025/05/29 00:55:02",78.7,0.23,0.23,0.1,0.1,0.1,0.1,5.99,5.99,0.1,0.1,0.39,0.39,0.07,0.07,0.07,0.07,0.37,0.37,0,0,FIRM
D,TRADING,PRICE,3,"2025/05/29 01:00:00",1,NSW1,12,76.8,0,0,"2025/05/29 00:55:02",76.8,0.23,0.23,0.1,0.1,0.1,0.1,5.99,5.99,0.1,0.1,0.39,0.39,0.07,0.07,0.07,0.07,0.37,0.37,0,0,FIRM
D,TRADING,PRICE,3,"2025/05/29 01:00:00",1,QLD1,12,72.75,0,0,"2025/05/29 00:55:02",72.75,0.23,0.23,0.1,0.1,0.1,0.1,5.99,5.99,0.1,0.1,0.39,0.39,0.07,0.07,0.07,0.07,0.37,0.37,0,0,FIRM
D,TRADING,PRICE,3,"2025/05/29 01:00:00",1,TAS1,12,77.62,0,0,"2025/05/29 00:55:02",77.62,0.38,0.38,0.38,0.38,0.38,0.38,8.4,8.4,0.1,0.1,0.38,0.38,0,0,2.48,2.48,0.37,0.37,0,0,FIRM
D,TRADING,PRICE,3,"2025/05/29 01:00:00",1,VIC1,12,71.25,0,0,"2025/05/29 00:55:02",71.25,0.23,0.23,0.1,0.1,0.1,0.1,5.99,5.99,0.1,0.1,0.39,0.39,0.07,0.07,0.07,0.07,0.37,0.37,0,0,FIRM
C,"END OF REPORT",15
