C,NEMP.WORLD,TRADINGIS,AEMO,PUBLIC,2025/05/29,01:40:10,0000000465322463,TRADINGIS,0000000465322462
I,TRADING,INTERCONNECTORRES,2,SETTLEMENTDATE,RUNNO,INTERCONNECTORID,PERIODID,METEREDMWFLOW,MWFLOW,MWLOSSES,LASTCHANGED
D,TRADING,INTERCONNECTORRES,2,"2025/05/29 01:45:00",1,N-Q-MNSP1,21,-15.7,-25,0.65,"2025/05/29 01:40:03"
D,TRADING,INTERCONNECTORRES,2,"2025/05/29 01:45:00",1,NSW1-QLD1,21,-466.4,-459,17.91,"2025/05/29 01:40:03"
D,TRADING,INTERCONNECTORRES,2,"2025/05/29 01:45:00",1,T-V-MNSP1,21,-419.4,-438,21.66,"2025/05/29 01:40:03"
D,TRADING,INTERCONNECTORRES,2,"2025/05/29 01:45:00",1,V-S-MNSP1,21,72,72,0.95,"2025/05/29 01:40:03"
D,TRADING,INTERCONNECTORRES,2,"2025/05/29 01:45:00",1,V-SA,21,378.06,357,19.47,"2025/05/29 01:40:03"
D,TRADING,INTERCONNECTORRES,2,"2025/05/29 01:45:00",1,VIC1-NSW1,21,366.75,396.97,23.11,"2025/05/29 01:40:03"
I,TRADING,PRICE,3,SETTLEMENTDATE,RUNNO,REGIONID,PERIODID,RRP,EEP,INVALIDFLAG,LASTCHANGED,ROP,RAISE6SECRRP,RAISE6SECROP,RAISE60SECRRP,RAISE60SECROP,RAISE5MINRRP,RAISE5MINROP,RAISEREGRRP,RAISEREGROP,LOWER6SECRRP,LOWER6SECROP,LOWER60SECRRP,LOWER60SECROP,LOWER5MINRRP,LOWER5MINROP,LOWERREGRRP,LOWERREGROP,RAISE1SECRRP,RAISE1SECROP,LOWER1SECRRP,LOWER1SECROP,PRICE_STATUS
D,TRADING,PRICE,3,"2025/05/29 01:45:00",1,SA1,21,70.44,0,0,"2025/05/29 01:40:03",70.44,0.23,0.23,0.1,0.1,0.1,0.1,5.99,5.99,0.2,0.2,0.38,0.38,0.1,0.1,0.93,0.93,0.38,0.38,0,0,FIRM
D,TRADING,PRICE,3,"2025/05/29 01:45:00",1,NSW1,21,70.23,0,0,"2025/05/29 01:40:03",70.23,0.23,0.23,0.1,0.1,0.1,0.1,5.99,5.99,0.2,0.2,0.38,0.38,0.1,0.1,0.93,0.93,0.38,0.38,0,0,FIRM
D,TRADING,PRICE,3,"2025/05/29 01:45:00",1,QLD1,21,64.56,0,0,"2025/05/29 01:40:03",64.56,0.23,0.23,0.1,0.1,0.1,0.1,5.99,5.99,0.2,0.2,0.38,0.38,0.1,0.1,0.93,0.93,0.38,0.38,0,0,FIRM
D,TRADING,PRICE,3,"2025/05/29 01:45:00",1,TAS1,21,100.24,0,0,"2025/05/29 01:40:03",100.24,0.38,0.38,0.38,0.38,0.38,0.38,8.4,8.4,0.2,0.2,0.38,0.38,0,0,2.48,2.48,0.38,0.38,0,0,FIRM
D,TRADING,PRICE,3,"2025/05/29 01:45:00",1,VIC1,21,64,0,0,"2025/05/29 01:40:03",64,0.23,0.23,0.1,0.1,0.1,0.1,5.99,5.99,0.2,0.2,0.38,0.38,0.1,0.1,0.93,0.93,0.38,0.38,0,0,FIRM
C,"END OF REPORT",15
