C,NEMP.WORLD,TRADINGIS,AEMO,PUBLIC,2025/05/27,22:25:10,0000000465159410,TRADINGIS,0000000465159409
I,TRADING,INTERCONNECTORRES,2,SETTLEMENTDATE,RUNNO,INTERCONNECTORID,PERIODID,METEREDMWFLOW,MWFLOW,MWLOSSES,LASTCHANGED
D,TRADING,INTERCONNECTORRES,2,"2025/05/27 22:30:00",1,N-Q-MNSP1,270,9.7,9,0.6,"2025/05/27 22:25:03"
D,TRADING,INTERCONNECTORRES,2,"2025/05/27 22:30:00",1,NSW1-QLD1,270,437.9,379.69,24.08,"2025/05/27 22:25:03"
D,TRADING,INTERCONNECTORRES,2,"2025/05/27 22:30:00",1,T-V-MNSP1,270,-460.3,-474.71,25.28,"2025/05/27 22:25:03"
D,TRADING,INTERCONNECTORRES,2,"2025/05/27 22:30:00",1,V-S-MNSP1,270,172,171.96,22.99,"2025/05/27 22:25:03"
D,TRADING,INTERCONNECTORRES,2,"2025/05/27 22:30:00",1,V-SA,270,555.25,569.87,42.33,"2025/05/27 22:25:03"
D,TRADING,INTERCONNECTORRES,2,"2025/05/27 22:30:00",1,VIC1-NSW1,270,192.67,198.61,6.87,"2025/05/27 22:25:03"
I,TRADING,PRICE,3,SETTLEMENTDATE,RUNNO,REGIONID,PERIODID,RRP,EEP,INVALIDFLAG,LASTCHANGED,ROP,RAISE6SECRRP,RAISE6SECROP,RAISE60SECRRP,RAISE60SECROP,RAISE5MINRRP,RAISE5MINROP,RAISEREGRRP,RAISEREGROP,LOWER6SECRRP,LOWER6SECROP,LOWER60SECRRP,LOWER60SECROP,LOWER5MINRRP,LOWER5MINROP,LOWERREGRRP,LOWERREGROP,RAISE1SECRRP,RAISE1SECROP,LOWER1SECRRP,LOWER1SECROP,PRICE_STATUS
D,TRADING,PRICE,3,"2025/05/27 22:30:00",1,SA1,270,91.44,0,0,"2025/05/27 22:25:03",91.44,0.1,0.1,0.04,0.04,0.04,0.04,5.99,5.99,0.01,0.01,0.1,0.1,0.01,0.01,3.75,3.75,0.1,0.1,0,0,FIRM
D,TRADING,PRICE,3,"2025/05/27 22:30:00",1,NSW1,270,64.89,0,0,"2025/05/27 22:25:03",64.89,0.1,0.1,0.04,0.04,0.04,0.04,5.99,5.99,0.01,0.01,0.1,0.1,0.01,0.01,3.75,3.75,0.1,0.1,0,0,FIRM
D,TRADING,PRICE,3,"2025/05/27 22:30:00",1,QLD1,270,71.38,0,0,"2025/05/27 22:25:03",71.38,0.1,0.1,0.04,0.04,0.04,0.04,5.99,5.99,0.01,0.01,0.1,0.1,0.01,0.01,3.75,3.75,0.1,0.1,0,0,FIRM
D,TRADING,PRICE,3,"2025/05/27 22:30:00",1,TAS1,270,75.02,0,0,"2025/05/27 22:25:03",75.02,0.38,0.38,0.38,0.38,0.36,0.36,7.4,7.4,0.01,0.01,0.1,0.1,0,0,2.48,2.48,0.1,0.1,0,0,FIRM
D,TRADING,PRICE,3,"2025/05/27 22:30:00",1,VIC1,270,61.48,0,0,"2025/05/27 22:25:03",61.48,0.1,0.1,0.04,0.04,0.04,0.04,5.99,5.99,0.01,0.01,0.1,0.1,0.01,0.01,3.75,3.75,0.1,0.1,0,0,FIRM
C,"END OF REPORT",15
