C,NEMP.WORLD,TRADINGIS,AEMO,PUBLIC,2025/05/29,18:05:11,0000000465422001,TRADINGIS,0000000465422000
I,TRADING,INTERCONNECTORRES,2,SETTLEMENTDATE,RUNNO,INTERCONNECTORID,PERIODID,METEREDMWFLOW,MWFLOW,MWLOSSES,LASTCHANGED
D,TRADING,INTERCONNECTORRES,2,"2025/05/29 18:10:00",1,N-Q-MNSP1,218,-16.2,-9,-0.16,"2025/05/29 18:05:04"
D,TRADING,INTERCONNECTORRES,2,"2025/05/29 18:10:00",1,NSW1-QLD1,218,-610,-518.75,-10,"2025/05/29 18:05:04"
D,TRADING,INTERCONNECTORRES,2,"2025/05/29 18:10:00",1,T-V-MNSP1,218,448.1,248.1,5.43,"2025/05/29 18:05:04"
D,TRADING,INTERCONNECTORRES,2,"2025/05/29 18:10:00",1,V-S-MNSP1,218,36,36,-1.09,"2025/05/29 18:05:04"
D,TRADING,INTERCONNECTORRES,2,"2025/05/29 18:10:00",1,V-SA,218,46.79,80.1,0.89,"2025/05/29 18:05:04"
D,TRADING,INTERCONNECTORRES,2,"2025/05/29 18:10:00",1,VIC1-NSW1,218,298.67,55.08,0.67,"2025/05/29 18:05:04"
I,TRADING,PRICE,3,SETTLEMENTDATE,RUNNO,REGIONID,PERIODID,RRP,EEP,INVALIDFLAG,LASTCHANGED,ROP,RAISE6SECRRP,RAISE6SECROP,RAISE60SECRRP,RAISE60SECROP,RAISE5MINRRP,RAISE5MINROP,RAISEREGRRP,RAISEREGROP,LOWER6SECRRP,LOWER6SECROP,LOWER60SECRRP,LOWER60SECROP,LOWER5MINRRP,LOWER5MINROP,LOWERREGRRP,LOWERREGROP,RAISE1SECRRP,RAISE1SECROP,LOWER1SECRRP,LOWER1SECROP,PRICE_STATUS
D,TRADING,PRICE,3,"2025/05/29 18:10:00",1,SA1,218,138,0,0,"2025/05/29 18:05:04",138,0.39,0.39,0.38,0.38,0.32,0.32,5.99,5.99,0.14,0.14,0.38,0.38,0.38,0.38,3.7,3.7,0.04,0.04,0,0,FIRM
D,TRADING,PRICE,3,"2025/05/29 18:10:00",1,NSW1,218,253.24,0,0,"2025/05/29 18:05:04",253.24,0.39,0.39,0.38,0.38,0.32,0.32,5.99,5.99,0.14,0.14,0.38,0.38,0.38,0.38,3.7,3.7,0.04,0.04,0,0,FIRM
D,TRADING,PRICE,3,"2025/05/29 18:10:00",1,QLD1,218,246.81,0,0,"2025/05/29 18:05:04",246.81,0.39,0.39,0.38,0.38,0.32,0.32,5.99,5.99,0.14,0.14,0.38,0.38,0.38,0.38,3.7,3.7,0.04,0.04,0,0,FIRM
D,TRADING,PRICE,3,"2025/05/29 18:10:00",1,TAS1,218,150.24,0,0,"2025/05/29 18:05:04",150.24,0.39,0.39,0.38,0.38,0.32,0.32,5.54,5.54,0.14,0.14,0.38,0.38,0.38,0.38,2.46,2.46,0.04,0.04,0,0,FIRM
D,TRADING,PRICE,3,"2025/05/29 18:10:00",1,VIC1,218,135.36,0,0,"2025/05/29 18:05:04",135.36,0.39,0.39,0.38,0.38,0.32,0.32,5.99,5.99,0.14,0.14,0.38,0.38,0.38,0.38,3.7,3.7,0.04,0.04,0,0,FIRM
C,"END OF REPORT",15
