C,NEMP.WORLD,TRADINGIS,AEMO,PUBLIC,2025/05/26,22:15:11,0000000465007827,TRADINGIS,0000000465007826
I,TRADING,INTERCONNECTORRES,2,SETTLEMENTDATE,RUNNO,INTERCONNECTORID,PERIODID,METEREDMWFLOW,MWFLOW,MWLOSSES,LASTCHANGED
D,TRADING,INTERCONNECTORRES,2,"2025/05/26 22:20:00",1,N-Q-MNSP1,268,17.8,9,0.6,"2025/05/26 22:15:03"
D,TRADING,INTERCONNECTORRES,2,"2025/05/26 22:20:00",1,NSW1-QLD1,268,453.5,424.67,28.24,"2025/05/26 22:15:03"
D,TRADING,INTERCONNECTORRES,2,"2025/05/26 22:20:00",1,T-V-MNSP1,268,-460.3,-439.27,21.78,"2025/05/26 22:15:03"
D,TRADING,INTERCONNECTORRES,2,"2025/05/26 22:20:00",1,V-S-MNSP1,268,-149,-149.35,37.9,"2025/05/26 22:15:03"
D,TRADING,INTERCONNECTORRES,2,"2025/05/26 22:20:00",1,V-SA,268,-207.95,-251.03,2.19,"2025/05/26 22:15:03"
D,TRADING,INTERCONNECTORRES,2,"2025/05/26 22:20:00",1,VIC1-NSW1,268,1057.54,1108.13,113.82,"2025/05/26 22:15:03"
I,TRADING,PRICE,3,SETTLEMENTDATE,RUNNO,REGIONID,PERIODID,RRP,EEP,INVALIDFLAG,LASTCHANGED,ROP,RAISE6SECRRP,RAISE6SECROP,RAISE60SECRRP,RAISE60SECROP,RAISE5MINRRP,RAISE5MINROP,RAISEREGRRP,RAISEREGROP,LOWER6SECRRP,LOWER6SECROP,LOWER60SECRRP,LOWER60SECROP,LOWER5MINRRP,LOWER5MINROP,LOWERREGRRP,LOWERREGROP,RAISE1SECRRP,RAISE1SECROP,LOWER1SECRRP,LOWER1SECROP,PRICE_STATUS
D,TRADING,PRICE,3,"2025/05/26 22:20:00",1,SA1,268,0,0,0,"2025/05/26 22:15:03",0,0.1,0.1,0.04,0.04,0.1,0.1,3.99,3.99,0.1,0.1,0.39,0.39,0,0,0,0,0.36,0.36,0,0,FIRM
D,TRADING,PRICE,3,"2025/05/26 22:20:00",1,NSW1,268,57.01,0,0,"2025/05/26 22:15:03",57.01,0.1,0.1,0.04,0.04,0.1,0.1,3.99,3.99,0.1,0.1,0.39,0.39,0,0,0,0,0.36,0.36,0,0,FIRM
D,TRADING,PRICE,3,"2025/05/26 22:20:00",1,QLD1,268,63.03,0,0,"2025/05/26 22:15:03",63.03,0.1,0.1,0.04,0.04,0.1,0.1,3.99,3.99,0.1,0.1,0.39,0.39,0,0,0,0,0.36,0.36,0,0,FIRM
D,TRADING,PRICE,3,"2025/05/26 22:20:00",1,TAS1,268,55.24,0,0,"2025/05/26 22:15:03",55.24,0.38,0.38,0.38,0.38,0.1,0.1,8.8,8.8,0.1,0.1,0.38,0.38,0,0,2.55,2.55,0.36,0.36,0,0,FIRM
D,TRADING,PRICE,3,"2025/05/26 22:20:00",1,VIC1,268,0,0,0,"2025/05/26 22:15:03",0,0.1,0.1,0.04,0.04,0.1,0.1,3.99,3.99,0.1,0.1,0.39,0.39,0,0,0,0,0.36,0.36,0,0,FIRM
C,"END OF REPORT",15
