C,NEMP.WORLD,TRADINGIS,AEMO,PUBLIC,2025/05/29,16:40:11,0000000465412901,TRADINGIS,0000000465412900
I,TRADING,INTERCONNECTORRES,2,SETTLEMENTDATE,RUNNO,INTERCONNECTORID,PERIODID,METEREDMWFLOW,MWFLOW,MWLOSSES,LASTCHANGED
D,TRADING,INTERCONNECTORRES,2,"2025/05/29 16:45:00",1,N-Q-MNSP1,201,-25.9,-25,0.65,"2025/05/29 16:40:03"
D,TRADING,INTERCONNECTORRES,2,"2025/05/29 16:45:00",1,NSW1-QLD1,201,-769.6,-861.14,18.55,"2025/05/29 16:40:03"
D,TRADING,INTERCONNECTORRES,2,"2025/05/29 16:45:00",1,T-V-MNSP1,201,-107.4,-94.59,1.3,"2025/05/29 16:40:03"
D,TRADING,INTERCONNECTORRES,2,"2025/05/29 16:45:00",1,V-S-MNSP1,201,18,27,-1.11,"2025/05/29 16:40:03"
D,TRADING,INTERCONNECTORRES,2,"2025/05/29 16:45:00",1,V-SA,201,-34.97,-3.13,0.06,"2025/05/29 16:40:03"
D,TRADING,INTERCONNECTORRES,2,"2025/05/29 16:45:00",1,VIC1-NSW1,201,56.1,0,0,"2025/05/29 16:40:03"
I,TRADING,PRICE,3,SETTLEMENTDATE,RUNNO,REGIONID,PERIODID,RRP,EEP,INVALIDFLAG,LASTCHANGED,ROP,RAISE6SECRRP,RAISE6SECROP,RAISE60SECRRP,RAISE60SECROP,RAISE5MINRRP,RAISE5MINROP,RAISEREGRRP,RAISEREGROP,LOWER6SECRRP,LOWER6SECROP,LOWER60SECRRP,LOWER60SECROP,LOWER5MINRRP,LOWER5MINROP,LOWERREGRRP,LOWERREGROP,RAISE1SECRRP,RAISE1SECROP,LOWER1SECRRP,LOWER1SECROP,PRICE_STATUS
D,TRADING,PRICE,3,"2025/05/29 16:45:00",1,SA1,201,166.62,0,0,"2025/05/29 16:40:03",166.62,0.38,0.38,0.36,0.36,0.15,0.15,20.68,20.68,0.14,0.14,0.38,0.38,0.38,0.38,1.49,1.49,0.36,0.36,0,0,FIRM
D,TRADING,PRICE,3,"2025/05/29 16:45:00",1,NSW1,201,306.86,0,0,"2025/05/29 16:40:03",306.86,0.38,0.38,0.36,0.36,0.15,0.15,20.68,20.68,0.14,0.14,0.38,0.38,0.38,0.38,1.49,1.49,0.36,0.36,0,0,FIRM
D,TRADING,PRICE,3,"2025/05/29 16:45:00",1,QLD1,201,278.21,0,0,"2025/05/29 16:40:03",278.21,0.38,0.38,0.36,0.36,0.15,0.15,20.68,20.68,0.14,0.14,0.38,0.38,0.38,0.38,1.49,1.49,0.36,0.36,0,0,FIRM
D,TRADING,PRICE,3,"2025/05/29 16:45:00",1,TAS1,201,150.24,0,0,"2025/05/29 16:40:03",150.24,0.38,0.38,0.38,0.38,0,0,7.54,7.54,0.38,0.38,0.38,0.38,0.38,0.38,2.46,2.46,0.36,0.36,0,0,FIRM
D,TRADING,PRICE,3,"2025/05/29 16:45:00",1,VIC1,201,169.63,0,0,"2025/05/29 16:40:03",169.63,0.38,0.38,0.36,0.36,0.15,0.15,20.68,20.68,0.14,0.14,0.38,0.38,0.38,0.38,1.49,1.49,0.36,0.36,0,0,FIRM
C,"END OF REPORT",15
