C,NEMP.WORLD,TRADINGIS,AEMO,PUBLIC,2025/06/05,20:25:11,0000000466434966,TRADINGIS,0000000466434965
I,TRADING,INTERCONNECTORRES,2,SETTLEMENTDATE,RUNNO,INTERCONNECTORID,PERIODID,METEREDMWFLOW,MWFLOW,MWLOSSES,LASTCHANGED
D,TRADING,INTERCONNECTORRES,2,"2025/06/05 20:30:00",1,N-Q-MNSP1,246,-24.2,-25,0.65,"2025/06/05 20:25:04"
D,TRADING,INTERCONNECTORRES,2,"2025/06/05 20:30:00",1,NSW1-QLD1,246,-971.1,-967.53,17.01,"2025/06/05 20:25:04"
D,TRADING,INTERCONNECTORRES,2,"2025/06/05 20:30:00",1,T-V-MNSP1,246,0,-64.09,0.68,"2025/06/05 20:25:04"
D,TRADING,INTERCONNECTORRES,2,"2025/06/05 20:30:00",1,V-S-MNSP1,246,-27,-27,2.87,"2025/06/05 20:25:04"
D,TRADING,INTERCONNECTORRES,2,"2025/06/05 20:30:00",1,V-SA,246,-98.66,-90.55,-0.53,"2025/06/05 20:25:04"
D,TRADING,INTERCONNECTORRES,2,"2025/06/05 20:30:00",1,VIC1-NSW1,246,791.85,764.08,41.01,"2025/06/05 20:25:04"
I,TRADING,PRICE,3,SETTLEMENTDATE,RUNNO,REGIONID,PERIODID,RRP,EEP,INVALIDFLAG,LASTCHANGED,ROP,RAISE6SECRRP,RAISE6SECROP,RAISE60SECRRP,RAISE60SECROP,RAISE5MINRRP,RAISE5MINROP,RAISEREGRRP,RAISEREGROP,LOWER6SECRRP,LOWER6SECROP,LOWER60SECRRP,LOWER60SECROP,LOWER5MINRRP,LOWER5MINROP,LOWERREGRRP,LOWERREGROP,RAISE1SECRRP,RAISE1SECROP,LOWER1SECRRP,LOWER1SECROP,PRICE_STATUS
D,TRADING,PRICE,3,"2025/06/05 20:30:00",1,SA1,246,129.83,0,0,"2025/06/05 20:25:04",129.83,0.38,0.38,0.36,0.36,0.38,0.38,6,6,0.01,0.01,0.38,0.38,0.1,0.1,15.17,15.17,0.37,0.37,0,0,FIRM
D,TRADING,PRICE,3,"2025/06/05 20:30:00",1,NSW1,246,180.02,0,0,"2025/06/05 20:25:04",180.02,0.38,0.38,0.36,0.36,0.38,0.38,6,6,0.01,0.01,0.38,0.38,0.1,0.1,15.17,15.17,0.37,0.37,0,0,FIRM
D,TRADING,PRICE,3,"2025/06/05 20:30:00",1,QLD1,246,162.41,0,0,"2025/06/05 20:25:04",162.41,0.38,0.38,0.36,0.36,0.38,0.38,6,6,0.01,0.01,0.38,0.38,0.1,0.1,15.17,15.17,0.37,0.37,0,0,FIRM
D,TRADING,PRICE,3,"2025/06/05 20:30:00",1,TAS1,246,159.71,0,0,"2025/06/05 20:25:04",159.71,0.38,0.38,0.38,0.38,0.36,0.36,8.59,8.59,0.38,0.38,0.38,0.38,0.38,0.38,2.02,2.02,0,0,0,0,FIRM
D,TRADING,PRICE,3,"2025/06/05 20:30:00",1,VIC1,246,159.5,0,0,"2025/06/05 20:25:04",159.5,0.38,0.38,0.36,0.36,0.38,0.38,6,6,0.01,0.01,0.38,0.38,0.1,0.1,15.17,15.17,0.37,0.37,0,0,FIRM
C,"END OF REPORT",15
