C,NEMP.WORLD,TRADINGIS,AEMO,PUBLIC,2025/05/29,17:20:11,0000000465417043,TRADINGIS,0000000465417042
I,TRADING,INTERCONNECTORRES,2,SETTLEMENTDATE,RUNNO,INTERCONNECTORID,PERIODID,METEREDMWFLOW,MWFLOW,MWLOSSES,LASTCHANGED
D,TRADING,INTERCONNECTORRES,2,"2025/05/29 17:25:00",1,N-Q-MNSP1,209,-18.4,-17,0.07,"2025/05/29 17:20:03"
D,TRADING,INTERCONNECTORRES,2,"2025/05/29 17:25:00",1,NSW1-QLD1,209,-649.2,-730.1,0.36,"2025/05/29 17:20:03"
D,TRADING,INTERCONNECTORRES,2,"2025/05/29 17:25:00",1,T-V-MNSP1,209,112.3,135.17,1.37,"2025/05/29 17:20:03"
D,TRADING,INTERCONNECTORRES,2,"2025/05/29 17:25:00",1,V-S-MNSP1,209,18,18,-0.93,"2025/05/29 17:20:03"
D,TRADING,INTERCONNECTORRES,2,"2025/05/29 17:25:00",1,V-SA,209,-109.81,-100.99,1.81,"2025/05/29 17:20:03"
D,TRADING,INTERCONNECTORRES,2,"2025/05/29 17:25:00",1,VIC1-NSW1,209,80.91,147.17,4.7,"2025/05/29 17:20:03"
I,TRADING,PRICE,3,SETTLEMENTDATE,RUNNO,REGIONID,PERIODID,RRP,EEP,INVALIDFLAG,LASTCHANGED,ROP,RAISE6SECRRP,RAISE6SECROP,RAISE60SECRRP,RAISE60SECROP,RAISE5MINRRP,RAISE5MINROP,RAISEREGRRP,RAISEREGROP,LOWER6SECRRP,LOWER6SECROP,LOWER60SECRRP,LOWER60SECROP,LOWER5MINRRP,LOWER5MINROP,LOWERREGRRP,LOWERREGROP,RAISE1SECRRP,RAISE1SECROP,LOWER1SECRRP,LOWER1SECROP,PRICE_STATUS
D,TRADING,PRICE,3,"2025/05/29 17:25:00",1,SA1,209,152.95,0,0,"2025/05/29 17:20:03",152.95,0.38,0.38,0.24,0.24,0.15,0.15,16,16,0.34,0.34,0.38,0.38,0.38,0.38,3.7,3.7,0.04,0.04,0,0,FIRM
D,TRADING,PRICE,3,"2025/05/29 17:25:00",1,NSW1,209,450.77,0,0,"2025/05/29 17:20:03",450.77,0.38,0.38,0.24,0.24,0.15,0.15,16,16,0.34,0.34,0.38,0.38,0.38,0.38,3.7,3.7,0.04,0.04,0,0,FIRM
D,TRADING,PRICE,3,"2025/05/29 17:25:00",1,QLD1,209,423.01,0,0,"2025/05/29 17:20:03",423.01,0.38,0.38,0.24,0.24,0.15,0.15,16,16,0.34,0.34,0.38,0.38,0.38,0.38,3.7,3.7,0.04,0.04,0,0,FIRM
D,TRADING,PRICE,3,"2025/05/29 17:25:00",1,TAS1,209,150.24,0,0,"2025/05/29 17:20:03",150.24,0.38,0.38,0.38,0.38,0.15,0.15,7.54,7.54,0.34,0.34,0.38,0.38,0.38,0.38,2.46,2.46,0.04,0.04,0,0,FIRM
D,TRADING,PRICE,3,"2025/05/29 17:25:00",1,VIC1,209,157.29,0,0,"2025/05/29 17:20:03",157.29,0.38,0.38,0.24,0.24,0.15,0.15,16,16,0.34,0.34,0.38,0.38,0.38,0.38,3.7,3.7,0.04,0.04,0,0,FIRM
C,"END OF REPORT",15
