C,NEMP.WORLD,TRADINGIS,AEMO,PUBLIC,2025/05/28,10:05:15,0000000465227731,TRADINGIS,0000000465227730
I,TRADING,INTERCONNECTORRES,2,SETTLEMENTDATE,RUNNO,INTERCONNECTORID,PERIODID,METEREDMWFLOW,MWFLOW,MWLOSSES,LASTCHANGED
D,TRADING,INTERCONNECTORRES,2,"2025/05/28 10:10:00",1,N-Q-MNSP1,122,97,96.52,29.68,"2025/05/28 10:05:08"
D,TRADING,INTERCONNECTORRES,2,"2025/05/28 10:10:00",1,NSW1-QLD1,122,-318.2,-343.75,13.7,"2025/05/28 10:05:08"
D,TRADING,INTERCONNECTORRES,2,"2025/05/28 10:10:00",1,T-V-MNSP1,122,-415.1,-432.04,21.1,"2025/05/28 10:05:08"
D,TRADING,INTERCONNECTORRES,2,"2025/05/28 10:10:00",1,V-S-MNSP1,122,137,126,9.86,"2025/05/28 10:05:08"
D,TRADING,INTERCONNECTORRES,2,"2025/05/28 10:10:00",1,V-SA,122,601.77,606.18,41.01,"2025/05/28 10:05:08"
D,TRADING,INTERCONNECTORRES,2,"2025/05/28 10:10:00",1,VIC1-NSW1,122,-225.12,-284.02,-0.11,"2025/05/28 10:05:08"
I,TRADING,PRICE,3,SETTLEMENTDATE,RUNNO,REGIONID,PERIODID,RRP,EEP,INVALIDFLAG,LASTCHANGED,ROP,RAISE6SECRRP,RAISE6SECROP,RAISE60SECRRP,RAISE60SECROP,RAISE5MINRRP,RAISE5MINROP,RAISEREGRRP,RAISEREGROP,LOWER6SECRRP,LOWER6SECROP,LOWER60SECRRP,LOWER60SECROP,LOWER5MINRRP,LOWER5MINROP,LOWERREGRRP,LOWERREGROP,RAISE1SECRRP,RAISE1SECROP,LOWER1SECRRP,LOWER1SECROP,PRICE_STATUS
D,TRADING,PRICE,3,"2025/05/28 10:10:00",1,SA1,122,70.44,0,0,"2025/05/28 10:05:08",70.44,0.23,0.23,0.1,0.1,0.1,0.1,7.85,7.85,0.1,0.1,1,1,0.38,0.38,3.59,3.59,0.1,0.1,0,0,FIRM
D,TRADING,PRICE,3,"2025/05/28 10:10:00",1,NSW1,122,-17.01,0,0,"2025/05/28 10:05:08",-17.01,0.23,0.23,0.1,0.1,0.1,0.1,7.85,7.85,0.1,0.1,1,1,0.38,0.38,3.59,3.59,0.1,0.1,0,0,FIRM
D,TRADING,PRICE,3,"2025/05/28 10:10:00",1,QLD1,122,-24.23,0,0,"2025/05/28 10:05:08",-24.23,0.23,0.23,0.1,0.1,0.1,0.1,7.85,7.85,1.83,1.83,7.87,7.87,0.38,0.38,3.59,3.59,0.1,0.1,0,0,FIRM
D,TRADING,PRICE,3,"2025/05/28 10:10:00",1,TAS1,122,75.12,0,0,"2025/05/28 10:05:08",75.12,0.38,0.38,0.38,0.38,0.1,0.1,6.44,6.44,0.1,0.1,0.38,0.38,0.38,0.38,2.48,2.48,0.1,0.1,0,0,FIRM
D,TRADING,PRICE,3,"2025/05/28 10:10:00",1,VIC1,122,56.95,0,0,"2025/05/28 10:05:08",56.95,0.23,0.23,0.1,0.1,0.1,0.1,7.85,7.85,0.1,0.1,1,1,0.38,0.38,3.59,3.59,0.1,0.1,0,0,FIRM
C,"END OF REPORT",15
