C,NEMP.WORLD,TRADINGIS,AEMO,PUBLIC,2025/05/28,18:10:10,0000000465279216,TRADINGIS,0000000465279215
I,TRADING,INTERCONNECTORRES,2,SETTLEMENTDATE,RUNNO,INTERCONNECTORID,PERIODID,METEREDMWFLOW,MWFLOW,MWLOSSES,LASTCHANGED
D,TRADING,INTERCONNECTORRES,2,"2025/05/28 18:15:00",1,N-Q-MNSP1,219,-176.3,-169,71.19,"2025/05/28 18:10:03"
D,TRADING,INTERCONNECTORRES,2,"2025/05/28 18:15:00",1,NSW1-QLD1,219,-426.6,-326.06,-12.07,"2025/05/28 18:10:03"
D,TRADING,INTERCONNECTORRES,2,"2025/05/28 18:15:00",1,T-V-MNSP1,219,304.6,277.74,6.93,"2025/05/28 18:10:03"
D,TRADING,INTERCONNECTORRES,2,"2025/05/28 18:15:00",1,V-S-MNSP1,219,81,90,3.14,"2025/05/28 18:10:03"
D,TRADING,INTERCONNECTORRES,2,"2025/05/28 18:15:00",1,V-SA,219,483.25,548.68,37.96,"2025/05/28 18:10:03"
D,TRADING,INTERCONNECTORRES,2,"2025/05/28 18:15:00",1,VIC1-NSW1,219,-776.66,-868.53,63.7,"2025/05/28 18:10:03"
I,TRADING,PRICE,3,SETTLEMENTDATE,RUNNO,REGIONID,PERIODID,RRP,EEP,INVALIDFLAG,LASTCHANGED,ROP,RAISE6SECRRP,RAISE6SECROP,RAISE60SECRRP,RAISE60SECROP,RAISE5MINRRP,RAISE5MINROP,RAISEREGRRP,RAISEREGROP,LOWER6SECRRP,LOWER6SECROP,LOWER60SECRRP,LOWER60SECROP,LOWER5MINRRP,LOWER5MINROP,LOWERREGRRP,LOWERREGROP,RAISE1SECRRP,RAISE1SECROP,LOWER1SECRRP,LOWER1SECROP,PRICE_STATUS
D,TRADING,PRICE,3,"2025/05/28 18:15:00",1,SA1,219,126.78,0,0,"2025/05/28 18:10:03",126.78,0.38,0.38,0.24,0.24,0.15,0.15,9.89,9.89,0,0,0.03,0.03,0,0,8.31,8.31,0.04,0.04,0,0,FIRM
D,TRADING,PRICE,3,"2025/05/28 18:15:00",1,NSW1,219,235.6,0,0,"2025/05/28 18:10:03",235.6,0.38,0.38,0.24,0.24,0.15,0.15,9.89,9.89,0,0,0.03,0.03,0,0,8.31,8.31,0.04,0.04,0,0,FIRM
D,TRADING,PRICE,3,"2025/05/28 18:15:00",1,QLD1,219,75.63,0,0,"2025/05/28 18:10:03",75.63,3.88,3.88,4,4,0.15,0.15,9.89,9.89,97.8,97.8,62.5,62.5,7.89,7.89,16.2,16.2,0.04,0.04,0,0,FIRM
D,TRADING,PRICE,3,"2025/05/28 18:15:00",1,TAS1,219,103.12,0,0,"2025/05/28 18:10:03",103.12,0.38,0.38,0.24,0.24,0.15,0.15,9.4,9.4,0,0,0.03,0.03,0,0,3.48,3.48,0.04,0.04,0,0,FIRM
D,TRADING,PRICE,3,"2025/05/28 18:15:00",1,VIC1,219,111.2,0,0,"2025/05/28 18:10:03",111.2,0.38,0.38,0.24,0.24,0.15,0.15,9.89,9.89,0,0,0.03,0.03,0,0,8.31,8.31,0.04,0.04,0,0,FIRM
C,"END OF REPORT",15
