C,NEMP.WORLD,TRADINGIS,AEMO,PUBLIC,2025/05/26,21:05:10,0000000465000807,TRADINGIS,0000000465000806
I,TRADING,INTERCONNECTORRES,2,SETTLEMENTDATE,RUNNO,INTERCONNECTORID,PERIODID,METEREDMWFLOW,MWFLOW,MWLOSSES,LASTCHANGED
D,TRADING,INTERCONNECTORRES,2,"2025/05/26 21:10:00",1,N-Q-MNSP1,254,9.8,9,0.6,"2025/05/26 21:05:03"
D,TRADING,INTERCONNECTORRES,2,"2025/05/26 21:10:00",1,NSW1-QLD1,254,255.6,302.32,20.67,"2025/05/26 21:05:03"
D,TRADING,INTERCONNECTORRES,2,"2025/05/26 21:10:00",1,T-V-MNSP1,254,-470,-437.67,21.63,"2025/05/26 21:05:03"
D,TRADING,INTERCONNECTORRES,2,"2025/05/26 21:10:00",1,V-S-MNSP1,254,5,-75,12.32,"2025/05/26 21:05:03"
D,TRADING,INTERCONNECTORRES,2,"2025/05/26 21:10:00",1,V-SA,254,-194.28,-138.44,-1.09,"2025/05/26 21:05:03"
D,TRADING,INTERCONNECTORRES,2,"2025/05/26 21:10:00",1,VIC1-NSW1,254,1019.13,1098.72,100.6,"2025/05/26 21:05:03"
I,TRADING,PRICE,3,SETTLEMENTDATE,RUNNO,REGIONID,PERIODID,RRP,EEP,INVALIDFLAG,LASTCHANGED,ROP,RAISE6SECRRP,RAISE6SECROP,RAISE60SECRRP,RAISE60SECROP,RAISE5MINRRP,RAISE5MINROP,RAISEREGRRP,RAISEREGROP,LOWER6SECRRP,LOWER6SECROP,LOWER60SECRRP,LOWER60SECROP,LOWER5MINRRP,LOWER5MINROP,LOWERREGRRP,LOWERREGROP,RAISE1SECRRP,RAISE1SECROP,LOWER1SECRRP,LOWER1SECROP,PRICE_STATUS
D,TRADING,PRICE,3,"2025/05/26 21:10:00",1,SA1,254,0.38,0,0,"2025/05/26 21:05:03",0.38,0.23,0.23,0.15,0.15,0.23,0.23,4.79,4.79,0.03,0.03,0.15,0.15,0.1,0.1,2,2,0.81,0.81,0,0,FIRM
D,TRADING,PRICE,3,"2025/05/26 21:10:00",1,NSW1,254,60.02,0,0,"2025/05/26 21:05:03",60.02,0.23,0.23,0.15,0.15,0.23,0.23,4.79,4.79,0.03,0.03,0.15,0.15,0.1,0.1,2,2,0.81,0.81,0,0,FIRM
D,TRADING,PRICE,3,"2025/05/26 21:10:00",1,QLD1,254,66,0,0,"2025/05/26 21:05:03",66,0.23,0.23,0.15,0.15,0.23,0.23,4.79,4.79,0.03,0.03,0.15,0.15,0.1,0.1,2,2,0.81,0.81,0,0,FIRM
D,TRADING,PRICE,3,"2025/05/26 21:10:00",1,TAS1,254,35.24,0,0,"2025/05/26 21:05:03",35.24,0.38,0.38,0.38,0.38,0.23,0.23,8.8,8.8,0.03,0.03,0.15,0.15,0,0,2.55,2.55,0.81,0.81,0,0,FIRM
D,TRADING,PRICE,3,"2025/05/26 21:10:00",1,VIC1,254,0.38,0,0,"2025/05/26 21:05:03",0.38,0.23,0.23,0.15,0.15,0.23,0.23,4.79,4.79,0.03,0.03,0.15,0.15,0.1,0.1,2,2,0.81,0.81,0,0,FIRM
C,"END OF REPORT",15
