C,NEMP.WORLD,TRADINGIS,AEMO,PUBLIC,2025/05/27,07:40:10,0000000465064474,TRADINGIS,0000000465064473
I,TRADING,INTERCONNECTORRES,2,SETTLEMENTDATE,RUNNO,INTERCONNECTORID,PERIODID,METEREDMWFLOW,MWFLOW,MWLOSSES,LASTCHANGED
D,TRADING,INTERCONNECTORRES,2,"2025/05/27 07:45:00",1,N-Q-MNSP1,93,-10.9,-9,-0.16,"2025/05/27 07:40:03"
D,TRADING,INTERCONNECTORRES,2,"2025/05/27 07:45:00",1,NSW1-QLD1,93,-269.8,-258.74,-1.67,"2025/05/27 07:40:03"
D,TRADING,INTERCONNECTORRES,2,"2025/05/27 07:45:00",1,T-V-MNSP1,93,-458.4,-456.35,23.43,"2025/05/27 07:40:03"
D,TRADING,INTERCONNECTORRES,2,"2025/05/27 07:45:00",1,V-S-MNSP1,93,-103,-103.99,20.71,"2025/05/27 07:40:03"
D,TRADING,INTERCONNECTORRES,2,"2025/05/27 07:45:00",1,V-SA,93,97.6,104.31,1.32,"2025/05/27 07:40:03"
D,TRADING,INTERCONNECTORRES,2,"2025/05/27 07:45:00",1,VIC1-NSW1,93,452.29,904.65,76.68,"2025/05/27 07:40:03"
I,TRADING,PRICE,3,SETTLEMENTDATE,RUNNO,REGIONID,PERIODID,RRP,EEP,INVALIDFLAG,LASTCHANGED,ROP,RAISE6SECRRP,RAISE6SECROP,RAISE60SECRRP,RAISE60SECROP,RAISE5MINRRP,RAISE5MINROP,RAISEREGRRP,RAISEREGROP,LOWER6SECRRP,LOWER6SECROP,LOWER60SECRRP,LOWER60SECROP,LOWER5MINRRP,LOWER5MINROP,LOWERREGRRP,LOWERREGROP,RAISE1SECRRP,RAISE1SECROP,LOWER1SECRRP,LOWER1SECROP,PRICE_STATUS
D,TRADING,PRICE,3,"2025/05/27 07:45:00",1,SA1,93,66.78,0,0,"2025/05/27 07:40:03",66.78,0.37,0.37,0.1,0.1,0.04,0.04,0.04,0.04,0.01,0.01,0.1,0.1,0.04,0.04,3.7,3.7,0.37,0.37,0,0,FIRM
D,TRADING,PRICE,3,"2025/05/27 07:45:00",1,NSW1,93,76.8,0,0,"2025/05/27 07:40:03",76.8,0.37,0.37,0.1,0.1,0.04,0.04,0.04,0.04,0.01,0.01,0.1,0.1,0.04,0.04,3.7,3.7,0.37,0.37,0,0,FIRM
D,TRADING,PRICE,3,"2025/05/27 07:45:00",1,QLD1,93,75.34,0,0,"2025/05/27 07:40:03",75.34,0.37,0.37,0.1,0.1,0.04,0.04,0.04,0.04,0.01,0.01,0.1,0.1,0.04,0.04,3.7,3.7,0.37,0.37,0,0,FIRM
D,TRADING,PRICE,3,"2025/05/27 07:45:00",1,TAS1,93,75.28,0,0,"2025/05/27 07:40:03",75.28,0.38,0.38,0.38,0.38,0.04,0.04,8.4,8.4,0.01,0.01,0.1,0.1,0,0,2.48,2.48,0.37,0.37,0,0,FIRM
D,TRADING,PRICE,3,"2025/05/27 07:45:00",1,VIC1,93,65.07,0,0,"2025/05/27 07:40:03",65.07,0.37,0.37,0.1,0.1,0.04,0.04,0.04,0.04,0.01,0.01,0.1,0.1,0.04,0.04,3.7,3.7,0.37,0.37,0,0,FIRM
C,"END OF REPORT",15
