C,NEMP.WORLD,TRADINGIS,AEMO,PUBLIC,2025/05/28,08:50:12,0000000465220209,TRADINGIS,0000000465220208
I,TRADING,INTERCONNECTORRES,2,SETTLEMENTDATE,RUNNO,INTERCONNECTORID,PERIODID,METEREDMWFLOW,MWFLOW,MWLOSSES,LASTCHANGED
D,TRADING,INTERCONNECTORRES,2,"2025/05/28 08:55:00",1,N-Q-MNSP1,107,94.8,96.91,29.89,"2025/05/28 08:50:05"
D,TRADING,INTERCONNECTORRES,2,"2025/05/28 08:55:00",1,NSW1-QLD1,107,-647.9,-491.46,17.62,"2025/05/28 08:50:05"
D,TRADING,INTERCONNECTORRES,2,"2025/05/28 08:55:00",1,T-V-MNSP1,107,-466.4,-432.4,21.13,"2025/05/28 08:50:05"
D,TRADING,INTERCONNECTORRES,2,"2025/05/28 08:55:00",1,V-S-MNSP1,107,145,150.24,16.17,"2025/05/28 08:50:05"
D,TRADING,INTERCONNECTORRES,2,"2025/05/28 08:55:00",1,V-SA,107,425.43,426.26,21.98,"2025/05/28 08:50:05"
D,TRADING,INTERCONNECTORRES,2,"2025/05/28 08:55:00",1,VIC1-NSW1,107,-435.97,-374.7,6.97,"2025/05/28 08:50:05"
I,TRADING,PRICE,3,SETTLEMENTDATE,RUNNO,REGIONID,PERIODID,RRP,EEP,INVALIDFLAG,LASTCHANGED,ROP,RAISE6SECRRP,RAISE6SECROP,RAISE60SECRRP,RAISE60SECROP,RAISE5MINRRP,RAISE5MINROP,RAISEREGRRP,RAISEREGROP,LOWER6SECRRP,LOWER6SECROP,LOWER60SECRRP,LOWER60SECROP,LOWER5MINRRP,LOWER5MINROP,LOWERREGRRP,LOWERREGROP,RAISE1SECRRP,RAISE1SECROP,LOWER1SECRRP,LOWER1SECROP,PRICE_STATUS
D,TRADING,PRICE,3,"2025/05/28 08:55:00",1,SA1,107,170.44,0,0,"2025/05/28 08:50:05",170.44,0.23,0.23,0.1,0.1,0.1,0.1,12.47,12.47,0.38,0.38,0.45,0.45,0.1,0.1,6,6,0.37,0.37,0,0,FIRM
D,TRADING,PRICE,3,"2025/05/28 08:55:00",1,NSW1,107,-6.16,0,0,"2025/05/28 08:50:05",-6.16,0.23,0.23,0.1,0.1,0.1,0.1,12.47,12.47,0.38,0.38,0.45,0.45,0.1,0.1,6,6,0.37,0.37,0,0,FIRM
D,TRADING,PRICE,3,"2025/05/28 08:55:00",1,QLD1,107,-20.23,0,0,"2025/05/28 08:50:05",-20.23,0.23,0.23,0.1,0.1,0.1,0.1,12.47,12.47,7.89,7.89,7.89,7.89,0.1,0.1,6,6,0.37,0.37,0,0,FIRM
D,TRADING,PRICE,3,"2025/05/28 08:55:00",1,TAS1,107,150.24,0,0,"2025/05/28 08:50:05",150.24,0.38,0.38,0.38,0.38,0.1,0.1,8.4,8.4,0.38,0.38,0.38,0.38,0.1,0.1,2.48,2.48,0.37,0.37,0,0,FIRM
D,TRADING,PRICE,3,"2025/05/28 08:55:00",1,VIC1,107,130.02,0,0,"2025/05/28 08:50:05",130.02,0.23,0.23,0.1,0.1,0.1,0.1,12.47,12.47,0.38,0.38,0.45,0.45,0.1,0.1,6,6,0.37,0.37,0,0,FIRM
C,"END OF REPORT",15
