C,NEMP.WORLD,TRADINGIS,AEMO,PUBLIC,2025/05/27,19:15:14,0000000465140868,TRADINGIS,0000000465140867
I,TRADING,INTERCONNECTORRES,2,SETTLEMENTDATE,RUNNO,INTERCONNECTORID,PERIODID,METEREDMWFLOW,MWFLOW,MWLOSSES,LASTCHANGED
D,TRADING,INTERCONNECTORRES,2,"2025/05/27 19:20:00",1,N-Q-MNSP1,232,-8.4,0,0,"2025/05/27 19:15:05"
D,TRADING,INTERCONNECTORRES,2,"2025/05/27 19:20:00",1,NSW1-QLD1,232,-290.8,-179.18,-8.61,"2025/05/27 19:15:05"
D,TRADING,INTERCONNECTORRES,2,"2025/05/27 19:20:00",1,T-V-MNSP1,232,-274.1,-260.16,8.05,"2025/05/27 19:15:05"
D,TRADING,INTERCONNECTORRES,2,"2025/05/27 19:20:00",1,V-S-MNSP1,232,54,63,0.15,"2025/05/27 19:15:05"
D,TRADING,INTERCONNECTORRES,2,"2025/05/27 19:20:00",1,V-SA,232,349.45,318.71,13.93,"2025/05/27 19:15:05"
D,TRADING,INTERCONNECTORRES,2,"2025/05/27 19:20:00",1,VIC1-NSW1,232,-195.42,-115.5,0.99,"2025/05/27 19:15:05"
I,TRADING,PRICE,3,SETTLEMENTDATE,RUNNO,REGIONID,PERIODID,RRP,EEP,INVALIDFLAG,LASTCHANGED,ROP,RAISE6SECRRP,RAISE6SECROP,RAISE60SECRRP,RAISE60SECROP,RAISE5MINRRP,RAISE5MINROP,RAISEREGRRP,RAISEREGROP,LOWER6SECRRP,LOWER6SECROP,LOWER60SECRRP,LOWER60SECROP,LOWER5MINRRP,LOWER5MINROP,LOWERREGRRP,LOWERREGROP,RAISE1SECRRP,RAISE1SECROP,LOWER1SECRRP,LOWER1SECROP,PRICE_STATUS
D,TRADING,PRICE,3,"2025/05/27 19:20:00",1,SA1,232,104.71,0,0,"2025/05/27 19:15:05",104.71,0.39,0.39,0.38,0.38,0.1,0.1,0.1,0.1,0.03,0.03,0.15,0.15,0.1,0.1,3.49,3.49,0.81,0.81,0,0,FIRM
D,TRADING,PRICE,3,"2025/05/27 19:20:00",1,NSW1,232,95.14,0,0,"2025/05/27 19:15:05",95.14,0.39,0.39,0.38,0.38,0.1,0.1,0.1,0.1,0.03,0.03,0.15,0.15,0.1,0.1,3.49,3.49,0.81,0.81,0,0,FIRM
D,TRADING,PRICE,3,"2025/05/27 19:20:00",1,QLD1,232,98.37,0,0,"2025/05/27 19:15:05",98.37,0.39,0.39,0.38,0.38,0.1,0.1,0.1,0.1,0.03,0.03,0.15,0.15,0.1,0.1,3.49,3.49,0.81,0.81,0,0,FIRM
D,TRADING,PRICE,3,"2025/05/27 19:20:00",1,TAS1,232,101.05,0,0,"2025/05/27 19:15:05",101.05,0.39,0.39,0.38,0.38,0.1,0.1,7.4,7.4,0.03,0.03,0.15,0.15,0.1,0.1,2.48,2.48,0.81,0.81,0,0,FIRM
D,TRADING,PRICE,3,"2025/05/27 19:20:00",1,VIC1,232,96.82,0,0,"2025/05/27 19:15:05",96.82,0.39,0.39,0.38,0.38,0.1,0.1,0.1,0.1,0.03,0.03,0.15,0.15,0.1,0.1,3.49,3.49,0.81,0.81,0,0,FIRM
C,"END OF REPORT",15
