C,NEMP.WORLD,TRADINGIS,AEMO,PUBLIC,2025/05/29,12:30:11,0000000465386034,TRADINGIS,0000000465386033
I,TRADING,INTERCONNECTORRES,2,SETTLEMENTDATE,RUNNO,INTERCONNECTORID,PERIODID,METEREDMWFLOW,MWFLOW,MWLOSSES,LASTCHANGED
D,TRADING,INTERCONNECTORRES,2,"2025/05/29 12:35:00",1,N-Q-MNSP1,151,-20.2,-17,0.07,"2025/05/29 12:30:03"
D,TRADING,INTERCONNECTORRES,2,"2025/05/29 12:35:00",1,NSW1-QLD1,151,-289.9,-295.81,7.53,"2025/05/29 12:30:03"
D,TRADING,INTERCONNECTORRES,2,"2025/05/29 12:35:00",1,T-V-MNSP1,151,-432.8,-463.8,24.18,"2025/05/29 12:30:03"
D,TRADING,INTERCONNECTORRES,2,"2025/05/29 12:35:00",1,V-S-MNSP1,151,9,9,-0.56,"2025/05/29 12:30:03"
D,TRADING,INTERCONNECTORRES,2,"2025/05/29 12:35:00",1,V-SA,151,-96.74,-102.52,4.57,"2025/05/29 12:30:03"
D,TRADING,INTERCONNECTORRES,2,"2025/05/29 12:35:00",1,VIC1-NSW1,151,207.91,204.43,18.79,"2025/05/29 12:30:03"
I,TRADING,PRICE,3,SETTLEMENTDATE,RUNNO,REGIONID,PERIODID,RRP,EEP,INVALIDFLAG,LASTCHANGED,ROP,RAISE6SECRRP,RAISE6SECROP,RAISE60SECRRP,RAISE60SECROP,RAISE5MINRRP,RAISE5MINROP,RAISEREGRRP,RAISEREGROP,LOWER6SECRRP,LOWER6SECROP,LOWER60SECRRP,LOWER60SECROP,LOWER5MINRRP,LOWER5MINROP,LOWERREGRRP,LOWERREGROP,RAISE1SECRRP,RAISE1SECROP,LOWER1SECRRP,LOWER1SECROP,PRICE_STATUS
D,TRADING,PRICE,3,"2025/05/29 12:35:00",1,SA1,151,54.8,0,0,"2025/05/29 12:30:03",54.8,0.1,0.1,0.04,0.04,0.1,0.1,10.98,10.98,0.38,0.38,1,1,0.2,0.2,0.2,0.2,0.36,0.36,0,0,FIRM
D,TRADING,PRICE,3,"2025/05/29 12:35:00",1,NSW1,151,65.01,0,0,"2025/05/29 12:30:03",65.01,0.1,0.1,0.04,0.04,0.1,0.1,10.98,10.98,0.38,0.38,1,1,0.2,0.2,0.2,0.2,0.36,0.36,0,0,FIRM
D,TRADING,PRICE,3,"2025/05/29 12:35:00",1,QLD1,151,61.58,0,0,"2025/05/29 12:30:03",61.58,0.1,0.1,0.04,0.04,0.1,0.1,10.98,10.98,0.38,0.38,1,1,0.2,0.2,0.2,0.2,0.36,0.36,0,0,FIRM
D,TRADING,PRICE,3,"2025/05/29 12:35:00",1,TAS1,151,101.08,0,0,"2025/05/29 12:30:03",101.08,0.38,0.38,0.38,0.38,0.36,0.36,7.54,7.54,0.38,0.38,1,1,0,0,2.46,2.46,0.36,0.36,0,0,FIRM
D,TRADING,PRICE,3,"2025/05/29 12:35:00",1,VIC1,151,58.11,0,0,"2025/05/29 12:30:03",58.11,0.1,0.1,0.04,0.04,0.1,0.1,10.98,10.98,0.38,0.38,1,1,0.2,0.2,0.2,0.2,0.36,0.36,0,0,FIRM
C,"END OF REPORT",15
