C,NEMP.WORLD,TRADINGIS,AEMO,PUBLIC,2025/05/28,16:10:11,0000000465266453,TRADINGIS,0000000465266452
I,TRADING,INTERCONNECTORRES,2,SETTLEMENTDATE,RUNNO,INTERCONNECTORID,PERIODID,METEREDMWFLOW,MWFLOW,MWLOSSES,LASTCHANGED
D,TRADING,INTERCONNECTORRES,2,"2025/05/28 16:15:00",1,N-Q-MNSP1,195,-26.7,-25,0.65,"2025/05/28 16:10:04"
D,TRADING,INTERCONNECTORRES,2,"2025/05/28 16:15:00",1,NSW1-QLD1,195,-711.2,-704.01,18.56,"2025/05/28 16:10:04"
D,TRADING,INTERCONNECTORRES,2,"2025/05/28 16:15:00",1,T-V-MNSP1,195,-170.3,-1.87,0.01,"2025/05/28 16:10:04"
D,TRADING,INTERCONNECTORRES,2,"2025/05/28 16:15:00",1,V-S-MNSP1,195,63,63,0.15,"2025/05/28 16:10:04"
D,TRADING,INTERCONNECTORRES,2,"2025/05/28 16:15:00",1,V-SA,195,457.23,408.13,11.05,"2025/05/28 16:10:04"
D,TRADING,INTERCONNECTORRES,2,"2025/05/28 16:15:00",1,VIC1-NSW1,195,193.44,142.51,6.72,"2025/05/28 16:10:04"
I,TRADING,PRICE,3,SETTLEMENTDATE,RUNNO,REGIONID,PERIODID,RRP,EEP,INVALIDFLAG,LASTCHANGED,ROP,RAISE6SECRRP,RAISE6SECROP,RAISE60SECRRP,RAISE60SECROP,RAISE5MINRRP,RAISE5MINROP,RAISEREGRRP,RAISEREGROP,LOWER6SECRRP,LOWER6SECROP,LOWER60SECRRP,LOWER60SECROP,LOWER5MINRRP,LOWER5MINROP,LOWERREGRRP,LOWERREGROP,RAISE1SECRRP,RAISE1SECROP,LOWER1SECRRP,LOWER1SECROP,PRICE_STATUS
D,TRADING,PRICE,3,"2025/05/28 16:15:00",1,SA1,195,228.64,0,0,"2025/05/28 16:10:04",228.64,0.38,0.38,0.38,0.38,0.15,0.15,12.44,12.44,0,0,0,0,0,0,15.17,15.17,0.38,0.38,0,0,FIRM
D,TRADING,PRICE,3,"2025/05/28 16:15:00",1,NSW1,195,224.27,0,0,"2025/05/28 16:10:04",224.27,0.38,0.38,0.38,0.38,0.15,0.15,12.44,12.44,0,0,0,0,0,0,15.17,15.17,0.38,0.38,0,0,FIRM
D,TRADING,PRICE,3,"2025/05/28 16:15:00",1,QLD1,195,100.83,0,0,"2025/05/28 16:10:04",100.83,0.38,0.38,0.38,0.38,0.15,0.15,12.44,12.44,57.52,57.52,49.25,49.25,0.38,0.38,15.55,15.55,0.38,0.38,0,0,FIRM
D,TRADING,PRICE,3,"2025/05/28 16:15:00",1,TAS1,195,210.08,0,0,"2025/05/28 16:10:04",210.08,218.51,218.51,4.61,4.61,0.38,0.38,69.24,69.24,0.38,0.38,0.38,0.38,0.38,0.38,2.48,2.48,0,0,0,0,FIRM
D,TRADING,PRICE,3,"2025/05/28 16:15:00",1,VIC1,195,212.12,0,0,"2025/05/28 16:10:04",212.12,0.38,0.38,0.38,0.38,0.15,0.15,12.44,12.44,0,0,0,0,0,0,15.17,15.17,0.38,0.38,0,0,FIRM
C,"END OF REPORT",15
