C,NEMP.WORLD,TRADINGIS,AEMO,PUBLIC,2025/05/28,00:00:12,0000000465168652,TRADINGIS,0000000465168651
I,TRADING,INTERCONNECTORRES,2,SETTLEMENTDATE,RUNNO,INTERCONNECTORID,PERIODID,METEREDMWFLOW,MWFLOW,MWLOSSES,LASTCHANGED
D,TRADING,INTERCONNECTORRES,2,"2025/05/28 00:05:00",1,N-Q-MNSP1,1,-5.8,0,0,"2025/05/28 00:00:03"
D,TRADING,INTERCONNECTORRES,2,"2025/05/28 00:05:00",1,NSW1-QLD1,1,-144.2,60.21,0.98,"2025/05/28 00:00:03"
D,TRADING,INTERCONNECTORRES,2,"2025/05/28 00:05:00",1,T-V-MNSP1,1,-467,-477,25.52,"2025/05/28 00:00:03"
D,TRADING,INTERCONNECTORRES,2,"2025/05/28 00:05:00",1,V-S-MNSP1,1,148,90,3.14,"2025/05/28 00:00:03"
D,TRADING,INTERCONNECTORRES,2,"2025/05/28 00:05:00",1,V-SA,1,615.24,570.14,43.88,"2025/05/28 00:00:03"
D,TRADING,INTERCONNECTORRES,2,"2025/05/28 00:05:00",1,VIC1-NSW1,1,574.94,675.64,52.24,"2025/05/28 00:00:03"
I,TRADING,PRICE,3,SETTLEMENTDATE,RUNNO,REGIONID,PERIODID,RRP,EEP,INVALIDFLAG,LASTCHANGED,ROP,RAISE6SECRRP,RAISE6SECROP,RAISE60SECRRP,RAISE60SECROP,RAISE5MINRRP,RAISE5MINROP,RAISEREGRRP,RAISEREGROP,LOWER6SECRRP,LOWER6SECROP,LOWER60SECRRP,LOWER60SECROP,LOWER5MINRRP,LOWER5MINROP,LOWERREGRRP,LOWERREGROP,RAISE1SECRRP,RAISE1SECROP,LOWER1SECRRP,LOWER1SECROP,PRICE_STATUS
D,TRADING,PRICE,3,"2025/05/28 00:05:00",1,SA1,1,22.08,0,0,"2025/05/28 00:00:03",22.08,0,0,0.04,0.04,0.1,0.1,1,1,0.1,0.1,0.39,0.39,0,0,0,0,0.1,0.1,0,0,FIRM
D,TRADING,PRICE,3,"2025/05/28 00:05:00",1,NSW1,1,71.09,0,0,"2025/05/28 00:00:03",71.09,0,0,0.04,0.04,0.1,0.1,1,1,0.1,0.1,0.39,0.39,0,0,0,0,0.1,0.1,0,0,FIRM
D,TRADING,PRICE,3,"2025/05/28 00:05:00",1,QLD1,1,72.75,0,0,"2025/05/28 00:00:03",72.75,0,0,0.04,0.04,0.1,0.1,1,1,0.1,0.1,0.39,0.39,0,0,0,0,0.1,0.1,0,0,FIRM
D,TRADING,PRICE,3,"2025/05/28 00:05:00",1,TAS1,1,35.02,0,0,"2025/05/28 00:00:03",35.02,0.38,0.38,0.38,0.38,0.36,0.36,7.4,7.4,0.1,0.1,0.38,0.38,0,0,2.48,2.48,0.1,0.1,0,0,FIRM
D,TRADING,PRICE,3,"2025/05/28 00:05:00",1,VIC1,1,19.19,0,0,"2025/05/28 00:00:03",19.19,0,0,0.04,0.04,0.1,0.1,1,1,0.1,0.1,0.39,0.39,0,0,0,0,0.1,0.1,0,0,FIRM
C,"END OF REPORT",15
