C,NEMP.WORLD,TRADINGIS,AEMO,PUBLIC,2025/05/27,04:35:15,0000000465046348,TRADINGIS,0000000465046347
I,TRADING,INTERCONNECTORRES,2,SETTLEMENTDATE,RUNNO,INTERCONNECTORID,PERIODID,METEREDMWFLOW,MWFLOW,MWLOSSES,LASTCHANGED
D,TRADING,INTERCONNECTORRES,2,"2025/05/27 04:40:00",1,N-Q-MNSP1,56,8.6,9,0.6,"2025/05/27 04:35:08"
D,TRADING,INTERCONNECTORRES,2,"2025/05/27 04:40:00",1,NSW1-QLD1,56,376.4,396.17,14.06,"2025/05/27 04:35:08"
D,TRADING,INTERCONNECTORRES,2,"2025/05/27 04:40:00",1,T-V-MNSP1,56,-431,-447.28,22.55,"2025/05/27 04:35:08"
D,TRADING,INTERCONNECTORRES,2,"2025/05/27 04:40:00",1,V-S-MNSP1,56,-144,-142.8,35.1,"2025/05/27 04:35:08"
D,TRADING,INTERCONNECTORRES,2,"2025/05/27 04:40:00",1,V-SA,56,-158.9,-186.87,0.85,"2025/05/27 04:35:08"
D,TRADING,INTERCONNECTORRES,2,"2025/05/27 04:40:00",1,VIC1-NSW1,56,860.89,943.22,97.18,"2025/05/27 04:35:08"
I,TRADING,PRICE,3,SETTLEMENTDATE,RUNNO,REGIONID,PERIODID,RRP,EEP,INVALIDFLAG,LASTCHANGED,ROP,RAISE6SECRRP,RAISE6SECROP,RAISE60SECRRP,RAISE60SECROP,RAISE5MINRRP,RAISE5MINROP,RAISEREGRRP,RAISEREGROP,LOWER6SECRRP,LOWER6SECROP,LOWER60SECRRP,LOWER60SECROP,LOWER5MINRRP,LOWER5MINROP,LOWERREGRRP,LOWERREGROP,RAISE1SECRRP,RAISE1SECROP,LOWER1SECRRP,LOWER1SECROP,PRICE_STATUS
D,TRADING,PRICE,3,"2025/05/27 04:40:00",1,SA1,56,-13.43,0,0,"2025/05/27 04:35:08",-13.43,0.23,0.23,0.1,0.1,0.1,0.1,3.38,3.38,0.38,0.38,0.38,0.38,0.39,0.39,0.93,0.93,0.38,0.38,0,0,FIRM
D,TRADING,PRICE,3,"2025/05/27 04:40:00",1,NSW1,56,41.8,0,0,"2025/05/27 04:35:08",41.8,0.23,0.23,0.1,0.1,0.1,0.1,3.38,3.38,0.38,0.38,0.38,0.38,0.39,0.39,0.93,0.93,0.38,0.38,0,0,FIRM
D,TRADING,PRICE,3,"2025/05/27 04:40:00",1,QLD1,56,44.94,0,0,"2025/05/27 04:35:08",44.94,0.23,0.23,0.1,0.1,0.1,0.1,3.38,3.38,0.38,0.38,0.38,0.38,0.39,0.39,0.93,0.93,0.38,0.38,0,0,FIRM
D,TRADING,PRICE,3,"2025/05/27 04:40:00",1,TAS1,56,11.25,0,0,"2025/05/27 04:35:08",11.25,0.38,0.38,0.38,0.38,0.1,0.1,6.6,6.6,0.38,0.38,0.38,0.38,0,0,2.48,2.48,0.38,0.38,0,0,FIRM
D,TRADING,PRICE,3,"2025/05/27 04:40:00",1,VIC1,56,-13.76,0,0,"2025/05/27 04:35:08",-13.76,0.23,0.23,0.1,0.1,0.1,0.1,3.38,3.38,0.38,0.38,0.38,0.38,0.39,0.39,0.93,0.93,0.38,0.38,0,0,FIRM
C,"END OF REPORT",15
