C,NEMP.WORLD,TRADINGIS,AEMO,PUBLIC,2025/05/27,04:05:15,0000000465042829,TRADINGIS,0000000465042828
I,TRADING,INTERCONNECTORRES,2,SETTLEMENTDATE,RUNNO,INTERCONNECTORID,PERIODID,METEREDMWFLOW,MWFLOW,MWLOSSES,LASTCHANGED
D,TRADING,INTERCONNECTORRES,2,"2025/05/27 04:10:00",1,N-Q-MNSP1,50,8.7,9,0.6,"2025/05/27 04:05:08"
D,TRADING,INTERCONNECTORRES,2,"2025/05/27 04:10:00",1,NSW1-QLD1,50,474.7,478.23,19.63,"2025/05/27 04:05:08"
D,TRADING,INTERCONNECTORRES,2,"2025/05/27 04:10:00",1,T-V-MNSP1,50,-435.8,-459.34,23.73,"2025/05/27 04:05:08"
D,TRADING,INTERCONNECTORRES,2,"2025/05/27 04:10:00",1,V-S-MNSP1,50,-146,-144.78,35.93,"2025/05/27 04:05:08"
D,TRADING,INTERCONNECTORRES,2,"2025/05/27 04:10:00",1,V-SA,50,-318.77,-278.56,4.15,"2025/05/27 04:05:08"
D,TRADING,INTERCONNECTORRES,2,"2025/05/27 04:10:00",1,VIC1-NSW1,50,985.59,948.23,99.11,"2025/05/27 04:05:08"
I,TRADING,PRICE,3,SETTLEMENTDATE,RUNNO,REGIONID,PERIODID,RRP,EEP,INVALIDFLAG,LASTCHANGED,ROP,RAISE6SECRRP,RAISE6SECROP,RAISE60SECRRP,RAISE60SECROP,RAISE5MINRRP,RAISE5MINROP,RAISEREGRRP,RAISEREGROP,LOWER6SECRRP,LOWER6SECROP,LOWER60SECRRP,LOWER60SECROP,LOWER5MINRRP,LOWER5MINROP,LOWERREGRRP,LOWERREGROP,RAISE1SECRRP,RAISE1SECROP,LOWER1SECRRP,LOWER1SECROP,PRICE_STATUS
D,TRADING,PRICE,3,"2025/05/27 04:10:00",1,SA1,50,-17.64,0,0,"2025/05/27 04:05:08",-17.64,0.1,0.1,0.04,0.04,0.1,0.1,10.71,10.71,0.38,0.38,0.38,0.38,0.01,0.01,1.51,1.51,0.38,0.38,0,0,FIRM
D,TRADING,PRICE,3,"2025/05/27 04:10:00",1,NSW1,50,46.73,0,0,"2025/05/27 04:05:08",46.73,0.1,0.1,0.04,0.04,0.1,0.1,10.71,10.71,0.38,0.38,0.38,0.38,0.01,0.01,1.51,1.51,0.38,0.38,0,0,FIRM
D,TRADING,PRICE,3,"2025/05/27 04:10:00",1,QLD1,50,50.75,0,0,"2025/05/27 04:05:08",50.75,0.1,0.1,0.04,0.04,0.1,0.1,10.71,10.71,0.38,0.38,0.38,0.38,0.01,0.01,1.51,1.51,0.38,0.38,0,0,FIRM
D,TRADING,PRICE,3,"2025/05/27 04:10:00",1,TAS1,50,11.25,0,0,"2025/05/27 04:05:08",11.25,0.38,0.38,0.38,0.38,0.1,0.1,6.6,6.6,0.38,0.38,0.38,0.38,0,0,2.48,2.48,0.38,0.38,0,0,FIRM
D,TRADING,PRICE,3,"2025/05/27 04:10:00",1,VIC1,50,-18.5,0,0,"2025/05/27 04:05:08",-18.5,0.1,0.1,0.04,0.04,0.1,0.1,10.71,10.71,0.38,0.38,0.38,0.38,0.01,0.01,1.51,1.51,0.38,0.38,0,0,FIRM
C,"END OF REPORT",15
