C,NEMP.WORLD,TRADINGIS,AEMO,PUBLIC,2025/05/28,20:05:11,0000000465290408,TRADINGIS,0000000465290407
I,TRADING,INTERCONNECTORRES,2,SETTLEMENTDATE,RUNNO,INTERCONNECTORID,PERIODID,METEREDMWFLOW,MWFLOW,MWLOSSES,LASTCHANGED
D,TRADING,INTERCONNECTORRES,2,"2025/05/28 20:10:00",1,N-Q-MNSP1,242,-32.5,-33,1.59,"2025/05/28 20:05:03"
D,TRADING,INTERCONNECTORRES,2,"2025/05/28 20:10:00",1,NSW1-QLD1,242,-1122.3,-1090.48,49.03,"2025/05/28 20:05:03"
D,TRADING,INTERCONNECTORRES,2,"2025/05/28 20:10:00",1,T-V-MNSP1,242,45.7,2.96,-0.01,"2025/05/28 20:05:03"
D,TRADING,INTERCONNECTORRES,2,"2025/05/28 20:10:00",1,V-S-MNSP1,242,45,54,-0.46,"2025/05/28 20:05:03"
D,TRADING,INTERCONNECTORRES,2,"2025/05/28 20:10:00",1,V-SA,242,176.68,164.64,4.62,"2025/05/28 20:05:03"
D,TRADING,INTERCONNECTORRES,2,"2025/05/28 20:10:00",1,VIC1-NSW1,242,202.25,155.19,2.48,"2025/05/28 20:05:03"
I,TRADING,PRICE,3,SETTLEMENTDATE,RUNNO,REGIONID,PERIODID,RRP,EEP,INVALIDFLAG,LASTCHANGED,ROP,RAISE6SECRRP,RAISE6SECROP,RAISE60SECRRP,RAISE60SECROP,RAISE5MINRRP,RAISE5MINROP,RAISEREGRRP,RAISEREGROP,LOWER6SECRRP,LOWER6SECROP,LOWER60SECRRP,LOWER60SECROP,LOWER5MINRRP,LOWER5MINROP,LOWERREGRRP,LOWERREGROP,RAISE1SECRRP,RAISE1SECROP,LOWER1SECRRP,LOWER1SECROP,PRICE_STATUS
D,TRADING,PRICE,3,"2025/05/28 20:10:00",1,SA1,242,133.62,0,0,"2025/05/28 20:05:03",133.62,0.39,0.39,0.39,0.39,0.32,0.32,7.5,7.5,0.1,0.1,0.45,0.45,0.2,0.2,3.99,3.99,0.86,0.86,0,0,FIRM
D,TRADING,PRICE,3,"2025/05/28 20:10:00",1,NSW1,242,131.61,0,0,"2025/05/28 20:05:03",131.61,0.39,0.39,0.39,0.39,0.32,0.32,7.5,7.5,0.1,0.1,0.45,0.45,0.2,0.2,3.99,3.99,0.86,0.86,0,0,FIRM
D,TRADING,PRICE,3,"2025/05/28 20:10:00",1,QLD1,242,113.83,0,0,"2025/05/28 20:05:03",113.83,0.39,0.39,0.39,0.39,0.32,0.32,7.5,7.5,0.1,0.1,0.45,0.45,0.2,0.2,3.99,3.99,0.86,0.86,0,0,FIRM
D,TRADING,PRICE,3,"2025/05/28 20:10:00",1,TAS1,242,125.09,0,0,"2025/05/28 20:05:03",125.09,0.38,0.38,0.38,0.38,0.38,0.38,8.4,8.4,26.33,26.33,0.38,0.38,0.38,0.38,3.48,3.48,0,0,0,0,FIRM
D,TRADING,PRICE,3,"2025/05/28 20:10:00",1,VIC1,242,127.62,0,0,"2025/05/28 20:05:03",127.62,0.39,0.39,0.39,0.39,0.32,0.32,7.5,7.5,0.1,0.1,0.45,0.45,0.2,0.2,3.99,3.99,0.86,0.86,0,0,FIRM
C,"END OF REPORT",15
