C,NEMP.WORLD,TRADINGIS,AEMO,PUBLIC,2025/05/28,09:50:15,0000000465225986,TRADINGIS,0000000465225985
I,TRADING,INTERCONNECTORRES,2,SETTLEMENTDATE,RUNNO,INTERCONNECTORID,PERIODID,METEREDMWFLOW,MWFLOW,MWLOSSES,LASTCHANGED
D,TRADING,INTERCONNECTORRES,2,"2025/05/28 09:55:00",1,N-Q-MNSP1,119,102.7,96.87,29.87,"2025/05/28 09:50:07"
D,TRADING,INTERCONNECTORRES,2,"2025/05/28 09:55:00",1,NSW1-QLD1,119,-314,-361.33,14.67,"2025/05/28 09:50:07"
D,TRADING,INTERCONNECTORRES,2,"2025/05/28 09:55:00",1,T-V-MNSP1,119,-451.1,-432.74,21.16,"2025/05/28 09:50:07"
D,TRADING,INTERCONNECTORRES,2,"2025/05/28 09:55:00",1,V-S-MNSP1,119,144,176.62,24.62,"2025/05/28 09:50:07"
D,TRADING,INTERCONNECTORRES,2,"2025/05/28 09:55:00",1,V-SA,119,643.9,606.75,41.48,"2025/05/28 09:50:07"
D,TRADING,INTERCONNECTORRES,2,"2025/05/28 09:55:00",1,VIC1-NSW1,119,-289.42,-357.01,2.64,"2025/05/28 09:50:07"
I,TRADING,PRICE,3,SETTLEMENTDATE,RUNNO,REGIONID,PERIODID,RRP,EEP,INVALIDFLAG,LASTCHANGED,ROP,RAISE6SECRRP,RAISE6SECROP,RAISE60SECRRP,RAISE60SECROP,RAISE5MINRRP,RAISE5MINROP,RAISEREGRRP,RAISEREGROP,LOWER6SECRRP,LOWER6SECROP,LOWER60SECRRP,LOWER60SECROP,LOWER5MINRRP,LOWER5MINROP,LOWERREGRRP,LOWERREGROP,RAISE1SECRRP,RAISE1SECROP,LOWER1SECRRP,LOWER1SECROP,PRICE_STATUS
D,TRADING,PRICE,3,"2025/05/28 09:55:00",1,SA1,119,83.44,0,0,"2025/05/28 09:50:07",83.44,0.23,0.23,0.1,0.1,0.1,0.1,11,11,0.1,0.1,0.39,0.39,0.1,0.1,4.07,4.07,0.1,0.1,0,0,FIRM
D,TRADING,PRICE,3,"2025/05/28 09:55:00",1,NSW1,119,-19.66,0,0,"2025/05/28 09:50:07",-19.66,0.23,0.23,0.1,0.1,0.1,0.1,11,11,0.1,0.1,0.39,0.39,0.1,0.1,4.07,4.07,0.1,0.1,0,0,FIRM
D,TRADING,PRICE,3,"2025/05/28 09:55:00",1,QLD1,119,-33.1,0,0,"2025/05/28 09:50:07",-33.1,0.23,0.23,0.1,0.1,0.1,0.1,11,11,7.89,7.89,7.89,7.89,0.1,0.1,4.07,4.07,0.1,0.1,0,0,FIRM
D,TRADING,PRICE,3,"2025/05/28 09:55:00",1,TAS1,119,100.14,0,0,"2025/05/28 09:50:07",100.14,0.38,0.38,0.38,0.38,0.1,0.1,6.46,6.46,0.1,0.1,0.38,0.38,0.1,0.1,2.48,2.48,0.1,0.1,0,0,FIRM
D,TRADING,PRICE,3,"2025/05/28 09:55:00",1,VIC1,119,56.95,0,0,"2025/05/28 09:50:07",56.95,0.23,0.23,0.1,0.1,0.1,0.1,11,11,0.1,0.1,0.39,0.39,0.1,0.1,4.07,4.07,0.1,0.1,0,0,FIRM
C,"END OF REPORT",15
