C,NEMP.WORLD,TRADINGIS,AEMO,PUBLIC,2025/05/28,07:45:11,0000000465213567,TRADINGIS,0000000465213566
I,TRADING,INTERCONNECTORRES,2,SETTLEMENTDATE,RUNNO,INTERCONNECTORID,PERIODID,METEREDMWFLOW,MWFLOW,MWLOSSES,LASTCHANGED
D,TRADING,INTERCONNECTORRES,2,"2025/05/28 07:50:00",1,N-Q-MNSP1,94,-24.3,-25,0.65,"2025/05/28 07:45:03"
D,TRADING,INTERCONNECTORRES,2,"2025/05/28 07:50:00",1,NSW1-QLD1,94,-812.2,-674.89,19.69,"2025/05/28 07:45:03"
D,TRADING,INTERCONNECTORRES,2,"2025/05/28 07:50:00",1,T-V-MNSP1,94,-408.4,-414.41,19.47,"2025/05/28 07:45:03"
D,TRADING,INTERCONNECTORRES,2,"2025/05/28 07:50:00",1,V-S-MNSP1,94,81,135.84,12.25,"2025/05/28 07:45:03"
D,TRADING,INTERCONNECTORRES,2,"2025/05/28 07:50:00",1,V-SA,94,513.86,568.77,37.19,"2025/05/28 07:45:03"
D,TRADING,INTERCONNECTORRES,2,"2025/05/28 07:50:00",1,VIC1-NSW1,94,-366.62,-379.8,6.7,"2025/05/28 07:45:03"
I,TRADING,PRICE,3,SETTLEMENTDATE,RUNNO,REGIONID,PERIODID,RRP,EEP,INVALIDFLAG,LASTCHANGED,ROP,RAISE6SECRRP,RAISE6SECROP,RAISE60SECRRP,RAISE60SECROP,RAISE5MINRRP,RAISE5MINROP,RAISEREGRRP,RAISEREGROP,LOWER6SECRRP,LOWER6SECROP,LOWER60SECRRP,LOWER60SECROP,LOWER5MINRRP,LOWER5MINROP,LOWERREGRRP,LOWERREGROP,RAISE1SECRRP,RAISE1SECROP,LOWER1SECRRP,LOWER1SECROP,PRICE_STATUS
D,TRADING,PRICE,3,"2025/05/28 07:50:00",1,SA1,94,170.44,0,0,"2025/05/28 07:45:03",170.44,0.39,0.39,0.36,0.36,0.15,0.15,0.15,0.15,0,0,0.1,0.1,0.1,0.1,3.99,3.99,0.94,0.94,0,0,FIRM
D,TRADING,PRICE,3,"2025/05/28 07:50:00",1,NSW1,94,76.8,0,0,"2025/05/28 07:45:03",76.8,0.39,0.39,0.36,0.36,0.15,0.15,0.15,0.15,0,0,0.1,0.1,0.1,0.1,3.99,3.99,0.94,0.94,0,0,FIRM
D,TRADING,PRICE,3,"2025/05/28 07:50:00",1,QLD1,94,55.63,0,0,"2025/05/28 07:45:03",55.63,0.39,0.39,0.36,0.36,0.15,0.15,0.15,0.15,6.86,6.86,7.89,7.89,0.38,0.38,4.27,4.27,0.94,0.94,0,0,FIRM
D,TRADING,PRICE,3,"2025/05/28 07:50:00",1,TAS1,94,142.31,0,0,"2025/05/28 07:45:03",142.31,0.39,0.39,0.38,0.38,0.15,0.15,8.4,8.4,0,0,0.1,0.1,0.1,0.1,3.48,3.48,0.94,0.94,0,0,FIRM
D,TRADING,PRICE,3,"2025/05/28 07:50:00",1,VIC1,94,132.62,0,0,"2025/05/28 07:45:03",132.62,0.39,0.39,0.36,0.36,0.15,0.15,0.15,0.15,0,0,0.1,0.1,0.1,0.1,3.99,3.99,0.94,0.94,0,0,FIRM
C,"END OF REPORT",15
