C,NEMP.WORLD,TRADINGIS,AEMO,PUBLIC,2025/05/28,18:00:11,0000000465278023,TRADINGIS,0000000465278022
I,TRADING,INTERCONNECTORRES,2,SETTLEMENTDATE,RUNNO,INTERCONNECTORID,PERIODID,METEREDMWFLOW,MWFLOW,MWLOSSES,LASTCHANGED
D,TRADING,INTERCONNECTORRES,2,"2025/05/28 18:05:00",1,N-Q-MNSP1,217,-169,-177,78.45,"2025/05/28 18:00:03"
D,TRADING,INTERCONNECTORRES,2,"2025/05/28 18:05:00",1,NSW1-QLD1,217,-410.6,-391.08,-12.71,"2025/05/28 18:00:03"
D,TRADING,INTERCONNECTORRES,2,"2025/05/28 18:05:00",1,T-V-MNSP1,217,412.6,339.92,10.68,"2025/05/28 18:00:03"
D,TRADING,INTERCONNECTORRES,2,"2025/05/28 18:05:00",1,V-S-MNSP1,217,54,54,-0.46,"2025/05/28 18:00:03"
D,TRADING,INTERCONNECTORRES,2,"2025/05/28 18:05:00",1,V-SA,217,171.54,282.5,9,"2025/05/28 18:00:03"
D,TRADING,INTERCONNECTORRES,2,"2025/05/28 18:05:00",1,VIC1-NSW1,217,-121.84,-527.49,20.5,"2025/05/28 18:00:03"
I,TRADING,PRICE,3,SETTLEMENTDATE,RUNNO,REGIONID,PERIODID,RRP,EEP,INVALIDFLAG,LASTCHANGED,ROP,RAISE6SECRRP,RAISE6SECROP,RAISE60SECRRP,RAISE60SECROP,RAISE5MINRRP,RAISE5MINROP,RAISEREGRRP,RAISEREGROP,LOWER6SECRRP,LOWER6SECROP,LOWER60SECRRP,LOWER60SECROP,LOWER5MINRRP,LOWER5MINROP,LOWERREGRRP,LOWERREGROP,RAISE1SECRRP,RAISE1SECROP,LOWER1SECRRP,LOWER1SECROP,PRICE_STATUS
D,TRADING,PRICE,3,"2025/05/28 18:05:00",1,SA1,217,141.38,0,0,"2025/05/28 18:00:03",141.38,0.38,0.38,0.36,0.36,0.15,0.15,7.84,7.84,0,0,0,0,0,0,14.8,14.8,0.04,0.04,0,0,FIRM
D,TRADING,PRICE,3,"2025/05/28 18:05:00",1,NSW1,217,289.05,0,0,"2025/05/28 18:00:03",289.05,0.38,0.38,0.36,0.36,0.15,0.15,7.84,7.84,0,0,0,0,0,0,14.8,14.8,0.04,0.04,0,0,FIRM
D,TRADING,PRICE,3,"2025/05/28 18:05:00",1,QLD1,217,82.26,0,0,"2025/05/28 18:00:03",82.26,0.38,0.38,0.36,0.36,0.15,0.15,7.84,7.84,97.8,97.8,97.8,97.8,10,10,24.8,24.8,0.04,0.04,0,0,FIRM
D,TRADING,PRICE,3,"2025/05/28 18:05:00",1,TAS1,217,121.52,0,0,"2025/05/28 18:00:03",121.52,0.38,0.38,0.36,0.36,0.15,0.15,7.51,7.51,0,0,0,0,0,0,3.48,3.48,0.04,0.04,0,0,FIRM
D,TRADING,PRICE,3,"2025/05/28 18:05:00",1,VIC1,217,132.72,0,0,"2025/05/28 18:00:03",132.72,0.38,0.38,0.36,0.36,0.15,0.15,7.84,7.84,0,0,0,0,0,0,14.8,14.8,0.04,0.04,0,0,FIRM
C,"END OF REPORT",15
