C,NEMP.WORLD,TRADINGIS,AEMO,PUBLIC,2025/05/26,11:55:16,0000000464940761,TRADINGIS,0000000464940760
I,TRADING,INTERCONNECTORRES,2,SETTLEMENTDATE,RUNNO,INTERCONNECTORID,PERIODID,METEREDMWFLOW,MWFLOW,MWLOSSES,LASTCHANGED
D,TRADING,INTERCONNECTORRES,2,"2025/05/26 12:00:00",1,N-Q-MNSP1,144,-34.2,-33,1.59,"2025/05/26 11:55:08"
D,TRADING,INTERCONNECTORRES,2,"2025/05/26 12:00:00",1,NSW1-QLD1,144,-884.7,-749.34,49.91,"2025/05/26 11:55:08"
D,TRADING,INTERCONNECTORRES,2,"2025/05/26 12:00:00",1,T-V-MNSP1,144,-440.7,-453.67,23.17,"2025/05/26 11:55:08"
D,TRADING,INTERCONNECTORRES,2,"2025/05/26 12:00:00",1,V-S-MNSP1,144,115,70.29,0.8,"2025/05/26 11:55:08"
D,TRADING,INTERCONNECTORRES,2,"2025/05/26 12:00:00",1,V-SA,144,253.24,119.46,7.8,"2025/05/26 11:55:08"
D,TRADING,INTERCONNECTORRES,2,"2025/05/26 12:00:00",1,VIC1-NSW1,144,705.83,922.55,70.78,"2025/05/26 11:55:08"
I,TRADING,PRICE,3,SETTLEMENTDATE,RUNNO,REGIONID,PERIODID,RRP,EEP,INVALIDFLAG,LASTCHANGED,ROP,RAISE6SECRRP,RAISE6SECROP,RAISE60SECRRP,RAISE60SECROP,RAISE5MINRRP,RAISE5MINROP,RAISEREGRRP,RAISEREGROP,LOWER6SECRRP,LOWER6SECROP,LOWER60SECRRP,LOWER60SECROP,LOWER5MINRRP,LOWER5MINROP,LOWERREGRRP,LOWERREGROP,RAISE1SECRRP,RAISE1SECROP,LOWER1SECRRP,LOWER1SECROP,PRICE_STATUS
D,TRADING,PRICE,3,"2025/05/26 12:00:00",1,SA1,144,-19.9,0,0,"2025/05/26 11:55:08",-19.9,0.1,0.1,0.01,0.01,0.04,0.04,7.84,7.84,0.37,0.37,1.83,1.83,0,0,0,0,0.3,0.3,0,0,FIRM
D,TRADING,PRICE,3,"2025/05/26 12:00:00",1,NSW1,144,35.88,0,0,"2025/05/26 11:55:08",35.88,0.1,0.1,0.01,0.01,0.04,0.04,7.84,7.84,0.37,0.37,1.83,1.83,0,0,0,0,0.3,0.3,0,0,FIRM
D,TRADING,PRICE,3,"2025/05/26 12:00:00",1,QLD1,144,31.32,0,0,"2025/05/26 11:55:08",31.32,0.1,0.1,0.01,0.01,0.04,0.04,7.84,7.84,0.37,0.37,1.83,1.83,0,0,0,0,0.3,0.3,0,0,FIRM
D,TRADING,PRICE,3,"2025/05/26 12:00:00",1,TAS1,144,21.92,0,0,"2025/05/26 11:55:08",21.92,4.61,4.61,5.85,5.85,0.36,0.36,8.8,8.8,0.37,0.37,0.38,0.38,0,0,2.55,2.55,0.3,0.3,0,0,FIRM
D,TRADING,PRICE,3,"2025/05/26 12:00:00",1,VIC1,144,-20.19,0,0,"2025/05/26 11:55:08",-20.19,0.1,0.1,0.01,0.01,0.04,0.04,7.84,7.84,0.37,0.37,1.83,1.83,0,0,0,0,0.3,0.3,0,0,FIRM
C,"END OF REPORT",15
