C,NEMP.WORLD,TRADINGIS,AEMO,PUBLIC,2025/05/27,23:10:11,0000000465163839,TRADINGIS,0000000465163838
I,TRADING,INTERCONNECTORRES,2,SETTLEMENTDATE,RUNNO,INTERCONNECTORID,PERIODID,METEREDMWFLOW,MWFLOW,MWLOSSES,LASTCHANGED
D,TRADING,INTERCONNECTORRES,2,"2025/05/27 23:15:00",1,N-Q-MNSP1,279,0.6,0,0,"2025/05/27 23:10:03"
D,TRADING,INTERCONNECTORRES,2,"2025/05/27 23:15:00",1,NSW1-QLD1,279,100,77.87,2.21,"2025/05/27 23:10:03"
D,TRADING,INTERCONNECTORRES,2,"2025/05/27 23:15:00",1,T-V-MNSP1,279,-458.4,-475.48,25.36,"2025/05/27 23:10:03"
D,TRADING,INTERCONNECTORRES,2,"2025/05/27 23:15:00",1,V-S-MNSP1,279,139,118.31,8.18,"2025/05/27 23:10:03"
D,TRADING,INTERCONNECTORRES,2,"2025/05/27 23:15:00",1,V-SA,279,558.08,571.13,39.37,"2025/05/27 23:10:03"
D,TRADING,INTERCONNECTORRES,2,"2025/05/27 23:15:00",1,VIC1-NSW1,279,494.6,520.12,35.36,"2025/05/27 23:10:03"
I,TRADING,PRICE,3,SETTLEMENTDATE,RUNNO,REGIONID,PERIODID,RRP,EEP,INVALIDFLAG,LASTCHANGED,ROP,RAISE6SECRRP,RAISE6SECROP,RAISE60SECRRP,RAISE60SECROP,RAISE5MINRRP,RAISE5MINROP,RAISEREGRRP,RAISEREGROP,LOWER6SECRRP,LOWER6SECROP,LOWER60SECRRP,LOWER60SECROP,LOWER5MINRRP,LOWER5MINROP,LOWERREGRRP,LOWERREGROP,RAISE1SECRRP,RAISE1SECROP,LOWER1SECRRP,LOWER1SECROP,PRICE_STATUS
D,TRADING,PRICE,3,"2025/05/27 23:15:00",1,SA1,279,70.76,0,0,"2025/05/27 23:10:03",70.76,0.1,0.1,0.1,0.1,0.1,0.1,1,1,0.01,0.01,0.38,0.38,0.01,0.01,3.49,3.49,0.04,0.04,0,0,FIRM
D,TRADING,PRICE,3,"2025/05/27 23:15:00",1,NSW1,279,73.13,0,0,"2025/05/27 23:10:03",73.13,0.1,0.1,0.1,0.1,0.1,0.1,1,1,0.01,0.01,0.38,0.38,0.01,0.01,3.49,3.49,0.04,0.04,0,0,FIRM
D,TRADING,PRICE,3,"2025/05/27 23:15:00",1,QLD1,279,75.63,0,0,"2025/05/27 23:10:03",75.63,0.1,0.1,0.1,0.1,0.1,0.1,1,1,0.01,0.01,0.38,0.38,0.01,0.01,3.49,3.49,0.04,0.04,0,0,FIRM
D,TRADING,PRICE,3,"2025/05/27 23:15:00",1,TAS1,279,100.24,0,0,"2025/05/27 23:10:03",100.24,0.38,0.38,0.38,0.38,0.36,0.36,8.4,8.4,0.01,0.01,0.38,0.38,0,0,3.48,3.48,0.04,0.04,0,0,FIRM
D,TRADING,PRICE,3,"2025/05/27 23:15:00",1,VIC1,279,57.31,0,0,"2025/05/27 23:10:03",57.31,0.1,0.1,0.1,0.1,0.1,0.1,1,1,0.01,0.01,0.38,0.38,0.01,0.01,3.49,3.49,0.04,0.04,0,0,FIRM
C,"END OF REPORT",15
