C,NEMP.WORLD,TRADINGIS,AEMO,PUBLIC,2025/05/28,12:35:14,0000000465244539,TRADINGIS,0000000465244538
I,TRADING,INTERCONNECTORRES,2,SETTLEMENTDATE,RUNNO,INTERCONNECTORID,PERIODID,METEREDMWFLOW,MWFLOW,MWLOSSES,LASTCHANGED
D,TRADING,INTERCONNECTORRES,2,"2025/05/28 12:40:00",1,N-Q-MNSP1,152,95,95.77,29.26,"2025/05/28 12:35:07"
D,TRADING,INTERCONNECTORRES,2,"2025/05/28 12:40:00",1,NSW1-QLD1,152,-414.6,-332.14,16.92,"2025/05/28 12:35:07"
D,TRADING,INTERCONNECTORRES,2,"2025/05/28 12:40:00",1,T-V-MNSP1,152,-452.9,-434.01,21.28,"2025/05/28 12:35:07"
D,TRADING,INTERCONNECTORRES,2,"2025/05/28 12:40:00",1,V-S-MNSP1,152,150,150.94,16.37,"2025/05/28 12:35:07"
D,TRADING,INTERCONNECTORRES,2,"2025/05/28 12:40:00",1,V-SA,152,521.31,548.25,25.81,"2025/05/28 12:35:07"
D,TRADING,INTERCONNECTORRES,2,"2025/05/28 12:40:00",1,VIC1-NSW1,152,-103.11,-191.27,-6.08,"2025/05/28 12:35:07"
I,TRADING,PRICE,3,SETTLEMENTDATE,RUNNO,REGIONID,PERIODID,RRP,EEP,INVALIDFLAG,LASTCHANGED,ROP,RAISE6SECRRP,RAISE6SECROP,RAISE60SECRRP,RAISE60SECROP,RAISE5MINRRP,RAISE5MINROP,RAISEREGRRP,RAISEREGROP,LOWER6SECRRP,LOWER6SECROP,LOWER60SECRRP,LOWER60SECROP,LOWER5MINRRP,LOWER5MINROP,LOWERREGRRP,LOWERREGROP,RAISE1SECRRP,RAISE1SECROP,LOWER1SECRRP,LOWER1SECROP,PRICE_STATUS
D,TRADING,PRICE,3,"2025/05/28 12:40:00",1,SA1,152,26.06,0,0,"2025/05/28 12:35:07",26.06,0.23,0.23,0.1,0.1,0.1,0.1,5.46,5.46,0.01,0.01,0.39,0.39,0.38,0.38,1,1,0.04,0.04,0,0,FIRM
D,TRADING,PRICE,3,"2025/05/28 12:40:00",1,NSW1,152,-20.51,0,0,"2025/05/28 12:35:07",-20.51,0.23,0.23,0.1,0.1,0.1,0.1,5.46,5.46,0.01,0.01,0.39,0.39,0.38,0.38,1,1,0.04,0.04,0,0,FIRM
D,TRADING,PRICE,3,"2025/05/28 12:40:00",1,QLD1,152,-24.23,0,0,"2025/05/28 12:35:07",-24.23,0.23,0.23,0.1,0.1,0.1,0.1,5.46,5.46,4.08,4.08,1.84,1.84,0.38,0.38,1,1,0.04,0.04,0,0,FIRM
D,TRADING,PRICE,3,"2025/05/28 12:40:00",1,TAS1,152,35.06,0,0,"2025/05/28 12:35:07",35.06,0.38,0.38,0.38,0.38,0.1,0.1,6.4,6.4,0.01,0.01,0.38,0.38,0,0,2.54,2.54,0.04,0.04,0,0,FIRM
D,TRADING,PRICE,3,"2025/05/28 12:40:00",1,VIC1,152,2.03,0,0,"2025/05/28 12:35:07",2.03,0.23,0.23,0.1,0.1,0.1,0.1,5.46,5.46,0.01,0.01,0.39,0.39,0.38,0.38,1,1,0.04,0.04,0,0,FIRM
C,"END OF REPORT",15
