C,NEMP.WORLD,TRADINGIS,AEMO,PUBLIC,2025/05/26,12:45:17,0000000464947456,TRADINGIS,0000000464947455
I,TRADING,INTERCONNECTORRES,2,SETTLEMENTDATE,RUNNO,INTERCONNECTORID,PERIODID,METEREDMWFLOW,MWFLOW,MWLOSSES,LASTCHANGED
D,TRADING,INTERCONNECTORRES,2,"2025/05/26 12:50:00",1,N-Q-MNSP1,154,-32.3,-12.48,-0.06,"2025/05/26 12:45:08"
D,TRADING,INTERCONNECTORRES,2,"2025/05/26 12:50:00",1,NSW1-QLD1,154,-921.5,-935,76.78,"2025/05/26 12:45:08"
D,TRADING,INTERCONNECTORRES,2,"2025/05/26 12:50:00",1,T-V-MNSP1,154,-402.9,-441.97,22.03,"2025/05/26 12:45:08"
D,TRADING,INTERCONNECTORRES,2,"2025/05/26 12:50:00",1,V-S-MNSP1,154,158,156.7,18.09,"2025/05/26 12:45:08"
D,TRADING,INTERCONNECTORRES,2,"2025/05/26 12:50:00",1,V-SA,154,162.19,250.1,19.77,"2025/05/26 12:45:08"
D,TRADING,INTERCONNECTORRES,2,"2025/05/26 12:50:00",1,VIC1-NSW1,154,498.53,324.47,9.75,"2025/05/26 12:45:08"
I,TRADING,PRICE,3,SETTLEMENTDATE,RUNNO,REGIONID,PERIODID,RRP,EEP,INVALIDFLAG,LASTCHANGED,ROP,RAISE6SECRRP,RAISE6SECROP,RAISE60SECRRP,RAISE60SECROP,RAISE5MINRRP,RAISE5MINROP,RAISEREGRRP,RAISEREGROP,LOWER6SECRRP,LOWER6SECROP,LOWER60SECRRP,LOWER60SECROP,LOWER5MINRRP,LOWER5MINROP,LOWERREGRRP,LOWERREGROP,RAISE1SECRRP,RAISE1SECROP,LOWER1SECRRP,LOWER1SECROP,PRICE_STATUS
D,TRADING,PRICE,3,"2025/05/26 12:50:00",1,SA1,154,-20,0,0,"2025/05/26 12:45:08",-20,0.1,0.1,0.04,0.04,0.04,0.04,9.24,9.24,0.39,0.39,1,1,0.37,0.37,0.37,0.37,0.36,0.36,0,0,FIRM
D,TRADING,PRICE,3,"2025/05/26 12:50:00",1,NSW1,154,93.09,0,0,"2025/05/26 12:45:08",93.09,0.1,0.1,0.04,0.04,0.04,0.04,9.24,9.24,0.39,0.39,1,1,0.37,0.37,0.37,0.37,0.36,0.36,0,0,FIRM
D,TRADING,PRICE,3,"2025/05/26 12:50:00",1,QLD1,154,50.75,0,0,"2025/05/26 12:45:08",50.75,0.1,0.1,0.04,0.04,0.04,0.04,9.24,9.24,0.39,0.39,1,1,0.37,0.37,0.37,0.37,0.36,0.36,0,0,FIRM
D,TRADING,PRICE,3,"2025/05/26 12:50:00",1,TAS1,154,11.25,0,0,"2025/05/26 12:45:08",11.25,0.38,0.38,0.38,0.38,0.36,0.36,8.8,8.8,0.38,0.38,1,1,0,0,2.55,2.55,0.36,0.36,0,0,FIRM
D,TRADING,PRICE,3,"2025/05/26 12:50:00",1,VIC1,154,-27.01,0,0,"2025/05/26 12:45:08",-27.01,0.1,0.1,0.04,0.04,0.04,0.04,9.24,9.24,0.39,0.39,1,1,0.37,0.37,0.37,0.37,0.36,0.36,0,0,FIRM
C,"END OF REPORT",15
