C,NEMP.WORLD,TRADINGIS,AEMO,PUBLIC,2025/05/29,08:45:10,0000000465362482,TRADINGIS,0000000465362481
I,TRADING,INTERCONNECTORRES,2,SETTLEMENTDATE,RUNNO,INTERCONNECTORID,PERIODID,METEREDMWFLOW,MWFLOW,MWLOSSES,LASTCHANGED
D,TRADING,INTERCONNECTORRES,2,"2025/05/29 08:50:00",1,N-Q-MNSP1,106,-11.9,-17,0.07,"2025/05/29 08:45:03"
D,TRADING,INTERCONNECTORRES,2,"2025/05/29 08:50:00",1,NSW1-QLD1,106,-444.5,-404,1.46,"2025/05/29 08:45:03"
D,TRADING,INTERCONNECTORRES,2,"2025/05/29 08:50:00",1,T-V-MNSP1,106,-181.3,-182.68,4.19,"2025/05/29 08:45:03"
D,TRADING,INTERCONNECTORRES,2,"2025/05/29 08:50:00",1,V-S-MNSP1,106,27,27,-1.11,"2025/05/29 08:45:03"
D,TRADING,INTERCONNECTORRES,2,"2025/05/29 08:50:00",1,V-SA,106,-82.64,-46.19,0.48,"2025/05/29 08:45:03"
D,TRADING,INTERCONNECTORRES,2,"2025/05/29 08:50:00",1,VIC1-NSW1,106,-70.02,-27.48,-0.49,"2025/05/29 08:45:03"
I,TRADING,PRICE,3,SETTLEMENTDATE,RUNNO,REGIONID,PERIODID,RRP,EEP,INVALIDFLAG,LASTCHANGED,ROP,RAISE6SECRRP,RAISE6SECROP,RAISE60SECRRP,RAISE60SECROP,RAISE5MINRRP,RAISE5MINROP,RAISEREGRRP,RAISEREGROP,LOWER6SECRRP,LOWER6SECROP,LOWER60SECRRP,LOWER60SECROP,LOWER5MINRRP,LOWER5MINROP,LOWERREGRRP,LOWERREGROP,RAISE1SECRRP,RAISE1SECROP,LOWER1SECRRP,LOWER1SECROP,PRICE_STATUS
D,TRADING,PRICE,3,"2025/05/29 08:50:00",1,SA1,106,144.07,0,0,"2025/05/29 08:45:03",144.07,0.38,0.38,0.24,0.24,0.24,0.24,7.84,7.84,0.03,0.03,0.1,0.1,0.01,0.01,4.94,4.94,0.81,0.81,0,0,FIRM
D,TRADING,PRICE,3,"2025/05/29 08:50:00",1,NSW1,106,148.85,0,0,"2025/05/29 08:45:03",148.85,0.38,0.38,0.24,0.24,0.24,0.24,7.84,7.84,0.03,0.03,0.1,0.1,0.01,0.01,4.94,4.94,0.81,0.81,0,0,FIRM
D,TRADING,PRICE,3,"2025/05/29 08:50:00",1,QLD1,106,142.91,0,0,"2025/05/29 08:45:03",142.91,0.38,0.38,0.24,0.24,0.24,0.24,7.84,7.84,0.03,0.03,0.1,0.1,0.01,0.01,4.94,4.94,0.81,0.81,0,0,FIRM
D,TRADING,PRICE,3,"2025/05/29 08:50:00",1,TAS1,106,150.24,0,0,"2025/05/29 08:45:03",150.24,0.38,0.38,0.38,0.38,0.24,0.24,7.54,7.54,0.03,0.03,0.1,0.1,0.01,0.01,3.46,3.46,0.81,0.81,0,0,FIRM
D,TRADING,PRICE,3,"2025/05/29 08:50:00",1,VIC1,106,146.2,0,0,"2025/05/29 08:45:03",146.2,0.38,0.38,0.24,0.24,0.24,0.24,7.84,7.84,0.03,0.03,0.1,0.1,0.01,0.01,4.94,4.94,0.81,0.81,0,0,FIRM
C,"END OF REPORT",15
