C,NEMP.WORLD,TRADINGIS,AEMO,PUBLIC,2025/05/29,00:25:11,0000000465315246,TRADINGIS,0000000465315245
I,TRADING,INTERCONNECTORRES,2,SETTLEMENTDATE,RUNNO,INTERCONNECTORID,PERIODID,METEREDMWFLOW,MWFLOW,MWLOSSES,LASTCHANGED
D,TRADING,INTERCONNECTORRES,2,"2025/05/29 00:30:00",1,N-Q-MNSP1,6,-15.2,-17,0.07,"2025/05/29 00:25:03"
D,TRADING,INTERCONNECTORRES,2,"2025/05/29 00:30:00",1,NSW1-QLD1,6,-328.9,-286.31,4.88,"2025/05/29 00:25:03"
D,TRADING,INTERCONNECTORRES,2,"2025/05/29 00:30:00",1,T-V-MNSP1,6,-420,-438,21.66,"2025/05/29 00:25:03"
D,TRADING,INTERCONNECTORRES,2,"2025/05/29 00:30:00",1,V-S-MNSP1,6,84,72,0.95,"2025/05/29 00:25:03"
D,TRADING,INTERCONNECTORRES,2,"2025/05/29 00:30:00",1,V-SA,6,511.24,402.3,22.78,"2025/05/29 00:25:03"
D,TRADING,INTERCONNECTORRES,2,"2025/05/29 00:30:00",1,VIC1-NSW1,6,105.68,285.17,13.34,"2025/05/29 00:25:03"
I,TRADING,PRICE,3,SETTLEMENTDATE,RUNNO,REGIONID,PERIODID,RRP,EEP,INVALIDFLAG,LASTCHANGED,ROP,RAISE6SECRRP,RAISE6SECROP,RAISE60SECRRP,RAISE60SECROP,RAISE5MINRRP,RAISE5MINROP,RAISEREGRRP,RAISEREGROP,LOWER6SECRRP,LOWER6SECROP,LOWER60SECRRP,LOWER60SECROP,LOWER5MINRRP,LOWER5MINROP,LOWERREGRRP,LOWERREGROP,RAISE1SECRRP,RAISE1SECROP,LOWER1SECRRP,LOWER1SECROP,PRICE_STATUS
D,TRADING,PRICE,3,"2025/05/29 00:30:00",1,SA1,6,77.72,0,0,"2025/05/29 00:25:03",77.72,0.36,0.36,0.1,0.1,0.1,0.1,5.99,5.99,0.2,0.2,0.38,0.38,0.1,0.1,3.99,3.99,0.38,0.38,0,0,FIRM
D,TRADING,PRICE,3,"2025/05/29 00:30:00",1,NSW1,6,75.75,0,0,"2025/05/29 00:25:03",75.75,0.36,0.36,0.1,0.1,0.1,0.1,5.99,5.99,0.2,0.2,0.38,0.38,0.1,0.1,3.99,3.99,0.38,0.38,0,0,FIRM
D,TRADING,PRICE,3,"2025/05/29 00:30:00",1,QLD1,6,72.75,0,0,"2025/05/29 00:25:03",72.75,0.36,0.36,0.1,0.1,0.1,0.1,5.99,5.99,0.2,0.2,0.38,0.38,0.1,0.1,3.99,3.99,0.38,0.38,0,0,FIRM
D,TRADING,PRICE,3,"2025/05/29 00:30:00",1,TAS1,6,100.24,0,0,"2025/05/29 00:25:03",100.24,0.38,0.38,0.38,0.38,0.38,0.38,8.4,8.4,0.2,0.2,0.38,0.38,0,0,2.48,2.48,0.38,0.38,0,0,FIRM
D,TRADING,PRICE,3,"2025/05/29 00:30:00",1,VIC1,6,70.28,0,0,"2025/05/29 00:25:03",70.28,0.36,0.36,0.1,0.1,0.1,0.1,5.99,5.99,0.2,0.2,0.38,0.38,0.1,0.1,3.99,3.99,0.38,0.38,0,0,FIRM
C,"END OF REPORT",15
