C,NEMP.WORLD,TRADINGIS,AEMO,PUBLIC,2025/05/29,03:20:10,0000000465331786,TRADINGIS,0000000465331785
I,TRADING,INTERCONNECTORRES,2,SETTLEMENTDATE,RUNNO,INTERCONNECTORID,PERIODID,METEREDMWFLOW,MWFLOW,MWLOSSES,LASTCHANGED
D,TRADING,INTERCONNECTORRES,2,"2025/05/29 03:25:00",1,N-Q-MNSP1,41,-16.3,-17,0.07,"2025/05/29 03:20:03"
D,TRADING,INTERCONNECTORRES,2,"2025/05/29 03:25:00",1,NSW1-QLD1,41,-365.1,-370.44,13.08,"2025/05/29 03:20:03"
D,TRADING,INTERCONNECTORRES,2,"2025/05/29 03:25:00",1,T-V-MNSP1,41,-416.9,-438,21.66,"2025/05/29 03:20:03"
D,TRADING,INTERCONNECTORRES,2,"2025/05/29 03:25:00",1,V-S-MNSP1,41,63,68.36,0.62,"2025/05/29 03:20:03"
D,TRADING,INTERCONNECTORRES,2,"2025/05/29 03:25:00",1,V-SA,41,321.52,323,16.12,"2025/05/29 03:20:03"
D,TRADING,INTERCONNECTORRES,2,"2025/05/29 03:25:00",1,VIC1-NSW1,41,401.8,416.73,26.56,"2025/05/29 03:20:03"
I,TRADING,PRICE,3,SETTLEMENTDATE,RUNNO,REGIONID,PERIODID,RRP,EEP,INVALIDFLAG,LASTCHANGED,ROP,RAISE6SECRRP,RAISE6SECROP,RAISE60SECRRP,RAISE60SECROP,RAISE5MINRRP,RAISE5MINROP,RAISEREGRRP,RAISEREGROP,LOWER6SECRRP,LOWER6SECROP,LOWER60SECRRP,LOWER60SECROP,LOWER5MINRRP,LOWER5MINROP,LOWERREGRRP,LOWERREGROP,RAISE1SECRRP,RAISE1SECROP,LOWER1SECRRP,LOWER1SECROP,PRICE_STATUS
D,TRADING,PRICE,3,"2025/05/29 03:25:00",1,SA1,41,76.08,0,0,"2025/05/29 03:20:03",76.08,0.23,0.23,0.1,0.1,0.1,0.1,5.99,5.99,0.38,0.38,0.38,0.38,0.1,0.1,0.72,0.72,0.38,0.38,0,0,FIRM
D,TRADING,PRICE,3,"2025/05/29 03:25:00",1,NSW1,41,76.8,0,0,"2025/05/29 03:20:03",76.8,0.23,0.23,0.1,0.1,0.1,0.1,5.99,5.99,0.38,0.38,0.38,0.38,0.1,0.1,0.72,0.72,0.38,0.38,0,0,FIRM
D,TRADING,PRICE,3,"2025/05/29 03:25:00",1,QLD1,41,71.62,0,0,"2025/05/29 03:20:03",71.62,0.23,0.23,0.1,0.1,0.1,0.1,5.99,5.99,0.38,0.38,0.38,0.38,0.1,0.1,0.72,0.72,0.38,0.38,0,0,FIRM
D,TRADING,PRICE,3,"2025/05/29 03:25:00",1,TAS1,41,100.24,0,0,"2025/05/29 03:20:03",100.24,0.38,0.38,0.38,0.38,0.38,0.38,8.4,8.4,0.38,0.38,0.38,0.38,0,0,2.48,2.48,0.38,0.38,0,0,FIRM
D,TRADING,PRICE,3,"2025/05/29 03:25:00",1,VIC1,41,69.7,0,0,"2025/05/29 03:20:03",69.7,0.23,0.23,0.1,0.1,0.1,0.1,5.99,5.99,0.38,0.38,0.38,0.38,0.1,0.1,0.72,0.72,0.38,0.38,0,0,FIRM
C,"END OF REPORT",15
