C,NEMP.WORLD,TRADINGIS,AEMO,PUBLIC,2025/05/28,09:55:15,0000000465226578,TRADINGIS,0000000465226577
I,TRADING,INTERCONNECTORRES,2,SETTLEMENTDATE,RUNNO,INTERCONNECTORID,PERIODID,METEREDMWFLOW,MWFLOW,MWLOSSES,LASTCHANGED
D,TRADING,INTERCONNECTORRES,2,"2025/05/28 10:00:00",1,N-Q-MNSP1,120,97.3,96.96,29.92,"2025/05/28 09:55:08"
D,TRADING,INTERCONNECTORRES,2,"2025/05/28 10:00:00",1,NSW1-QLD1,120,-379.7,-353.52,14.46,"2025/05/28 09:55:08"
D,TRADING,INTERCONNECTORRES,2,"2025/05/28 10:00:00",1,T-V-MNSP1,120,-435.8,-432.07,21.1,"2025/05/28 09:55:08"
D,TRADING,INTERCONNECTORRES,2,"2025/05/28 10:00:00",1,V-S-MNSP1,120,176,175.57,24.26,"2025/05/28 09:55:08"
D,TRADING,INTERCONNECTORRES,2,"2025/05/28 10:00:00",1,V-SA,120,605.17,606.67,40.92,"2025/05/28 09:55:08"
D,TRADING,INTERCONNECTORRES,2,"2025/05/28 10:00:00",1,VIC1-NSW1,120,-311.01,-304.63,0.41,"2025/05/28 09:55:08"
I,TRADING,PRICE,3,SETTLEMENTDATE,RUNNO,REGIONID,PERIODID,RRP,EEP,INVALIDFLAG,LASTCHANGED,ROP,RAISE6SECRRP,RAISE6SECROP,RAISE60SECRRP,RAISE60SECROP,RAISE5MINRRP,RAISE5MINROP,RAISEREGRRP,RAISEREGROP,LOWER6SECRRP,LOWER6SECROP,LOWER60SECRRP,LOWER60SECROP,LOWER5MINRRP,LOWER5MINROP,LOWERREGRRP,LOWERREGROP,RAISE1SECRRP,RAISE1SECROP,LOWER1SECRRP,LOWER1SECROP,PRICE_STATUS
D,TRADING,PRICE,3,"2025/05/28 10:00:00",1,SA1,120,70.44,0,0,"2025/05/28 09:55:08",70.44,0.23,0.23,0.1,0.1,0.1,0.1,9.55,9.55,0.1,0.1,0.94,0.94,0.38,0.38,3.75,3.75,0.1,0.1,0,0,FIRM
D,TRADING,PRICE,3,"2025/05/28 10:00:00",1,NSW1,120,-18.64,0,0,"2025/05/28 09:55:08",-18.64,0.23,0.23,0.1,0.1,0.1,0.1,9.55,9.55,0.1,0.1,0.94,0.94,0.38,0.38,3.75,3.75,0.1,0.1,0,0,FIRM
D,TRADING,PRICE,3,"2025/05/28 10:00:00",1,QLD1,120,-30.19,0,0,"2025/05/28 09:55:08",-30.19,0.23,0.23,0.1,0.1,0.1,0.1,9.55,9.55,7.89,7.89,6.31,6.31,0.38,0.38,3.75,3.75,0.1,0.1,0,0,FIRM
D,TRADING,PRICE,3,"2025/05/28 10:00:00",1,TAS1,120,100.12,0,0,"2025/05/28 09:55:08",100.12,0.38,0.38,0.38,0.38,0.1,0.1,6.44,6.44,0.1,0.1,0.38,0.38,0.38,0.38,2.48,2.48,0.1,0.1,0,0,FIRM
D,TRADING,PRICE,3,"2025/05/28 10:00:00",1,VIC1,120,36.92,0,0,"2025/05/28 09:55:08",36.92,0.23,0.23,0.1,0.1,0.1,0.1,9.55,9.55,0.1,0.1,0.94,0.94,0.38,0.38,3.75,3.75,0.1,0.1,0,0,FIRM
C,"END OF REPORT",15
