C,NEMP.WORLD,TRADINGIS,AEMO,PUBLIC,2025/05/29,11:00:11,0000000465375404,TRADINGIS,0000000465375403
I,TRADING,INTERCONNECTORRES,2,SETTLEMENTDATE,RUNNO,INTERCONNECTORID,PERIODID,METEREDMWFLOW,MWFLOW,MWLOSSES,LASTCHANGED
D,TRADING,INTERCONNECTORRES,2,"2025/05/29 11:05:00",1,N-Q-MNSP1,133,-18.6,-17,0.07,"2025/05/29 11:00:03"
D,TRADING,INTERCONNECTORRES,2,"2025/05/29 11:05:00",1,NSW1-QLD1,133,-363.8,-357,5.78,"2025/05/29 11:00:03"
D,TRADING,INTERCONNECTORRES,2,"2025/05/29 11:05:00",1,T-V-MNSP1,133,-440.7,-450.61,22.87,"2025/05/29 11:00:03"
D,TRADING,INTERCONNECTORRES,2,"2025/05/29 11:05:00",1,V-S-MNSP1,133,27,27,-1.11,"2025/05/29 11:00:03"
D,TRADING,INTERCONNECTORRES,2,"2025/05/29 11:05:00",1,V-SA,133,35.72,37.71,-0.64,"2025/05/29 11:00:03"
D,TRADING,INTERCONNECTORRES,2,"2025/05/29 11:05:00",1,VIC1-NSW1,133,165.61,158.89,10.93,"2025/05/29 11:00:03"
I,TRADING,PRICE,3,SETTLEMENTDATE,RUNNO,REGIONID,PERIODID,RRP,EEP,INVALIDFLAG,LASTCHANGED,ROP,RAISE6SECRRP,RAISE6SECROP,RAISE60SECRRP,RAISE60SECROP,RAISE5MINRRP,RAISE5MINROP,RAISEREGRRP,RAISEREGROP,LOWER6SECRRP,LOWER6SECROP,LOWER60SECRRP,LOWER60SECROP,LOWER5MINRRP,LOWER5MINROP,LOWERREGRRP,LOWERREGROP,RAISE1SECRRP,RAISE1SECROP,LOWER1SECRRP,LOWER1SECROP,PRICE_STATUS
D,TRADING,PRICE,3,"2025/05/29 11:05:00",1,SA1,133,80.44,0,0,"2025/05/29 11:00:03",80.44,0.37,0.37,0.1,0.1,0.1,0.1,5.99,5.99,0.1,0.1,0.39,0.39,0,0,0,0,0.38,0.38,0,0,FIRM
D,TRADING,PRICE,3,"2025/05/29 11:05:00",1,NSW1,133,88.53,0,0,"2025/05/29 11:00:03",88.53,0.37,0.37,0.1,0.1,0.1,0.1,5.99,5.99,0.1,0.1,0.39,0.39,0,0,0,0,0.38,0.38,0,0,FIRM
D,TRADING,PRICE,3,"2025/05/29 11:05:00",1,QLD1,133,84.45,0,0,"2025/05/29 11:00:03",84.45,0.37,0.37,0.1,0.1,0.1,0.1,5.99,5.99,0.1,0.1,0.39,0.39,0,0,0,0,0.38,0.38,0,0,FIRM
D,TRADING,PRICE,3,"2025/05/29 11:05:00",1,TAS1,133,100.07,0,0,"2025/05/29 11:00:03",100.07,0.38,0.38,0.38,0.38,0.1,0.1,5.54,5.54,0.1,0.1,0.38,0.38,0,0,3.46,3.46,0.38,0.38,0,0,FIRM
D,TRADING,PRICE,3,"2025/05/29 11:05:00",1,VIC1,133,81.39,0,0,"2025/05/29 11:00:03",81.39,0.37,0.37,0.1,0.1,0.1,0.1,5.99,5.99,0.1,0.1,0.39,0.39,0,0,0,0,0.38,0.38,0,0,FIRM
C,"END OF REPORT",15
