C,NEMP.WORLD,TRADINGIS,AEMO,PUBLIC,2025/05/28,19:10:10,0000000465285170,TRADINGIS,0000000465285169
I,TRADING,INTERCONNECTORRES,2,SETTLEMENTDATE,RUNNO,INTERCONNECTORID,PERIODID,METEREDMWFLOW,MWFLOW,MWLOSSES,LASTCHANGED
D,TRADING,INTERCONNECTORRES,2,"2025/05/28 19:15:00",1,N-Q-MNSP1,231,-32.4,-25,0.65,"2025/05/28 19:10:03"
D,TRADING,INTERCONNECTORRES,2,"2025/05/28 19:15:00",1,NSW1-QLD1,231,-1004.2,-928.39,20.84,"2025/05/28 19:10:03"
D,TRADING,INTERCONNECTORRES,2,"2025/05/28 19:15:00",1,T-V-MNSP1,231,81.8,281.8,7.15,"2025/05/28 19:10:03"
D,TRADING,INTERCONNECTORRES,2,"2025/05/28 19:15:00",1,V-S-MNSP1,231,54,54,-0.46,"2025/05/28 19:10:03"
D,TRADING,INTERCONNECTORRES,2,"2025/05/28 19:15:00",1,V-SA,231,218.31,196.93,6.08,"2025/05/28 19:10:03"
D,TRADING,INTERCONNECTORRES,2,"2025/05/28 19:15:00",1,VIC1-NSW1,231,-111.11,-31.55,0.09,"2025/05/28 19:10:03"
I,TRADING,PRICE,3,SETTLEMENTDATE,RUNNO,REGIONID,PERIODID,RRP,EEP,INVALIDFLAG,LASTCHANGED,ROP,RAISE6SECRRP,RAISE6SECROP,RAISE60SECRRP,RAISE60SECROP,RAISE5MINRRP,RAISE5MINROP,RAISEREGRRP,RAISEREGROP,LOWER6SECRRP,LOWER6SECROP,LOWER60SECRRP,LOWER60SECROP,LOWER5MINRRP,LOWER5MINROP,LOWERREGRRP,LOWERREGROP,RAISE1SECRRP,RAISE1SECROP,LOWER1SECRRP,LOWER1SECROP,PRICE_STATUS
D,TRADING,PRICE,3,"2025/05/28 19:15:00",1,SA1,231,135.76,0,0,"2025/05/28 19:10:03",135.76,0.38,0.38,0.36,0.36,0.09,0.09,0.09,0.09,0.14,0.14,0.38,0.38,0,0,0,0,0.36,0.36,0,0,FIRM
D,TRADING,PRICE,3,"2025/05/28 19:15:00",1,NSW1,231,128.43,0,0,"2025/05/28 19:10:03",128.43,0.38,0.38,0.36,0.36,0.09,0.09,0.09,0.09,0.14,0.14,0.38,0.38,0,0,0,0,0.36,0.36,0,0,FIRM
D,TRADING,PRICE,3,"2025/05/28 19:15:00",1,QLD1,231,115.6,0,0,"2025/05/28 19:10:03",115.6,0.38,0.38,0.36,0.36,0.09,0.09,0.09,0.09,0.14,0.14,0.38,0.38,0,0,0,0,0.36,0.36,0,0,FIRM
D,TRADING,PRICE,3,"2025/05/28 19:15:00",1,TAS1,231,100.24,0,0,"2025/05/28 19:10:03",100.24,0.38,0.38,0.36,0.36,0.09,0.09,6.5,6.5,0.14,0.14,0.38,0.38,0,0,2.48,2.48,0.36,0.36,0,0,FIRM
D,TRADING,PRICE,3,"2025/05/28 19:15:00",1,VIC1,231,128.79,0,0,"2025/05/28 19:10:03",128.79,0.38,0.38,0.36,0.36,0.09,0.09,0.09,0.09,0.14,0.14,0.38,0.38,0,0,0,0,0.36,0.36,0,0,FIRM
C,"END OF REPORT",15
