C,NEMP.WORLD,TRADINGIS,AEMO,PUBLIC,2025/05/29,10:35:10,0000000465372963,TRADINGIS,0000000465372962
I,TRADING,INTERCONNECTORRES,2,SETTLEMENTDATE,RUNNO,INTERCONNECTORID,PERIODID,METEREDMWFLOW,MWFLOW,MWLOSSES,LASTCHANGED
D,TRADING,INTERCONNECTORRES,2,"2025/05/29 10:40:00",1,N-Q-MNSP1,128,-20.2,-25,0.65,"2025/05/29 10:35:03"
D,TRADING,INTERCONNECTORRES,2,"2025/05/29 10:40:00",1,NSW1-QLD1,128,-500.7,-497.27,15.7,"2025/05/29 10:35:03"
D,TRADING,INTERCONNECTORRES,2,"2025/05/29 10:40:00",1,T-V-MNSP1,128,-467.6,-469.62,24.76,"2025/05/29 10:35:03"
D,TRADING,INTERCONNECTORRES,2,"2025/05/29 10:40:00",1,V-S-MNSP1,128,27,27,-1.11,"2025/05/29 10:35:03"
D,TRADING,INTERCONNECTORRES,2,"2025/05/29 10:40:00",1,V-SA,128,57.69,40.85,-0.43,"2025/05/29 10:35:03"
D,TRADING,INTERCONNECTORRES,2,"2025/05/29 10:40:00",1,VIC1-NSW1,128,-128.5,-46.24,-1.98,"2025/05/29 10:35:03"
I,TRADING,PRICE,3,SETTLEMENTDATE,RUNNO,REGIONID,PERIODID,RRP,EEP,INVALIDFLAG,LASTCHANGED,ROP,RAISE6SECRRP,RAISE6SECROP,RAISE60SECRRP,RAISE60SECROP,RAISE5MINRRP,RAISE5MINROP,RAISEREGRRP,RAISEREGROP,LOWER6SECRRP,LOWER6SECROP,LOWER60SECRRP,LOWER60SECROP,LOWER5MINRRP,LOWER5MINROP,LOWERREGRRP,LOWERREGROP,RAISE1SECRRP,RAISE1SECROP,LOWER1SECRRP,LOWER1SECROP,PRICE_STATUS
D,TRADING,PRICE,3,"2025/05/29 10:40:00",1,SA1,128,89.47,0,0,"2025/05/29 10:35:03",89.47,0.37,0.37,0.1,0.1,0.15,0.15,9.89,9.89,0,0,0,0,0.01,0.01,3.75,3.75,0.81,0.81,0,0,FIRM
D,TRADING,PRICE,3,"2025/05/29 10:40:00",1,NSW1,128,93.24,0,0,"2025/05/29 10:35:03",93.24,0.37,0.37,0.1,0.1,0.15,0.15,9.89,9.89,0,0,0,0,0.01,0.01,3.75,3.75,0.81,0.81,0,0,FIRM
D,TRADING,PRICE,3,"2025/05/29 10:40:00",1,QLD1,128,75.63,0,0,"2025/05/29 10:35:03",75.63,0.37,0.37,0.1,0.1,0.15,0.15,9.89,9.89,5.57,5.57,4.87,4.87,0.38,0.38,4.12,4.12,0.81,0.81,0,0,FIRM
D,TRADING,PRICE,3,"2025/05/29 10:40:00",1,TAS1,128,150.07,0,0,"2025/05/29 10:35:03",150.07,0.38,0.38,0.38,0.38,0.36,0.36,7.54,7.54,0,0,0,0,0,0,2.46,2.46,0.81,0.81,0,0,FIRM
D,TRADING,PRICE,3,"2025/05/29 10:40:00",1,VIC1,128,89.97,0,0,"2025/05/29 10:35:03",89.97,0.37,0.37,0.1,0.1,0.15,0.15,9.89,9.89,0,0,0,0,0.01,0.01,3.75,3.75,0.81,0.81,0,0,FIRM
C,"END OF REPORT",15
