C,NEMP.WORLD,TRADINGIS,AEMO,PUBLIC,2025/05/29,02:20:10,0000000465326236,TRADINGIS,0000000465326235
I,TRADING,INTERCONNECTORRES,2,SETTLEMENTDATE,RUNNO,INTERCONNECTORID,PERIODID,METEREDMWFLOW,MWFLOW,MWLOSSES,LASTCHANGED
D,TRADING,INTERCONNECTORRES,2,"2025/05/29 02:25:00",1,N-Q-MNSP1,29,-16,-17,0.07,"2025/05/29 02:20:03"
D,TRADING,INTERCONNECTORRES,2,"2025/05/29 02:25:00",1,NSW1-QLD1,29,-390.3,-338.9,10.07,"2025/05/29 02:20:03"
D,TRADING,INTERCONNECTORRES,2,"2025/05/29 02:25:00",1,T-V-MNSP1,29,-419.4,-438,21.66,"2025/05/29 02:20:03"
D,TRADING,INTERCONNECTORRES,2,"2025/05/29 02:25:00",1,V-S-MNSP1,29,72,72,0.95,"2025/05/29 02:20:03"
D,TRADING,INTERCONNECTORRES,2,"2025/05/29 02:25:00",1,V-SA,29,385.41,362.15,20.29,"2025/05/29 02:20:03"
D,TRADING,INTERCONNECTORRES,2,"2025/05/29 02:25:00",1,VIC1-NSW1,29,486.95,498.77,34.3,"2025/05/29 02:20:03"
I,TRADING,PRICE,3,SETTLEMENTDATE,RUNNO,REGIONID,PERIODID,RRP,EEP,INVALIDFLAG,LASTCHANGED,ROP,RAISE6SECRRP,RAISE6SECROP,RAISE60SECRRP,RAISE60SECROP,RAISE5MINRRP,RAISE5MINROP,RAISEREGRRP,RAISEREGROP,LOWER6SECRRP,LOWER6SECROP,LOWER60SECRRP,LOWER60SECROP,LOWER5MINRRP,LOWER5MINROP,LOWERREGRRP,LOWERREGROP,RAISE1SECRRP,RAISE1SECROP,LOWER1SECRRP,LOWER1SECROP,PRICE_STATUS
D,TRADING,PRICE,3,"2025/05/29 02:25:00",1,SA1,29,75.71,0,0,"2025/05/29 02:20:03",75.71,0.37,0.37,0.1,0.1,0.1,0.1,5.99,5.99,0.38,0.38,0.38,0.38,0.07,0.07,0.07,0.07,0.81,0.81,0,0,FIRM
D,TRADING,PRICE,3,"2025/05/29 02:25:00",1,NSW1,29,76.8,0,0,"2025/05/29 02:20:03",76.8,0.37,0.37,0.1,0.1,0.1,0.1,5.99,5.99,0.38,0.38,0.38,0.38,0.07,0.07,0.07,0.07,0.81,0.81,0,0,FIRM
D,TRADING,PRICE,3,"2025/05/29 02:25:00",1,QLD1,29,72.27,0,0,"2025/05/29 02:20:03",72.27,0.37,0.37,0.1,0.1,0.1,0.1,5.99,5.99,0.38,0.38,0.38,0.38,0.07,0.07,0.07,0.07,0.81,0.81,0,0,FIRM
D,TRADING,PRICE,3,"2025/05/29 02:25:00",1,TAS1,29,100.24,0,0,"2025/05/29 02:20:03",100.24,0.38,0.38,0.38,0.38,0.38,0.38,8.4,8.4,0.38,0.38,0.38,0.38,0,0,2.48,2.48,0.81,0.81,0,0,FIRM
D,TRADING,PRICE,3,"2025/05/29 02:25:00",1,VIC1,29,68.72,0,0,"2025/05/29 02:20:03",68.72,0.37,0.37,0.1,0.1,0.1,0.1,5.99,5.99,0.38,0.38,0.38,0.38,0.07,0.07,0.07,0.07,0.81,0.81,0,0,FIRM
C,"END OF REPORT",15
