C,NEMP.WORLD,TRADINGIS,AEMO,PUBLIC,2025/05/29,20:50:11,0000000465438563,TRADINGIS,0000000465438562
I,TRADING,INTERCONNECTORRES,2,SETTLEMENTDATE,RUNNO,INTERCONNECTORID,PERIODID,METEREDMWFLOW,MWFLOW,MWLOSSES,LASTCHANGED
D,TRADING,INTERCONNECTORRES,2,"2025/05/29 20:55:00",1,N-Q-MNSP1,251,-8.4,-9,-0.16,"2025/05/29 20:50:04"
D,TRADING,INTERCONNECTORRES,2,"2025/05/29 20:55:00",1,NSW1-QLD1,251,-357.4,-353.48,-7.02,"2025/05/29 20:50:04"
D,TRADING,INTERCONNECTORRES,2,"2025/05/29 20:55:00",1,T-V-MNSP1,251,-269.8,-282.2,9.39,"2025/05/29 20:50:04"
D,TRADING,INTERCONNECTORRES,2,"2025/05/29 20:55:00",1,V-S-MNSP1,251,18,18,-0.93,"2025/05/29 20:50:04"
D,TRADING,INTERCONNECTORRES,2,"2025/05/29 20:55:00",1,V-SA,251,-157.39,-154.57,1.32,"2025/05/29 20:50:04"
D,TRADING,INTERCONNECTORRES,2,"2025/05/29 20:55:00",1,VIC1-NSW1,251,17.24,24.93,0.2,"2025/05/29 20:50:04"
I,TRADING,PRICE,3,SETTLEMENTDATE,RUNNO,REGIONID,PERIODID,RRP,EEP,INVALIDFLAG,LASTCHANGED,ROP,RAISE6SECRRP,RAISE6SECROP,RAISE60SECRRP,RAISE60SECROP,RAISE5MINRRP,RAISE5MINROP,RAISEREGRRP,RAISEREGROP,LOWER6SECRRP,LOWER6SECROP,LOWER60SECRRP,LOWER60SECROP,LOWER5MINRRP,LOWER5MINROP,LOWERREGRRP,LOWERREGROP,RAISE1SECRRP,RAISE1SECROP,LOWER1SECRRP,LOWER1SECROP,PRICE_STATUS
D,TRADING,PRICE,3,"2025/05/29 20:55:00",1,SA1,251,129.82,0,0,"2025/05/29 20:50:04",129.82,0.38,0.38,0.15,0.15,0.15,0.15,5.99,5.99,0.1,0.1,0.38,0.38,0.38,0.38,12,12,0.04,0.04,0,0,FIRM
D,TRADING,PRICE,3,"2025/05/29 20:55:00",1,NSW1,251,201.89,0,0,"2025/05/29 20:50:04",201.89,0.38,0.38,0.15,0.15,0.15,0.15,5.99,5.99,0.1,0.1,0.38,0.38,0.38,0.38,12,12,0.04,0.04,0,0,FIRM
D,TRADING,PRICE,3,"2025/05/29 20:55:00",1,QLD1,251,200,0,0,"2025/05/29 20:50:04",200,0.38,0.38,0.15,0.15,0.15,0.15,5.99,5.99,0.1,0.1,0.38,0.38,0.38,0.38,12,12,0.04,0.04,0,0,FIRM
D,TRADING,PRICE,3,"2025/05/29 20:55:00",1,TAS1,251,139.69,0,0,"2025/05/29 20:50:04",139.69,0.38,0.38,0.38,0.38,0.15,0.15,7.54,7.54,0.1,0.1,0.38,0.38,0.38,0.38,3.46,3.46,0.04,0.04,0,0,FIRM
D,TRADING,PRICE,3,"2025/05/29 20:55:00",1,VIC1,251,133.51,0,0,"2025/05/29 20:50:04",133.51,0.38,0.38,0.15,0.15,0.15,0.15,5.99,5.99,0.1,0.1,0.38,0.38,0.38,0.38,12,12,0.04,0.04,0,0,FIRM
C,"END OF REPORT",15
