C,NEMP.WORLD,TRADINGIS,AEMO,PUBLIC,2025/05/29,10:30:11,0000000465372404,TRADINGIS,0000000465372403
I,TRADING,INTERCONNECTORRES,2,SETTLEMENTDATE,RUNNO,INTERCONNECTORID,PERIODID,METEREDMWFLOW,MWFLOW,MWLOSSES,LASTCHANGED
D,TRADING,INTERCONNECTORRES,2,"2025/05/29 10:35:00",1,N-Q-MNSP1,127,-15.7,-18.91,0.21,"2025/05/29 10:30:03"
D,TRADING,INTERCONNECTORRES,2,"2025/05/29 10:35:00",1,NSW1-QLD1,127,-496.4,-493,14.6,"2025/05/29 10:30:03"
D,TRADING,INTERCONNECTORRES,2,"2025/05/29 10:35:00",1,T-V-MNSP1,127,-469.4,-471.35,24.94,"2025/05/29 10:30:03"
D,TRADING,INTERCONNECTORRES,2,"2025/05/29 10:35:00",1,V-S-MNSP1,127,36,27.86,-1.11,"2025/05/29 10:30:03"
D,TRADING,INTERCONNECTORRES,2,"2025/05/29 10:35:00",1,V-SA,127,88.66,68,-0.45,"2025/05/29 10:30:03"
D,TRADING,INTERCONNECTORRES,2,"2025/05/29 10:35:00",1,VIC1-NSW1,127,-165.14,-142.32,-4.68,"2025/05/29 10:30:03"
I,TRADING,PRICE,3,SETTLEMENTDATE,RUNNO,REGIONID,PERIODID,RRP,EEP,INVALIDFLAG,LASTCHANGED,ROP,RAISE6SECRRP,RAISE6SECROP,RAISE60SECRRP,RAISE60SECROP,RAISE5MINRRP,RAISE5MINROP,RAISEREGRRP,RAISEREGROP,LOWER6SECRRP,LOWER6SECROP,LOWER60SECRRP,LOWER60SECROP,LOWER5MINRRP,LOWER5MINROP,LOWERREGRRP,LOWERREGROP,RAISE1SECRRP,RAISE1SECROP,LOWER1SECRRP,LOWER1SECROP,PRICE_STATUS
D,TRADING,PRICE,3,"2025/05/29 10:35:00",1,SA1,127,104.61,0,0,"2025/05/29 10:30:03",104.61,0.37,0.37,0.1,0.1,0.24,0.24,9.89,9.89,0,0,0.01,0.01,0.01,0.01,3.33,3.33,0.86,0.86,0,0,FIRM
D,TRADING,PRICE,3,"2025/05/29 10:35:00",1,NSW1,127,106.27,0,0,"2025/05/29 10:30:03",106.27,0.37,0.37,0.1,0.1,0.24,0.24,9.89,9.89,0,0,0.01,0.01,0.01,0.01,3.33,3.33,0.86,0.86,0,0,FIRM
D,TRADING,PRICE,3,"2025/05/29 10:35:00",1,QLD1,127,84.45,0,0,"2025/05/29 10:30:03",84.45,0.37,0.37,0.1,0.1,0.24,0.24,9.89,9.89,8.59,8.59,5.62,5.62,0.38,0.38,3.7,3.7,0.86,0.86,0,0,FIRM
D,TRADING,PRICE,3,"2025/05/29 10:35:00",1,TAS1,127,150.07,0,0,"2025/05/29 10:30:03",150.07,0.38,0.38,0.38,0.38,0.36,0.36,6.54,6.54,0,0,0.01,0.01,0,0,2.46,2.46,0.86,0.86,0,0,FIRM
D,TRADING,PRICE,3,"2025/05/29 10:35:00",1,VIC1,127,104.37,0,0,"2025/05/29 10:30:03",104.37,0.37,0.37,0.1,0.1,0.24,0.24,9.89,9.89,0,0,0.01,0.01,0.01,0.01,3.33,3.33,0.86,0.86,0,0,FIRM
C,"END OF REPORT",15
