C,NEMP.WORLD,TRADINGIS,AEMO,PUBLIC,2025/05/27,07:45:11,0000000465064932,TRADINGIS,0000000465064931
I,TRADING,INTERCONNECTORRES,2,SETTLEMENTDATE,RUNNO,INTERCONNECTORID,PERIODID,METEREDMWFLOW,MWFLOW,MWLOSSES,LASTCHANGED
D,TRADING,INTERCONNECTORRES,2,"2025/05/27 07:50:00",1,N-Q-MNSP1,94,-9.8,-9,-0.16,"2025/05/27 07:45:03"
D,TRADING,INTERCONNECTORRES,2,"2025/05/27 07:50:00",1,NSW1-QLD1,94,-192.1,-106.04,-2.03,"2025/05/27 07:45:03"
D,TRADING,INTERCONNECTORRES,2,"2025/05/27 07:50:00",1,T-V-MNSP1,94,-438.3,-417.86,19.79,"2025/05/27 07:45:03"
D,TRADING,INTERCONNECTORRES,2,"2025/05/27 07:50:00",1,V-S-MNSP1,94,-103,-61.94,9.19,"2025/05/27 07:45:03"
D,TRADING,INTERCONNECTORRES,2,"2025/05/27 07:50:00",1,V-SA,94,138.6,174.77,3.65,"2025/05/27 07:45:03"
D,TRADING,INTERCONNECTORRES,2,"2025/05/27 07:50:00",1,VIC1-NSW1,94,872.3,795.86,59.29,"2025/05/27 07:45:03"
I,TRADING,PRICE,3,SETTLEMENTDATE,RUNNO,REGIONID,PERIODID,RRP,EEP,INVALIDFLAG,LASTCHANGED,ROP,RAISE6SECRRP,RAISE6SECROP,RAISE60SECRRP,RAISE60SECROP,RAISE5MINRRP,RAISE5MINROP,RAISEREGRRP,RAISEREGROP,LOWER6SECRRP,LOWER6SECROP,LOWER60SECRRP,LOWER60SECROP,LOWER5MINRRP,LOWER5MINROP,LOWERREGRRP,LOWERREGROP,RAISE1SECRRP,RAISE1SECROP,LOWER1SECRRP,LOWER1SECROP,PRICE_STATUS
D,TRADING,PRICE,3,"2025/05/27 07:50:00",1,SA1,94,72.32,0,0,"2025/05/27 07:45:03",72.32,0.1,0.1,0.01,0.01,0.01,0.01,0.01,0.01,0.01,0.01,0.07,0.07,0.01,0.01,2.08,2.08,0.36,0.36,0,0,FIRM
D,TRADING,PRICE,3,"2025/05/27 07:50:00",1,NSW1,94,79.81,0,0,"2025/05/27 07:45:03",79.81,0.1,0.1,0.01,0.01,0.01,0.01,0.01,0.01,0.01,0.01,0.07,0.07,0.01,0.01,2.08,2.08,0.36,0.36,0,0,FIRM
D,TRADING,PRICE,3,"2025/05/27 07:50:00",1,QLD1,94,84.24,0,0,"2025/05/27 07:45:03",84.24,1.8,1.8,1.8,1.8,0.1,0.1,0.1,0.1,0.01,0.01,0.07,0.07,0.01,0.01,2.08,2.08,0.36,0.36,0,0,FIRM
D,TRADING,PRICE,3,"2025/05/27 07:50:00",1,TAS1,94,75.28,0,0,"2025/05/27 07:45:03",75.28,0.38,0.38,0.38,0.38,0.01,0.01,8.4,8.4,0.01,0.01,0.07,0.07,0.01,0.01,2.48,2.48,0.36,0.36,0,0,FIRM
D,TRADING,PRICE,3,"2025/05/27 07:50:00",1,VIC1,94,69.39,0,0,"2025/05/27 07:45:03",69.39,0.1,0.1,0.01,0.01,0.01,0.01,0.01,0.01,0.01,0.01,0.07,0.07,0.01,0.01,2.08,2.08,0.36,0.36,0,0,FIRM
C,"END OF REPORT",15
