C,NEMP.WORLD,TRADINGIS,AEMO,PUBLIC,2025/05/28,05:25:10,0000000465200523,TRADINGIS,0000000465200522
I,TRADING,INTERCONNECTORRES,2,SETTLEMENTDATE,RUNNO,INTERCONNECTORID,PERIODID,METEREDMWFLOW,MWFLOW,MWLOSSES,LASTCHANGED
D,TRADING,INTERCONNECTORRES,2,"2025/05/28 05:30:00",1,N-Q-MNSP1,66,0.2,0,0,"2025/05/28 05:25:03"
D,TRADING,INTERCONNECTORRES,2,"2025/05/28 05:30:00",1,NSW1-QLD1,66,186.8,191.14,5.23,"2025/05/28 05:25:03"
D,TRADING,INTERCONNECTORRES,2,"2025/05/28 05:30:00",1,T-V-MNSP1,66,-407.2,-438.98,21.75,"2025/05/28 05:25:03"
D,TRADING,INTERCONNECTORRES,2,"2025/05/28 05:30:00",1,V-S-MNSP1,66,162,163.01,20.04,"2025/05/28 05:25:03"
D,TRADING,INTERCONNECTORRES,2,"2025/05/28 05:30:00",1,V-SA,66,605.77,569.2,40.75,"2025/05/28 05:25:03"
D,TRADING,INTERCONNECTORRES,2,"2025/05/28 05:30:00",1,VIC1-NSW1,66,723.35,754.62,71.57,"2025/05/28 05:25:03"
I,TRADING,PRICE,3,SETTLEMENTDATE,RUNNO,REGIONID,PERIODID,RRP,EEP,INVALIDFLAG,LASTCHANGED,ROP,RAISE6SECRRP,RAISE6SECROP,RAISE60SECRRP,RAISE60SECROP,RAISE5MINRRP,RAISE5MINROP,RAISEREGRRP,RAISEREGROP,LOWER6SECRRP,LOWER6SECROP,LOWER60SECRRP,LOWER60SECROP,LOWER5MINRRP,LOWER5MINROP,LOWERREGRRP,LOWERREGROP,RAISE1SECRRP,RAISE1SECROP,LOWER1SECRRP,LOWER1SECROP,PRICE_STATUS
D,TRADING,PRICE,3,"2025/05/28 05:30:00",1,SA1,66,83.44,0,0,"2025/05/28 05:25:03",83.44,0.38,0.38,0.38,0.38,0.32,0.32,9.55,9.55,0.2,0.2,0.38,0.38,0.38,0.38,3.75,3.75,0.38,0.38,0,0,FIRM
D,TRADING,PRICE,3,"2025/05/28 05:30:00",1,NSW1,66,64.89,0,0,"2025/05/28 05:25:03",64.89,0.38,0.38,0.38,0.38,0.32,0.32,9.55,9.55,0.2,0.2,0.38,0.38,0.38,0.38,3.75,3.75,0.38,0.38,0,0,FIRM
D,TRADING,PRICE,3,"2025/05/28 05:30:00",1,QLD1,66,67.98,0,0,"2025/05/28 05:25:03",67.98,0.38,0.38,0.38,0.38,0.32,0.32,9.55,9.55,0.2,0.2,0.38,0.38,0.38,0.38,3.75,3.75,0.38,0.38,0,0,FIRM
D,TRADING,PRICE,3,"2025/05/28 05:30:00",1,TAS1,66,35.1,0,0,"2025/05/28 05:25:03",35.1,0.38,0.38,0.38,0.38,0.32,0.32,7.4,7.4,0.2,0.2,0.38,0.38,0,0,2.48,2.48,0.38,0.38,0,0,FIRM
D,TRADING,PRICE,3,"2025/05/28 05:30:00",1,VIC1,66,25.57,0,0,"2025/05/28 05:25:03",25.57,0.38,0.38,0.38,0.38,0.32,0.32,9.55,9.55,0.2,0.2,0.38,0.38,0.38,0.38,3.75,3.75,0.38,0.38,0,0,FIRM
C,"END OF REPORT",15
