C,NEMP.WORLD,TRADINGIS,AEMO,PUBLIC,2025/05/28,00:05:10,0000000465169132,TRADINGIS,0000000465169131
I,TRADING,INTERCONNECTORRES,2,SETTLEMENTDATE,RUNNO,INTERCONNECTORID,PERIODID,METEREDMWFLOW,MWFLOW,MWLOSSES,LASTCHANGED
D,TRADING,INTERCONNECTORRES,2,"2025/05/28 00:10:00",1,N-Q-MNSP1,2,-1.4,0,0,"2025/05/28 00:05:03"
D,TRADING,INTERCONNECTORRES,2,"2025/05/28 00:10:00",1,NSW1-QLD1,2,16.1,79.85,1.47,"2025/05/28 00:05:03"
D,TRADING,INTERCONNECTORRES,2,"2025/05/28 00:10:00",1,T-V-MNSP1,2,-441.3,-473.85,25.2,"2025/05/28 00:05:03"
D,TRADING,INTERCONNECTORRES,2,"2025/05/28 00:10:00",1,V-S-MNSP1,2,96,129.71,10.75,"2025/05/28 00:05:03"
D,TRADING,INTERCONNECTORRES,2,"2025/05/28 00:10:00",1,V-SA,2,584.21,572.18,44.63,"2025/05/28 00:05:03"
D,TRADING,INTERCONNECTORRES,2,"2025/05/28 00:10:00",1,VIC1-NSW1,2,651.71,681.62,52.97,"2025/05/28 00:05:03"
I,TRADING,PRICE,3,SETTLEMENTDATE,RUNNO,REGIONID,PERIODID,RRP,EEP,INVALIDFLAG,LASTCHANGED,ROP,RAISE6SECRRP,RAISE6SECROP,RAISE60SECRRP,RAISE60SECROP,RAISE5MINRRP,RAISE5MINROP,RAISEREGRRP,RAISEREGROP,LOWER6SECRRP,LOWER6SECROP,LOWER60SECRRP,LOWER60SECROP,LOWER5MINRRP,LOWER5MINROP,LOWERREGRRP,LOWERREGROP,RAISE1SECRRP,RAISE1SECROP,LOWER1SECRRP,LOWER1SECROP,PRICE_STATUS
D,TRADING,PRICE,3,"2025/05/28 00:10:00",1,SA1,2,25.22,0,0,"2025/05/28 00:05:03",25.22,0.01,0.01,0.01,0.01,0.04,0.04,3.38,3.38,0.1,0.1,0.38,0.38,0.2,0.2,3.65,3.65,0.04,0.04,0,0,FIRM
D,TRADING,PRICE,3,"2025/05/28 00:10:00",1,NSW1,2,71.05,0,0,"2025/05/28 00:05:03",71.05,0.01,0.01,0.01,0.01,0.04,0.04,3.38,3.38,0.1,0.1,0.38,0.38,0.2,0.2,3.65,3.65,0.04,0.04,0,0,FIRM
D,TRADING,PRICE,3,"2025/05/28 00:10:00",1,QLD1,2,72.75,0,0,"2025/05/28 00:05:03",72.75,0.01,0.01,0.01,0.01,0.04,0.04,3.38,3.38,0.1,0.1,0.38,0.38,0.2,0.2,3.65,3.65,0.04,0.04,0,0,FIRM
D,TRADING,PRICE,3,"2025/05/28 00:10:00",1,TAS1,2,35.02,0,0,"2025/05/28 00:05:03",35.02,0.38,0.38,0.38,0.38,0.36,0.36,7.4,7.4,0.1,0.1,0.38,0.38,0,0,2.48,2.48,0.04,0.04,0,0,FIRM
D,TRADING,PRICE,3,"2025/05/28 00:10:00",1,VIC1,2,20.02,0,0,"2025/05/28 00:05:03",20.02,0.01,0.01,0.01,0.01,0.04,0.04,3.38,3.38,0.1,0.1,0.38,0.38,0.2,0.2,3.65,3.65,0.04,0.04,0,0,FIRM
C,"END OF REPORT",15
