C,NEMP.WORLD,TRADINGIS,AEMO,PUBLIC,2025/05/29,00:10:11,0000000465313739,TRADINGIS,0000000465313738
I,TRADING,INTERCONNECTORRES,2,SETTLEMENTDATE,RUNNO,INTERCONNECTORID,PERIODID,METEREDMWFLOW,MWFLOW,MWLOSSES,LASTCHANGED
D,TRADING,INTERCONNECTORRES,2,"2025/05/29 00:15:00",1,N-Q-MNSP1,3,-15.4,-17,0.07,"2025/05/29 00:10:03"
D,TRADING,INTERCONNECTORRES,2,"2025/05/29 00:15:00",1,NSW1-QLD1,3,-484.8,-357,7.49,"2025/05/29 00:10:03"
D,TRADING,INTERCONNECTORRES,2,"2025/05/29 00:15:00",1,T-V-MNSP1,3,-401.7,-438,21.66,"2025/05/29 00:10:03"
D,TRADING,INTERCONNECTORRES,2,"2025/05/29 00:15:00",1,V-S-MNSP1,3,81,72,0.95,"2025/05/29 00:10:03"
D,TRADING,INTERCONNECTORRES,2,"2025/05/29 00:15:00",1,V-SA,3,486.25,397.78,22.77,"2025/05/29 00:10:03"
D,TRADING,INTERCONNECTORRES,2,"2025/05/29 00:15:00",1,VIC1-NSW1,3,123.51,321.71,15.81,"2025/05/29 00:10:03"
I,TRADING,PRICE,3,SETTLEMENTDATE,RUNNO,REGIONID,PERIODID,RRP,EEP,INVALIDFLAG,LASTCHANGED,ROP,RAISE6SECRRP,RAISE6SECROP,RAISE60SECRRP,RAISE60SECROP,RAISE5MINRRP,RAISE5MINROP,RAISEREGRRP,RAISEREGROP,LOWER6SECRRP,LOWER6SECROP,LOWER60SECRRP,LOWER60SECROP,LOWER5MINRRP,LOWER5MINROP,LOWERREGRRP,LOWERREGROP,RAISE1SECRRP,RAISE1SECROP,LOWER1SECRRP,LOWER1SECROP,PRICE_STATUS
D,TRADING,PRICE,3,"2025/05/29 00:15:00",1,SA1,3,78.94,0,0,"2025/05/29 00:10:03",78.94,0.23,0.23,0.1,0.1,0.1,0.1,5.99,5.99,0.1,0.1,0.38,0.38,0,0,0,0,0.38,0.38,0,0,FIRM
D,TRADING,PRICE,3,"2025/05/29 00:15:00",1,NSW1,3,76.8,0,0,"2025/05/29 00:10:03",76.8,0.23,0.23,0.1,0.1,0.1,0.1,5.99,5.99,0.1,0.1,0.38,0.38,0,0,0,0,0.38,0.38,0,0,FIRM
D,TRADING,PRICE,3,"2025/05/29 00:15:00",1,QLD1,3,72.75,0,0,"2025/05/29 00:10:03",72.75,0.23,0.23,0.1,0.1,0.1,0.1,5.99,5.99,0.1,0.1,0.38,0.38,0,0,0,0,0.38,0.38,0,0,FIRM
D,TRADING,PRICE,3,"2025/05/29 00:15:00",1,TAS1,3,100.24,0,0,"2025/05/29 00:10:03",100.24,0.38,0.38,0.38,0.38,0.38,0.38,8.4,8.4,0.1,0.1,0.38,0.38,0,0,2.48,2.48,0.38,0.38,0,0,FIRM
D,TRADING,PRICE,3,"2025/05/29 00:15:00",1,VIC1,3,71.31,0,0,"2025/05/29 00:10:03",71.31,0.23,0.23,0.1,0.1,0.1,0.1,5.99,5.99,0.1,0.1,0.38,0.38,0,0,0,0,0.38,0.38,0,0,FIRM
C,"END OF REPORT",15
