C,NEMP.WORLD,TRADINGIS,AEMO,PUBLIC,2025/05/27,03:00:14,0000000465036315,TRADINGIS,0000000465036314
I,TRADING,INTERCONNECTORRES,2,SETTLEMENTDATE,RUNNO,INTERCONNECTORID,PERIODID,METEREDMWFLOW,MWFLOW,MWLOSSES,LASTCHANGED
D,TRADING,INTERCONNECTORRES,2,"2025/05/27 03:05:00",1,N-Q-MNSP1,37,9.6,9,0.6,"2025/05/27 03:00:07"
D,TRADING,INTERCONNECTORRES,2,"2025/05/27 03:05:00",1,NSW1-QLD1,37,466.4,475.66,19.53,"2025/05/27 03:00:07"
D,TRADING,INTERCONNECTORRES,2,"2025/05/27 03:05:00",1,T-V-MNSP1,37,-451.1,-459.49,23.75,"2025/05/27 03:00:07"
D,TRADING,INTERCONNECTORRES,2,"2025/05/27 03:05:00",1,V-S-MNSP1,37,-145,-143.35,35.32,"2025/05/27 03:00:07"
D,TRADING,INTERCONNECTORRES,2,"2025/05/27 03:05:00",1,V-SA,37,-332.53,-315.17,4.67,"2025/05/27 03:00:07"
D,TRADING,INTERCONNECTORRES,2,"2025/05/27 03:05:00",1,VIC1-NSW1,37,916.87,938.08,94.47,"2025/05/27 03:00:07"
I,TRADING,PRICE,3,SETTLEMENTDATE,RUNNO,REGIONID,PERIODID,RRP,EEP,INVALIDFLAG,LASTCHANGED,ROP,RAISE6SECRRP,RAISE6SECROP,RAISE60SECRRP,RAISE60SECROP,RAISE5MINRRP,RAISE5MINROP,RAISEREGRRP,RAISEREGROP,LOWER6SECRRP,LOWER6SECROP,LOWER60SECRRP,LOWER60SECROP,LOWER5MINRRP,LOWER5MINROP,LOWERREGRRP,LOWERREGROP,RAISE1SECRRP,RAISE1SECROP,LOWER1SECRRP,LOWER1SECROP,PRICE_STATUS
D,TRADING,PRICE,3,"2025/05/27 03:05:00",1,SA1,37,-14.48,0,0,"2025/05/27 03:00:07",-14.48,0.1,0.1,0.04,0.04,0.1,0.1,3.38,3.38,0.38,0.38,0.39,0.39,0.38,0.38,3.6,3.6,0.37,0.37,0,0,FIRM
D,TRADING,PRICE,3,"2025/05/27 03:05:00",1,NSW1,37,50.41,0,0,"2025/05/27 03:00:07",50.41,0.1,0.1,0.04,0.04,0.1,0.1,3.38,3.38,0.38,0.38,0.39,0.39,0.38,0.38,3.6,3.6,0.37,0.37,0,0,FIRM
D,TRADING,PRICE,3,"2025/05/27 03:05:00",1,QLD1,37,54.76,0,0,"2025/05/27 03:00:07",54.76,0.1,0.1,0.04,0.04,0.1,0.1,3.38,3.38,0.38,0.38,0.39,0.39,0.38,0.38,3.6,3.6,0.37,0.37,0,0,FIRM
D,TRADING,PRICE,3,"2025/05/27 03:05:00",1,TAS1,37,11.25,0,0,"2025/05/27 03:00:07",11.25,0.38,0.38,0.38,0.38,0.1,0.1,8.8,8.8,0.38,0.38,0.39,0.39,0,0,2.55,2.55,0.37,0.37,0,0,FIRM
D,TRADING,PRICE,3,"2025/05/27 03:05:00",1,VIC1,37,-15.24,0,0,"2025/05/27 03:00:07",-15.24,0.1,0.1,0.04,0.04,0.1,0.1,3.38,3.38,0.38,0.38,0.39,0.39,0.38,0.38,3.6,3.6,0.37,0.37,0,0,FIRM
C,"END OF REPORT",15
