C,NEMP.WORLD,TRADINGIS,AEMO,PUBLIC,2025/05/29,10:15:10,0000000465371066,TRADINGIS,0000000465371065
I,TRADING,INTERCONNECTORRES,2,SETTLEMENTDATE,RUNNO,INTERCONNECTORID,PERIODID,METEREDMWFLOW,MWFLOW,MWLOSSES,LASTCHANGED
D,TRADING,INTERCONNECTORRES,2,"2025/05/29 10:20:00",1,N-Q-MNSP1,124,-16.5,-16.5,0.06,"2025/05/29 10:15:03"
D,TRADING,INTERCONNECTORRES,2,"2025/05/29 10:20:00",1,NSW1-QLD1,124,-454,-398.2,8.02,"2025/05/29 10:15:03"
D,TRADING,INTERCONNECTORRES,2,"2025/05/29 10:20:00",1,T-V-MNSP1,124,-470,-470.33,24.84,"2025/05/29 10:15:03"
D,TRADING,INTERCONNECTORRES,2,"2025/05/29 10:20:00",1,V-S-MNSP1,124,36,36,-1.09,"2025/05/29 10:15:03"
D,TRADING,INTERCONNECTORRES,2,"2025/05/29 10:20:00",1,V-SA,124,149.48,103.26,-0.08,"2025/05/29 10:15:03"
D,TRADING,INTERCONNECTORRES,2,"2025/05/29 10:20:00",1,VIC1-NSW1,124,-316.9,-302.9,-4.85,"2025/05/29 10:15:03"
I,TRADING,PRICE,3,SETTLEMENTDATE,RUNNO,REGIONID,PERIODID,RRP,EEP,INVALIDFLAG,LASTCHANGED,ROP,RAISE6SECRRP,RAISE6SECROP,RAISE60SECRRP,RAISE60SECROP,RAISE5MINRRP,RAISE5MINROP,RAISEREGRRP,RAISEREGROP,LOWER6SECRRP,LOWER6SECROP,LOWER60SECRRP,LOWER60SECROP,LOWER5MINRRP,LOWER5MINROP,LOWERREGRRP,LOWERREGROP,RAISE1SECRRP,RAISE1SECROP,LOWER1SECRRP,LOWER1SECROP,PRICE_STATUS
D,TRADING,PRICE,3,"2025/05/29 10:20:00",1,SA1,124,95.69,0,0,"2025/05/29 10:15:03",95.69,0.23,0.23,0.1,0.1,0.1,0.1,9.89,9.89,0,0,0.1,0.1,0.01,0.01,3.65,3.65,0.86,0.86,0,0,FIRM
D,TRADING,PRICE,3,"2025/05/29 10:20:00",1,NSW1,124,93.66,0,0,"2025/05/29 10:15:03",93.66,0.23,0.23,0.1,0.1,0.1,0.1,9.89,9.89,0,0,0.1,0.1,0.01,0.01,3.65,3.65,0.86,0.86,0,0,FIRM
D,TRADING,PRICE,3,"2025/05/29 10:20:00",1,QLD1,124,87.73,0,0,"2025/05/29 10:15:03",87.73,0.23,0.23,0.1,0.1,0.1,0.1,9.89,9.89,0.38,0.38,0.38,0.38,0.01,0.01,3.65,3.65,0.86,0.86,0,0,FIRM
D,TRADING,PRICE,3,"2025/05/29 10:20:00",1,TAS1,124,150.1,0,0,"2025/05/29 10:15:03",150.1,0.38,0.38,0.38,0.38,0.36,0.36,6.54,6.54,0,0,0.1,0.1,0,0,2.46,2.46,0.86,0.86,0,0,FIRM
D,TRADING,PRICE,3,"2025/05/29 10:20:00",1,VIC1,124,94.48,0,0,"2025/05/29 10:15:03",94.48,0.23,0.23,0.1,0.1,0.1,0.1,9.89,9.89,0,0,0.1,0.1,0.01,0.01,3.65,3.65,0.86,0.86,0,0,FIRM
C,"END OF REPORT",15
