C,NEMP.WORLD,TRADINGIS,AEMO,PUBLIC,2025/05/28,09:45:13,0000000465225550,TRADINGIS,0000000465225549
I,TRADING,INTERCONNECTORRES,2,SETTLEMENTDATE,RUNNO,INTERCONNECTORID,PERIODID,METEREDMWFLOW,MWFLOW,MWLOSSES,LASTCHANGED
D,TRADING,INTERCONNECTORRES,2,"2025/05/28 09:50:00",1,N-Q-MNSP1,118,64.4,96.91,29.89,"2025/05/28 09:45:05"
D,TRADING,INTERCONNECTORRES,2,"2025/05/28 09:50:00",1,NSW1-QLD1,118,-345.9,-366.64,14.43,"2025/05/28 09:45:05"
D,TRADING,INTERCONNECTORRES,2,"2025/05/28 09:50:00",1,T-V-MNSP1,118,-448.1,-418.88,19.88,"2025/05/28 09:45:05"
D,TRADING,INTERCONNECTORRES,2,"2025/05/28 09:50:00",1,V-S-MNSP1,118,82,144.79,14.62,"2025/05/28 09:45:05"
D,TRADING,INTERCONNECTORRES,2,"2025/05/28 09:50:00",1,V-SA,118,591.86,606.17,40.81,"2025/05/28 09:45:05"
D,TRADING,INTERCONNECTORRES,2,"2025/05/28 09:50:00",1,VIC1-NSW1,118,-448.6,-282.46,0.39,"2025/05/28 09:45:05"
I,TRADING,PRICE,3,SETTLEMENTDATE,RUNNO,REGIONID,PERIODID,RRP,EEP,INVALIDFLAG,LASTCHANGED,ROP,RAISE6SECRRP,RAISE6SECROP,RAISE60SECRRP,RAISE60SECROP,RAISE5MINRRP,RAISE5MINROP,RAISEREGRRP,RAISEREGROP,LOWER6SECRRP,LOWER6SECROP,LOWER60SECRRP,LOWER60SECROP,LOWER5MINRRP,LOWER5MINROP,LOWERREGRRP,LOWERREGROP,RAISE1SECRRP,RAISE1SECROP,LOWER1SECRRP,LOWER1SECROP,PRICE_STATUS
D,TRADING,PRICE,3,"2025/05/28 09:50:00",1,SA1,118,83.44,0,0,"2025/05/28 09:45:05",83.44,0.36,0.36,0.1,0.1,0.1,0.1,11.05,11.05,0.1,0.1,0.39,0.39,0.1,0.1,3.7,3.7,0.1,0.1,0,0,FIRM
D,TRADING,PRICE,3,"2025/05/28 09:50:00",1,NSW1,118,-18,0,0,"2025/05/28 09:45:05",-18,0.36,0.36,0.1,0.1,0.1,0.1,11.05,11.05,0.1,0.1,0.39,0.39,0.1,0.1,3.7,3.7,0.1,0.1,0,0,FIRM
D,TRADING,PRICE,3,"2025/05/28 09:50:00",1,QLD1,118,-30.19,0,0,"2025/05/28 09:45:05",-30.19,0.36,0.36,0.1,0.1,0.1,0.1,11.05,11.05,7.89,7.89,6.45,6.45,0.1,0.1,3.7,3.7,0.1,0.1,0,0,FIRM
D,TRADING,PRICE,3,"2025/05/28 09:50:00",1,TAS1,118,100.14,0,0,"2025/05/28 09:45:05",100.14,0.38,0.38,0.38,0.38,0.1,0.1,6.46,6.46,0.1,0.1,0.38,0.38,0.1,0.1,2.48,2.48,0.1,0.1,0,0,FIRM
D,TRADING,PRICE,3,"2025/05/28 09:50:00",1,VIC1,118,63.65,0,0,"2025/05/28 09:45:05",63.65,0.36,0.36,0.1,0.1,0.1,0.1,11.05,11.05,0.1,0.1,0.39,0.39,0.1,0.1,3.7,3.7,0.1,0.1,0,0,FIRM
C,"END OF REPORT",15
