C,NEMP.WORLD,TRADINGIS,AEMO,PUBLIC,2025/05/26,11:35:13,0000000464938637,TRADINGIS,0000000464938636
I,TRADING,INTERCONNECTORRES,2,SETTLEMENTDATE,RUNNO,INTERCONNECTORID,PERIODID,METEREDMWFLOW,MWFLOW,MWLOSSES,LASTCHANGED
D,TRADING,INTERCONNECTORRES,2,"2025/05/26 11:40:00",1,N-Q-MNSP1,140,-34.2,-33,1.59,"2025/05/26 11:35:05"
D,TRADING,INTERCONNECTORRES,2,"2025/05/26 11:40:00",1,NSW1-QLD1,140,-672.5,-784.46,56.33,"2025/05/26 11:35:05"
D,TRADING,INTERCONNECTORRES,2,"2025/05/26 11:40:00",1,T-V-MNSP1,140,-470,-451.99,23.01,"2025/05/26 11:35:05"
D,TRADING,INTERCONNECTORRES,2,"2025/05/26 11:40:00",1,V-S-MNSP1,140,55,135,12.03,"2025/05/26 11:35:05"
D,TRADING,INTERCONNECTORRES,2,"2025/05/26 11:40:00",1,V-SA,140,90.15,230.44,15.69,"2025/05/26 11:35:05"
D,TRADING,INTERCONNECTORRES,2,"2025/05/26 11:40:00",1,VIC1-NSW1,140,1039.63,770.23,55.93,"2025/05/26 11:35:05"
I,TRADING,PRICE,3,SETTLEMENTDATE,RUNNO,REGIONID,PERIODID,RRP,EEP,INVALIDFLAG,LASTCHANGED,ROP,RAISE6SECRRP,RAISE6SECROP,RAISE60SECRRP,RAISE60SECROP,RAISE5MINRRP,RAISE5MINROP,RAISEREGRRP,RAISEREGROP,LOWER6SECRRP,LOWER6SECROP,LOWER60SECRRP,LOWER60SECROP,LOWER5MINRRP,LOWER5MINROP,LOWERREGRRP,LOWERREGROP,RAISE1SECRRP,RAISE1SECROP,LOWER1SECRRP,LOWER1SECROP,PRICE_STATUS
D,TRADING,PRICE,3,"2025/05/26 11:40:00",1,SA1,140,-21.99,0,0,"2025/05/26 11:35:05",-21.99,0.01,0.01,0.01,0.01,0.01,0.01,5,5,0.39,0.39,4.87,4.87,0.39,0.39,1,1,0.04,0.04,0,0,FIRM
D,TRADING,PRICE,3,"2025/05/26 11:40:00",1,NSW1,140,58.64,0,0,"2025/05/26 11:35:05",58.64,0.01,0.01,0.01,0.01,0.01,0.01,5,5,0.39,0.39,4.87,4.87,0.39,0.39,1,1,0.04,0.04,0,0,FIRM
D,TRADING,PRICE,3,"2025/05/26 11:40:00",1,QLD1,140,50.75,0,0,"2025/05/26 11:35:05",50.75,0.01,0.01,0.01,0.01,0.01,0.01,5,5,0.39,0.39,4.87,4.87,0.39,0.39,1,1,0.04,0.04,0,0,FIRM
D,TRADING,PRICE,3,"2025/05/26 11:40:00",1,TAS1,140,34.28,0,0,"2025/05/26 11:35:05",34.28,18.07,18.07,4.61,4.61,0.38,0.38,9.8,9.8,0.38,0.38,0.38,0.38,0,0,2.55,2.55,0.04,0.04,0,0,FIRM
D,TRADING,PRICE,3,"2025/05/26 11:40:00",1,VIC1,140,-20.19,0,0,"2025/05/26 11:35:05",-20.19,0.01,0.01,0.01,0.01,0.01,0.01,5,5,0.39,0.39,4.87,4.87,0.39,0.39,1,1,0.04,0.04,0,0,FIRM
C,"END OF REPORT",15
