C,NEMP.WORLD,TRADINGIS,AEMO,PUBLIC,2025/05/31,16:55:11,0000000465701344,TRADINGIS,0000000465701343
I,TRADING,INTERCONNECTORRES,2,SETTLEMENTDATE,RUNNO,INTERCONNECTORID,PERIODID,METEREDMWFLOW,MWFLOW,MWLOSSES,LASTCHANGED
D,TRADING,INTERCONNECTORRES,2,"2025/05/31 17:00:00",1,N-Q-MNSP1,204,-104.8,-73,11.52,"2025/05/31 16:55:04"
D,TRADING,INTERCONNECTORRES,2,"2025/05/31 17:00:00",1,NSW1-QLD1,204,-1060.5,-1109.51,58.37,"2025/05/31 16:55:04"
D,TRADING,INTERCONNECTORRES,2,"2025/05/31 17:00:00",1,T-V-MNSP1,204,448.1,477.1,21.79,"2025/05/31 16:55:04"
D,TRADING,INTERCONNECTORRES,2,"2025/05/31 17:00:00",1,V-S-MNSP1,204,33,31.72,-1.1,"2025/05/31 16:55:04"
D,TRADING,INTERCONNECTORRES,2,"2025/05/31 17:00:00",1,V-SA,204,174.82,141.03,0.13,"2025/05/31 16:55:04"
D,TRADING,INTERCONNECTORRES,2,"2025/05/31 17:00:00",1,VIC1-NSW1,204,571.59,556.36,46.96,"2025/05/31 16:55:04"
I,TRADING,PRICE,3,SETTLEMENTDATE,RUNNO,REGIONID,PERIODID,RRP,EEP,INVALIDFLAG,LASTCHANGED,ROP,RAISE6SECRRP,RAISE6SECROP,RAISE60SECRRP,RAISE60SECROP,RAISE5MINRRP,RAISE5MINROP,RAISEREGRRP,RAISEREGROP,LOWER6SECRRP,LOWER6SECROP,LOWER60SECRRP,LOWER60SECROP,LOWER5MINRRP,LOWER5MINROP,LOWERREGRRP,LOWERREGROP,RAISE1SECRRP,RAISE1SECROP,LOWER1SECRRP,LOWER1SECROP,PRICE_STATUS
D,TRADING,PRICE,3,"2025/05/31 17:00:00",1,SA1,204,215.45,0,0,"2025/05/31 16:55:04",215.45,0.38,0.38,0.23,0.23,0.01,0.01,0.01,0.01,0.38,0.38,0.38,0.38,0.38,0.38,3.7,3.7,0.36,0.36,0,0,FIRM
D,TRADING,PRICE,3,"2025/05/31 17:00:00",1,NSW1,204,241.16,0,0,"2025/05/31 16:55:04",241.16,0.38,0.38,0.23,0.23,0.01,0.01,0.01,0.01,0.38,0.38,0.38,0.38,0.38,0.38,3.7,3.7,0.36,0.36,0,0,FIRM
D,TRADING,PRICE,3,"2025/05/31 17:00:00",1,QLD1,204,162.45,0,0,"2025/05/31 16:55:04",162.45,0.38,0.38,0.23,0.23,0.01,0.01,0.01,0.01,0.38,0.38,0.38,0.38,0.38,0.38,3.7,3.7,0.36,0.36,0,0,FIRM
D,TRADING,PRICE,3,"2025/05/31 17:00:00",1,TAS1,204,189.02,0,0,"2025/05/31 16:55:04",189.02,0.38,0.38,0.23,0.23,0.01,0.01,53.98,53.98,0.38,0.38,0.38,0.38,0.38,0.38,2.55,2.55,0.36,0.36,0,0,FIRM
D,TRADING,PRICE,3,"2025/05/31 17:00:00",1,VIC1,204,211.65,0,0,"2025/05/31 16:55:04",211.65,0.38,0.38,0.23,0.23,0.01,0.01,0.01,0.01,0.38,0.38,0.38,0.38,0.38,0.38,3.7,3.7,0.36,0.36,0,0,FIRM
C,"END OF REPORT",15
