C,NEMP.WORLD,TRADINGIS,AEMO,PUBLIC,2025/05/28,16:20:10,0000000465267455,TRADINGIS,0000000465267454
I,TRADING,INTERCONNECTORRES,2,SETTLEMENTDATE,RUNNO,INTERCONNECTORID,PERIODID,METEREDMWFLOW,MWFLOW,MWLOSSES,LASTCHANGED
D,TRADING,INTERCONNECTORRES,2,"2025/05/28 16:25:00",1,N-Q-MNSP1,197,-26.6,-25,0.65,"2025/05/28 16:20:03"
D,TRADING,INTERCONNECTORRES,2,"2025/05/28 16:25:00",1,NSW1-QLD1,197,-675.6,-726.1,17.39,"2025/05/28 16:20:03"
D,TRADING,INTERCONNECTORRES,2,"2025/05/28 16:25:00",1,T-V-MNSP1,197,-51.8,-23.38,0.15,"2025/05/28 16:20:03"
D,TRADING,INTERCONNECTORRES,2,"2025/05/28 16:25:00",1,V-S-MNSP1,197,63,63,0.15,"2025/05/28 16:20:03"
D,TRADING,INTERCONNECTORRES,2,"2025/05/28 16:25:00",1,V-SA,197,323.07,401.25,10.51,"2025/05/28 16:20:03"
D,TRADING,INTERCONNECTORRES,2,"2025/05/28 16:25:00",1,VIC1-NSW1,197,226.69,246.33,13.42,"2025/05/28 16:20:03"
I,TRADING,PRICE,3,SETTLEMENTDATE,RUNNO,REGIONID,PERIODID,RRP,EEP,INVALIDFLAG,LASTCHANGED,ROP,RAISE6SECRRP,RAISE6SECROP,RAISE60SECRRP,RAISE60SECROP,RAISE5MINRRP,RAISE5MINROP,RAISEREGRRP,RAISEREGROP,LOWER6SECRRP,LOWER6SECROP,LOWER60SECRRP,LOWER60SECROP,LOWER5MINRRP,LOWER5MINROP,LOWERREGRRP,LOWERREGROP,RAISE1SECRRP,RAISE1SECROP,LOWER1SECRRP,LOWER1SECROP,PRICE_STATUS
D,TRADING,PRICE,3,"2025/05/28 16:25:00",1,SA1,197,162.43,0,0,"2025/05/28 16:20:03",162.43,0.39,0.39,0.38,0.38,0.24,0.24,11.05,11.05,0,0,0.1,0.1,0.1,0.1,3.99,3.99,0.38,0.38,0,0,FIRM
D,TRADING,PRICE,3,"2025/05/28 16:25:00",1,NSW1,197,163.57,0,0,"2025/05/28 16:20:03",163.57,0.39,0.39,0.38,0.38,0.24,0.24,11.05,11.05,0,0,0.1,0.1,0.1,0.1,3.99,3.99,0.38,0.38,0,0,FIRM
D,TRADING,PRICE,3,"2025/05/28 16:25:00",1,QLD1,197,96.83,0,0,"2025/05/28 16:20:03",96.83,0.39,0.39,0.38,0.38,0.24,0.24,11.05,11.05,37.82,37.82,16.68,16.68,0.38,0.38,4.27,4.27,0.38,0.38,0,0,FIRM
D,TRADING,PRICE,3,"2025/05/28 16:25:00",1,TAS1,197,150.24,0,0,"2025/05/28 16:20:03",150.24,0.38,0.38,0.38,0.38,0.38,0.38,8.4,8.4,0.61,0.61,0.38,0.38,0.38,0.38,2.48,2.48,0,0,0,0,FIRM
D,TRADING,PRICE,3,"2025/05/28 16:25:00",1,VIC1,197,151.29,0,0,"2025/05/28 16:20:03",151.29,0.39,0.39,0.38,0.38,0.24,0.24,11.05,11.05,0,0,0.1,0.1,0.1,0.1,3.99,3.99,0.38,0.38,0,0,FIRM
C,"END OF REPORT",15
