C,NEMP.WORLD,TRADINGIS,AEMO,PUBLIC,2025/05/27,22:05:11,0000000465157485,TRADINGIS,0000000465157484
I,TRADING,INTERCONNECTORRES,2,SETTLEMENTDATE,RUNNO,INTERCONNECTORID,PERIODID,METEREDMWFLOW,MWFLOW,MWLOSSES,LASTCHANGED
D,TRADING,INTERCONNECTORRES,2,"2025/05/27 22:10:00",1,N-Q-MNSP1,266,9.2,9,0.6,"2025/05/27 22:05:03"
D,TRADING,INTERCONNECTORRES,2,"2025/05/27 22:10:00",1,NSW1-QLD1,266,335.6,268.79,14.71,"2025/05/27 22:05:03"
D,TRADING,INTERCONNECTORRES,2,"2025/05/27 22:10:00",1,T-V-MNSP1,266,-465.8,-468.67,24.67,"2025/05/27 22:05:03"
D,TRADING,INTERCONNECTORRES,2,"2025/05/27 22:10:00",1,V-S-MNSP1,266,142,144,14.39,"2025/05/27 22:05:03"
D,TRADING,INTERCONNECTORRES,2,"2025/05/27 22:10:00",1,V-SA,266,571.79,571.6,44.31,"2025/05/27 22:05:03"
D,TRADING,INTERCONNECTORRES,2,"2025/05/27 22:10:00",1,VIC1-NSW1,266,128.85,218.42,7.18,"2025/05/27 22:05:03"
I,TRADING,PRICE,3,SETTLEMENTDATE,RUNNO,REGIONID,PERIODID,RRP,EEP,INVALIDFLAG,LASTCHANGED,ROP,RAISE6SECRRP,RAISE6SECROP,RAISE60SECRRP,RAISE60SECROP,RAISE5MINRRP,RAISE5MINROP,RAISEREGRRP,RAISEREGROP,LOWER6SECRRP,LOWER6SECROP,LOWER60SECRRP,LOWER60SECROP,LOWER5MINRRP,LOWER5MINROP,LOWERREGRRP,LOWERREGROP,RAISE1SECRRP,RAISE1SECROP,LOWER1SECRRP,LOWER1SECROP,PRICE_STATUS
D,TRADING,PRICE,3,"2025/05/27 22:10:00",1,SA1,266,80.44,0,0,"2025/05/27 22:05:03",80.44,0.23,0.23,0.1,0.1,0.1,0.1,5.99,5.99,0.01,0.01,0.1,0.1,0.01,0.01,6,6,0.36,0.36,0,0,FIRM
D,TRADING,PRICE,3,"2025/05/27 22:10:00",1,NSW1,266,65.01,0,0,"2025/05/27 22:05:03",65.01,0.23,0.23,0.1,0.1,0.1,0.1,5.99,5.99,0.01,0.01,0.1,0.1,0.01,0.01,6,6,0.36,0.36,0,0,FIRM
D,TRADING,PRICE,3,"2025/05/27 22:10:00",1,QLD1,266,70.33,0,0,"2025/05/27 22:05:03",70.33,0.23,0.23,0.1,0.1,0.1,0.1,5.99,5.99,0.01,0.01,0.1,0.1,0.01,0.01,6,6,0.36,0.36,0,0,FIRM
D,TRADING,PRICE,3,"2025/05/27 22:10:00",1,TAS1,266,100.24,0,0,"2025/05/27 22:05:03",100.24,0.38,0.38,0.38,0.38,0.36,0.36,8.4,8.4,0.01,0.01,0.1,0.1,0,0,2.48,2.48,0.36,0.36,0,0,FIRM
D,TRADING,PRICE,3,"2025/05/27 22:10:00",1,VIC1,266,61.81,0,0,"2025/05/27 22:05:03",61.81,0.23,0.23,0.1,0.1,0.1,0.1,5.99,5.99,0.01,0.01,0.1,0.1,0.01,0.01,6,6,0.36,0.36,0,0,FIRM
C,"END OF REPORT",15
