C,NEMP.WORLD,TRADINGIS,AEMO,PUBLIC,2025/05/28,20:25:11,0000000465292226,TRADINGIS,0000000465292225
I,TRADING,INTERCONNECTORRES,2,SETTLEMENTDATE,RUNNO,INTERCONNECTORID,PERIODID,METEREDMWFLOW,MWFLOW,MWLOSSES,LASTCHANGED
D,TRADING,INTERCONNECTORRES,2,"2025/05/28 20:30:00",1,N-Q-MNSP1,246,-32.9,-33,1.59,"2025/05/28 20:25:03"
D,TRADING,INTERCONNECTORRES,2,"2025/05/28 20:30:00",1,NSW1-QLD1,246,-1170.8,-1056.65,45.49,"2025/05/28 20:25:03"
D,TRADING,INTERCONNECTORRES,2,"2025/05/28 20:30:00",1,T-V-MNSP1,246,-68.9,-25.94,0.17,"2025/05/28 20:25:03"
D,TRADING,INTERCONNECTORRES,2,"2025/05/28 20:30:00",1,V-S-MNSP1,246,54,54,-0.46,"2025/05/28 20:25:03"
D,TRADING,INTERCONNECTORRES,2,"2025/05/28 20:30:00",1,V-SA,246,188.81,210.25,6.94,"2025/05/28 20:25:03"
D,TRADING,INTERCONNECTORRES,2,"2025/05/28 20:30:00",1,VIC1-NSW1,246,83.1,168.24,3.24,"2025/05/28 20:25:03"
I,TRADING,PRICE,3,SETTLEMENTDATE,RUNNO,REGIONID,PERIODID,RRP,EEP,INVALIDFLAG,LASTCHANGED,ROP,RAISE6SECRRP,RAISE6SECROP,RAISE60SECRRP,RAISE60SECROP,RAISE5MINRRP,RAISE5MINROP,RAISEREGRRP,RAISEREGROP,LOWER6SECRRP,LOWER6SECROP,LOWER60SECRRP,LOWER60SECROP,LOWER5MINRRP,LOWER5MINROP,LOWERREGRRP,LOWERREGROP,RAISE1SECRRP,RAISE1SECROP,LOWER1SECRRP,LOWER1SECROP,PRICE_STATUS
D,TRADING,PRICE,3,"2025/05/28 20:30:00",1,SA1,246,129.99,0,0,"2025/05/28 20:25:03",129.99,0.39,0.39,0.39,0.39,0.32,0.32,5.99,5.99,0.1,0.1,0.39,0.39,0.01,0.01,0.01,0.01,0.81,0.81,0,0,FIRM
D,TRADING,PRICE,3,"2025/05/28 20:30:00",1,NSW1,246,126.88,0,0,"2025/05/28 20:25:03",126.88,0.39,0.39,0.39,0.39,0.32,0.32,5.99,5.99,0.1,0.1,0.39,0.39,0.01,0.01,0.01,0.01,0.81,0.81,0,0,FIRM
D,TRADING,PRICE,3,"2025/05/28 20:30:00",1,QLD1,246,110.31,0,0,"2025/05/28 20:25:03",110.31,0.39,0.39,0.39,0.39,0.32,0.32,5.99,5.99,0.1,0.1,0.39,0.39,0.01,0.01,0.01,0.01,0.81,0.81,0,0,FIRM
D,TRADING,PRICE,3,"2025/05/28 20:30:00",1,TAS1,246,121.92,0,0,"2025/05/28 20:25:03",121.92,0.38,0.38,0.38,0.38,0.38,0.38,8.4,8.4,29.6,29.6,0.38,0.38,0.38,0.38,3.48,3.48,0,0,0,0,FIRM
D,TRADING,PRICE,3,"2025/05/28 20:30:00",1,VIC1,246,122.77,0,0,"2025/05/28 20:25:03",122.77,0.39,0.39,0.39,0.39,0.32,0.32,5.99,5.99,0.1,0.1,0.39,0.39,0.01,0.01,0.01,0.01,0.81,0.81,0,0,FIRM
C,"END OF REPORT",15
