C,NEMP.WORLD,TRADINGIS,AEMO,PUBLIC,2025/05/28,17:20:11,0000000465273793,TRADINGIS,0000000465273792
I,TRADING,INTERCONNECTORRES,2,SETTLEMENTDATE,RUNNO,INTERCONNECTORID,PERIODID,METEREDMWFLOW,MWFLOW,MWLOSSES,LASTCHANGED
D,TRADING,INTERCONNECTORRES,2,"2025/05/28 17:25:00",1,N-Q-MNSP1,209,-11.1,-14.8,0.01,"2025/05/28 17:20:04"
D,TRADING,INTERCONNECTORRES,2,"2025/05/28 17:25:00",1,NSW1-QLD1,209,-493.3,-527,-8.54,"2025/05/28 17:20:04"
D,TRADING,INTERCONNECTORRES,2,"2025/05/28 17:25:00",1,T-V-MNSP1,209,373.6,365.66,12.47,"2025/05/28 17:20:04"
D,TRADING,INTERCONNECTORRES,2,"2025/05/28 17:25:00",1,V-S-MNSP1,209,45,45,-0.87,"2025/05/28 17:20:04"
D,TRADING,INTERCONNECTORRES,2,"2025/05/28 17:25:00",1,V-SA,209,100.07,187,2.43,"2025/05/28 17:20:04"
D,TRADING,INTERCONNECTORRES,2,"2025/05/28 17:25:00",1,VIC1-NSW1,209,234.31,0,0,"2025/05/28 17:20:04"
I,TRADING,PRICE,3,SETTLEMENTDATE,RUNNO,REGIONID,PERIODID,RRP,EEP,INVALIDFLAG,LASTCHANGED,ROP,RAISE6SECRRP,RAISE6SECROP,RAISE60SECRRP,RAISE60SECROP,RAISE5MINRRP,RAISE5MINROP,RAISEREGRRP,RAISEREGROP,LOWER6SECRRP,LOWER6SECROP,LOWER60SECRRP,LOWER60SECROP,LOWER5MINRRP,LOWER5MINROP,LOWERREGRRP,LOWERREGROP,RAISE1SECRRP,RAISE1SECROP,LOWER1SECRRP,LOWER1SECROP,PRICE_STATUS
D,TRADING,PRICE,3,"2025/05/28 17:25:00",1,SA1,209,170.44,0,0,"2025/05/28 17:20:04",170.44,0.38,0.38,0.38,0.38,0.32,0.32,3.38,3.38,0.2,0.2,0.38,0.38,0.38,0.38,3.7,3.7,0.04,0.04,0,0,FIRM
D,TRADING,PRICE,3,"2025/05/28 17:25:00",1,NSW1,209,111.3,0,0,"2025/05/28 17:20:04",111.3,0.38,0.38,0.38,0.38,0.32,0.32,3.38,3.38,0.2,0.2,0.38,0.38,0.38,0.38,3.7,3.7,0.04,0.04,0,0,FIRM
D,TRADING,PRICE,3,"2025/05/28 17:25:00",1,QLD1,209,108.12,0,0,"2025/05/28 17:20:04",108.12,0.38,0.38,0.38,0.38,0.32,0.32,3.38,3.38,0.2,0.2,0.38,0.38,0.38,0.38,3.7,3.7,0.04,0.04,0,0,FIRM
D,TRADING,PRICE,3,"2025/05/28 17:25:00",1,TAS1,209,150.24,0,0,"2025/05/28 17:20:04",150.24,0.38,0.38,0.38,0.38,0.32,0.32,7.4,7.4,0.2,0.2,0.38,0.38,0.38,0.38,2.48,2.48,0.04,0.04,0,0,FIRM
D,TRADING,PRICE,3,"2025/05/28 17:25:00",1,VIC1,209,164.91,0,0,"2025/05/28 17:20:04",164.91,0.38,0.38,0.38,0.38,0.32,0.32,3.38,3.38,0.2,0.2,0.38,0.38,0.38,0.38,3.7,3.7,0.04,0.04,0,0,FIRM
C,"END OF REPORT",15
