C,NEMP.WORLD,TRADINGIS,AEMO,PUBLIC,2025/05/28,22:35:10,0000000465304943,TRADINGIS,0000000465304942
I,TRADING,INTERCONNECTORRES,2,SETTLEMENTDATE,RUNNO,INTERCONNECTORID,PERIODID,METEREDMWFLOW,MWFLOW,MWLOSSES,LASTCHANGED
D,TRADING,INTERCONNECTORRES,2,"2025/05/28 22:40:00",1,N-Q-MNSP1,272,-23.1,-17,0.07,"2025/05/28 22:35:03"
D,TRADING,INTERCONNECTORRES,2,"2025/05/28 22:40:00",1,NSW1-QLD1,272,-548.8,-529.35,9.66,"2025/05/28 22:35:03"
D,TRADING,INTERCONNECTORRES,2,"2025/05/28 22:40:00",1,T-V-MNSP1,272,-439.5,-435.05,21.38,"2025/05/28 22:35:03"
D,TRADING,INTERCONNECTORRES,2,"2025/05/28 22:40:00",1,V-S-MNSP1,272,54,54,-0.46,"2025/05/28 22:35:03"
D,TRADING,INTERCONNECTORRES,2,"2025/05/28 22:40:00",1,V-SA,272,190.77,171.2,4.68,"2025/05/28 22:35:03"
D,TRADING,INTERCONNECTORRES,2,"2025/05/28 22:40:00",1,VIC1-NSW1,272,166.49,186.66,6.65,"2025/05/28 22:35:03"
I,TRADING,PRICE,3,SETTLEMENTDATE,RUNNO,REGIONID,PERIODID,RRP,EEP,INVALIDFLAG,LASTCHANGED,ROP,RAISE6SECRRP,RAISE6SECROP,RAISE60SECRRP,RAISE60SECROP,RAISE5MINRRP,RAISE5MINROP,RAISEREGRRP,RAISEREGROP,LOWER6SECRRP,LOWER6SECROP,LOWER60SECRRP,LOWER60SECROP,LOWER5MINRRP,LOWER5MINROP,LOWERREGRRP,LOWERREGROP,RAISE1SECRRP,RAISE1SECROP,LOWER1SECRRP,LOWER1SECROP,PRICE_STATUS
D,TRADING,PRICE,3,"2025/05/28 22:40:00",1,SA1,272,109.52,0,0,"2025/05/28 22:35:03",109.52,0.37,0.37,0.1,0.1,0.1,0.1,9.89,9.89,0.1,0.1,0.38,0.38,0.15,0.15,15,15,0.37,0.37,0,0,FIRM
D,TRADING,PRICE,3,"2025/05/28 22:40:00",1,NSW1,272,109.5,0,0,"2025/05/28 22:35:03",109.5,0.37,0.37,0.1,0.1,0.1,0.1,9.89,9.89,0.1,0.1,0.38,0.38,0.15,0.15,15,15,0.37,0.37,0,0,FIRM
D,TRADING,PRICE,3,"2025/05/28 22:40:00",1,QLD1,272,102.2,0,0,"2025/05/28 22:35:03",102.2,0.37,0.37,0.1,0.1,0.1,0.1,9.89,9.89,0.1,0.1,0.38,0.38,0.15,0.15,15,15,0.37,0.37,0,0,FIRM
D,TRADING,PRICE,3,"2025/05/28 22:40:00",1,TAS1,272,128.07,0,0,"2025/05/28 22:35:03",128.07,0.38,0.38,0.38,0.38,0.36,0.36,8.4,8.4,0.1,0.1,0.38,0.38,0,0,2.48,2.48,0.37,0.37,0,0,FIRM
D,TRADING,PRICE,3,"2025/05/28 22:40:00",1,VIC1,272,104.36,0,0,"2025/05/28 22:35:03",104.36,0.37,0.37,0.1,0.1,0.1,0.1,9.89,9.89,0.1,0.1,0.38,0.38,0.15,0.15,15,15,0.37,0.37,0,0,FIRM
C,"END OF REPORT",15
