C,NEMP.WORLD,TRADINGIS,AEMO,PUBLIC,2025/05/28,12:00:15,0000000465239370,TRADINGIS,0000000465239369
I,TRADING,INTERCONNECTORRES,2,SETTLEMENTDATE,RUNNO,INTERCONNECTORID,PERIODID,METEREDMWFLOW,MWFLOW,MWLOSSES,LASTCHANGED
D,TRADING,INTERCONNECTORRES,2,"2025/05/28 12:05:00",1,N-Q-MNSP1,145,97,96.25,29.53,"2025/05/28 12:00:07"
D,TRADING,INTERCONNECTORRES,2,"2025/05/28 12:05:00",1,NSW1-QLD1,145,-338.8,-365.33,18.95,"2025/05/28 12:00:07"
D,TRADING,INTERCONNECTORRES,2,"2025/05/28 12:05:00",1,T-V-MNSP1,145,-358.9,-408.82,18.98,"2025/05/28 12:00:07"
D,TRADING,INTERCONNECTORRES,2,"2025/05/28 12:05:00",1,V-S-MNSP1,145,158,155.4,17.69,"2025/05/28 12:00:07"
D,TRADING,INTERCONNECTORRES,2,"2025/05/28 12:05:00",1,V-SA,145,627.79,593.16,34.9,"2025/05/28 12:00:07"
D,TRADING,INTERCONNECTORRES,2,"2025/05/28 12:05:00",1,VIC1-NSW1,145,-122.85,-122.07,-3.74,"2025/05/28 12:00:07"
I,TRADING,PRICE,3,SETTLEMENTDATE,RUNNO,REGIONID,PERIODID,RRP,EEP,INVALIDFLAG,LASTCHANGED,ROP,RAISE6SECRRP,RAISE6SECROP,RAISE60SECRRP,RAISE60SECROP,RAISE5MINRRP,RAISE5MINROP,RAISEREGRRP,RAISEREGROP,LOWER6SECRRP,LOWER6SECROP,LOWER60SECRRP,LOWER60SECROP,LOWER5MINRRP,LOWER5MINROP,LOWERREGRRP,LOWERREGROP,RAISE1SECRRP,RAISE1SECROP,LOWER1SECRRP,LOWER1SECROP,PRICE_STATUS
D,TRADING,PRICE,3,"2025/05/28 12:05:00",1,SA1,145,47.36,0,0,"2025/05/28 12:00:07",47.36,0.36,0.36,0.15,0.15,0.24,0.24,5,5,0.01,0.01,0.38,0.38,0.38,0.38,1,1,0.04,0.04,0.01,0.01,FIRM
D,TRADING,PRICE,3,"2025/05/28 12:05:00",1,NSW1,145,-20.51,0,0,"2025/05/28 12:00:07",-20.51,0.36,0.36,0.15,0.15,0.24,0.24,5,5,0.01,0.01,0.38,0.38,0.38,0.38,1,1,0.04,0.04,0.01,0.01,FIRM
D,TRADING,PRICE,3,"2025/05/28 12:05:00",1,QLD1,145,-27.84,0,0,"2025/05/28 12:00:07",-27.84,0.36,0.36,0.15,0.15,0.24,0.24,5,5,7.89,7.89,1.83,1.83,0.38,0.38,1,1,0.04,0.04,0.01,0.01,FIRM
D,TRADING,PRICE,3,"2025/05/28 12:05:00",1,TAS1,145,33.12,0,0,"2025/05/28 12:00:07",33.12,0.38,0.38,0.38,0.38,0.24,0.24,6.4,6.4,0.01,0.01,0.38,0.38,0.38,0.38,4.48,4.48,0.04,0.04,0.01,0.01,FIRM
D,TRADING,PRICE,3,"2025/05/28 12:05:00",1,VIC1,145,8.95,0,0,"2025/05/28 12:00:07",8.95,0.36,0.36,0.15,0.15,0.24,0.24,5,5,0.01,0.01,0.38,0.38,0.38,0.38,1,1,0.04,0.04,0.01,0.01,FIRM
C,"END OF REPORT",15
