C,NEMP.WORLD,TRADINGIS,AEMO,PUBLIC,2025/05/28,22:50:11,0000000465306243,TRADINGIS,0000000465306242
I,TRADING,INTERCONNECTORRES,2,SETTLEMENTDATE,RUNNO,INTERCONNECTORID,PERIODID,METEREDMWFLOW,MWFLOW,MWLOSSES,LASTCHANGED
D,TRADING,INTERCONNECTORRES,2,"2025/05/28 22:55:00",1,N-Q-MNSP1,275,-16.6,-17,0.07,"2025/05/28 22:50:03"
D,TRADING,INTERCONNECTORRES,2,"2025/05/28 22:55:00",1,NSW1-QLD1,275,-397.9,-451.46,6.73,"2025/05/28 22:50:03"
D,TRADING,INTERCONNECTORRES,2,"2025/05/28 22:55:00",1,T-V-MNSP1,275,-435.8,-438,21.66,"2025/05/28 22:50:03"
D,TRADING,INTERCONNECTORRES,2,"2025/05/28 22:55:00",1,V-S-MNSP1,275,45,54,-0.46,"2025/05/28 22:50:03"
D,TRADING,INTERCONNECTORRES,2,"2025/05/28 22:55:00",1,V-SA,275,172.6,228.75,7.52,"2025/05/28 22:50:03"
D,TRADING,INTERCONNECTORRES,2,"2025/05/28 22:55:00",1,VIC1-NSW1,275,315.85,295.12,14.04,"2025/05/28 22:50:03"
I,TRADING,PRICE,3,SETTLEMENTDATE,RUNNO,REGIONID,PERIODID,RRP,EEP,INVALIDFLAG,LASTCHANGED,ROP,RAISE6SECRRP,RAISE6SECROP,RAISE60SECRRP,RAISE60SECROP,RAISE5MINRRP,RAISE5MINROP,RAISEREGRRP,RAISEREGROP,LOWER6SECRRP,LOWER6SECROP,LOWER60SECRRP,LOWER60SECROP,LOWER5MINRRP,LOWER5MINROP,LOWERREGRRP,LOWERREGROP,RAISE1SECRRP,RAISE1SECROP,LOWER1SECRRP,LOWER1SECROP,PRICE_STATUS
D,TRADING,PRICE,3,"2025/05/28 22:55:00",1,SA1,275,105.67,0,0,"2025/05/28 22:50:03",105.67,0.37,0.37,0.1,0.1,0.1,0.1,9.89,9.89,0.1,0.1,0.38,0.38,0.1,0.1,6,6,0.37,0.37,0,0,FIRM
D,TRADING,PRICE,3,"2025/05/28 22:55:00",1,NSW1,275,107.38,0,0,"2025/05/28 22:50:03",107.38,0.37,0.37,0.1,0.1,0.1,0.1,9.89,9.89,0.1,0.1,0.38,0.38,0.1,0.1,6,6,0.37,0.37,0,0,FIRM
D,TRADING,PRICE,3,"2025/05/28 22:55:00",1,QLD1,275,101.73,0,0,"2025/05/28 22:50:03",101.73,0.37,0.37,0.1,0.1,0.1,0.1,9.89,9.89,0.1,0.1,0.38,0.38,0.1,0.1,6,6,0.37,0.37,0,0,FIRM
D,TRADING,PRICE,3,"2025/05/28 22:55:00",1,TAS1,275,150.24,0,0,"2025/05/28 22:50:03",150.24,0.38,0.38,0.38,0.38,0.36,0.36,8.4,8.4,0.1,0.1,0.38,0.38,0,0,2.48,2.48,0.37,0.37,0,0,FIRM
D,TRADING,PRICE,3,"2025/05/28 22:55:00",1,VIC1,275,99.64,0,0,"2025/05/28 22:50:03",99.64,0.37,0.37,0.1,0.1,0.1,0.1,9.89,9.89,0.1,0.1,0.38,0.38,0.1,0.1,6,6,0.37,0.37,0,0,FIRM
C,"END OF REPORT",15
