C,NEMP.WORLD,TRADINGIS,AEMO,PUBLIC,2025/05/26,23:50:10,0000000465017454,TRADINGIS,0000000465017453
I,TRADING,INTERCONNECTORRES,2,SETTLEMENTDATE,RUNNO,INTERCONNECTORID,PERIODID,METEREDMWFLOW,MWFLOW,MWLOSSES,LASTCHANGED
D,TRADING,INTERCONNECTORRES,2,"2025/05/26 23:55:00",1,N-Q-MNSP1,287,9.1,9,0.6,"2025/05/26 23:50:03"
D,TRADING,INTERCONNECTORRES,2,"2025/05/26 23:55:00",1,NSW1-QLD1,287,501.7,470.25,25.96,"2025/05/26 23:50:03"
D,TRADING,INTERCONNECTORRES,2,"2025/05/26 23:55:00",1,T-V-MNSP1,287,-470.6,-455.36,23.34,"2025/05/26 23:50:03"
D,TRADING,INTERCONNECTORRES,2,"2025/05/26 23:55:00",1,V-S-MNSP1,287,-144,-144.37,35.75,"2025/05/26 23:50:03"
D,TRADING,INTERCONNECTORRES,2,"2025/05/26 23:55:00",1,V-SA,287,-346.26,-381.24,10.47,"2025/05/26 23:50:03"
D,TRADING,INTERCONNECTORRES,2,"2025/05/26 23:55:00",1,VIC1-NSW1,287,1070.41,1091.74,118.28,"2025/05/26 23:50:03"
I,TRADING,PRICE,3,SETTLEMENTDATE,RUNNO,REGIONID,PERIODID,RRP,EEP,INVALIDFLAG,LASTCHANGED,ROP,RAISE6SECRRP,RAISE6SECROP,RAISE60SECRRP,RAISE60SECROP,RAISE5MINRRP,RAISE5MINROP,RAISEREGRRP,RAISEREGROP,LOWER6SECRRP,LOWER6SECROP,LOWER60SECRRP,LOWER60SECROP,LOWER5MINRRP,LOWER5MINROP,LOWERREGRRP,LOWERREGROP,RAISE1SECRRP,RAISE1SECROP,LOWER1SECRRP,LOWER1SECROP,PRICE_STATUS
D,TRADING,PRICE,3,"2025/05/26 23:55:00",1,SA1,287,0,0,0,"2025/05/26 23:50:03",0,0.01,0.01,0.01,0.01,0.01,0.01,3.99,3.99,0.38,0.38,1,1,0,0,0,0,0.04,0.04,0,0,FIRM
D,TRADING,PRICE,3,"2025/05/26 23:55:00",1,NSW1,287,49.69,0,0,"2025/05/26 23:50:03",49.69,0.01,0.01,0.01,0.01,0.01,0.01,3.99,3.99,0.38,0.38,1,1,0,0,0,0,0.04,0.04,0,0,FIRM
D,TRADING,PRICE,3,"2025/05/26 23:55:00",1,QLD1,287,54.76,0,0,"2025/05/26 23:50:03",54.76,0.01,0.01,0.01,0.01,0.01,0.01,3.99,3.99,0.38,0.38,1,1,0,0,0,0,0.04,0.04,0,0,FIRM
D,TRADING,PRICE,3,"2025/05/26 23:55:00",1,TAS1,287,11.2,0,0,"2025/05/26 23:50:03",11.2,0.38,0.38,0.38,0.38,0.36,0.36,7.92,7.92,0.38,0.38,0.38,0.38,0,0,1.6,1.6,0.04,0.04,0,0,FIRM
D,TRADING,PRICE,3,"2025/05/26 23:55:00",1,VIC1,287,0,0,0,"2025/05/26 23:50:03",0,0.01,0.01,0.01,0.01,0.01,0.01,3.99,3.99,0.38,0.38,1,1,0,0,0,0,0.04,0.04,0,0,FIRM
C,"END OF REPORT",15
