C,NEMP.WORLD,TRADINGIS,AEMO,PUBLIC,2025/05/26,19:05:19,0000000464988529,TRADINGIS,0000000464988528
I,TRADING,INTERCONNECTORRES,2,SETTLEMENTDATE,RUNNO,INTERCONNECTORID,PERIODID,METEREDMWFLOW,MWFLOW,MWLOSSES,LASTCHANGED
D,TRADING,INTERCONNECTORRES,2,"2025/05/26 19:10:00",1,N-Q-MNSP1,230,9.3,9,0.6,"2025/05/26 19:05:08"
D,TRADING,INTERCONNECTORRES,2,"2025/05/26 19:10:00",1,NSW1-QLD1,230,113.7,160.52,12.56,"2025/05/26 19:05:08"
D,TRADING,INTERCONNECTORRES,2,"2025/05/26 19:10:00",1,T-V-MNSP1,230,-447.4,-456.96,23.5,"2025/05/26 19:05:08"
D,TRADING,INTERCONNECTORRES,2,"2025/05/26 19:10:00",1,V-S-MNSP1,230,178,170.05,22.35,"2025/05/26 19:05:08"
D,TRADING,INTERCONNECTORRES,2,"2025/05/26 19:10:00",1,V-SA,230,129.18,134.02,6.09,"2025/05/26 19:05:08"
D,TRADING,INTERCONNECTORRES,2,"2025/05/26 19:10:00",1,VIC1-NSW1,230,329.09,603.14,22.6,"2025/05/26 19:05:08"
I,TRADING,PRICE,3,SETTLEMENTDATE,RUNNO,REGIONID,PERIODID,RRP,EEP,INVALIDFLAG,LASTCHANGED,ROP,RAISE6SECRRP,RAISE6SECROP,RAISE60SECRRP,RAISE60SECROP,RAISE5MINRRP,RAISE5MINROP,RAISEREGRRP,RAISEREGROP,LOWER6SECRRP,LOWER6SECROP,LOWER60SECRRP,LOWER60SECROP,LOWER5MINRRP,LOWER5MINROP,LOWERREGRRP,LOWERREGROP,RAISE1SECRRP,RAISE1SECROP,LOWER1SECRRP,LOWER1SECROP,PRICE_STATUS
D,TRADING,PRICE,3,"2025/05/26 19:10:00",1,SA1,230,0,0,0,"2025/05/26 19:05:08",0,0.38,0.38,0.38,0.38,0.38,0.38,12,12,0.1,0.1,0.45,0.45,0.15,0.15,3.49,3.49,0.36,0.36,0,0,FIRM
D,TRADING,PRICE,3,"2025/05/26 19:10:00",1,NSW1,230,78.43,0,0,"2025/05/26 19:05:08",78.43,0.38,0.38,0.38,0.38,0.38,0.38,12,12,0.1,0.1,0.45,0.45,0.15,0.15,3.49,3.49,0.36,0.36,0,0,FIRM
D,TRADING,PRICE,3,"2025/05/26 19:10:00",1,QLD1,230,86.1,0,0,"2025/05/26 19:05:08",86.1,0.38,0.38,0.38,0.38,0.38,0.38,12,12,0.1,0.1,0.45,0.45,0.15,0.15,3.49,3.49,0.36,0.36,0,0,FIRM
D,TRADING,PRICE,3,"2025/05/26 19:10:00",1,TAS1,230,55.28,0,0,"2025/05/26 19:05:08",55.28,0.38,0.38,0.38,0.38,0.38,0.38,8.8,8.8,0.1,0.1,0.38,0.38,0,0,2.55,2.55,0.36,0.36,0,0,FIRM
D,TRADING,PRICE,3,"2025/05/26 19:10:00",1,VIC1,230,34.86,0,0,"2025/05/26 19:05:08",34.86,0.38,0.38,0.38,0.38,0.38,0.38,12,12,0.1,0.1,0.45,0.45,0.15,0.15,3.49,3.49,0.36,0.36,0,0,FIRM
C,"END OF REPORT",15
