C,NEMP.WORLD,TRADINGIS,AEMO,PUBLIC,2025/05/26,14:55:16,0000000464961089,TRADINGIS,0000000464961088
I,TRADING,INTERCONNECTORRES,2,SETTLEMENTDATE,RUNNO,INTERCONNECTORID,PERIODID,METEREDMWFLOW,MWFLOW,MWLOSSES,LASTCHANGED
D,TRADING,INTERCONNECTORRES,2,"2025/05/26 15:00:00",1,N-Q-MNSP1,180,-18.9,-25,0.65,"2025/05/26 14:55:09"
D,TRADING,INTERCONNECTORRES,2,"2025/05/26 15:00:00",1,NSW1-QLD1,180,-665.8,-647.23,17.57,"2025/05/26 14:55:09"
D,TRADING,INTERCONNECTORRES,2,"2025/05/26 15:00:00",1,T-V-MNSP1,180,-403.5,-439.35,21.79,"2025/05/26 14:55:09"
D,TRADING,INTERCONNECTORRES,2,"2025/05/26 15:00:00",1,V-S-MNSP1,180,183,182.99,26.91,"2025/05/26 14:55:09"
D,TRADING,INTERCONNECTORRES,2,"2025/05/26 15:00:00",1,V-SA,180,80.64,-398.14,16.3,"2025/05/26 14:55:09"
D,TRADING,INTERCONNECTORRES,2,"2025/05/26 15:00:00",1,VIC1-NSW1,180,435.37,799.75,86.44,"2025/05/26 14:55:09"
I,TRADING,PRICE,3,SETTLEMENTDATE,RUNNO,REGIONID,PERIODID,RRP,EEP,INVALIDFLAG,LASTCHANGED,ROP,RAISE6SECRRP,RAISE6SECROP,RAISE60SECRRP,RAISE60SECROP,RAISE5MINRRP,RAISE5MINROP,RAISEREGRRP,RAISEREGROP,LOWER6SECRRP,LOWER6SECROP,LOWER60SECRRP,LOWER60SECROP,LOWER5MINRRP,LOWER5MINROP,LOWERREGRRP,LOWERREGROP,RAISE1SECRRP,RAISE1SECROP,LOWER1SECRRP,LOWER1SECROP,PRICE_STATUS
D,TRADING,PRICE,3,"2025/05/26 15:00:00",1,SA1,180,-19.9,0,0,"2025/05/26 14:55:09",-19.9,0.1,0.1,0.04,0.04,0.04,0.04,9.24,9.24,0.38,0.38,0.38,0.38,0.38,0.38,2,2,0.04,0.04,0.01,0.01,FIRM
D,TRADING,PRICE,3,"2025/05/26 15:00:00",1,NSW1,180,65.01,0,0,"2025/05/26 14:55:09",65.01,0.1,0.1,0.04,0.04,0.04,0.04,9.24,9.24,0.38,0.38,0.38,0.38,0.38,0.38,2,2,0.04,0.04,0.01,0.01,FIRM
D,TRADING,PRICE,3,"2025/05/26 15:00:00",1,QLD1,180,59.66,0,0,"2025/05/26 14:55:09",59.66,0.1,0.1,0.04,0.04,0.04,0.04,9.24,9.24,0.38,0.38,0.38,0.38,0.38,0.38,2,2,0.04,0.04,0.01,0.01,FIRM
D,TRADING,PRICE,3,"2025/05/26 15:00:00",1,TAS1,180,11.25,0,0,"2025/05/26 14:55:09",11.25,0.38,0.38,0.38,0.38,0.04,0.04,8.8,8.8,0.38,0.38,0.38,0.38,0,0,2.55,2.55,0.04,0.04,0.01,0.01,FIRM
D,TRADING,PRICE,3,"2025/05/26 15:00:00",1,VIC1,180,-21.74,0,0,"2025/05/26 14:55:09",-21.74,0.1,0.1,0.04,0.04,0.04,0.04,9.24,9.24,0.38,0.38,0.38,0.38,0.38,0.38,2,2,0.04,0.04,0.01,0.01,FIRM
C,"END OF REPORT",15
