C,NEMP.WORLD,TRADINGIS,AEMO,PUBLIC,2025/05/28,20:20:10,0000000465291756,TRADINGIS,0000000465291755
I,TRADING,INTERCONNECTORRES,2,SETTLEMENTDATE,RUNNO,INTERCONNECTORID,PERIODID,METEREDMWFLOW,MWFLOW,MWLOSSES,LASTCHANGED
D,TRADING,INTERCONNECTORRES,2,"2025/05/28 20:25:00",1,N-Q-MNSP1,245,-32.7,-33,1.59,"2025/05/28 20:20:02"
D,TRADING,INTERCONNECTORRES,2,"2025/05/28 20:25:00",1,NSW1-QLD1,245,-1116.3,-1117.79,53.04,"2025/05/28 20:20:02"
D,TRADING,INTERCONNECTORRES,2,"2025/05/28 20:25:00",1,T-V-MNSP1,245,-61.6,-26.83,0.18,"2025/05/28 20:20:02"
D,TRADING,INTERCONNECTORRES,2,"2025/05/28 20:25:00",1,V-S-MNSP1,245,48,54,-0.46,"2025/05/28 20:20:02"
D,TRADING,INTERCONNECTORRES,2,"2025/05/28 20:25:00",1,V-SA,245,169.89,170,4.96,"2025/05/28 20:20:02"
D,TRADING,INTERCONNECTORRES,2,"2025/05/28 20:25:00",1,VIC1-NSW1,245,81.26,140.81,2.18,"2025/05/28 20:20:02"
I,TRADING,PRICE,3,SETTLEMENTDATE,RUNNO,REGIONID,PERIODID,RRP,EEP,INVALIDFLAG,LASTCHANGED,ROP,RAISE6SECRRP,RAISE6SECROP,RAISE60SECRRP,RAISE60SECROP,RAISE5MINRRP,RAISE5MINROP,RAISEREGRRP,RAISEREGROP,LOWER6SECRRP,LOWER6SECROP,LOWER60SECRRP,LOWER60SECROP,LOWER5MINRRP,LOWER5MINROP,LOWERREGRRP,LOWERREGROP,RAISE1SECRRP,RAISE1SECROP,LOWER1SECRRP,LOWER1SECROP,PRICE_STATUS
D,TRADING,PRICE,3,"2025/05/28 20:25:00",1,SA1,245,138.04,0,0,"2025/05/28 20:20:02",138.04,0.39,0.39,0.38,0.38,0.32,0.32,5.99,5.99,0.38,0.38,1,1,0.01,0.01,0.01,0.01,0.81,0.81,0,0,FIRM
D,TRADING,PRICE,3,"2025/05/28 20:25:00",1,NSW1,245,134.53,0,0,"2025/05/28 20:20:02",134.53,0.39,0.39,0.38,0.38,0.32,0.32,5.99,5.99,0.38,0.38,1,1,0.01,0.01,0.01,0.01,0.81,0.81,0,0,FIRM
D,TRADING,PRICE,3,"2025/05/28 20:25:00",1,QLD1,245,115.61,0,0,"2025/05/28 20:20:02",115.61,0.39,0.39,0.38,0.38,0.32,0.32,5.99,5.99,0.38,0.38,1,1,0.01,0.01,0.01,0.01,0.81,0.81,0,0,FIRM
D,TRADING,PRICE,3,"2025/05/28 20:25:00",1,TAS1,245,130.8,0,0,"2025/05/28 20:20:02",130.8,5.27,5.27,0.38,0.38,0.38,0.38,8.4,8.4,20.44,20.44,0.38,0.38,0.38,0.38,3.48,3.48,0,0,0,0,FIRM
D,TRADING,PRICE,3,"2025/05/28 20:25:00",1,VIC1,245,131.36,0,0,"2025/05/28 20:20:02",131.36,0.39,0.39,0.38,0.38,0.32,0.32,5.99,5.99,0.38,0.38,1,1,0.01,0.01,0.01,0.01,0.81,0.81,0,0,FIRM
C,"END OF REPORT",15
