C,NEMP.WORLD,TRADINGIS,AEMO,PUBLIC,2025/06/07,20:30:12,0000000466715832,TRADINGIS,0000000466715831
I,TRADING,INTERCONNECTORRES,2,SETTLEMENTDATE,RUNNO,INTERCONNECTORID,PERIODID,METEREDMWFLOW,MWFLOW,MWLOSSES,LASTCHANGED
D,TRADING,INTERCONNECTORRES,2,"2025/06/07 20:35:00",1,N-Q-MNSP1,247,-24.8,-25,0.65,"2025/06/07 20:30:03"
D,TRADING,INTERCONNECTORRES,2,"2025/06/07 20:35:00",1,NSW1-QLD1,247,-806.8,-836.77,26.56,"2025/06/07 20:30:03"
D,TRADING,INTERCONNECTORRES,2,"2025/06/07 20:35:00",1,T-V-MNSP1,247,-254.5,-362.24,15.06,"2025/06/07 20:30:03"
D,TRADING,INTERCONNECTORRES,2,"2025/06/07 20:35:00",1,V-S-MNSP1,247,-5,-4.05,0.34,"2025/06/07 20:30:03"
D,TRADING,INTERCONNECTORRES,2,"2025/06/07 20:35:00",1,V-SA,247,-391.08,-406.74,11.27,"2025/06/07 20:30:03"
D,TRADING,INTERCONNECTORRES,2,"2025/06/07 20:35:00",1,VIC1-NSW1,247,129.82,105.37,0.67,"2025/06/07 20:30:03"
I,TRADING,PRICE,3,SETTLEMENTDATE,RUNNO,REGIONID,PERIODID,RRP,EEP,INVALIDFLAG,LASTCHANGED,ROP,RAISE6SECRRP,RAISE6SECROP,RAISE60SECRRP,RAISE60SECROP,RAISE5MINRRP,RAISE5MINROP,RAISEREGRRP,RAISEREGROP,LOWER6SECRRP,LOWER6SECROP,LOWER60SECRRP,LOWER60SECROP,LOWER5MINRRP,LOWER5MINROP,LOWERREGRRP,LOWERREGROP,RAISE1SECRRP,RAISE1SECROP,LOWER1SECRRP,LOWER1SECROP,PRICE_STATUS
D,TRADING,PRICE,3,"2025/06/07 20:35:00",1,SA1,247,131.38,0,0,"2025/06/07 20:30:03",131.38,0.38,0.38,0.1,0.1,0.36,0.36,4.79,4.79,0.1,0.1,0.38,0.38,0.2,0.2,12,12,0.81,0.81,0,0,FIRM
D,TRADING,PRICE,3,"2025/06/07 20:35:00",1,NSW1,247,84.79,0,0,"2025/06/07 20:30:03",84.79,0.38,0.38,0.1,0.1,0.36,0.36,4.79,4.79,0.1,0.1,0.38,0.38,0.2,0.2,12,12,0.81,0.81,0,0,FIRM
D,TRADING,PRICE,3,"2025/06/07 20:35:00",1,QLD1,247,75.9,0,0,"2025/06/07 20:30:03",75.9,0.38,0.38,0.1,0.1,0.36,0.36,4.79,4.79,0.1,0.1,0.38,0.38,0.2,0.2,12,12,0.81,0.81,0,0,FIRM
D,TRADING,PRICE,3,"2025/06/07 20:35:00",1,TAS1,247,150.24,0,0,"2025/06/07 20:30:03",150.24,0.38,0.38,0.36,0.36,0.36,0.36,6.38,6.38,0.1,0.1,0.38,0.38,0.2,0.2,4.01,4.01,0.81,0.81,0,0,FIRM
D,TRADING,PRICE,3,"2025/06/07 20:35:00",1,VIC1,247,141.43,0,0,"2025/06/07 20:30:03",141.43,0.38,0.38,0.1,0.1,0.36,0.36,4.79,4.79,0.1,0.1,0.38,0.38,0.2,0.2,12,12,0.81,0.81,0,0,FIRM
C,"END OF REPORT",15
