C,NEMP.WORLD,TRADINGIS,AEMO,PUBLIC,2025/05/29,09:45:10,0000000465368315,TRADINGIS,0000000465368314
I,TRADING,INTERCONNECTORRES,2,SETTLEMENTDATE,RUNNO,INTERCONNECTORID,PERIODID,METEREDMWFLOW,MWFLOW,MWLOSSES,LASTCHANGED
D,TRADING,INTERCONNECTORRES,2,"2025/05/29 09:50:00",1,N-Q-MNSP1,118,-5.8,-17,0.07,"2025/05/29 09:45:03"
D,TRADING,INTERCONNECTORRES,2,"2025/05/29 09:50:00",1,NSW1-QLD1,118,-356.7,-318.1,1.73,"2025/05/29 09:45:03"
D,TRADING,INTERCONNECTORRES,2,"2025/05/29 09:50:00",1,T-V-MNSP1,118,-427.3,-438,21.66,"2025/05/29 09:45:03"
D,TRADING,INTERCONNECTORRES,2,"2025/05/29 09:50:00",1,V-S-MNSP1,118,27,36,-1.09,"2025/05/29 09:45:03"
D,TRADING,INTERCONNECTORRES,2,"2025/05/29 09:50:00",1,V-SA,118,84.9,105.05,-0.08,"2025/05/29 09:45:03"
D,TRADING,INTERCONNECTORRES,2,"2025/05/29 09:50:00",1,VIC1-NSW1,118,-513.51,-465.77,1.1,"2025/05/29 09:45:03"
I,TRADING,PRICE,3,SETTLEMENTDATE,RUNNO,REGIONID,PERIODID,RRP,EEP,INVALIDFLAG,LASTCHANGED,ROP,RAISE6SECRRP,RAISE6SECROP,RAISE60SECRRP,RAISE60SECROP,RAISE5MINRRP,RAISE5MINROP,RAISEREGRRP,RAISEREGROP,LOWER6SECRRP,LOWER6SECROP,LOWER60SECRRP,LOWER60SECROP,LOWER5MINRRP,LOWER5MINROP,LOWERREGRRP,LOWERREGROP,RAISE1SECRRP,RAISE1SECROP,LOWER1SECRRP,LOWER1SECROP,PRICE_STATUS
D,TRADING,PRICE,3,"2025/05/29 09:50:00",1,SA1,118,115.57,0,0,"2025/05/29 09:45:03",115.57,0.37,0.37,0.1,0.1,0.15,0.15,9.89,9.89,0.1,0.1,0.38,0.38,0.1,0.1,6,6,0.86,0.86,0,0,FIRM
D,TRADING,PRICE,3,"2025/05/29 09:50:00",1,NSW1,118,110,0,0,"2025/05/29 09:45:03",110,0.37,0.37,0.1,0.1,0.15,0.15,9.89,9.89,0.1,0.1,0.38,0.38,0.1,0.1,6,6,0.86,0.86,0,0,FIRM
D,TRADING,PRICE,3,"2025/05/29 09:50:00",1,QLD1,118,106.54,0,0,"2025/05/29 09:45:03",106.54,0.37,0.37,0.1,0.1,0.15,0.15,9.89,9.89,0.1,0.1,0.38,0.38,0.1,0.1,6,6,0.86,0.86,0,0,FIRM
D,TRADING,PRICE,3,"2025/05/29 09:50:00",1,TAS1,118,150.16,0,0,"2025/05/29 09:45:03",150.16,0.38,0.38,0.38,0.38,0.36,0.36,5.58,5.58,0.1,0.1,0.38,0.38,0,0,3.46,3.46,0.86,0.86,0,0,FIRM
D,TRADING,PRICE,3,"2025/05/29 09:50:00",1,VIC1,118,114.13,0,0,"2025/05/29 09:45:03",114.13,0.37,0.37,0.1,0.1,0.15,0.15,9.89,9.89,0.1,0.1,0.38,0.38,0.1,0.1,6,6,0.86,0.86,0,0,FIRM
C,"END OF REPORT",15
