C,NEMP.WORLD,TRADINGIS,AEMO,PUBLIC,2025/05/29,12:00:11,0000000465381544,TRADINGIS,0000000465381543
I,TRADING,INTERCONNECTORRES,2,SETTLEMENTDATE,RUNNO,INTERCONNECTORID,PERIODID,METEREDMWFLOW,MWFLOW,MWLOSSES,LASTCHANGED
D,TRADING,INTERCONNECTORRES,2,"2025/05/29 12:05:00",1,N-Q-MNSP1,145,-30.7,-25,0.65,"2025/05/29 12:00:03"
D,TRADING,INTERCONNECTORRES,2,"2025/05/29 12:05:00",1,NSW1-QLD1,145,-545,-573.43,27.86,"2025/05/29 12:00:03"
D,TRADING,INTERCONNECTORRES,2,"2025/05/29 12:05:00",1,T-V-MNSP1,145,-470,-460.95,23.89,"2025/05/29 12:00:03"
D,TRADING,INTERCONNECTORRES,2,"2025/05/29 12:05:00",1,V-S-MNSP1,145,9,9,-0.56,"2025/05/29 12:00:03"
D,TRADING,INTERCONNECTORRES,2,"2025/05/29 12:05:00",1,V-SA,145,-73.04,-51.67,1.82,"2025/05/29 12:00:03"
D,TRADING,INTERCONNECTORRES,2,"2025/05/29 12:05:00",1,VIC1-NSW1,145,36.96,50.79,3.67,"2025/05/29 12:00:03"
I,TRADING,PRICE,3,SETTLEMENTDATE,RUNNO,REGIONID,PERIODID,RRP,EEP,INVALIDFLAG,LASTCHANGED,ROP,RAISE6SECRRP,RAISE6SECROP,RAISE60SECRRP,RAISE60SECROP,RAISE5MINRRP,RAISE5MINROP,RAISEREGRRP,RAISEREGROP,LOWER6SECRRP,LOWER6SECROP,LOWER60SECRRP,LOWER60SECROP,LOWER5MINRRP,LOWER5MINROP,LOWERREGRRP,LOWERREGROP,RAISE1SECRRP,RAISE1SECROP,LOWER1SECRRP,LOWER1SECROP,PRICE_STATUS
D,TRADING,PRICE,3,"2025/05/29 12:05:00",1,SA1,145,67.8,0,0,"2025/05/29 12:00:03",67.8,0.23,0.23,0.1,0.1,0.1,0.1,5.99,5.99,0,0,0,0,0.01,0.01,0.1,0.1,0.37,0.37,0,0,FIRM
D,TRADING,PRICE,3,"2025/05/29 12:05:00",1,NSW1,145,76.8,0,0,"2025/05/29 12:00:03",76.8,0.23,0.23,0.1,0.1,0.1,0.1,5.99,5.99,0,0,0,0,0.01,0.01,0.1,0.1,0.37,0.37,0,0,FIRM
D,TRADING,PRICE,3,"2025/05/29 12:05:00",1,QLD1,145,50.75,0,0,"2025/05/29 12:00:03",50.75,0.23,0.23,0.1,0.1,0.1,0.1,5.99,5.99,10.51,10.51,8.68,8.68,0.1,0.1,0.19,0.19,0.37,0.37,0,0,FIRM
D,TRADING,PRICE,3,"2025/05/29 12:05:00",1,TAS1,145,101.08,0,0,"2025/05/29 12:00:03",101.08,0.38,0.38,0.38,0.38,0.1,0.1,7.54,7.54,0,0,0,0,0,0,2.46,2.46,0.37,0.37,0,0,FIRM
D,TRADING,PRICE,3,"2025/05/29 12:05:00",1,VIC1,145,70.81,0,0,"2025/05/29 12:00:03",70.81,0.23,0.23,0.1,0.1,0.1,0.1,5.99,5.99,0,0,0,0,0.01,0.01,0.1,0.1,0.37,0.37,0,0,FIRM
C,"END OF REPORT",15
