C,NEMP.WORLD,TRADINGIS,AEMO,PUBLIC,2025/05/28,05:35:15,0000000465201408,TRADINGIS,0000000465201407
I,TRADING,INTERCONNECTORRES,2,SETTLEMENTDATE,RUNNO,INTERCONNECTORID,PERIODID,METEREDMWFLOW,MWFLOW,MWLOSSES,LASTCHANGED
D,TRADING,INTERCONNECTORRES,2,"2025/05/28 05:40:00",1,N-Q-MNSP1,68,0.8,0,0,"2025/05/28 05:35:05"
D,TRADING,INTERCONNECTORRES,2,"2025/05/28 05:40:00",1,NSW1-QLD1,68,181.5,127.93,3.17,"2025/05/28 05:35:05"
D,TRADING,INTERCONNECTORRES,2,"2025/05/28 05:40:00",1,T-V-MNSP1,68,-352.8,-423.84,20.34,"2025/05/28 05:35:05"
D,TRADING,INTERCONNECTORRES,2,"2025/05/28 05:40:00",1,V-S-MNSP1,68,168,112.11,6.92,"2025/05/28 05:35:05"
D,TRADING,INTERCONNECTORRES,2,"2025/05/28 05:40:00",1,V-SA,68,542.26,567.21,40.95,"2025/05/28 05:35:05"
D,TRADING,INTERCONNECTORRES,2,"2025/05/28 05:40:00",1,VIC1-NSW1,68,886.71,800.19,76.65,"2025/05/28 05:35:05"
I,TRADING,PRICE,3,SETTLEMENTDATE,RUNNO,REGIONID,PERIODID,RRP,EEP,INVALIDFLAG,LASTCHANGED,ROP,RAISE6SECRRP,RAISE6SECROP,RAISE60SECRRP,RAISE60SECROP,RAISE5MINRRP,RAISE5MINROP,RAISEREGRRP,RAISEREGROP,LOWER6SECRRP,LOWER6SECROP,LOWER60SECRRP,LOWER60SECROP,LOWER5MINRRP,LOWER5MINROP,LOWERREGRRP,LOWERREGROP,RAISE1SECRRP,RAISE1SECROP,LOWER1SECRRP,LOWER1SECROP,PRICE_STATUS
D,TRADING,PRICE,3,"2025/05/28 05:40:00",1,SA1,68,35.3,0,0,"2025/05/28 05:35:05",35.3,0.38,0.38,0.38,0.38,0.32,0.32,11,11,0.38,0.38,0.38,0.38,0.38,0.38,0.38,0.38,0.38,0.38,0,0,FIRM
D,TRADING,PRICE,3,"2025/05/28 05:40:00",1,NSW1,68,57.01,0,0,"2025/05/28 05:35:05",57.01,0.38,0.38,0.38,0.38,0.32,0.32,11,11,0.38,0.38,0.38,0.38,0.38,0.38,0.38,0.38,0.38,0.38,0,0,FIRM
D,TRADING,PRICE,3,"2025/05/28 05:40:00",1,QLD1,68,59.19,0,0,"2025/05/28 05:35:05",59.19,0.38,0.38,0.38,0.38,0.32,0.32,11,11,0.38,0.38,0.38,0.38,0.38,0.38,0.38,0.38,0.38,0.38,0,0,FIRM
D,TRADING,PRICE,3,"2025/05/28 05:40:00",1,TAS1,68,31.38,0,0,"2025/05/28 05:35:05",31.38,0.38,0.38,0.38,0.38,0.32,0.32,7.4,7.4,0.38,0.38,0.38,0.38,0.38,0.38,3.48,3.48,0.38,0.38,0,0,FIRM
D,TRADING,PRICE,3,"2025/05/28 05:40:00",1,VIC1,68,29.17,0,0,"2025/05/28 05:35:05",29.17,0.38,0.38,0.38,0.38,0.32,0.32,11,11,0.38,0.38,0.38,0.38,0.38,0.38,0.38,0.38,0.38,0.38,0,0,FIRM
C,"END OF REPORT",15
