C,NEMP.WORLD,TRADINGIS,AEMO,PUBLIC,2025/05/29,15:00:11,0000000465402162,TRADINGIS,0000000465402161
I,TRADING,INTERCONNECTORRES,2,SETTLEMENTDATE,RUNNO,INTERCONNECTORID,PERIODID,METEREDMWFLOW,MWFLOW,MWLOSSES,LASTCHANGED
D,TRADING,INTERCONNECTORRES,2,"2025/05/29 15:05:00",1,N-Q-MNSP1,181,-6.4,0,0,"2025/05/29 15:00:04"
D,TRADING,INTERCONNECTORRES,2,"2025/05/29 15:05:00",1,NSW1-QLD1,181,-100.7,-77.48,-1.79,"2025/05/29 15:00:04"
D,TRADING,INTERCONNECTORRES,2,"2025/05/29 15:05:00",1,T-V-MNSP1,181,-412,-467.03,24.5,"2025/05/29 15:00:04"
D,TRADING,INTERCONNECTORRES,2,"2025/05/29 15:05:00",1,V-S-MNSP1,181,-109,-168.99,46.87,"2025/05/29 15:00:04"
D,TRADING,INTERCONNECTORRES,2,"2025/05/29 15:05:00",1,V-SA,181,-186.71,-218.4,11.91,"2025/05/29 15:00:04"
D,TRADING,INTERCONNECTORRES,2,"2025/05/29 15:05:00",1,VIC1-NSW1,181,252.41,243.3,21.73,"2025/05/29 15:00:04"
I,TRADING,PRICE,3,SETTLEMENTDATE,RUNNO,REGIONID,PERIODID,RRP,EEP,INVALIDFLAG,LASTCHANGED,ROP,RAISE6SECRRP,RAISE6SECROP,RAISE60SECRRP,RAISE60SECROP,RAISE5MINRRP,RAISE5MINROP,RAISEREGRRP,RAISEREGROP,LOWER6SECRRP,LOWER6SECROP,LOWER60SECRRP,LOWER60SECROP,LOWER5MINRRP,LOWER5MINROP,LOWERREGRRP,LOWERREGROP,RAISE1SECRRP,RAISE1SECROP,LOWER1SECRRP,LOWER1SECROP,PRICE_STATUS
D,TRADING,PRICE,3,"2025/05/29 15:05:00",1,SA1,181,0,0,0,"2025/05/29 15:00:04",0,0.37,0.37,0.1,0.1,0.1,0.1,5.99,5.99,0.38,0.38,0.38,0.38,0.38,0.38,3.75,3.75,0.81,0.81,0,0,FIRM
D,TRADING,PRICE,3,"2025/05/29 15:05:00",1,NSW1,181,127.71,0,0,"2025/05/29 15:00:04",127.71,0.37,0.37,0.1,0.1,0.1,0.1,5.99,5.99,0.38,0.38,0.38,0.38,0.38,0.38,3.75,3.75,0.81,0.81,0,0,FIRM
D,TRADING,PRICE,3,"2025/05/29 15:05:00",1,QLD1,181,130,0,0,"2025/05/29 15:00:04",130,0.37,0.37,0.1,0.1,0.1,0.1,5.99,5.99,0.38,0.38,0.38,0.38,0.38,0.38,3.75,3.75,0.81,0.81,0,0,FIRM
D,TRADING,PRICE,3,"2025/05/29 15:05:00",1,TAS1,181,35.06,0,0,"2025/05/29 15:00:04",35.06,0.38,0.38,0.38,0.38,0.38,0.38,7.54,7.54,0.38,0.38,0.38,0.38,0,0,3.46,3.46,0.81,0.81,0,0,FIRM
D,TRADING,PRICE,3,"2025/05/29 15:05:00",1,VIC1,181,0,0,0,"2025/05/29 15:00:04",0,0.37,0.37,0.1,0.1,0.1,0.1,5.99,5.99,0.38,0.38,0.38,0.38,0.38,0.38,3.75,3.75,0.81,0.81,0,0,FIRM
C,"END OF REPORT",15
