C,NEMP.WORLD,TRADINGIS,AEMO,PUBLIC,2025/05/28,02:45:10,0000000465184649,TRADINGIS,0000000465184648
I,TRADING,INTERCONNECTORRES,2,SETTLEMENTDATE,RUNNO,INTERCONNECTORID,PERIODID,METEREDMWFLOW,MWFLOW,MWLOSSES,LASTCHANGED
D,TRADING,INTERCONNECTORRES,2,"2025/05/28 02:50:00",1,N-Q-MNSP1,34,-0.6,0,0,"2025/05/28 02:45:03"
D,TRADING,INTERCONNECTORRES,2,"2025/05/28 02:50:00",1,NSW1-QLD1,34,206.8,162.5,1.94,"2025/05/28 02:45:03"
D,TRADING,INTERCONNECTORRES,2,"2025/05/28 02:50:00",1,T-V-MNSP1,34,-470.6,-477.14,25.53,"2025/05/28 02:45:03"
D,TRADING,INTERCONNECTORRES,2,"2025/05/28 02:50:00",1,V-S-MNSP1,34,167,167.46,21.5,"2025/05/28 02:45:03"
D,TRADING,INTERCONNECTORRES,2,"2025/05/28 02:50:00",1,V-SA,34,567.73,568.7,45.1,"2025/05/28 02:45:03"
D,TRADING,INTERCONNECTORRES,2,"2025/05/28 02:50:00",1,VIC1-NSW1,34,682.9,583.39,45.2,"2025/05/28 02:45:03"
I,TRADING,PRICE,3,SETTLEMENTDATE,RUNNO,REGIONID,PERIODID,RRP,EEP,INVALIDFLAG,LASTCHANGED,ROP,RAISE6SECRRP,RAISE6SECROP,RAISE60SECRRP,RAISE60SECROP,RAISE5MINRRP,RAISE5MINROP,RAISEREGRRP,RAISEREGROP,LOWER6SECRRP,LOWER6SECROP,LOWER60SECRRP,LOWER60SECROP,LOWER5MINRRP,LOWER5MINROP,LOWERREGRRP,LOWERREGROP,RAISE1SECRRP,RAISE1SECROP,LOWER1SECRRP,LOWER1SECROP,PRICE_STATUS
D,TRADING,PRICE,3,"2025/05/28 02:50:00",1,SA1,34,99.45,0,0,"2025/05/28 02:45:03",99.45,0.38,0.38,0.36,0.36,0.1,0.1,0.1,0.1,0.1,0.1,0.38,0.38,0.1,0.1,0.93,0.93,0.1,0.1,0,0,FIRM
D,TRADING,PRICE,3,"2025/05/28 02:50:00",1,NSW1,34,53.26,0,0,"2025/05/28 02:45:03",53.26,0.38,0.38,0.36,0.36,0.1,0.1,0.1,0.1,0.1,0.1,0.38,0.38,0.1,0.1,0.93,0.93,0.1,0.1,0,0,FIRM
D,TRADING,PRICE,3,"2025/05/28 02:50:00",1,QLD1,34,54.76,0,0,"2025/05/28 02:45:03",54.76,0.38,0.38,0.36,0.36,0.1,0.1,0.1,0.1,0.1,0.1,0.38,0.38,0.1,0.1,0.93,0.93,0.1,0.1,0,0,FIRM
D,TRADING,PRICE,3,"2025/05/28 02:50:00",1,TAS1,34,35.02,0,0,"2025/05/28 02:45:03",35.02,0.38,0.38,0.38,0.38,0.36,0.36,7.4,7.4,0.1,0.1,0.38,0.38,0,0,2.48,2.48,0.1,0.1,0,0,FIRM
D,TRADING,PRICE,3,"2025/05/28 02:50:00",1,VIC1,34,8.95,0,0,"2025/05/28 02:45:03",8.95,0.38,0.38,0.36,0.36,0.1,0.1,0.1,0.1,0.1,0.1,0.38,0.38,0.1,0.1,0.93,0.93,0.1,0.1,0,0,FIRM
C,"END OF REPORT",15
