C,NEMP.WORLD,TRADINGIS,AEMO,PUBLIC,2025/05/29,21:55:10,0000000465444976,TRADINGIS,0000000465444975
I,TRADING,INTERCONNECTORRES,2,SETTLEMENTDATE,RUNNO,INTERCONNECTORID,PERIODID,METEREDMWFLOW,MWFLOW,MWLOSSES,LASTCHANGED
D,TRADING,INTERCONNECTORRES,2,"2025/05/29 22:00:00",1,N-Q-MNSP1,264,-11,-9,-0.16,"2025/05/29 21:55:03"
D,TRADING,INTERCONNECTORRES,2,"2025/05/29 22:00:00",1,NSW1-QLD1,264,-104.7,-152.35,-3.24,"2025/05/29 21:55:03"
D,TRADING,INTERCONNECTORRES,2,"2025/05/29 22:00:00",1,T-V-MNSP1,264,-453.6,-478,25.62,"2025/05/29 21:55:03"
D,TRADING,INTERCONNECTORRES,2,"2025/05/29 22:00:00",1,V-S-MNSP1,264,-9,0,0,"2025/05/29 21:55:03"
D,TRADING,INTERCONNECTORRES,2,"2025/05/29 22:00:00",1,V-SA,264,-431.48,-377.61,13.07,"2025/05/29 21:55:03"
D,TRADING,INTERCONNECTORRES,2,"2025/05/29 22:00:00",1,VIC1-NSW1,264,183.79,138.97,3.38,"2025/05/29 21:55:03"
I,TRADING,PRICE,3,SETTLEMENTDATE,RUNNO,REGIONID,PERIODID,RRP,EEP,INVALIDFLAG,LASTCHANGED,ROP,RAISE6SECRRP,RAISE6SECROP,RAISE60SECRRP,RAISE60SECROP,RAISE5MINRRP,RAISE5MINROP,RAISEREGRRP,RAISEREGROP,LOWER6SECRRP,LOWER6SECROP,LOWER60SECRRP,LOWER60SECROP,LOWER5MINRRP,LOWER5MINROP,LOWERREGRRP,LOWERREGROP,RAISE1SECRRP,RAISE1SECROP,LOWER1SECRRP,LOWER1SECROP,PRICE_STATUS
D,TRADING,PRICE,3,"2025/05/29 22:00:00",1,SA1,264,80,0,0,"2025/05/29 21:55:03",80,0.37,0.37,0.1,0.1,0.1,0.1,9.89,9.89,0.14,0.14,0.39,0.39,0.39,0.39,1.2,1.2,0.36,0.36,0,0,FIRM
D,TRADING,PRICE,3,"2025/05/29 22:00:00",1,NSW1,264,89.58,0,0,"2025/05/29 21:55:03",89.58,0.37,0.37,0.1,0.1,0.1,0.1,9.89,9.89,0.14,0.14,0.39,0.39,0.39,0.39,1.2,1.2,0.36,0.36,0,0,FIRM
D,TRADING,PRICE,3,"2025/05/29 22:00:00",1,QLD1,264,90.51,0,0,"2025/05/29 21:55:03",90.51,0.37,0.37,0.1,0.1,0.1,0.1,9.89,9.89,0.14,0.14,0.39,0.39,0.39,0.39,1.2,1.2,0.36,0.36,0,0,FIRM
D,TRADING,PRICE,3,"2025/05/29 22:00:00",1,TAS1,264,100.02,0,0,"2025/05/29 21:55:03",100.02,0.38,0.38,0.38,0.38,0.36,0.36,6.54,6.54,0.14,0.14,0.38,0.38,0,0,3.46,3.46,0.36,0.36,0,0,FIRM
D,TRADING,PRICE,3,"2025/05/29 22:00:00",1,VIC1,264,86.68,0,0,"2025/05/29 21:55:03",86.68,0.37,0.37,0.1,0.1,0.1,0.1,9.89,9.89,0.14,0.14,0.39,0.39,0.39,0.39,1.2,1.2,0.36,0.36,0,0,FIRM
C,"END OF REPORT",15
