C,NEMP.WORLD,TRADINGIS,AEMO,PUBLIC,2025/05/28,17:55:11,0000000465277469,TRADINGIS,0000000465277468
I,TRADING,INTERCONNECTORRES,2,SETTLEMENTDATE,RUNNO,INTERCONNECTORID,PERIODID,METEREDMWFLOW,MWFLOW,MWLOSSES,LASTCHANGED
D,TRADING,INTERCONNECTORRES,2,"2025/05/28 18:00:00",1,N-Q-MNSP1,216,-178.5,-169,71.19,"2025/05/28 17:55:03"
D,TRADING,INTERCONNECTORRES,2,"2025/05/28 18:00:00",1,NSW1-QLD1,216,-350,-314.92,-13.03,"2025/05/28 17:55:03"
D,TRADING,INTERCONNECTORRES,2,"2025/05/28 18:00:00",1,T-V-MNSP1,216,294.2,406.79,15.61,"2025/05/28 17:55:03"
D,TRADING,INTERCONNECTORRES,2,"2025/05/28 18:00:00",1,V-S-MNSP1,216,27,54,-0.46,"2025/05/28 17:55:03"
D,TRADING,INTERCONNECTORRES,2,"2025/05/28 18:00:00",1,V-SA,216,191.94,215.41,5.13,"2025/05/28 17:55:03"
D,TRADING,INTERCONNECTORRES,2,"2025/05/28 18:00:00",1,VIC1-NSW1,216,-121.36,-121.36,0.65,"2025/05/28 17:55:03"
I,TRADING,PRICE,3,SETTLEMENTDATE,RUNNO,REGIONID,PERIODID,RRP,EEP,INVALIDFLAG,LASTCHANGED,ROP,RAISE6SECRRP,RAISE6SECROP,RAISE60SECRRP,RAISE60SECROP,RAISE5MINRRP,RAISE5MINROP,RAISEREGRRP,RAISEREGROP,LOWER6SECRRP,LOWER6SECROP,LOWER60SECRRP,LOWER60SECROP,LOWER5MINRRP,LOWER5MINROP,LOWERREGRRP,LOWERREGROP,RAISE1SECRRP,RAISE1SECROP,LOWER1SECRRP,LOWER1SECROP,PRICE_STATUS
D,TRADING,PRICE,3,"2025/05/28 18:00:00",1,SA1,216,174.23,0,0,"2025/05/28 17:55:03",174.23,0.39,0.39,0.38,0.38,0.24,0.24,0.24,0.24,0,0,0.01,0.01,0.1,0.1,0.93,0.93,0.1,0.1,0,0,FIRM
D,TRADING,PRICE,3,"2025/05/28 18:00:00",1,NSW1,216,277.18,0,0,"2025/05/28 17:55:03",277.18,0.39,0.39,0.38,0.38,0.24,0.24,0.24,0.24,0,0,0.01,0.01,0.1,0.1,0.93,0.93,0.1,0.1,0,0,FIRM
D,TRADING,PRICE,3,"2025/05/28 18:00:00",1,QLD1,216,93.75,0,0,"2025/05/28 17:55:03",93.75,7.62,7.62,8.68,8.68,0.8,0.8,0.8,0.8,97.8,97.8,97.8,97.8,7.12,7.12,7.95,7.95,0.1,0.1,0,0,FIRM
D,TRADING,PRICE,3,"2025/05/28 18:00:00",1,TAS1,216,150.24,0,0,"2025/05/28 17:55:03",150.24,0.39,0.39,0.38,0.38,0.24,0.24,7.4,7.4,0,0,0.01,0.01,0.1,0.1,2.48,2.48,0.1,0.1,0,0,FIRM
D,TRADING,PRICE,3,"2025/05/28 18:00:00",1,VIC1,216,166.15,0,0,"2025/05/28 17:55:03",166.15,0.39,0.39,0.38,0.38,0.24,0.24,0.24,0.24,0,0,0.01,0.01,0.1,0.1,0.93,0.93,0.1,0.1,0,0,FIRM
C,"END OF REPORT",15
