C,NEMP.WORLD,TRADINGIS,AEMO,PUBLIC,2025/05/29,07:15:11,0000000465354209,TRADINGIS,0000000465354208
I,TRADING,INTERCONNECTORRES,2,SETTLEMENTDATE,RUNNO,INTERCONNECTORID,PERIODID,METEREDMWFLOW,MWFLOW,MWLOSSES,LASTCHANGED
D,TRADING,INTERCONNECTORRES,2,"2025/05/29 07:20:00",1,N-Q-MNSP1,88,-16.6,-17,0.07,"2025/05/29 07:15:04"
D,TRADING,INTERCONNECTORRES,2,"2025/05/29 07:20:00",1,NSW1-QLD1,88,-480.5,-520.21,3.11,"2025/05/29 07:15:04"
D,TRADING,INTERCONNECTORRES,2,"2025/05/29 07:20:00",1,T-V-MNSP1,88,-214.2,-234.04,6.61,"2025/05/29 07:15:04"
D,TRADING,INTERCONNECTORRES,2,"2025/05/29 07:20:00",1,V-S-MNSP1,88,27,27,-1.11,"2025/05/29 07:15:04"
D,TRADING,INTERCONNECTORRES,2,"2025/05/29 07:20:00",1,V-SA,88,-27.53,-38.19,0.4,"2025/05/29 07:15:04"
D,TRADING,INTERCONNECTORRES,2,"2025/05/29 07:20:00",1,VIC1-NSW1,88,65.04,58.85,1.68,"2025/05/29 07:15:04"
I,TRADING,PRICE,3,SETTLEMENTDATE,RUNNO,REGIONID,PERIODID,RRP,EEP,INVALIDFLAG,LASTCHANGED,ROP,RAISE6SECRRP,RAISE6SECROP,RAISE60SECRRP,RAISE60SECROP,RAISE5MINRRP,RAISE5MINROP,RAISEREGRRP,RAISEREGROP,LOWER6SECRRP,LOWER6SECROP,LOWER60SECRRP,LOWER60SECROP,LOWER5MINRRP,LOWER5MINROP,LOWERREGRRP,LOWERREGROP,RAISE1SECRRP,RAISE1SECROP,LOWER1SECRRP,LOWER1SECROP,PRICE_STATUS
D,TRADING,PRICE,3,"2025/05/29 07:20:00",1,SA1,88,151.96,0,0,"2025/05/29 07:15:04",151.96,0.39,0.39,0.36,0.36,0.32,0.32,9.25,9.25,0.03,0.03,0.15,0.15,0.01,0.01,1,1,0.86,0.86,0,0,FIRM
D,TRADING,PRICE,3,"2025/05/29 07:20:00",1,NSW1,88,159.98,0,0,"2025/05/29 07:15:04",159.98,0.39,0.39,0.36,0.36,0.32,0.32,9.25,9.25,0.03,0.03,0.15,0.15,0.01,0.01,1,1,0.86,0.86,0,0,FIRM
D,TRADING,PRICE,3,"2025/05/29 07:20:00",1,QLD1,88,152.01,0,0,"2025/05/29 07:15:04",152.01,0.39,0.39,0.36,0.36,0.32,0.32,9.25,9.25,0.03,0.03,0.15,0.15,0.01,0.01,1,1,0.86,0.86,0,0,FIRM
D,TRADING,PRICE,3,"2025/05/29 07:20:00",1,TAS1,88,160.28,0,0,"2025/05/29 07:15:04",160.28,0.39,0.39,0.38,0.38,0.32,0.32,7.74,7.74,0.03,0.03,0.15,0.15,0.01,0.01,2.46,2.46,0.86,0.86,0,0,FIRM
D,TRADING,PRICE,3,"2025/05/29 07:20:00",1,VIC1,88,154.37,0,0,"2025/05/29 07:15:04",154.37,0.39,0.39,0.36,0.36,0.32,0.32,9.25,9.25,0.03,0.03,0.15,0.15,0.01,0.01,1,1,0.86,0.86,0,0,FIRM
C,"END OF REPORT",15
