C,NEMP.WORLD,TRADINGIS,AEMO,PUBLIC,2025/05/26,16:10:11,0000000464969323,TRADINGIS,0000000464969322
I,TRADING,INTERCONNECTORRES,2,SETTLEMENTDATE,RUNNO,INTERCONNECTORID,PERIODID,METEREDMWFLOW,MWFLOW,MWLOSSES,LASTCHANGED
D,TRADING,INTERCONNECTORRES,2,"2025/05/26 16:15:00",1,N-Q-MNSP1,195,-2.6,0,0,"2025/05/26 16:10:03"
D,TRADING,INTERCONNECTORRES,2,"2025/05/26 16:15:00",1,NSW1-QLD1,195,317.8,85,5.15,"2025/05/26 16:10:03"
D,TRADING,INTERCONNECTORRES,2,"2025/05/26 16:15:00",1,T-V-MNSP1,195,-410.2,-393.07,17.6,"2025/05/26 16:10:03"
D,TRADING,INTERCONNECTORRES,2,"2025/05/26 16:15:00",1,V-S-MNSP1,195,-12,68,0.59,"2025/05/26 16:10:03"
D,TRADING,INTERCONNECTORRES,2,"2025/05/26 16:15:00",1,V-SA,195,-17.08,190.5,4.66,"2025/05/26 16:10:03"
D,TRADING,INTERCONNECTORRES,2,"2025/05/26 16:15:00",1,VIC1-NSW1,195,1046.42,916.97,95.65,"2025/05/26 16:10:03"
I,TRADING,PRICE,3,SETTLEMENTDATE,RUNNO,REGIONID,PERIODID,RRP,EEP,INVALIDFLAG,LASTCHANGED,ROP,RAISE6SECRRP,RAISE6SECROP,RAISE60SECRRP,RAISE60SECROP,RAISE5MINRRP,RAISE5MINROP,RAISEREGRRP,RAISEREGROP,LOWER6SECRRP,LOWER6SECROP,LOWER60SECRRP,LOWER60SECROP,LOWER5MINRRP,LOWER5MINROP,LOWERREGRRP,LOWERREGROP,RAISE1SECRRP,RAISE1SECROP,LOWER1SECRRP,LOWER1SECROP,PRICE_STATUS
D,TRADING,PRICE,3,"2025/05/26 16:15:00",1,SA1,195,-20.57,0,0,"2025/05/26 16:10:03",-20.57,0.38,0.38,0.38,0.38,0.38,0.38,3.3,3.3,0.34,0.34,0.39,0.39,0.39,0.39,3.7,3.7,0.37,0.37,0,0,FIRM
D,TRADING,PRICE,3,"2025/05/26 16:15:00",1,NSW1,195,87.81,0,0,"2025/05/26 16:10:03",87.81,0.38,0.38,0.38,0.38,0.38,0.38,3.3,3.3,0.34,0.34,0.39,0.39,0.39,0.39,3.7,3.7,0.37,0.37,0,0,FIRM
D,TRADING,PRICE,3,"2025/05/26 16:15:00",1,QLD1,195,93.75,0,0,"2025/05/26 16:10:03",93.75,0.38,0.38,0.38,0.38,0.38,0.38,3.3,3.3,0.34,0.34,0.39,0.39,0.39,0.39,3.7,3.7,0.37,0.37,0,0,FIRM
D,TRADING,PRICE,3,"2025/05/26 16:15:00",1,TAS1,195,78.11,0,0,"2025/05/26 16:10:03",78.11,0.38,0.38,0.38,0.38,0.38,0.38,31.67,31.67,0.34,0.34,0.38,0.38,0.38,0.38,2.55,2.55,0.37,0.37,0,0,FIRM
D,TRADING,PRICE,3,"2025/05/26 16:15:00",1,VIC1,195,72.96,0,0,"2025/05/26 16:10:03",72.96,0.38,0.38,0.38,0.38,0.38,0.38,3.3,3.3,0.34,0.34,0.39,0.39,0.39,0.39,3.7,3.7,0.37,0.37,0,0,FIRM
C,"END OF REPORT",15
