C,NEMP.WORLD,TRADINGIS,AEMO,PUBLIC,2025/05/28,01:40:11,0000000465178520,TRADINGIS,0000000465178519
I,TRADING,INTERCONNECTORRES,2,SETTLEMENTDATE,RUNNO,INTERCONNECTORID,PERIODID,METEREDMWFLOW,MWFLOW,MWLOSSES,LASTCHANGED
D,TRADING,INTERCONNECTORRES,2,"2025/05/28 01:45:00",1,N-Q-MNSP1,21,-7.4,-9,-0.16,"2025/05/28 01:40:03"
D,TRADING,INTERCONNECTORRES,2,"2025/05/28 01:45:00",1,NSW1-QLD1,21,-18,-24.04,0.01,"2025/05/28 01:40:03"
D,TRADING,INTERCONNECTORRES,2,"2025/05/28 01:45:00",1,T-V-MNSP1,21,-414.5,-478,25.62,"2025/05/28 01:40:03"
D,TRADING,INTERCONNECTORRES,2,"2025/05/28 01:45:00",1,V-S-MNSP1,21,164,170.34,22.44,"2025/05/28 01:40:03"
D,TRADING,INTERCONNECTORRES,2,"2025/05/28 01:45:00",1,V-SA,21,601.63,570.72,46.02,"2025/05/28 01:40:03"
D,TRADING,INTERCONNECTORRES,2,"2025/05/28 01:45:00",1,VIC1-NSW1,21,605.77,608.29,45.29,"2025/05/28 01:40:03"
I,TRADING,PRICE,3,SETTLEMENTDATE,RUNNO,REGIONID,PERIODID,RRP,EEP,INVALIDFLAG,LASTCHANGED,ROP,RAISE6SECRRP,RAISE6SECROP,RAISE60SECRRP,RAISE60SECROP,RAISE5MINRRP,RAISE5MINROP,RAISEREGRRP,RAISEREGROP,LOWER6SECRRP,LOWER6SECROP,LOWER60SECRRP,LOWER60SECROP,LOWER5MINRRP,LOWER5MINROP,LOWERREGRRP,LOWERREGROP,RAISE1SECRRP,RAISE1SECROP,LOWER1SECRRP,LOWER1SECROP,PRICE_STATUS
D,TRADING,PRICE,3,"2025/05/28 01:45:00",1,SA1,21,125,0,0,"2025/05/28 01:40:03",125,0.37,0.37,0.24,0.24,0.1,0.1,0.1,0.1,0.1,0.1,0.48,0.48,0,0,0,0,0.04,0.04,0,0,FIRM
D,TRADING,PRICE,3,"2025/05/28 01:45:00",1,NSW1,21,56.98,0,0,"2025/05/28 01:40:03",56.98,0.37,0.37,0.24,0.24,0.1,0.1,0.1,0.1,0.1,0.1,0.48,0.48,0,0,0,0,0.04,0.04,0,0,FIRM
D,TRADING,PRICE,3,"2025/05/28 01:45:00",1,QLD1,21,56.72,0,0,"2025/05/28 01:40:03",56.72,0.37,0.37,0.24,0.24,0.1,0.1,0.1,0.1,0.1,0.1,0.48,0.48,0,0,0,0,0.04,0.04,0,0,FIRM
D,TRADING,PRICE,3,"2025/05/28 01:45:00",1,TAS1,21,34.92,0,0,"2025/05/28 01:40:03",34.92,0.38,0.38,0.38,0.38,0.36,0.36,7.4,7.4,0.1,0.1,0.48,0.48,0,0,3.58,3.58,0.04,0.04,0,0,FIRM
D,TRADING,PRICE,3,"2025/05/28 01:45:00",1,VIC1,21,8.95,0,0,"2025/05/28 01:40:03",8.95,0.37,0.37,0.24,0.24,0.1,0.1,0.1,0.1,0.1,0.1,0.48,0.48,0,0,0,0,0.04,0.04,0,0,FIRM
C,"END OF REPORT",15
