C,NEMP.WORLD,TRADINGIS,AEMO,PUBLIC,2025/05/26,20:15:12,0000000464995760,TRADINGIS,0000000464995759
I,TRADING,INTERCONNECTORRES,2,SETTLEMENTDATE,RUNNO,INTERCONNECTORID,PERIODID,METEREDMWFLOW,MWFLOW,MWLOSSES,LASTCHANGED
D,TRADING,INTERCONNECTORRES,2,"2025/05/26 20:20:00",1,N-Q-MNSP1,244,10.4,9,0.6,"2025/05/26 20:15:03"
D,TRADING,INTERCONNECTORRES,2,"2025/05/26 20:20:00",1,NSW1-QLD1,244,245.6,225.56,16.17,"2025/05/26 20:15:03"
D,TRADING,INTERCONNECTORRES,2,"2025/05/26 20:20:00",1,T-V-MNSP1,244,-462.7,-452.9,23.1,"2025/05/26 20:15:03"
D,TRADING,INTERCONNECTORRES,2,"2025/05/26 20:20:00",1,V-S-MNSP1,244,176,176.96,24.74,"2025/05/26 20:15:03"
D,TRADING,INTERCONNECTORRES,2,"2025/05/26 20:20:00",1,V-SA,244,170.09,181.21,8.25,"2025/05/26 20:15:03"
D,TRADING,INTERCONNECTORRES,2,"2025/05/26 20:20:00",1,VIC1-NSW1,244,980.07,1029.39,82.78,"2025/05/26 20:15:03"
I,TRADING,PRICE,3,SETTLEMENTDATE,RUNNO,REGIONID,PERIODID,RRP,EEP,INVALIDFLAG,LASTCHANGED,ROP,RAISE6SECRRP,RAISE6SECROP,RAISE60SECRRP,RAISE60SECROP,RAISE5MINRRP,RAISE5MINROP,RAISEREGRRP,RAISEREGROP,LOWER6SECRRP,LOWER6SECROP,LOWER60SECRRP,LOWER60SECROP,LOWER5MINRRP,LOWER5MINROP,LOWERREGRRP,LOWERREGROP,RAISE1SECRRP,RAISE1SECROP,LOWER1SECRRP,LOWER1SECROP,PRICE_STATUS
D,TRADING,PRICE,3,"2025/05/26 20:20:00",1,SA1,244,-21,0,0,"2025/05/26 20:15:03",-21,0.37,0.37,0.24,0.24,0.32,0.32,0.32,0.32,0.04,0.04,0.38,0.38,0,0,0,0,0.04,0.04,0,0,FIRM
D,TRADING,PRICE,3,"2025/05/26 20:20:00",1,NSW1,244,65.01,0,0,"2025/05/26 20:15:03",65.01,0.37,0.37,0.24,0.24,0.32,0.32,0.32,0.32,0.04,0.04,0.38,0.38,0,0,0,0,0.04,0.04,0,0,FIRM
D,TRADING,PRICE,3,"2025/05/26 20:20:00",1,QLD1,244,71.35,0,0,"2025/05/26 20:15:03",71.35,0.37,0.37,0.24,0.24,0.32,0.32,0.32,0.32,0.04,0.04,0.38,0.38,0,0,0,0,0.04,0.04,0,0,FIRM
D,TRADING,PRICE,3,"2025/05/26 20:20:00",1,TAS1,244,35.24,0,0,"2025/05/26 20:15:03",35.24,0.38,0.38,0.38,0.38,0.32,0.32,8.8,8.8,0.04,0.04,0.38,0.38,0,0,3.55,3.55,0.04,0.04,0,0,FIRM
D,TRADING,PRICE,3,"2025/05/26 20:20:00",1,VIC1,244,20.01,0,0,"2025/05/26 20:15:03",20.01,0.37,0.37,0.24,0.24,0.32,0.32,0.32,0.32,0.04,0.04,0.38,0.38,0,0,0,0,0.04,0.04,0,0,FIRM
C,"END OF REPORT",15
