C,NEMP.WORLD,TRADINGIS,AEMO,PUBLIC,2025/05/28,22:55:11,0000000465306693,TRADINGIS,0000000465306692
I,TRADING,INTERCONNECTORRES,2,SETTLEMENTDATE,RUNNO,INTERCONNECTORID,PERIODID,METEREDMWFLOW,MWFLOW,MWLOSSES,LASTCHANGED
D,TRADING,INTERCONNECTORRES,2,"2025/05/28 23:00:00",1,N-Q-MNSP1,276,-16.9,-17,0.07,"2025/05/28 22:55:03"
D,TRADING,INTERCONNECTORRES,2,"2025/05/28 23:00:00",1,NSW1-QLD1,276,-464.4,-329.5,1.97,"2025/05/28 22:55:03"
D,TRADING,INTERCONNECTORRES,2,"2025/05/28 23:00:00",1,T-V-MNSP1,276,-454.2,-438,21.66,"2025/05/28 22:55:03"
D,TRADING,INTERCONNECTORRES,2,"2025/05/28 23:00:00",1,V-S-MNSP1,276,54,54,-0.46,"2025/05/28 22:55:03"
D,TRADING,INTERCONNECTORRES,2,"2025/05/28 23:00:00",1,V-SA,276,229.79,200.63,5.96,"2025/05/28 22:55:03"
D,TRADING,INTERCONNECTORRES,2,"2025/05/28 23:00:00",1,VIC1-NSW1,276,286.41,353.6,19,"2025/05/28 22:55:03"
I,TRADING,PRICE,3,SETTLEMENTDATE,RUNNO,REGIONID,PERIODID,RRP,EEP,INVALIDFLAG,LASTCHANGED,ROP,RAISE6SECRRP,RAISE6SECROP,RAISE60SECRRP,RAISE60SECROP,RAISE5MINRRP,RAISE5MINROP,RAISEREGRRP,RAISEREGROP,LOWER6SECRRP,LOWER6SECROP,LOWER60SECRRP,LOWER60SECROP,LOWER5MINRRP,LOWER5MINROP,LOWERREGRRP,LOWERREGROP,RAISE1SECRRP,RAISE1SECROP,LOWER1SECRRP,LOWER1SECROP,PRICE_STATUS
D,TRADING,PRICE,3,"2025/05/28 23:00:00",1,SA1,276,90.42,0,0,"2025/05/28 22:55:03",90.42,0.37,0.37,0.1,0.1,0.1,0.1,9.89,9.89,0.1,0.1,0.38,0.38,0.1,0.1,6,6,0.37,0.37,0,0,FIRM
D,TRADING,PRICE,3,"2025/05/28 23:00:00",1,NSW1,276,93.45,0,0,"2025/05/28 22:55:03",93.45,0.37,0.37,0.1,0.1,0.1,0.1,9.89,9.89,0.1,0.1,0.38,0.38,0.1,0.1,6,6,0.37,0.37,0,0,FIRM
D,TRADING,PRICE,3,"2025/05/28 23:00:00",1,QLD1,276,90,0,0,"2025/05/28 22:55:03",90,0.37,0.37,0.1,0.1,0.1,0.1,9.89,9.89,0.1,0.1,0.38,0.38,0.1,0.1,6,6,0.37,0.37,0,0,FIRM
D,TRADING,PRICE,3,"2025/05/28 23:00:00",1,TAS1,276,150.24,0,0,"2025/05/28 22:55:03",150.24,0.38,0.38,0.38,0.38,0.36,0.36,8.4,8.4,0,0,0,0,0,0,2.48,2.48,0.37,0.37,0,0,FIRM
D,TRADING,PRICE,3,"2025/05/28 23:00:00",1,VIC1,276,85.91,0,0,"2025/05/28 22:55:03",85.91,0.37,0.37,0.1,0.1,0.1,0.1,9.89,9.89,0.1,0.1,0.38,0.38,0.1,0.1,6,6,0.37,0.37,0,0,FIRM
C,"END OF REPORT",15
