C,NEMP.WORLD,TRADINGIS,AEMO,PUBLIC,2025/05/27,06:05:10,0000000465055733,TRADINGIS,0000000465055732
I,TRADING,INTERCONNECTORRES,2,SETTLEMENTDATE,RUNNO,INTERCONNECTORID,PERIODID,METEREDMWFLOW,MWFLOW,MWLOSSES,LASTCHANGED
D,TRADING,INTERCONNECTORRES,2,"2025/05/27 06:10:00",1,N-Q-MNSP1,74,6.4,17,1.52,"2025/05/27 06:05:03"
D,TRADING,INTERCONNECTORRES,2,"2025/05/27 06:10:00",1,NSW1-QLD1,74,530.3,525.25,36.19,"2025/05/27 06:05:03"
D,TRADING,INTERCONNECTORRES,2,"2025/05/27 06:10:00",1,T-V-MNSP1,74,-428.5,-461.21,23.92,"2025/05/27 06:05:03"
D,TRADING,INTERCONNECTORRES,2,"2025/05/27 06:10:00",1,V-S-MNSP1,74,-148,-149.08,37.79,"2025/05/27 06:05:03"
D,TRADING,INTERCONNECTORRES,2,"2025/05/27 06:10:00",1,V-SA,74,-322.85,-256.8,5.76,"2025/05/27 06:05:03"
D,TRADING,INTERCONNECTORRES,2,"2025/05/27 06:10:00",1,VIC1-NSW1,74,1130.13,1054.95,117.2,"2025/05/27 06:05:03"
I,TRADING,PRICE,3,SETTLEMENTDATE,RUNNO,REGIONID,PERIODID,RRP,EEP,INVALIDFLAG,LASTCHANGED,ROP,RAISE6SECRRP,RAISE6SECROP,RAISE60SECRRP,RAISE60SECROP,RAISE5MINRRP,RAISE5MINROP,RAISEREGRRP,RAISEREGROP,LOWER6SECRRP,LOWER6SECROP,LOWER60SECRRP,LOWER60SECROP,LOWER5MINRRP,LOWER5MINROP,LOWERREGRRP,LOWERREGROP,RAISE1SECRRP,RAISE1SECROP,LOWER1SECRRP,LOWER1SECROP,PRICE_STATUS
D,TRADING,PRICE,3,"2025/05/27 06:10:00",1,SA1,74,8.48,0,0,"2025/05/27 06:05:03",8.48,0.23,0.23,0.1,0.1,0.1,0.1,4.79,4.79,0.04,0.04,0.1,0.1,0,0,0,0,0.38,0.38,0,0,FIRM
D,TRADING,PRICE,3,"2025/05/27 06:10:00",1,NSW1,74,65.01,0,0,"2025/05/27 06:05:03",65.01,0.23,0.23,0.1,0.1,0.1,0.1,4.79,4.79,0.04,0.04,0.1,0.1,0,0,0,0,0.38,0.38,0,0,FIRM
D,TRADING,PRICE,3,"2025/05/27 06:10:00",1,QLD1,74,72.69,0,0,"2025/05/27 06:05:03",72.69,0.23,0.23,0.1,0.1,0.1,0.1,4.79,4.79,0.04,0.04,0.1,0.1,0,0,0,0,0.38,0.38,0,0,FIRM
D,TRADING,PRICE,3,"2025/05/27 06:10:00",1,TAS1,74,35.24,0,0,"2025/05/27 06:05:03",35.24,0.38,0.38,0.38,0.38,0.36,0.36,8.4,8.4,0.04,0.04,0.1,0.1,0,0,2.48,2.48,0.38,0.38,0,0,FIRM
D,TRADING,PRICE,3,"2025/05/27 06:10:00",1,VIC1,74,8.95,0,0,"2025/05/27 06:05:03",8.95,0.23,0.23,0.1,0.1,0.1,0.1,4.79,4.79,0.04,0.04,0.1,0.1,0,0,0,0,0.38,0.38,0,0,FIRM
C,"END OF REPORT",15
