C,NEMP.WORLD,TRADINGIS,AEMO,PUBLIC,2025/05/27,14:15:15,0000000465107818,TRADINGIS,0000000465107817
I,TRADING,INTERCONNECTORRES,2,SETTLEMENTDATE,RUNNO,INTERCONNECTORID,PERIODID,METEREDMWFLOW,MWFLOW,MWLOSSES,LASTCHANGED
D,TRADING,INTERCONNECTORRES,2,"2025/05/27 14:20:00",1,N-Q-MNSP1,172,-3.3,0,0,"2025/05/27 14:15:07"
D,TRADING,INTERCONNECTORRES,2,"2025/05/27 14:20:00",1,NSW1-QLD1,172,150.2,-0.51,-0.01,"2025/05/27 14:15:07"
D,TRADING,INTERCONNECTORRES,2,"2025/05/27 14:20:00",1,T-V-MNSP1,172,-454.2,-478,25.62,"2025/05/27 14:15:07"
D,TRADING,INTERCONNECTORRES,2,"2025/05/27 14:20:00",1,V-S-MNSP1,172,152,157.27,18.26,"2025/05/27 14:15:07"
D,TRADING,INTERCONNECTORRES,2,"2025/05/27 14:20:00",1,V-SA,172,-17.2,-46.06,1.82,"2025/05/27 14:15:07"
D,TRADING,INTERCONNECTORRES,2,"2025/05/27 14:20:00",1,VIC1-NSW1,172,342.65,372.76,33.52,"2025/05/27 14:15:07"
I,TRADING,PRICE,3,SETTLEMENTDATE,RUNNO,REGIONID,PERIODID,RRP,EEP,INVALIDFLAG,LASTCHANGED,ROP,RAISE6SECRRP,RAISE6SECROP,RAISE60SECRRP,RAISE60SECROP,RAISE5MINRRP,RAISE5MINROP,RAISEREGRRP,RAISEREGROP,LOWER6SECRRP,LOWER6SECROP,LOWER60SECRRP,LOWER60SECROP,LOWER5MINRRP,LOWER5MINROP,LOWERREGRRP,LOWERREGROP,RAISE1SECRRP,RAISE1SECROP,LOWER1SECRRP,LOWER1SECROP,PRICE_STATUS
D,TRADING,PRICE,3,"2025/05/27 14:20:00",1,SA1,172,-82.31,0,0,"2025/05/27 14:15:07",-82.31,0.1,0.1,0.1,0.1,0.1,0.1,5.99,5.99,0.38,0.38,1.83,1.83,0.39,0.39,3.7,3.7,0.36,0.36,0,0,FIRM
D,TRADING,PRICE,3,"2025/05/27 14:20:00",1,NSW1,172,10.09,0,0,"2025/05/27 14:15:07",10.09,0.1,0.1,0.1,0.1,0.1,0.1,5.99,5.99,0.38,0.38,1.83,1.83,0.39,0.39,3.7,3.7,0.36,0.36,0,0,FIRM
D,TRADING,PRICE,3,"2025/05/27 14:20:00",1,QLD1,172,98.45,0,0,"2025/05/27 14:15:07",98.45,0.1,0.1,0.1,0.1,0.1,0.1,5.99,5.99,0.38,0.38,1.83,1.83,0.39,0.39,3.7,3.7,0.36,0.36,0,0,FIRM
D,TRADING,PRICE,3,"2025/05/27 14:20:00",1,TAS1,172,75.24,0,0,"2025/05/27 14:15:07",75.24,0.38,0.38,0.38,0.38,0.36,0.36,7.4,7.4,0.38,0.38,0.38,0.38,0,0,2.48,2.48,0.36,0.36,0,0,FIRM
D,TRADING,PRICE,3,"2025/05/27 14:20:00",1,VIC1,172,8.95,0,0,"2025/05/27 14:15:07",8.95,0.1,0.1,0.1,0.1,0.1,0.1,5.99,5.99,0.38,0.38,1.83,1.83,0.39,0.39,3.7,3.7,0.36,0.36,0,0,FIRM
C,"END OF REPORT",15
