C,NEMP.WORLD,TRADINGIS,AEMO,PUBLIC,2025/05/29,05:05:11,0000000465342131,TRADINGIS,0000000465342130
I,TRADING,INTERCONNECTORRES,2,SETTLEMENTDATE,RUNNO,INTERCONNECTORID,PERIODID,METEREDMWFLOW,MWFLOW,MWLOSSES,LASTCHANGED
D,TRADING,INTERCONNECTORRES,2,"2025/05/29 05:10:00",1,N-Q-MNSP1,62,-18.2,-17,0.07,"2025/05/29 05:05:03"
D,TRADING,INTERCONNECTORRES,2,"2025/05/29 05:10:00",1,NSW1-QLD1,62,-330.5,-408.49,12.78,"2025/05/29 05:05:03"
D,TRADING,INTERCONNECTORRES,2,"2025/05/29 05:10:00",1,T-V-MNSP1,62,-413.3,-438,21.66,"2025/05/29 05:05:03"
D,TRADING,INTERCONNECTORRES,2,"2025/05/29 05:10:00",1,V-S-MNSP1,62,45,45,-0.87,"2025/05/29 05:05:03"
D,TRADING,INTERCONNECTORRES,2,"2025/05/29 05:10:00",1,V-SA,62,163.79,154.95,3.6,"2025/05/29 05:05:03"
D,TRADING,INTERCONNECTORRES,2,"2025/05/29 05:10:00",1,VIC1-NSW1,62,515.08,475.35,34.53,"2025/05/29 05:05:03"
I,TRADING,PRICE,3,SETTLEMENTDATE,RUNNO,REGIONID,PERIODID,RRP,EEP,INVALIDFLAG,LASTCHANGED,ROP,RAISE6SECRRP,RAISE6SECROP,RAISE60SECRRP,RAISE60SECROP,RAISE5MINRRP,RAISE5MINROP,RAISEREGRRP,RAISEREGROP,LOWER6SECRRP,LOWER6SECROP,LOWER60SECRRP,LOWER60SECROP,LOWER5MINRRP,LOWER5MINROP,LOWERREGRRP,LOWERREGROP,RAISE1SECRRP,RAISE1SECROP,LOWER1SECRRP,LOWER1SECROP,PRICE_STATUS
D,TRADING,PRICE,3,"2025/05/29 05:10:00",1,SA1,62,67.77,0,0,"2025/05/29 05:05:03",67.77,0.23,0.23,0.1,0.1,0.1,0.1,7.84,7.84,0.5,0.5,3,3,0.39,0.39,3.7,3.7,0.81,0.81,0,0,FIRM
D,TRADING,PRICE,3,"2025/05/29 05:10:00",1,NSW1,62,73.05,0,0,"2025/05/29 05:05:03",73.05,0.23,0.23,0.1,0.1,0.1,0.1,7.84,7.84,0.5,0.5,3,3,0.39,0.39,3.7,3.7,0.81,0.81,0,0,FIRM
D,TRADING,PRICE,3,"2025/05/29 05:10:00",1,QLD1,62,68.22,0,0,"2025/05/29 05:05:03",68.22,0.23,0.23,0.1,0.1,0.1,0.1,7.84,7.84,0.5,0.5,3,3,0.39,0.39,3.7,3.7,0.81,0.81,0,0,FIRM
D,TRADING,PRICE,3,"2025/05/29 05:10:00",1,TAS1,62,100.24,0,0,"2025/05/29 05:05:03",100.24,0.38,0.38,0.38,0.38,0.38,0.38,7.54,7.54,0.38,0.38,0.38,0.38,0,0,2.46,2.46,0.81,0.81,0,0,FIRM
D,TRADING,PRICE,3,"2025/05/29 05:10:00",1,VIC1,62,64.97,0,0,"2025/05/29 05:05:03",64.97,0.23,0.23,0.1,0.1,0.1,0.1,7.84,7.84,0.5,0.5,3,3,0.39,0.39,3.7,3.7,0.81,0.81,0,0,FIRM
C,"END OF REPORT",15
