C,NEMP.WORLD,TRADINGIS,AEMO,PUBLIC,2025/05/29,18:20:10,0000000465423404,TRADINGIS,0000000465423403
I,TRADING,INTERCONNECTORRES,2,SETTLEMENTDATE,RUNNO,INTERCONNECTORID,PERIODID,METEREDMWFLOW,MWFLOW,MWLOSSES,LASTCHANGED
D,TRADING,INTERCONNECTORRES,2,"2025/05/29 18:25:00",1,N-Q-MNSP1,221,-8.8,-9,-0.16,"2025/05/29 18:20:03"
D,TRADING,INTERCONNECTORRES,2,"2025/05/29 18:25:00",1,NSW1-QLD1,221,-515.7,-391,-12.59,"2025/05/29 18:20:03"
D,TRADING,INTERCONNECTORRES,2,"2025/05/29 18:25:00",1,T-V-MNSP1,221,181.3,218.62,4.11,"2025/05/29 18:20:03"
D,TRADING,INTERCONNECTORRES,2,"2025/05/29 18:25:00",1,V-S-MNSP1,221,36,45,-0.87,"2025/05/29 18:20:03"
D,TRADING,INTERCONNECTORRES,2,"2025/05/29 18:25:00",1,V-SA,221,92.22,101.77,1.59,"2025/05/29 18:20:03"
D,TRADING,INTERCONNECTORRES,2,"2025/05/29 18:25:00",1,VIC1-NSW1,221,-91.33,49.69,0.4,"2025/05/29 18:20:03"
I,TRADING,PRICE,3,SETTLEMENTDATE,RUNNO,REGIONID,PERIODID,RRP,EEP,INVALIDFLAG,LASTCHANGED,ROP,RAISE6SECRRP,RAISE6SECROP,RAISE60SECRRP,RAISE60SECROP,RAISE5MINRRP,RAISE5MINROP,RAISEREGRRP,RAISEREGROP,LOWER6SECRRP,LOWER6SECROP,LOWER60SECRRP,LOWER60SECROP,LOWER5MINRRP,LOWER5MINROP,LOWERREGRRP,LOWERREGROP,RAISE1SECRRP,RAISE1SECROP,LOWER1SECRRP,LOWER1SECROP,PRICE_STATUS
D,TRADING,PRICE,3,"2025/05/29 18:25:00",1,SA1,221,174.75,0,0,"2025/05/29 18:20:03",174.75,0.39,0.39,0.38,0.38,0.32,0.32,5.99,5.99,0.2,0.2,0.38,0.38,0.38,0.38,10.4,10.4,0.04,0.04,0,0,FIRM
D,TRADING,PRICE,3,"2025/05/29 18:25:00",1,NSW1,221,200.03,0,0,"2025/05/29 18:20:03",200.03,0.39,0.39,0.38,0.38,0.32,0.32,5.99,5.99,0.2,0.2,0.38,0.38,0.38,0.38,10.4,10.4,0.04,0.04,0,0,FIRM
D,TRADING,PRICE,3,"2025/05/29 18:25:00",1,QLD1,221,199.41,0,0,"2025/05/29 18:20:03",199.41,0.39,0.39,0.38,0.38,0.32,0.32,5.99,5.99,0.2,0.2,0.38,0.38,0.38,0.38,10.4,10.4,0.04,0.04,0,0,FIRM
D,TRADING,PRICE,3,"2025/05/29 18:25:00",1,TAS1,221,160.06,0,0,"2025/05/29 18:20:03",160.06,0.39,0.39,0.38,0.38,0.32,0.32,7.54,7.54,0.2,0.2,0.38,0.38,0.38,0.38,3.46,3.46,0.04,0.04,0,0,FIRM
D,TRADING,PRICE,3,"2025/05/29 18:25:00",1,VIC1,221,170.38,0,0,"2025/05/29 18:20:03",170.38,0.39,0.39,0.38,0.38,0.32,0.32,5.99,5.99,0.2,0.2,0.38,0.38,0.38,0.38,10.4,10.4,0.04,0.04,0,0,FIRM
C,"END OF REPORT",15
