C,NEMP.WORLD,TRADINGIS,AEMO,PUBLIC,2025/05/28,07:55:10,0000000465214497,TRADINGIS,0000000465214496
I,TRADING,INTERCONNECTORRES,2,SETTLEMENTDATE,RUNNO,INTERCONNECTORID,PERIODID,METEREDMWFLOW,MWFLOW,MWLOSSES,LASTCHANGED
D,TRADING,INTERCONNECTORRES,2,"2025/05/28 08:00:00",1,N-Q-MNSP1,96,-23.2,-25,0.65,"2025/05/28 07:55:03"
D,TRADING,INTERCONNECTORRES,2,"2025/05/28 08:00:00",1,NSW1-QLD1,96,-721.8,-623.34,18.11,"2025/05/28 07:55:03"
D,TRADING,INTERCONNECTORRES,2,"2025/05/28 08:00:00",1,T-V-MNSP1,96,-420,-424.41,20.39,"2025/05/28 07:55:03"
D,TRADING,INTERCONNECTORRES,2,"2025/05/28 08:00:00",1,V-S-MNSP1,96,81,72,0.95,"2025/05/28 07:55:03"
D,TRADING,INTERCONNECTORRES,2,"2025/05/28 08:00:00",1,V-SA,96,522.56,422.52,20.58,"2025/05/28 07:55:03"
D,TRADING,INTERCONNECTORRES,2,"2025/05/28 08:00:00",1,VIC1-NSW1,96,-398.51,-356.84,5.91,"2025/05/28 07:55:03"
I,TRADING,PRICE,3,SETTLEMENTDATE,RUNNO,REGIONID,PERIODID,RRP,EEP,INVALIDFLAG,LASTCHANGED,ROP,RAISE6SECRRP,RAISE6SECROP,RAISE60SECRRP,RAISE60SECROP,RAISE5MINRRP,RAISE5MINROP,RAISEREGRRP,RAISEREGROP,LOWER6SECRRP,LOWER6SECROP,LOWER60SECRRP,LOWER60SECROP,LOWER5MINRRP,LOWER5MINROP,LOWERREGRRP,LOWERREGROP,RAISE1SECRRP,RAISE1SECROP,LOWER1SECRRP,LOWER1SECROP,PRICE_STATUS
D,TRADING,PRICE,3,"2025/05/28 08:00:00",1,SA1,96,142.04,0,0,"2025/05/28 07:55:03",142.04,0.39,0.39,0.36,0.36,0.24,0.24,7.84,7.84,0,0,0.01,0.01,0,0,2,2,1.63,1.63,0,0,FIRM
D,TRADING,PRICE,3,"2025/05/28 08:00:00",1,NSW1,96,59.54,0,0,"2025/05/28 07:55:03",59.54,0.39,0.39,0.36,0.36,0.24,0.24,7.84,7.84,0,0,0.01,0.01,0,0,2,2,1.63,1.63,0,0,FIRM
D,TRADING,PRICE,3,"2025/05/28 08:00:00",1,QLD1,96,44.94,0,0,"2025/05/28 07:55:03",44.94,0.39,0.39,0.36,0.36,0.24,0.24,7.84,7.84,4.87,4.87,4.87,4.87,0.38,0.38,2.38,2.38,1.63,1.63,0,0,FIRM
D,TRADING,PRICE,3,"2025/05/28 08:00:00",1,TAS1,96,139.03,0,0,"2025/05/28 07:55:03",139.03,0.39,0.39,0.38,0.38,0.24,0.24,8.4,8.4,0,0,0.01,0.01,0,0,2.48,2.48,1.63,1.63,0,0,FIRM
D,TRADING,PRICE,3,"2025/05/28 08:00:00",1,VIC1,96,129.24,0,0,"2025/05/28 07:55:03",129.24,0.39,0.39,0.36,0.36,0.24,0.24,7.84,7.84,0,0,0.01,0.01,0,0,2,2,1.63,1.63,0,0,FIRM
C,"END OF REPORT",15
