C,NEMP.WORLD,TRADINGIS,AEMO,PUBLIC,2025/05/28,04:05:12,0000000465192212,TRADINGIS,0000000465192211
I,TRADING,INTERCONNECTORRES,2,SETTLEMENTDATE,RUNNO,INTERCONNECTORID,PERIODID,METEREDMWFLOW,MWFLOW,MWLOSSES,LASTCHANGED
D,TRADING,INTERCONNECTORRES,2,"2025/05/28 04:10:00",1,N-Q-MNSP1,50,-0.6,0,0,"2025/05/28 04:05:04"
D,TRADING,INTERCONNECTORRES,2,"2025/05/28 04:10:00",1,NSW1-QLD1,50,147.5,122.62,1.32,"2025/05/28 04:05:04"
D,TRADING,INTERCONNECTORRES,2,"2025/05/28 04:10:00",1,T-V-MNSP1,50,-394.3,-455.06,23.31,"2025/05/28 04:05:04"
D,TRADING,INTERCONNECTORRES,2,"2025/05/28 04:10:00",1,V-S-MNSP1,50,165,170.57,22.52,"2025/05/28 04:05:04"
D,TRADING,INTERCONNECTORRES,2,"2025/05/28 04:10:00",1,V-SA,50,592.37,566.39,44.76,"2025/05/28 04:05:04"
D,TRADING,INTERCONNECTORRES,2,"2025/05/28 04:10:00",1,VIC1-NSW1,50,706.81,658.39,54.56,"2025/05/28 04:05:04"
I,TRADING,PRICE,3,SETTLEMENTDATE,RUNNO,REGIONID,PERIODID,RRP,EEP,INVALIDFLAG,LASTCHANGED,ROP,RAISE6SECRRP,RAISE6SECROP,RAISE60SECRRP,RAISE60SECROP,RAISE5MINRRP,RAISE5MINROP,RAISEREGRRP,RAISEREGROP,LOWER6SECRRP,LOWER6SECROP,LOWER60SECRRP,LOWER60SECROP,LOWER5MINRRP,LOWER5MINROP,LOWERREGRRP,LOWERREGROP,RAISE1SECRRP,RAISE1SECROP,LOWER1SECRRP,LOWER1SECROP,PRICE_STATUS
D,TRADING,PRICE,3,"2025/05/28 04:10:00",1,SA1,50,99.45,0,0,"2025/05/28 04:05:04",99.45,0.37,0.37,0.23,0.23,0.23,0.23,7.6,7.6,0.1,0.1,0.38,0.38,0.1,0.1,0.93,0.93,0.04,0.04,0,0,FIRM
D,TRADING,PRICE,3,"2025/05/28 04:10:00",1,NSW1,50,73.82,0,0,"2025/05/28 04:05:04",73.82,0.37,0.37,0.23,0.23,0.23,0.23,7.6,7.6,0.1,0.1,0.38,0.38,0.1,0.1,0.93,0.93,0.04,0.04,0,0,FIRM
D,TRADING,PRICE,3,"2025/05/28 04:10:00",1,QLD1,50,75.63,0,0,"2025/05/28 04:05:04",75.63,0.37,0.37,0.23,0.23,0.23,0.23,7.6,7.6,0.1,0.1,0.38,0.38,0.1,0.1,0.93,0.93,0.04,0.04,0,0,FIRM
D,TRADING,PRICE,3,"2025/05/28 04:10:00",1,TAS1,50,35.1,0,0,"2025/05/28 04:05:04",35.1,0.38,0.38,0.38,0.38,0.36,0.36,7.4,7.4,0.1,0.1,0.38,0.38,0,0,3.48,3.48,0.04,0.04,0,0,FIRM
D,TRADING,PRICE,3,"2025/05/28 04:10:00",1,VIC1,50,19.19,0,0,"2025/05/28 04:05:04",19.19,0.37,0.37,0.23,0.23,0.23,0.23,7.6,7.6,0.1,0.1,0.38,0.38,0.1,0.1,0.93,0.93,0.04,0.04,0,0,FIRM
C,"END OF REPORT",15
