C,NEMP.WORLD,TRADINGIS,AEMO,PUBLIC,2025/05/29,05:30:10,0000000465344679,TRADINGIS,0000000465344678
I,TRADING,INTERCONNECTORRES,2,SETTLEMENTDATE,RUNNO,INTERCONNECTORID,PERIODID,METEREDMWFLOW,MWFLOW,MWLOSSES,LASTCHANGED
D,TRADING,INTERCONNECTORRES,2,"2025/05/29 05:35:00",1,N-Q-MNSP1,67,-17.4,-17,0.07,"2025/05/29 05:30:03"
D,TRADING,INTERCONNECTORRES,2,"2025/05/29 05:35:00",1,NSW1-QLD1,67,-426.6,-357,7.81,"2025/05/29 05:30:03"
D,TRADING,INTERCONNECTORRES,2,"2025/05/29 05:35:00",1,T-V-MNSP1,67,-420,-438,21.66,"2025/05/29 05:30:03"
D,TRADING,INTERCONNECTORRES,2,"2025/05/29 05:35:00",1,V-S-MNSP1,67,45,54,-0.46,"2025/05/29 05:30:03"
D,TRADING,INTERCONNECTORRES,2,"2025/05/29 05:35:00",1,V-SA,67,187.03,199.63,5.27,"2025/05/29 05:30:03"
D,TRADING,INTERCONNECTORRES,2,"2025/05/29 05:35:00",1,VIC1-NSW1,67,236.22,217.36,11.18,"2025/05/29 05:30:03"
I,TRADING,PRICE,3,SETTLEMENTDATE,RUNNO,REGIONID,PERIODID,RRP,EEP,INVALIDFLAG,LASTCHANGED,ROP,RAISE6SECRRP,RAISE6SECROP,RAISE60SECRRP,RAISE60SECROP,RAISE5MINRRP,RAISE5MINROP,RAISEREGRRP,RAISEREGROP,LOWER6SECRRP,LOWER6SECROP,LOWER60SECRRP,LOWER60SECROP,LOWER5MINRRP,LOWER5MINROP,LOWERREGRRP,LOWERREGROP,RAISE1SECRRP,RAISE1SECROP,LOWER1SECRRP,LOWER1SECROP,PRICE_STATUS
D,TRADING,PRICE,3,"2025/05/29 05:35:00",1,SA1,67,75.17,0,0,"2025/05/29 05:30:03",75.17,0.23,0.23,0.1,0.1,0.1,0.1,18.65,18.65,0.14,0.14,0.38,0.38,0.1,0.1,0.69,0.69,0.38,0.38,0,0,FIRM
D,TRADING,PRICE,3,"2025/05/29 05:35:00",1,NSW1,67,76.8,0,0,"2025/05/29 05:30:03",76.8,0.23,0.23,0.1,0.1,0.1,0.1,18.65,18.65,0.14,0.14,0.38,0.38,0.1,0.1,0.69,0.69,0.38,0.38,0,0,FIRM
D,TRADING,PRICE,3,"2025/05/29 05:35:00",1,QLD1,67,72.75,0,0,"2025/05/29 05:30:03",72.75,0.23,0.23,0.1,0.1,0.1,0.1,18.65,18.65,0.14,0.14,0.38,0.38,0.1,0.1,0.69,0.69,0.38,0.38,0,0,FIRM
D,TRADING,PRICE,3,"2025/05/29 05:35:00",1,TAS1,67,100.24,0,0,"2025/05/29 05:30:03",100.24,0.38,0.38,0.38,0.38,0.38,0.38,7.54,7.54,0.14,0.14,0.38,0.38,0,0,2.46,2.46,0.38,0.38,0,0,FIRM
D,TRADING,PRICE,3,"2025/05/29 05:35:00",1,VIC1,67,71.65,0,0,"2025/05/29 05:30:03",71.65,0.23,0.23,0.1,0.1,0.1,0.1,18.65,18.65,0.14,0.14,0.38,0.38,0.1,0.1,0.69,0.69,0.38,0.38,0,0,FIRM
C,"END OF REPORT",15
