C,NEMP.WORLD,TRADINGIS,AEMO,PUBLIC,2025/05/27,02:00:14,0000000465030507,TRADINGIS,0000000465030506
I,TRADING,INTERCONNECTORRES,2,SETTLEMENTDATE,RUNNO,INTERCONNECTORID,PERIODID,METEREDMWFLOW,MWFLOW,MWLOSSES,LASTCHANGED
D,TRADING,INTERCONNECTORRES,2,"2025/05/27 02:05:00",1,N-Q-MNSP1,25,9.3,9,0.6,"2025/05/27 02:00:07"
D,TRADING,INTERCONNECTORRES,2,"2025/05/27 02:05:00",1,NSW1-QLD1,25,452.9,523.43,24.6,"2025/05/27 02:00:07"
D,TRADING,INTERCONNECTORRES,2,"2025/05/27 02:05:00",1,T-V-MNSP1,25,-470.6,-458.82,23.68,"2025/05/27 02:00:07"
D,TRADING,INTERCONNECTORRES,2,"2025/05/27 02:05:00",1,V-S-MNSP1,25,-145,-145.28,36.14,"2025/05/27 02:00:07"
D,TRADING,INTERCONNECTORRES,2,"2025/05/27 02:05:00",1,V-SA,25,-324.3,-318.26,5.07,"2025/05/27 02:00:07"
D,TRADING,INTERCONNECTORRES,2,"2025/05/27 02:05:00",1,VIC1-NSW1,25,891.51,938.87,93.29,"2025/05/27 02:00:07"
I,TRADING,PRICE,3,SETTLEMENTDATE,RUNNO,REGIONID,PERIODID,RRP,EEP,INVALIDFLAG,LASTCHANGED,ROP,RAISE6SECRRP,RAISE6SECROP,RAISE60SECRRP,RAISE60SECROP,RAISE5MINRRP,RAISE5MINROP,RAISEREGRRP,RAISEREGROP,LOWER6SECRRP,LOWER6SECROP,LOWER60SECRRP,LOWER60SECROP,LOWER5MINRRP,LOWER5MINROP,LOWERREGRRP,LOWERREGROP,RAISE1SECRRP,RAISE1SECROP,LOWER1SECRRP,LOWER1SECROP,PRICE_STATUS
D,TRADING,PRICE,3,"2025/05/27 02:05:00",1,SA1,25,-13.2,0,0,"2025/05/27 02:00:07",-13.2,0.01,0.01,0.01,0.01,0.01,0.01,5.99,5.99,0.38,0.38,0.38,0.38,0.1,0.1,3.59,3.59,0.04,0.04,0,0,FIRM
D,TRADING,PRICE,3,"2025/05/27 02:05:00",1,NSW1,25,41.05,0,0,"2025/05/27 02:00:07",41.05,0.01,0.01,0.01,0.01,0.01,0.01,5.99,5.99,0.38,0.38,0.38,0.38,0.1,0.1,3.59,3.59,0.04,0.04,0,0,FIRM
D,TRADING,PRICE,3,"2025/05/27 02:05:00",1,QLD1,25,44.94,0,0,"2025/05/27 02:00:07",44.94,0.01,0.01,0.01,0.01,0.01,0.01,5.99,5.99,0.38,0.38,0.38,0.38,0.1,0.1,3.59,3.59,0.04,0.04,0,0,FIRM
D,TRADING,PRICE,3,"2025/05/27 02:05:00",1,TAS1,25,160.02,0,0,"2025/05/27 02:00:07",160.02,0.38,0.38,0.38,0.38,0.01,0.01,8.8,8.8,0.38,0.38,0.38,0.38,0,0,1.55,1.55,0.04,0.04,0,0,FIRM
D,TRADING,PRICE,3,"2025/05/27 02:05:00",1,VIC1,25,-13.91,0,0,"2025/05/27 02:00:07",-13.91,0.01,0.01,0.01,0.01,0.01,0.01,5.99,5.99,0.38,0.38,0.38,0.38,0.1,0.1,3.59,3.59,0.04,0.04,0,0,FIRM
C,"END OF REPORT",15
