C,NEMP.WORLD,TRADINGIS,AEMO,PUBLIC,2025/05/27,19:55:10,0000000465144867,TRADINGIS,0000000465144866
I,TRADING,INTERCONNECTORRES,2,SETTLEMENTDATE,RUNNO,INTERCONNECTORID,PERIODID,METEREDMWFLOW,MWFLOW,MWLOSSES,LASTCHANGED
D,TRADING,INTERCONNECTORRES,2,"2025/05/27 20:00:00",1,N-Q-MNSP1,240,-8.5,-9,-0.16,"2025/05/27 19:55:03"
D,TRADING,INTERCONNECTORRES,2,"2025/05/27 20:00:00",1,NSW1-QLD1,240,-351.9,-368.75,-8.84,"2025/05/27 19:55:03"
D,TRADING,INTERCONNECTORRES,2,"2025/05/27 20:00:00",1,T-V-MNSP1,240,-271,-251.01,7.54,"2025/05/27 19:55:03"
D,TRADING,INTERCONNECTORRES,2,"2025/05/27 20:00:00",1,V-S-MNSP1,240,63,63,0.15,"2025/05/27 19:55:03"
D,TRADING,INTERCONNECTORRES,2,"2025/05/27 20:00:00",1,V-SA,240,306.62,301.72,11.9,"2025/05/27 19:55:03"
D,TRADING,INTERCONNECTORRES,2,"2025/05/27 20:00:00",1,VIC1-NSW1,240,-274.99,-333.99,7.36,"2025/05/27 19:55:03"
I,TRADING,PRICE,3,SETTLEMENTDATE,RUNNO,REGIONID,PERIODID,RRP,EEP,INVALIDFLAG,LASTCHANGED,ROP,RAISE6SECRRP,RAISE6SECROP,RAISE60SECRRP,RAISE60SECROP,RAISE5MINRRP,RAISE5MINROP,RAISEREGRRP,RAISEREGROP,LOWER6SECRRP,LOWER6SECROP,LOWER60SECRRP,LOWER60SECROP,LOWER5MINRRP,LOWER5MINROP,LOWERREGRRP,LOWERREGROP,RAISE1SECRRP,RAISE1SECROP,LOWER1SECRRP,LOWER1SECROP,PRICE_STATUS
D,TRADING,PRICE,3,"2025/05/27 20:00:00",1,SA1,240,104.34,0,0,"2025/05/27 19:55:03",104.34,0.38,0.38,0.1,0.1,0.1,0.1,2,2,0.1,0.1,0.38,0.38,0.1,0.1,3.49,3.49,0.36,0.36,0,0,FIRM
D,TRADING,PRICE,3,"2025/05/27 20:00:00",1,NSW1,240,85.3,0,0,"2025/05/27 19:55:03",85.3,0.38,0.38,0.1,0.1,0.1,0.1,2,2,0.1,0.1,0.38,0.38,0.1,0.1,3.49,3.49,0.36,0.36,0,0,FIRM
D,TRADING,PRICE,3,"2025/05/27 20:00:00",1,QLD1,240,84.45,0,0,"2025/05/27 19:55:03",84.45,0.38,0.38,0.1,0.1,0.1,0.1,2,2,0.1,0.1,0.38,0.38,0.1,0.1,3.49,3.49,0.36,0.36,0,0,FIRM
D,TRADING,PRICE,3,"2025/05/27 20:00:00",1,TAS1,240,101.04,0,0,"2025/05/27 19:55:03",101.04,0.38,0.38,0.36,0.36,0.1,0.1,7.4,7.4,0.1,0.1,0.38,0.38,0.1,0.1,3.48,3.48,0.36,0.36,0,0,FIRM
D,TRADING,PRICE,3,"2025/05/27 20:00:00",1,VIC1,240,97.07,0,0,"2025/05/27 19:55:03",97.07,0.38,0.38,0.1,0.1,0.1,0.1,2,2,0.1,0.1,0.38,0.38,0.1,0.1,3.49,3.49,0.36,0.36,0,0,FIRM
C,"END OF REPORT",15
