C,NEMP.WORLD,TRADINGIS,AEMO,PUBLIC,2025/05/26,11:50:16,0000000464940254,TRADINGIS,0000000464940253
I,TRADING,INTERCONNECTORRES,2,SETTLEMENTDATE,RUNNO,INTERCONNECTORID,PERIODID,METEREDMWFLOW,MWFLOW,MWLOSSES,LASTCHANGED
D,TRADING,INTERCONNECTORRES,2,"2025/05/26 11:55:00",1,N-Q-MNSP1,143,-33.1,-33,1.59,"2025/05/26 11:50:08"
D,TRADING,INTERCONNECTORRES,2,"2025/05/26 11:55:00",1,NSW1-QLD1,143,-908,-780.93,53.51,"2025/05/26 11:50:08"
D,TRADING,INTERCONNECTORRES,2,"2025/05/26 11:55:00",1,T-V-MNSP1,143,-454.8,-452.58,23.06,"2025/05/26 11:50:08"
D,TRADING,INTERCONNECTORRES,2,"2025/05/26 11:55:00",1,V-S-MNSP1,143,153,115.08,7.51,"2025/05/26 11:50:08"
D,TRADING,INTERCONNECTORRES,2,"2025/05/26 11:55:00",1,V-SA,143,281.18,250.1,19.54,"2025/05/26 11:50:08"
D,TRADING,INTERCONNECTORRES,2,"2025/05/26 11:55:00",1,VIC1-NSW1,143,518.25,874.03,65.78,"2025/05/26 11:50:08"
I,TRADING,PRICE,3,SETTLEMENTDATE,RUNNO,REGIONID,PERIODID,RRP,EEP,INVALIDFLAG,LASTCHANGED,ROP,RAISE6SECRRP,RAISE6SECROP,RAISE60SECRRP,RAISE60SECROP,RAISE5MINRRP,RAISE5MINROP,RAISEREGRRP,RAISEREGROP,LOWER6SECRRP,LOWER6SECROP,LOWER60SECRRP,LOWER60SECROP,LOWER5MINRRP,LOWER5MINROP,LOWERREGRRP,LOWERREGROP,RAISE1SECRRP,RAISE1SECROP,LOWER1SECRRP,LOWER1SECROP,PRICE_STATUS
D,TRADING,PRICE,3,"2025/05/26 11:55:00",1,SA1,143,-21,0,0,"2025/05/26 11:50:08",-21,0.1,0.1,0.01,0.01,0.04,0.04,7.85,7.85,0.1,0.1,0.38,0.38,0.01,0.01,0.01,0.01,0.36,0.36,0,0,FIRM
D,TRADING,PRICE,3,"2025/05/26 11:55:00",1,NSW1,143,26.18,0,0,"2025/05/26 11:50:08",26.18,0.1,0.1,0.01,0.01,0.04,0.04,7.85,7.85,0.1,0.1,0.38,0.38,0.01,0.01,0.01,0.01,0.36,0.36,0,0,FIRM
D,TRADING,PRICE,3,"2025/05/26 11:55:00",1,QLD1,143,22.73,0,0,"2025/05/26 11:50:08",22.73,0.1,0.1,0.01,0.01,0.04,0.04,7.85,7.85,0.1,0.1,0.38,0.38,0.01,0.01,0.01,0.01,0.36,0.36,0,0,FIRM
D,TRADING,PRICE,3,"2025/05/26 11:55:00",1,TAS1,143,34.28,0,0,"2025/05/26 11:50:08",34.28,18.19,18.19,4.61,4.61,0.38,0.38,9.8,9.8,0.1,0.1,0.38,0.38,0,0,2.55,2.55,0.36,0.36,0,0,FIRM
D,TRADING,PRICE,3,"2025/05/26 11:55:00",1,VIC1,143,-20.19,0,0,"2025/05/26 11:50:08",-20.19,0.1,0.1,0.01,0.01,0.04,0.04,7.85,7.85,0.1,0.1,0.38,0.38,0.01,0.01,0.01,0.01,0.36,0.36,0,0,FIRM
C,"END OF REPORT",15
