C,NEMP.WORLD,TRADINGIS,AEMO,PUBLIC,2025/05/28,18:35:11,0000000465281722,TRADINGIS,0000000465281721
I,TRADING,INTERCONNECTORRES,2,SETTLEMENTDATE,RUNNO,INTERCONNECTORID,PERIODID,METEREDMWFLOW,MWFLOW,MWLOSSES,LASTCHANGED
D,TRADING,INTERCONNECTORRES,2,"2025/05/28 18:40:00",1,N-Q-MNSP1,224,-25.8,-25,0.65,"2025/05/28 18:35:04"
D,TRADING,INTERCONNECTORRES,2,"2025/05/28 18:40:00",1,NSW1-QLD1,224,-818.9,-977.55,22.55,"2025/05/28 18:35:04"
D,TRADING,INTERCONNECTORRES,2,"2025/05/28 18:40:00",1,T-V-MNSP1,224,58.6,78.11,0.33,"2025/05/28 18:35:04"
D,TRADING,INTERCONNECTORRES,2,"2025/05/28 18:40:00",1,V-S-MNSP1,224,72,63,0.15,"2025/05/28 18:35:04"
D,TRADING,INTERCONNECTORRES,2,"2025/05/28 18:40:00",1,V-SA,224,342.97,328.41,14.86,"2025/05/28 18:35:04"
D,TRADING,INTERCONNECTORRES,2,"2025/05/28 18:40:00",1,VIC1-NSW1,224,-631.32,-514,22.8,"2025/05/28 18:35:04"
I,TRADING,PRICE,3,SETTLEMENTDATE,RUNNO,REGIONID,PERIODID,RRP,EEP,INVALIDFLAG,LASTCHANGED,ROP,RAISE6SECRRP,RAISE6SECROP,RAISE60SECRRP,RAISE60SECROP,RAISE5MINRRP,RAISE5MINROP,RAISEREGRRP,RAISEREGROP,LOWER6SECRRP,LOWER6SECROP,LOWER60SECRRP,LOWER60SECROP,LOWER5MINRRP,LOWER5MINROP,LOWERREGRRP,LOWERREGROP,RAISE1SECRRP,RAISE1SECROP,LOWER1SECRRP,LOWER1SECROP,PRICE_STATUS
D,TRADING,PRICE,3,"2025/05/28 18:40:00",1,SA1,224,150.96,0,0,"2025/05/28 18:35:04",150.96,0.37,0.37,0.1,0.1,0.1,0.1,6,6,0.1,0.1,0.38,0.38,0.1,0.1,15.17,15.17,0.04,0.04,0,0,FIRM
D,TRADING,PRICE,3,"2025/05/28 18:40:00",1,NSW1,224,127.57,0,0,"2025/05/28 18:35:04",127.57,0.37,0.37,0.1,0.1,0.1,0.1,6,6,0.1,0.1,0.38,0.38,0.1,0.1,15.17,15.17,0.04,0.04,0,0,FIRM
D,TRADING,PRICE,3,"2025/05/28 18:40:00",1,QLD1,224,113.83,0,0,"2025/05/28 18:35:04",113.83,0.37,0.37,0.1,0.1,0.1,0.1,6,6,0.1,0.1,0.38,0.38,0.1,0.1,15.17,15.17,0.04,0.04,0,0,FIRM
D,TRADING,PRICE,3,"2025/05/28 18:40:00",1,TAS1,224,150.24,0,0,"2025/05/28 18:35:04",150.24,1.04,1.04,0.38,0.38,0.38,0.38,9.55,9.55,0.1,0.1,0.38,0.38,0,0,3.48,3.48,0.04,0.04,0,0,FIRM
D,TRADING,PRICE,3,"2025/05/28 18:40:00",1,VIC1,224,139,0,0,"2025/05/28 18:35:04",139,0.37,0.37,0.1,0.1,0.1,0.1,6,6,0.1,0.1,0.38,0.38,0.1,0.1,15.17,15.17,0.04,0.04,0,0,FIRM
C,"END OF REPORT",15
