C,NEMP.WORLD,TRADINGIS,AEMO,PUBLIC,2025/05/27,10:00:11,0000000465078855,TRADINGIS,0000000465078854
I,TRADING,INTERCONNECTORRES,2,SETTLEMENTDATE,RUNNO,INTERCONNECTORID,PERIODID,METEREDMWFLOW,MWFLOW,MWLOSSES,LASTCHANGED
D,TRADING,INTERCONNECTORRES,2,"2025/05/27 10:05:00",1,N-Q-MNSP1,121,-15.8,-25,0.65,"2025/05/27 10:00:03"
D,TRADING,INTERCONNECTORRES,2,"2025/05/27 10:05:00",1,NSW1-QLD1,121,-299.2,-434.89,16.06,"2025/05/27 10:00:03"
D,TRADING,INTERCONNECTORRES,2,"2025/05/27 10:05:00",1,T-V-MNSP1,121,-464.5,-462.73,24.07,"2025/05/27 10:00:03"
D,TRADING,INTERCONNECTORRES,2,"2025/05/27 10:05:00",1,V-S-MNSP1,121,-70,-45.01,5.75,"2025/05/27 10:00:03"
D,TRADING,INTERCONNECTORRES,2,"2025/05/27 10:05:00",1,V-SA,121,-244.58,-245.74,6.31,"2025/05/27 10:00:03"
D,TRADING,INTERCONNECTORRES,2,"2025/05/27 10:05:00",1,VIC1-NSW1,121,891.94,825.5,75.64,"2025/05/27 10:00:03"
I,TRADING,PRICE,3,SETTLEMENTDATE,RUNNO,REGIONID,PERIODID,RRP,EEP,INVALIDFLAG,LASTCHANGED,ROP,RAISE6SECRRP,RAISE6SECROP,RAISE60SECRRP,RAISE60SECROP,RAISE5MINRRP,RAISE5MINROP,RAISEREGRRP,RAISEREGROP,LOWER6SECRRP,LOWER6SECROP,LOWER60SECRRP,LOWER60SECROP,LOWER5MINRRP,LOWER5MINROP,LOWERREGRRP,LOWERREGROP,RAISE1SECRRP,RAISE1SECROP,LOWER1SECRRP,LOWER1SECROP,PRICE_STATUS
D,TRADING,PRICE,3,"2025/05/27 10:05:00",1,SA1,121,3.36,0,0,"2025/05/27 10:00:03",3.36,0.01,0.01,0.01,0.01,0.09,0.09,9.24,9.24,0.1,0.1,0.38,0.38,0.1,0.1,6,6,0.36,0.36,0,0,FIRM
D,TRADING,PRICE,3,"2025/05/27 10:05:00",1,NSW1,121,65.82,0,0,"2025/05/27 10:00:03",65.82,0.01,0.01,0.01,0.01,0.09,0.09,9.24,9.24,0.1,0.1,0.38,0.38,0.1,0.1,6,6,0.36,0.36,0,0,FIRM
D,TRADING,PRICE,3,"2025/05/27 10:05:00",1,QLD1,121,60.88,0,0,"2025/05/27 10:00:03",60.88,0.01,0.01,0.01,0.01,0.09,0.09,9.24,9.24,0.1,0.1,0.38,0.38,0.1,0.1,6,6,0.36,0.36,0,0,FIRM
D,TRADING,PRICE,3,"2025/05/27 10:05:00",1,TAS1,121,35.24,0,0,"2025/05/27 10:00:03",35.24,0.38,0.38,0.38,0.38,0.09,0.09,7.4,7.4,0.1,0.1,0.38,0.38,0,0,2.48,2.48,0.36,0.36,0,0,FIRM
D,TRADING,PRICE,3,"2025/05/27 10:05:00",1,VIC1,121,3.54,0,0,"2025/05/27 10:00:03",3.54,0.01,0.01,0.01,0.01,0.09,0.09,9.24,9.24,0.1,0.1,0.38,0.38,0.1,0.1,6,6,0.36,0.36,0,0,FIRM
C,"END OF REPORT",15
