C,NEMP.WORLD,TRADINGIS,AEMO,PUBLIC,2025/05/29,21:00:15,0000000465439567,TRADINGIS,0000000465439566
I,TRADING,INTERCONNECTORRES,2,SETTLEMENTDATE,RUNNO,INTERCONNECTORID,PERIODID,METEREDMWFLOW,MWFLOW,MWLOSSES,LASTCHANGED
D,TRADING,INTERCONNECTORRES,2,"2025/05/29 21:05:00",1,N-Q-MNSP1,253,-12.1,-9,-0.16,"2025/05/29 21:00:05"
D,TRADING,INTERCONNECTORRES,2,"2025/05/29 21:05:00",1,NSW1-QLD1,253,-276.1,-297.25,-6.86,"2025/05/29 21:00:05"
D,TRADING,INTERCONNECTORRES,2,"2025/05/29 21:05:00",1,T-V-MNSP1,253,-349.8,-294.04,10.14,"2025/05/29 21:00:05"
D,TRADING,INTERCONNECTORRES,2,"2025/05/29 21:05:00",1,V-S-MNSP1,253,18,27,-1.11,"2025/05/29 21:00:05"
D,TRADING,INTERCONNECTORRES,2,"2025/05/29 21:05:00",1,V-SA,253,-222.21,-118.08,0.69,"2025/05/29 21:00:05"
D,TRADING,INTERCONNECTORRES,2,"2025/05/29 21:05:00",1,VIC1-NSW1,253,-43.04,-14.87,-0.06,"2025/05/29 21:00:05"
I,TRADING,PRICE,3,SETTLEMENTDATE,RUNNO,REGIONID,PERIODID,RRP,EEP,INVALIDFLAG,LASTCHANGED,ROP,RAISE6SECRRP,RAISE6SECROP,RAISE60SECRRP,RAISE60SECROP,RAISE5MINRRP,RAISE5MINROP,RAISEREGRRP,RAISEREGROP,LOWER6SECRRP,LOWER6SECROP,LOWER60SECRRP,LOWER60SECROP,LOWER5MINRRP,LOWER5MINROP,LOWERREGRRP,LOWERREGROP,RAISE1SECRRP,RAISE1SECROP,LOWER1SECRRP,LOWER1SECROP,PRICE_STATUS
D,TRADING,PRICE,3,"2025/05/29 21:05:00",1,SA1,253,136.56,0,0,"2025/05/29 21:00:05",136.56,0.38,0.38,0.23,0.23,0.23,0.23,5.99,5.99,0.1,0.1,0.38,0.38,0.01,0.01,0.01,0.01,0.1,0.1,0,0,FIRM
D,TRADING,PRICE,3,"2025/05/29 21:05:00",1,NSW1,253,164.39,0,0,"2025/05/29 21:00:05",164.39,0.38,0.38,0.23,0.23,0.23,0.23,5.99,5.99,0.1,0.1,0.38,0.38,0.01,0.01,0.01,0.01,0.1,0.1,0,0,FIRM
D,TRADING,PRICE,3,"2025/05/29 21:05:00",1,QLD1,253,163.55,0,0,"2025/05/29 21:00:05",163.55,0.38,0.38,0.23,0.23,0.23,0.23,5.99,5.99,0.1,0.1,0.38,0.38,0.01,0.01,0.01,0.01,0.1,0.1,0,0,FIRM
D,TRADING,PRICE,3,"2025/05/29 21:05:00",1,TAS1,253,145.81,0,0,"2025/05/29 21:00:05",145.81,0.38,0.38,0.38,0.38,0.23,0.23,7.54,7.54,0.1,0.1,0.38,0.38,0.01,0.01,3.46,3.46,0.1,0.1,0,0,FIRM
D,TRADING,PRICE,3,"2025/05/29 21:05:00",1,VIC1,253,139,0,0,"2025/05/29 21:00:05",139,0.38,0.38,0.23,0.23,0.23,0.23,5.99,5.99,0.1,0.1,0.38,0.38,0.01,0.01,0.01,0.01,0.1,0.1,0,0,FIRM
C,"END OF REPORT",15
