C,NEMP.WORLD,TRADINGIS,AEMO,PUBLIC,2025/05/29,13:30:11,0000000465392559,TRADINGIS,0000000465392558
I,TRADING,INTERCONNECTORRES,2,SETTLEMENTDATE,RUNNO,INTERCONNECTORID,PERIODID,METEREDMWFLOW,MWFLOW,MWLOSSES,LASTCHANGED
D,TRADING,INTERCONNECTORRES,2,"2025/05/29 13:35:00",1,N-Q-MNSP1,163,-11.4,-9,-0.16,"2025/05/29 13:30:03"
D,TRADING,INTERCONNECTORRES,2,"2025/05/29 13:35:00",1,NSW1-QLD1,163,-141.3,-60.86,-0.71,"2025/05/29 13:30:03"
D,TRADING,INTERCONNECTORRES,2,"2025/05/29 13:35:00",1,T-V-MNSP1,163,-444.4,-453.68,23.17,"2025/05/29 13:30:03"
D,TRADING,INTERCONNECTORRES,2,"2025/05/29 13:35:00",1,V-S-MNSP1,163,-9,-17.47,1.66,"2025/05/29 13:30:03"
D,TRADING,INTERCONNECTORRES,2,"2025/05/29 13:35:00",1,V-SA,163,-275.67,-323,22.91,"2025/05/29 13:30:03"
D,TRADING,INTERCONNECTORRES,2,"2025/05/29 13:35:00",1,VIC1-NSW1,163,451.55,546.57,67.91,"2025/05/29 13:30:03"
I,TRADING,PRICE,3,SETTLEMENTDATE,RUNNO,REGIONID,PERIODID,RRP,EEP,INVALIDFLAG,LASTCHANGED,ROP,RAISE6SECRRP,RAISE6SECROP,RAISE60SECRRP,RAISE60SECROP,RAISE5MINRRP,RAISE5MINROP,RAISEREGRRP,RAISEREGROP,LOWER6SECRRP,LOWER6SECROP,LOWER60SECRRP,LOWER60SECROP,LOWER5MINRRP,LOWER5MINROP,LOWERREGRRP,LOWERREGROP,RAISE1SECRRP,RAISE1SECROP,LOWER1SECRRP,LOWER1SECROP,PRICE_STATUS
D,TRADING,PRICE,3,"2025/05/29 13:35:00",1,SA1,163,49.05,0,0,"2025/05/29 13:30:03",49.05,0.01,0.01,0.01,0.01,0.1,0.1,4.29,4.29,0.38,0.38,0.39,0.39,0.38,0.38,0.72,0.72,0.38,0.38,0,0,FIRM
D,TRADING,PRICE,3,"2025/05/29 13:35:00",1,NSW1,163,65.01,0,0,"2025/05/29 13:30:03",65.01,0.01,0.01,0.01,0.01,0.1,0.1,4.29,4.29,0.38,0.38,0.39,0.39,0.38,0.38,0.72,0.72,0.38,0.38,0,0,FIRM
D,TRADING,PRICE,3,"2025/05/29 13:35:00",1,QLD1,163,83.73,0,0,"2025/05/29 13:30:03",83.73,4.85,4.85,4.85,4.85,1.8,1.8,5.99,5.99,0.38,0.38,0.38,0.38,0.38,0.38,0.72,0.72,0.38,0.38,0,0,FIRM
D,TRADING,PRICE,3,"2025/05/29 13:35:00",1,TAS1,163,100.12,0,0,"2025/05/29 13:30:03",100.12,0.38,0.38,0.38,0.38,0.1,0.1,7.54,7.54,0.38,0.38,0.39,0.39,0,0,2.46,2.46,0.38,0.38,0,0,FIRM
D,TRADING,PRICE,3,"2025/05/29 13:35:00",1,VIC1,163,54.67,0,0,"2025/05/29 13:30:03",54.67,0.01,0.01,0.01,0.01,0.1,0.1,4.29,4.29,0.38,0.38,0.39,0.39,0.38,0.38,0.72,0.72,0.38,0.38,0,0,FIRM
C,"END OF REPORT",15
