C,NEMP.WORLD,TRADINGIS,AEMO,PUBLIC,2025/05/26,22:45:15,0000000465010790,TRADINGIS,0000000465010789
I,TRADING,INTERCONNECTORRES,2,SETTLEMENTDATE,RUNNO,INTERCONNECTORID,PERIODID,METEREDMWFLOW,MWFLOW,MWLOSSES,LASTCHANGED
D,TRADING,INTERCONNECTORRES,2,"2025/05/26 22:50:00",1,N-Q-MNSP1,274,8,9,0.6,"2025/05/26 22:45:08"
D,TRADING,INTERCONNECTORRES,2,"2025/05/26 22:50:00",1,NSW1-QLD1,274,293.3,303.7,15.45,"2025/05/26 22:45:08"
D,TRADING,INTERCONNECTORRES,2,"2025/05/26 22:50:00",1,T-V-MNSP1,274,-467.6,-452.88,23.09,"2025/05/26 22:45:08"
D,TRADING,INTERCONNECTORRES,2,"2025/05/26 22:50:00",1,V-S-MNSP1,274,-145,-146.47,36.66,"2025/05/26 22:45:08"
D,TRADING,INTERCONNECTORRES,2,"2025/05/26 22:50:00",1,V-SA,274,-323.32,-318.48,5.68,"2025/05/26 22:45:08"
D,TRADING,INTERCONNECTORRES,2,"2025/05/26 22:50:00",1,VIC1-NSW1,274,1071.32,1088.69,115.12,"2025/05/26 22:45:08"
I,TRADING,PRICE,3,SETTLEMENTDATE,RUNNO,REGIONID,PERIODID,RRP,EEP,INVALIDFLAG,LASTCHANGED,ROP,RAISE6SECRRP,RAISE6SECROP,RAISE60SECRRP,RAISE60SECROP,RAISE5MINRRP,RAISE5MINROP,RAISEREGRRP,RAISEREGROP,LOWER6SECRRP,LOWER6SECROP,LOWER60SECRRP,LOWER60SECROP,LOWER5MINRRP,LOWER5MINROP,LOWERREGRRP,LOWERREGROP,RAISE1SECRRP,RAISE1SECROP,LOWER1SECRRP,LOWER1SECROP,PRICE_STATUS
D,TRADING,PRICE,3,"2025/05/26 22:50:00",1,SA1,274,-7.98,0,0,"2025/05/26 22:45:08",-7.98,0.1,0.1,0.1,0.1,0.1,0.1,5,5,0.1,0.1,0.38,0.38,0.1,0.1,2,2,0.81,0.81,0,0,FIRM
D,TRADING,PRICE,3,"2025/05/26 22:50:00",1,NSW1,274,50.66,0,0,"2025/05/26 22:45:08",50.66,0.1,0.1,0.1,0.1,0.1,0.1,5,5,0.1,0.1,0.38,0.38,0.1,0.1,2,2,0.81,0.81,0,0,FIRM
D,TRADING,PRICE,3,"2025/05/26 22:50:00",1,QLD1,274,54.76,0,0,"2025/05/26 22:45:08",54.76,0.1,0.1,0.1,0.1,0.1,0.1,5,5,0.1,0.1,0.38,0.38,0.1,0.1,2,2,0.81,0.81,0,0,FIRM
D,TRADING,PRICE,3,"2025/05/26 22:50:00",1,TAS1,274,55.24,0,0,"2025/05/26 22:45:08",55.24,0.38,0.38,0.38,0.38,0.1,0.1,8.8,8.8,0.1,0.1,0.38,0.38,0,0,2.55,2.55,0.81,0.81,0,0,FIRM
D,TRADING,PRICE,3,"2025/05/26 22:50:00",1,VIC1,274,-8.42,0,0,"2025/05/26 22:45:08",-8.42,0.1,0.1,0.1,0.1,0.1,0.1,5,5,0.1,0.1,0.38,0.38,0.1,0.1,2,2,0.81,0.81,0,0,FIRM
C,"END OF REPORT",15
