C,NEMP.WORLD,TRADINGIS,AEMO,PUBLIC,2025/05/26,15:15:18,0000000464963216,TRADINGIS,0000000464963215
I,TRADING,INTERCONNECTORRES,2,SETTLEMENTDATE,RUNNO,INTERCONNECTORID,PERIODID,METEREDMWFLOW,MWFLOW,MWLOSSES,LASTCHANGED
D,TRADING,INTERCONNECTORRES,2,"2025/05/26 15:20:00",1,N-Q-MNSP1,184,-18.8,-17,0.07,"2025/05/26 15:15:08"
D,TRADING,INTERCONNECTORRES,2,"2025/05/26 15:20:00",1,NSW1-QLD1,184,-511,-595.48,9.61,"2025/05/26 15:15:08"
D,TRADING,INTERCONNECTORRES,2,"2025/05/26 15:20:00",1,T-V-MNSP1,184,-384.6,-437.5,21.61,"2025/05/26 15:15:08"
D,TRADING,INTERCONNECTORRES,2,"2025/05/26 15:20:00",1,V-S-MNSP1,184,73,91.27,3.33,"2025/05/26 15:15:08"
D,TRADING,INTERCONNECTORRES,2,"2025/05/26 15:20:00",1,V-SA,184,-108.12,-267.49,4.26,"2025/05/26 15:15:08"
D,TRADING,INTERCONNECTORRES,2,"2025/05/26 15:20:00",1,VIC1-NSW1,184,846.22,852.02,83.01,"2025/05/26 15:15:08"
I,TRADING,PRICE,3,SETTLEMENTDATE,RUNNO,REGIONID,PERIODID,RRP,EEP,INVALIDFLAG,LASTCHANGED,ROP,RAISE6SECRRP,RAISE6SECROP,RAISE60SECRRP,RAISE60SECROP,RAISE5MINRRP,RAISE5MINROP,RAISEREGRRP,RAISEREGROP,LOWER6SECRRP,LOWER6SECROP,LOWER60SECRRP,LOWER60SECROP,LOWER5MINRRP,LOWER5MINROP,LOWERREGRRP,LOWERREGROP,RAISE1SECRRP,RAISE1SECROP,LOWER1SECRRP,LOWER1SECROP,PRICE_STATUS
D,TRADING,PRICE,3,"2025/05/26 15:20:00",1,SA1,184,-18.62,0,0,"2025/05/26 15:15:08",-18.62,0.37,0.37,0.1,0.1,0.1,0.1,7.99,7.99,0.38,0.38,0.38,0.38,0.38,0.38,1,1,0.38,0.38,0.01,0.01,FIRM
D,TRADING,PRICE,3,"2025/05/26 15:20:00",1,NSW1,184,65.01,0,0,"2025/05/26 15:15:08",65.01,0.37,0.37,0.1,0.1,0.1,0.1,7.99,7.99,0.38,0.38,0.38,0.38,0.38,0.38,1,1,0.38,0.38,0.01,0.01,FIRM
D,TRADING,PRICE,3,"2025/05/26 15:20:00",1,QLD1,184,60.42,0,0,"2025/05/26 15:15:08",60.42,0.37,0.37,0.1,0.1,0.1,0.1,7.99,7.99,0.38,0.38,0.38,0.38,0.38,0.38,1,1,0.38,0.38,0.01,0.01,FIRM
D,TRADING,PRICE,3,"2025/05/26 15:20:00",1,TAS1,184,11.25,0,0,"2025/05/26 15:15:08",11.25,0.38,0.38,0.38,0.38,0.1,0.1,8.8,8.8,0.38,0.38,0.38,0.38,0,0,2.55,2.55,0.38,0.38,0.01,0.01,FIRM
D,TRADING,PRICE,3,"2025/05/26 15:20:00",1,VIC1,184,-19.5,0,0,"2025/05/26 15:15:08",-19.5,0.37,0.37,0.1,0.1,0.1,0.1,7.99,7.99,0.38,0.38,0.38,0.38,0.38,0.38,1,1,0.38,0.38,0.01,0.01,FIRM
C,"END OF REPORT",15
