C,NEMP.WORLD,TRADINGIS,AEMO,PUBLIC,2025/05/29,17:40:11,0000000465419113,TRADINGIS,0000000465419112
I,TRADING,INTERCONNECTORRES,2,SETTLEMENTDATE,RUNNO,INTERCONNECTORID,PERIODID,METEREDMWFLOW,MWFLOW,MWLOSSES,LASTCHANGED
D,TRADING,INTERCONNECTORRES,2,"2025/05/29 17:45:00",1,N-Q-MNSP1,213,-17.9,-9,-0.16,"2025/05/29 17:40:03"
D,TRADING,INTERCONNECTORRES,2,"2025/05/29 17:45:00",1,NSW1-QLD1,213,-675.2,-546.69,-10.95,"2025/05/29 17:40:03"
D,TRADING,INTERCONNECTORRES,2,"2025/05/29 17:45:00",1,T-V-MNSP1,213,249.6,386.2,13.99,"2025/05/29 17:40:03"
D,TRADING,INTERCONNECTORRES,2,"2025/05/29 17:45:00",1,V-S-MNSP1,213,27,27,-1.11,"2025/05/29 17:40:03"
D,TRADING,INTERCONNECTORRES,2,"2025/05/29 17:45:00",1,V-SA,213,-47.39,-44.46,0.48,"2025/05/29 17:40:03"
D,TRADING,INTERCONNECTORRES,2,"2025/05/29 17:45:00",1,VIC1-NSW1,213,214.29,251.02,8.98,"2025/05/29 17:40:03"
I,TRADING,PRICE,3,SETTLEMENTDATE,RUNNO,REGIONID,PERIODID,RRP,EEP,INVALIDFLAG,LASTCHANGED,ROP,RAISE6SECRRP,RAISE6SECROP,RAISE60SECRRP,RAISE60SECROP,RAISE5MINRRP,RAISE5MINROP,RAISEREGRRP,RAISEREGROP,LOWER6SECRRP,LOWER6SECROP,LOWER60SECRRP,LOWER60SECROP,LOWER5MINRRP,LOWER5MINROP,LOWERREGRRP,LOWERREGROP,RAISE1SECRRP,RAISE1SECROP,LOWER1SECRRP,LOWER1SECROP,PRICE_STATUS
D,TRADING,PRICE,3,"2025/05/29 17:45:00",1,SA1,213,208.41,0,0,"2025/05/29 17:40:03",208.41,0.39,0.39,0.38,0.38,0.24,0.24,9.89,9.89,0.38,0.38,0.38,0.38,0.38,0.38,7.95,7.95,0.04,0.04,0,0,FIRM
D,TRADING,PRICE,3,"2025/05/29 17:45:00",1,NSW1,213,499.96,0,0,"2025/05/29 17:40:03",499.96,0.39,0.39,0.38,0.38,0.24,0.24,9.89,9.89,0.38,0.38,0.38,0.38,0.38,0.38,7.95,7.95,0.04,0.04,0,0,FIRM
D,TRADING,PRICE,3,"2025/05/29 17:45:00",1,QLD1,213,485.88,0,0,"2025/05/29 17:40:03",485.88,0.39,0.39,0.38,0.38,0.24,0.24,9.89,9.89,0.38,0.38,0.38,0.38,0.38,0.38,7.95,7.95,0.04,0.04,0,0,FIRM
D,TRADING,PRICE,3,"2025/05/29 17:45:00",1,TAS1,213,192.34,0,0,"2025/05/29 17:40:03",192.34,0.39,0.39,0.38,0.38,0.24,0.24,7.54,7.54,0.38,0.38,0.38,0.38,0.38,0.38,2.46,2.46,0.04,0.04,0,0,FIRM
D,TRADING,PRICE,3,"2025/05/29 17:45:00",1,VIC1,213,211.65,0,0,"2025/05/29 17:40:03",211.65,0.39,0.39,0.38,0.38,0.24,0.24,9.89,9.89,0.38,0.38,0.38,0.38,0.38,0.38,7.95,7.95,0.04,0.04,0,0,FIRM
C,"END OF REPORT",15
