C,NEMP.WORLD,TRADINGIS,AEMO,PUBLIC,2025/05/29,14:45:11,0000000465400633,TRADINGIS,0000000465400632
I,TRADING,INTERCONNECTORRES,2,SETTLEMENTDATE,RUNNO,INTERCONNECTORID,PERIODID,METEREDMWFLOW,MWFLOW,MWLOSSES,LASTCHANGED
D,TRADING,INTERCONNECTORRES,2,"2025/05/29 14:50:00",1,N-Q-MNSP1,178,-4.6,-9,-0.16,"2025/05/29 14:45:03"
D,TRADING,INTERCONNECTORRES,2,"2025/05/29 14:50:00",1,NSW1-QLD1,178,-176.9,-150.19,-2.14,"2025/05/29 14:45:03"
D,TRADING,INTERCONNECTORRES,2,"2025/05/29 14:50:00",1,T-V-MNSP1,178,-460.9,-478,25.62,"2025/05/29 14:45:03"
D,TRADING,INTERCONNECTORRES,2,"2025/05/29 14:50:00",1,V-S-MNSP1,178,0,0,0,"2025/05/29 14:45:03"
D,TRADING,INTERCONNECTORRES,2,"2025/05/29 14:50:00",1,V-SA,178,-157.66,-208.75,11.39,"2025/05/29 14:45:03"
D,TRADING,INTERCONNECTORRES,2,"2025/05/29 14:50:00",1,VIC1-NSW1,178,463.65,403.18,42.47,"2025/05/29 14:45:03"
I,TRADING,PRICE,3,SETTLEMENTDATE,RUNNO,REGIONID,PERIODID,RRP,EEP,INVALIDFLAG,LASTCHANGED,ROP,RAISE6SECRRP,RAISE6SECROP,RAISE60SECRRP,RAISE60SECROP,RAISE5MINRRP,RAISE5MINROP,RAISEREGRRP,RAISEREGROP,LOWER6SECRRP,LOWER6SECROP,LOWER60SECRRP,LOWER60SECROP,LOWER5MINRRP,LOWER5MINROP,LOWERREGRRP,LOWERREGROP,RAISE1SECRRP,RAISE1SECROP,LOWER1SECRRP,LOWER1SECROP,PRICE_STATUS
D,TRADING,PRICE,3,"2025/05/29 14:50:00",1,SA1,178,0.36,0,0,"2025/05/29 14:45:03",0.36,0.23,0.23,0.1,0.1,0.1,0.1,9.25,9.25,0.38,0.38,0.39,0.39,0.39,0.39,0.39,0.39,0.38,0.38,0,0,FIRM
D,TRADING,PRICE,3,"2025/05/29 14:50:00",1,NSW1,178,199.36,0,0,"2025/05/29 14:45:03",199.36,0.23,0.23,0.1,0.1,0.1,0.1,9.25,9.25,0.38,0.38,0.39,0.39,0.39,0.39,0.39,0.39,0.38,0.38,0,0,FIRM
D,TRADING,PRICE,3,"2025/05/29 14:50:00",1,QLD1,178,200,0,0,"2025/05/29 14:45:03",200,0.23,0.23,0.1,0.1,0.1,0.1,9.25,9.25,0.38,0.38,0.39,0.39,0.39,0.39,0.39,0.39,0.38,0.38,0,0,FIRM
D,TRADING,PRICE,3,"2025/05/29 14:50:00",1,TAS1,178,75.13,0,0,"2025/05/29 14:45:03",75.13,0.38,0.38,0.38,0.38,0.38,0.38,7.54,7.54,0.38,0.38,0.38,0.38,0,0,2.46,2.46,0.38,0.38,0,0,FIRM
D,TRADING,PRICE,3,"2025/05/29 14:50:00",1,VIC1,178,0.39,0,0,"2025/05/29 14:45:03",0.39,0.23,0.23,0.1,0.1,0.1,0.1,9.25,9.25,0.38,0.38,0.39,0.39,0.39,0.39,0.39,0.39,0.38,0.38,0,0,FIRM
C,"END OF REPORT",15
