C,NEMP.WORLD,TRADINGIS,AEMO,PUBLIC,2025/05/29,14:50:12,0000000465401086,TRADINGIS,0000000465401085
I,TRADING,INTERCONNECTORRES,2,SETTLEMENTDATE,RUNNO,INTERCONNECTORID,PERIODID,METEREDMWFLOW,MWFLOW,MWLOSSES,LASTCHANGED
D,TRADING,INTERCONNECTORRES,2,"2025/05/29 14:55:00",1,N-Q-MNSP1,179,-10.8,0,0,"2025/05/29 14:50:05"
D,TRADING,INTERCONNECTORRES,2,"2025/05/29 14:55:00",1,NSW1-QLD1,179,-92.8,-50.86,-1.25,"2025/05/29 14:50:05"
D,TRADING,INTERCONNECTORRES,2,"2025/05/29 14:55:00",1,T-V-MNSP1,179,-448.7,-478,25.62,"2025/05/29 14:50:05"
D,TRADING,INTERCONNECTORRES,2,"2025/05/29 14:55:00",1,V-S-MNSP1,179,0,-45,5.75,"2025/05/29 14:50:05"
D,TRADING,INTERCONNECTORRES,2,"2025/05/29 14:55:00",1,V-SA,179,-194.44,-148.63,7.21,"2025/05/29 14:50:05"
D,TRADING,INTERCONNECTORRES,2,"2025/05/29 14:55:00",1,VIC1-NSW1,179,438.12,288.41,27.76,"2025/05/29 14:50:05"
I,TRADING,PRICE,3,SETTLEMENTDATE,RUNNO,REGIONID,PERIODID,RRP,EEP,INVALIDFLAG,LASTCHANGED,ROP,RAISE6SECRRP,RAISE6SECROP,RAISE60SECRRP,RAISE60SECROP,RAISE5MINRRP,RAISE5MINROP,RAISEREGRRP,RAISEREGROP,LOWER6SECRRP,LOWER6SECROP,LOWER60SECRRP,LOWER60SECROP,LOWER5MINRRP,LOWER5MINROP,LOWERREGRRP,LOWERREGROP,RAISE1SECRRP,RAISE1SECROP,LOWER1SECRRP,LOWER1SECROP,PRICE_STATUS
D,TRADING,PRICE,3,"2025/05/29 14:55:00",1,SA1,179,0,0,0,"2025/05/29 14:50:05",0,0.23,0.23,0.1,0.1,0.1,0.1,9.24,9.24,0.39,0.39,1.4,1.4,0.39,0.39,3.99,3.99,0.38,0.38,0,0,FIRM
D,TRADING,PRICE,3,"2025/05/29 14:55:00",1,NSW1,179,112.3,0,0,"2025/05/29 14:50:05",112.3,0.23,0.23,0.1,0.1,0.1,0.1,9.24,9.24,0.39,0.39,1.4,1.4,0.39,0.39,3.99,3.99,0.38,0.38,0,0,FIRM
D,TRADING,PRICE,3,"2025/05/29 14:55:00",1,QLD1,179,114.84,0,0,"2025/05/29 14:50:05",114.84,0.23,0.23,0.1,0.1,0.1,0.1,9.24,9.24,0.39,0.39,1.4,1.4,0.39,0.39,3.99,3.99,0.38,0.38,0,0,FIRM
D,TRADING,PRICE,3,"2025/05/29 14:55:00",1,TAS1,179,75.13,0,0,"2025/05/29 14:50:05",75.13,0.38,0.38,0.38,0.38,0.38,0.38,7.54,7.54,0.38,0.38,0.38,0.38,0,0,2.46,2.46,0.38,0.38,0,0,FIRM
D,TRADING,PRICE,3,"2025/05/29 14:55:00",1,VIC1,179,0,0,0,"2025/05/29 14:50:05",0,0.23,0.23,0.1,0.1,0.1,0.1,9.24,9.24,0.39,0.39,1.4,1.4,0.39,0.39,3.99,3.99,0.38,0.38,0,0,FIRM
C,"END OF REPORT",15
