C,NEMP.WORLD,TRADINGIS,AEMO,PUBLIC,2025/05/29,02:40:11,0000000465328099,TRADINGIS,0000000465328098
I,TRADING,INTERCONNECTORRES,2,SETTLEMENTDATE,RUNNO,INTERCONNECTORID,PERIODID,METEREDMWFLOW,MWFLOW,MWLOSSES,LASTCHANGED
D,TRADING,INTERCONNECTORRES,2,"2025/05/29 02:45:00",1,N-Q-MNSP1,33,-24.4,-17,0.07,"2025/05/29 02:40:04"
D,TRADING,INTERCONNECTORRES,2,"2025/05/29 02:45:00",1,NSW1-QLD1,33,-384.1,-350.01,11.37,"2025/05/29 02:40:04"
D,TRADING,INTERCONNECTORRES,2,"2025/05/29 02:45:00",1,T-V-MNSP1,33,-416.9,-438,21.66,"2025/05/29 02:40:04"
D,TRADING,INTERCONNECTORRES,2,"2025/05/29 02:45:00",1,V-S-MNSP1,33,63,63,0.15,"2025/05/29 02:40:04"
D,TRADING,INTERCONNECTORRES,2,"2025/05/29 02:45:00",1,V-SA,33,274.37,287.32,12.76,"2025/05/29 02:40:04"
D,TRADING,INTERCONNECTORRES,2,"2025/05/29 02:45:00",1,VIC1-NSW1,33,523.15,507.85,36.68,"2025/05/29 02:40:04"
I,TRADING,PRICE,3,SETTLEMENTDATE,RUNNO,REGIONID,PERIODID,RRP,EEP,INVALIDFLAG,LASTCHANGED,ROP,RAISE6SECRRP,RAISE6SECROP,RAISE60SECRRP,RAISE60SECROP,RAISE5MINRRP,RAISE5MINROP,RAISEREGRRP,RAISEREGROP,LOWER6SECRRP,LOWER6SECROP,LOWER60SECRRP,LOWER60SECROP,LOWER5MINRRP,LOWER5MINROP,LOWERREGRRP,LOWERREGROP,RAISE1SECRRP,RAISE1SECROP,LOWER1SECRRP,LOWER1SECROP,PRICE_STATUS
D,TRADING,PRICE,3,"2025/05/29 02:45:00",1,SA1,33,74.48,0,0,"2025/05/29 02:40:04",74.48,0.37,0.37,0.1,0.1,0.1,0.1,7.6,7.6,0.38,0.38,0.38,0.38,0.2,0.2,3.04,3.04,0.81,0.81,0,0,FIRM
D,TRADING,PRICE,3,"2025/05/29 02:45:00",1,NSW1,33,77.45,0,0,"2025/05/29 02:40:04",77.45,0.37,0.37,0.1,0.1,0.1,0.1,7.6,7.6,0.38,0.38,0.38,0.38,0.2,0.2,3.04,3.04,0.81,0.81,0,0,FIRM
D,TRADING,PRICE,3,"2025/05/29 02:45:00",1,QLD1,33,72.75,0,0,"2025/05/29 02:40:04",72.75,0.37,0.37,0.1,0.1,0.1,0.1,7.6,7.6,0.38,0.38,0.38,0.38,0.2,0.2,3.04,3.04,0.81,0.81,0,0,FIRM
D,TRADING,PRICE,3,"2025/05/29 02:45:00",1,TAS1,33,100.24,0,0,"2025/05/29 02:40:04",100.24,0.38,0.38,0.38,0.38,0.38,0.38,8.4,8.4,0.38,0.38,0.38,0.38,0,0,2.48,2.48,0.81,0.81,0,0,FIRM
D,TRADING,PRICE,3,"2025/05/29 02:45:00",1,VIC1,33,69.1,0,0,"2025/05/29 02:40:04",69.1,0.37,0.37,0.1,0.1,0.1,0.1,7.6,7.6,0.38,0.38,0.38,0.38,0.2,0.2,3.04,3.04,0.81,0.81,0,0,FIRM
C,"END OF REPORT",15
