C,NEMP.WORLD,TRADINGIS,AEMO,PUBLIC,2025/05/27,08:15:10,0000000465067942,TRADINGIS,0000000465067941
I,TRADING,INTERCONNECTORRES,2,SETTLEMENTDATE,RUNNO,INTERCONNECTORID,PERIODID,METEREDMWFLOW,MWFLOW,MWLOSSES,LASTCHANGED
D,TRADING,INTERCONNECTORRES,2,"2025/05/27 08:20:00",1,N-Q-MNSP1,100,-13.2,-17,0.07,"2025/05/27 08:15:03"
D,TRADING,INTERCONNECTORRES,2,"2025/05/27 08:20:00",1,NSW1-QLD1,100,-350.8,-316.38,1.19,"2025/05/27 08:15:03"
D,TRADING,INTERCONNECTORRES,2,"2025/05/27 08:20:00",1,T-V-MNSP1,100,-445.6,-439.61,21.81,"2025/05/27 08:15:03"
D,TRADING,INTERCONNECTORRES,2,"2025/05/27 08:20:00",1,V-S-MNSP1,100,-76,-80.69,13.79,"2025/05/27 08:15:03"
D,TRADING,INTERCONNECTORRES,2,"2025/05/27 08:20:00",1,V-SA,100,244.84,203.11,5.86,"2025/05/27 08:15:03"
D,TRADING,INTERCONNECTORRES,2,"2025/05/27 08:20:00",1,VIC1-NSW1,100,634.39,664.09,41.09,"2025/05/27 08:15:03"
I,TRADING,PRICE,3,SETTLEMENTDATE,RUNNO,REGIONID,PERIODID,RRP,EEP,INVALIDFLAG,LASTCHANGED,ROP,RAISE6SECRRP,RAISE6SECROP,RAISE60SECRRP,RAISE60SECROP,RAISE5MINRRP,RAISE5MINROP,RAISEREGRRP,RAISEREGROP,LOWER6SECRRP,LOWER6SECROP,LOWER60SECRRP,LOWER60SECROP,LOWER5MINRRP,LOWER5MINROP,LOWERREGRRP,LOWERREGROP,RAISE1SECRRP,RAISE1SECROP,LOWER1SECRRP,LOWER1SECROP,PRICE_STATUS
D,TRADING,PRICE,3,"2025/05/27 08:20:00",1,SA1,100,67.28,0,0,"2025/05/27 08:15:03",67.28,0.37,0.37,0.1,0.1,0.1,0.1,10.98,10.98,0.01,0.01,0.1,0.1,0.1,0.1,6,6,0.38,0.38,0,0,FIRM
D,TRADING,PRICE,3,"2025/05/27 08:20:00",1,NSW1,100,72.31,0,0,"2025/05/27 08:15:03",72.31,0.37,0.37,0.1,0.1,0.1,0.1,10.98,10.98,0.01,0.01,0.1,0.1,0.1,0.1,6,6,0.38,0.38,0,0,FIRM
D,TRADING,PRICE,3,"2025/05/27 08:20:00",1,QLD1,100,70.14,0,0,"2025/05/27 08:15:03",70.14,0.37,0.37,0.1,0.1,0.1,0.1,10.98,10.98,0.01,0.01,0.1,0.1,0.1,0.1,6,6,0.38,0.38,0,0,FIRM
D,TRADING,PRICE,3,"2025/05/27 08:20:00",1,TAS1,100,75.3,0,0,"2025/05/27 08:15:03",75.3,0.38,0.38,0.38,0.38,0.1,0.1,8.4,8.4,0.01,0.01,0.1,0.1,0,0,2.48,2.48,0.38,0.38,0,0,FIRM
D,TRADING,PRICE,3,"2025/05/27 08:20:00",1,VIC1,100,64,0,0,"2025/05/27 08:15:03",64,0.37,0.37,0.1,0.1,0.1,0.1,10.98,10.98,0.01,0.01,0.1,0.1,0.1,0.1,6,6,0.38,0.38,0,0,FIRM
C,"END OF REPORT",15
