C,NEMP.WORLD,TRADINGIS,AEMO,PUBLIC,2025/05/26,21:35:25,0000000465003814,TRADINGIS,0000000465003813
I,TRADING,INTERCONNECTORRES,2,SETTLEMENTDATE,RUNNO,INTERCONNECTORID,PERIODID,METEREDMWFLOW,MWFLOW,MWLOSSES,LASTCHANGED
D,TRADING,INTERCONNECTORRES,2,"2025/05/26 21:40:00",1,N-Q-MNSP1,260,10.5,14.26,1.2,"2025/05/26 21:35:10"
D,TRADING,INTERCONNECTORRES,2,"2025/05/26 21:40:00",1,NSW1-QLD1,260,457.6,425,31.7,"2025/05/26 21:35:10"
D,TRADING,INTERCONNECTORRES,2,"2025/05/26 21:40:00",1,T-V-MNSP1,260,-448.7,-449.94,22.81,"2025/05/26 21:35:10"
D,TRADING,INTERCONNECTORRES,2,"2025/05/26 21:40:00",1,V-S-MNSP1,260,-153,-150.98,38.6,"2025/05/26 21:35:10"
D,TRADING,INTERCONNECTORRES,2,"2025/05/26 21:40:00",1,V-SA,260,-115.04,-141,-0.86,"2025/05/26 21:35:10"
D,TRADING,INTERCONNECTORRES,2,"2025/05/26 21:40:00",1,VIC1-NSW1,260,1180.26,1112.83,107.6,"2025/05/26 21:35:10"
I,TRADING,PRICE,3,SETTLEMENTDATE,RUNNO,REGIONID,PERIODID,RRP,EEP,INVALIDFLAG,LASTCHANGED,ROP,RAISE6SECRRP,RAISE6SECROP,RAISE60SECRRP,RAISE60SECROP,RAISE5MINRRP,RAISE5MINROP,RAISEREGRRP,RAISEREGROP,LOWER6SECRRP,LOWER6SECROP,LOWER60SECRRP,LOWER60SECROP,LOWER5MINRRP,LOWER5MINROP,LOWERREGRRP,LOWERREGROP,RAISE1SECRRP,RAISE1SECROP,LOWER1SECRRP,LOWER1SECROP,PRICE_STATUS
D,TRADING,PRICE,3,"2025/05/26 21:40:00",1,SA1,260,-1.86,0,0,"2025/05/26 21:35:10",-1.86,0.23,0.23,0.15,0.15,0.32,0.32,3.99,3.99,0.04,0.04,0.1,0.1,0.04,0.04,2.32,2.32,0.37,0.37,0,0,FIRM
D,TRADING,PRICE,3,"2025/05/26 21:40:00",1,NSW1,260,65.01,0,0,"2025/05/26 21:35:10",65.01,0.23,0.23,0.15,0.15,0.32,0.32,3.99,3.99,0.04,0.04,0.1,0.1,0.04,0.04,2.32,2.32,0.37,0.37,0,0,FIRM
D,TRADING,PRICE,3,"2025/05/26 21:40:00",1,QLD1,260,72.67,0,0,"2025/05/26 21:35:10",72.67,0.23,0.23,0.15,0.15,0.32,0.32,3.99,3.99,0.04,0.04,0.1,0.1,0.04,0.04,2.32,2.32,0.37,0.37,0,0,FIRM
D,TRADING,PRICE,3,"2025/05/26 21:40:00",1,TAS1,260,55.24,0,0,"2025/05/26 21:35:10",55.24,0.38,0.38,0.38,0.38,0.32,0.32,8.8,8.8,0.04,0.04,0.1,0.1,0,0,3.55,3.55,0.37,0.37,0,0,FIRM
D,TRADING,PRICE,3,"2025/05/26 21:40:00",1,VIC1,260,0.01,0,0,"2025/05/26 21:35:10",0.01,0.23,0.23,0.15,0.15,0.32,0.32,3.99,3.99,0.04,0.04,0.1,0.1,0.04,0.04,2.32,2.32,0.37,0.37,0,0,FIRM
C,"END OF REPORT",15
