C,NEMP.WORLD,TRADINGIS,AEMO,PUBLIC,2025/05/28,19:45:10,0000000465288521,TRADINGIS,0000000465288520
I,TRADING,INTERCONNECTORRES,2,SETTLEMENTDATE,RUNNO,INTERCONNECTORID,PERIODID,METEREDMWFLOW,MWFLOW,MWLOSSES,LASTCHANGED
D,TRADING,INTERCONNECTORRES,2,"2025/05/28 19:50:00",1,N-Q-MNSP1,238,-30.2,-33,1.59,"2025/05/28 19:45:03"
D,TRADING,INTERCONNECTORRES,2,"2025/05/28 19:50:00",1,NSW1-QLD1,238,-1072.5,-1027.93,36.92,"2025/05/28 19:45:03"
D,TRADING,INTERCONNECTORRES,2,"2025/05/28 19:50:00",1,T-V-MNSP1,238,80.5,93.79,0.55,"2025/05/28 19:45:03"
D,TRADING,INTERCONNECTORRES,2,"2025/05/28 19:50:00",1,V-S-MNSP1,238,54,54,-0.46,"2025/05/28 19:45:03"
D,TRADING,INTERCONNECTORRES,2,"2025/05/28 19:50:00",1,V-SA,238,196.69,221,7.6,"2025/05/28 19:45:03"
D,TRADING,INTERCONNECTORRES,2,"2025/05/28 19:50:00",1,VIC1-NSW1,238,166.31,130.86,1.71,"2025/05/28 19:45:03"
I,TRADING,PRICE,3,SETTLEMENTDATE,RUNNO,REGIONID,PERIODID,RRP,EEP,INVALIDFLAG,LASTCHANGED,ROP,RAISE6SECRRP,RAISE6SECROP,RAISE60SECRRP,RAISE60SECROP,RAISE5MINRRP,RAISE5MINROP,RAISEREGRRP,RAISEREGROP,LOWER6SECRRP,LOWER6SECROP,LOWER60SECRRP,LOWER60SECROP,LOWER5MINRRP,LOWER5MINROP,LOWERREGRRP,LOWERREGROP,RAISE1SECRRP,RAISE1SECROP,LOWER1SECRRP,LOWER1SECROP,PRICE_STATUS
D,TRADING,PRICE,3,"2025/05/28 19:50:00",1,SA1,238,134.55,0,0,"2025/05/28 19:45:03",134.55,0.38,0.38,0.15,0.15,0.1,0.1,0.1,0.1,0.14,0.14,0.39,0.39,0.37,0.37,3.49,3.49,0.37,0.37,0,0,FIRM
D,TRADING,PRICE,3,"2025/05/28 19:50:00",1,NSW1,238,129.49,0,0,"2025/05/28 19:45:03",129.49,0.38,0.38,0.15,0.15,0.1,0.1,0.1,0.1,0.14,0.14,0.39,0.39,0.37,0.37,3.49,3.49,0.37,0.37,0,0,FIRM
D,TRADING,PRICE,3,"2025/05/28 19:50:00",1,QLD1,238,113.83,0,0,"2025/05/28 19:45:03",113.83,0.38,0.38,0.15,0.15,0.1,0.1,0.1,0.1,0.14,0.14,0.39,0.39,0.37,0.37,3.49,3.49,0.37,0.37,0,0,FIRM
D,TRADING,PRICE,3,"2025/05/28 19:50:00",1,TAS1,238,125.77,0,0,"2025/05/28 19:45:03",125.77,0.38,0.38,0.38,0.38,0.36,0.36,9.4,9.4,0.14,0.14,0.38,0.38,0,0,3.48,3.48,0.37,0.37,0,0,FIRM
D,TRADING,PRICE,3,"2025/05/28 19:50:00",1,VIC1,238,126.67,0,0,"2025/05/28 19:45:03",126.67,0.38,0.38,0.15,0.15,0.1,0.1,0.1,0.1,0.14,0.14,0.39,0.39,0.37,0.37,3.49,3.49,0.37,0.37,0,0,FIRM
C,"END OF REPORT",15
