C,NEMP.WORLD,TRADINGIS,AEMO,PUBLIC,2025/05/28,20:35:10,0000000465293193,TRADINGIS,0000000465293192
I,TRADING,INTERCONNECTORRES,2,SETTLEMENTDATE,RUNNO,INTERCONNECTORID,PERIODID,METEREDMWFLOW,MWFLOW,MWLOSSES,LASTCHANGED
D,TRADING,INTERCONNECTORRES,2,"2025/05/28 20:40:00",1,N-Q-MNSP1,248,-32.3,-33,1.59,"2025/05/28 20:35:03"
D,TRADING,INTERCONNECTORRES,2,"2025/05/28 20:40:00",1,NSW1-QLD1,248,-979.5,-946.21,33.06,"2025/05/28 20:35:03"
D,TRADING,INTERCONNECTORRES,2,"2025/05/28 20:40:00",1,T-V-MNSP1,248,-98.2,-71.34,0.81,"2025/05/28 20:35:03"
D,TRADING,INTERCONNECTORRES,2,"2025/05/28 20:40:00",1,V-S-MNSP1,248,63,63,0.15,"2025/05/28 20:35:03"
D,TRADING,INTERCONNECTORRES,2,"2025/05/28 20:40:00",1,V-SA,248,275.62,336.53,16.64,"2025/05/28 20:35:03"
D,TRADING,INTERCONNECTORRES,2,"2025/05/28 20:40:00",1,VIC1-NSW1,248,93.4,50.15,0.42,"2025/05/28 20:35:03"
I,TRADING,PRICE,3,SETTLEMENTDATE,RUNNO,REGIONID,PERIODID,RRP,EEP,INVALIDFLAG,LASTCHANGED,ROP,RAISE6SECRRP,RAISE6SECROP,RAISE60SECRRP,RAISE60SECROP,RAISE5MINRRP,RAISE5MINROP,RAISEREGRRP,RAISEREGROP,LOWER6SECRRP,LOWER6SECROP,LOWER60SECRRP,LOWER60SECROP,LOWER5MINRRP,LOWER5MINROP,LOWERREGRRP,LOWERREGROP,RAISE1SECRRP,RAISE1SECROP,LOWER1SECRRP,LOWER1SECROP,PRICE_STATUS
D,TRADING,PRICE,3,"2025/05/28 20:40:00",1,SA1,248,137.93,0,0,"2025/05/28 20:35:03",137.93,0.39,0.39,0.36,0.36,0.32,0.32,5.99,5.99,0,0,0.1,0.1,0,0,0,0,0.81,0.81,0,0,FIRM
D,TRADING,PRICE,3,"2025/05/28 20:40:00",1,NSW1,248,128.7,0,0,"2025/05/28 20:35:03",128.7,0.39,0.39,0.36,0.36,0.32,0.32,5.99,5.99,0,0,0.1,0.1,0,0,0,0,0.81,0.81,0,0,FIRM
D,TRADING,PRICE,3,"2025/05/28 20:40:00",1,QLD1,248,113.83,0,0,"2025/05/28 20:35:03",113.83,0.39,0.39,0.36,0.36,0.32,0.32,5.99,5.99,0,0,0.1,0.1,0,0,0,0,0.81,0.81,0,0,FIRM
D,TRADING,PRICE,3,"2025/05/28 20:40:00",1,TAS1,248,113.59,0,0,"2025/05/28 20:35:03",113.59,0.38,0.38,0.38,0.38,0,0,9.4,9.4,5.64,5.64,0.38,0.38,0,0,3.48,3.48,0,0,0,0,FIRM
D,TRADING,PRICE,3,"2025/05/28 20:40:00",1,VIC1,248,126.59,0,0,"2025/05/28 20:35:03",126.59,0.39,0.39,0.36,0.36,0.32,0.32,5.99,5.99,0,0,0.1,0.1,0,0,0,0,0.81,0.81,0,0,FIRM
C,"END OF REPORT",15
