C,NEMP.WORLD,TRADINGIS,AEMO,PUBLIC,2025/05/27,20:50:11,0000000465150124,TRADINGIS,0000000465150123
I,TRADING,INTERCONNECTORRES,2,SETTLEMENTDATE,RUNNO,INTERCONNECTORID,PERIODID,METEREDMWFLOW,MWFLOW,MWLOSSES,LASTCHANGED
D,TRADING,INTERCONNECTORRES,2,"2025/05/27 20:55:00",1,N-Q-MNSP1,251,-8.8,-9,-0.16,"2025/05/27 20:50:04"
D,TRADING,INTERCONNECTORRES,2,"2025/05/27 20:55:00",1,NSW1-QLD1,251,-341.9,-312.31,-6.34,"2025/05/27 20:50:04"
D,TRADING,INTERCONNECTORRES,2,"2025/05/27 20:55:00",1,T-V-MNSP1,251,-324.7,-392.41,17.54,"2025/05/27 20:50:04"
D,TRADING,INTERCONNECTORRES,2,"2025/05/27 20:55:00",1,V-S-MNSP1,251,81,81,1.95,"2025/05/27 20:50:04"
D,TRADING,INTERCONNECTORRES,2,"2025/05/27 20:55:00",1,V-SA,251,500.29,503.33,33.62,"2025/05/27 20:50:04"
D,TRADING,INTERCONNECTORRES,2,"2025/05/27 20:55:00",1,VIC1-NSW1,251,-268.18,-317.32,6.34,"2025/05/27 20:50:04"
I,TRADING,PRICE,3,SETTLEMENTDATE,RUNNO,REGIONID,PERIODID,RRP,EEP,INVALIDFLAG,LASTCHANGED,ROP,RAISE6SECRRP,RAISE6SECROP,RAISE60SECRRP,RAISE60SECROP,RAISE5MINRRP,RAISE5MINROP,RAISEREGRRP,RAISEREGROP,LOWER6SECRRP,LOWER6SECROP,LOWER60SECRRP,LOWER60SECROP,LOWER5MINRRP,LOWER5MINROP,LOWERREGRRP,LOWERREGROP,RAISE1SECRRP,RAISE1SECROP,LOWER1SECRRP,LOWER1SECROP,PRICE_STATUS
D,TRADING,PRICE,3,"2025/05/27 20:55:00",1,SA1,251,105.28,0,0,"2025/05/27 20:50:04",105.28,0.37,0.37,0.1,0.1,0.1,0.1,2.64,2.64,0,0,0.03,0.03,0.01,0.01,3.75,3.75,0.1,0.1,0,0,FIRM
D,TRADING,PRICE,3,"2025/05/27 20:55:00",1,NSW1,251,89.25,0,0,"2025/05/27 20:50:04",89.25,0.37,0.37,0.1,0.1,0.1,0.1,2.64,2.64,0,0,0.03,0.03,0.01,0.01,3.75,3.75,0.1,0.1,0,0,FIRM
D,TRADING,PRICE,3,"2025/05/27 20:55:00",1,QLD1,251,88.66,0,0,"2025/05/27 20:50:04",88.66,0.37,0.37,0.1,0.1,0.1,0.1,2.64,2.64,0,0,0.03,0.03,0.01,0.01,3.75,3.75,0.1,0.1,0,0,FIRM
D,TRADING,PRICE,3,"2025/05/27 20:55:00",1,TAS1,251,100.04,0,0,"2025/05/27 20:50:04",100.04,0.38,0.38,0.38,0.38,0.1,0.1,6.4,6.4,0,0,0.03,0.03,0.01,0.01,3.48,3.48,0.1,0.1,0,0,FIRM
D,TRADING,PRICE,3,"2025/05/27 20:55:00",1,VIC1,251,93.2,0,0,"2025/05/27 20:50:04",93.2,0.37,0.37,0.1,0.1,0.1,0.1,2.64,2.64,0,0,0.03,0.03,0.01,0.01,3.75,3.75,0.1,0.1,0,0,FIRM
C,"END OF REPORT",15
