C,NEMP.WORLD,TRADINGIS,AEMO,PUBLIC,2025/05/28,15:35:11,0000000465262878,TRADINGIS,0000000465262877
I,TRADING,INTERCONNECTORRES,2,SETTLEMENTDATE,RUNNO,INTERCONNECTORID,PERIODID,METEREDMWFLOW,MWFLOW,MWLOSSES,LASTCHANGED
D,TRADING,INTERCONNECTORRES,2,"2025/05/28 15:40:00",1,N-Q-MNSP1,188,-18.7,-17,0.07,"2025/05/28 15:35:03"
D,TRADING,INTERCONNECTORRES,2,"2025/05/28 15:40:00",1,NSW1-QLD1,188,-423.3,-477.63,10.88,"2025/05/28 15:35:03"
D,TRADING,INTERCONNECTORRES,2,"2025/05/28 15:40:00",1,T-V-MNSP1,188,-225.2,-228.2,6.31,"2025/05/28 15:35:03"
D,TRADING,INTERCONNECTORRES,2,"2025/05/28 15:40:00",1,V-S-MNSP1,188,72,72,0.95,"2025/05/28 15:35:03"
D,TRADING,INTERCONNECTORRES,2,"2025/05/28 15:40:00",1,V-SA,188,441.45,483.85,17.79,"2025/05/28 15:35:03"
D,TRADING,INTERCONNECTORRES,2,"2025/05/28 15:40:00",1,VIC1-NSW1,188,-187.54,-280.54,-4.65,"2025/05/28 15:35:03"
I,TRADING,PRICE,3,SETTLEMENTDATE,RUNNO,REGIONID,PERIODID,RRP,EEP,INVALIDFLAG,LASTCHANGED,ROP,RAISE6SECRRP,RAISE6SECROP,RAISE60SECRRP,RAISE60SECROP,RAISE5MINRRP,RAISE5MINROP,RAISEREGRRP,RAISEREGROP,LOWER6SECRRP,LOWER6SECROP,LOWER60SECRRP,LOWER60SECROP,LOWER5MINRRP,LOWER5MINROP,LOWERREGRRP,LOWERREGROP,RAISE1SECRRP,RAISE1SECROP,LOWER1SECRRP,LOWER1SECROP,PRICE_STATUS
D,TRADING,PRICE,3,"2025/05/28 15:40:00",1,SA1,188,158.91,0,0,"2025/05/28 15:35:03",158.91,0.38,0.38,0.15,0.15,0.1,0.1,12.41,12.41,0,0,0.38,0.38,0.38,0.38,3.75,3.75,0.38,0.38,0,0,FIRM
D,TRADING,PRICE,3,"2025/05/28 15:40:00",1,NSW1,188,91.17,0,0,"2025/05/28 15:35:03",91.17,0.38,0.38,0.15,0.15,0.1,0.1,12.41,12.41,0,0,0.38,0.38,0.38,0.38,3.75,3.75,0.38,0.38,0,0,FIRM
D,TRADING,PRICE,3,"2025/05/28 15:40:00",1,QLD1,188,84.99,0,0,"2025/05/28 15:35:03",84.99,0.38,0.38,0.15,0.15,0.1,0.1,12.41,12.41,0.38,0.38,0.38,0.38,0.38,0.38,3.75,3.75,0.38,0.38,0,0,FIRM
D,TRADING,PRICE,3,"2025/05/28 15:40:00",1,TAS1,188,150.24,0,0,"2025/05/28 15:35:03",150.24,0.38,0.38,0.38,0.38,0.1,0.1,7.4,7.4,0,0,0.38,0.38,0.38,0.38,2.52,2.52,0.38,0.38,0,0,FIRM
D,TRADING,PRICE,3,"2025/05/28 15:40:00",1,VIC1,188,145.07,0,0,"2025/05/28 15:35:03",145.07,0.38,0.38,0.15,0.15,0.1,0.1,12.41,12.41,0,0,0.38,0.38,0.38,0.38,3.75,3.75,0.38,0.38,0,0,FIRM
C,"END OF REPORT",15
