C,NEMP.WORLD,TRADINGIS,AEMO,PUBLIC,2025/05/27,21:30:12,0000000465154134,TRADINGIS,0000000465154133
I,TRADING,INTERCONNECTORRES,2,SETTLEMENTDATE,RUNNO,INTERCONNECTORID,PERIODID,METEREDMWFLOW,MWFLOW,MWLOSSES,LASTCHANGED
D,TRADING,INTERCONNECTORRES,2,"2025/05/27 21:35:00",1,N-Q-MNSP1,259,1,0,0,"2025/05/27 21:30:03"
D,TRADING,INTERCONNECTORRES,2,"2025/05/27 21:35:00",1,NSW1-QLD1,259,-91.9,16.53,0.65,"2025/05/27 21:30:03"
D,TRADING,INTERCONNECTORRES,2,"2025/05/27 21:35:00",1,T-V-MNSP1,259,-467.6,-468.03,24.6,"2025/05/27 21:30:03"
D,TRADING,INTERCONNECTORRES,2,"2025/05/27 21:35:00",1,V-S-MNSP1,259,99,90,3.14,"2025/05/27 21:30:03"
D,TRADING,INTERCONNECTORRES,2,"2025/05/27 21:35:00",1,V-SA,259,554.14,559.85,41.58,"2025/05/27 21:30:03"
D,TRADING,INTERCONNECTORRES,2,"2025/05/27 21:35:00",1,VIC1-NSW1,259,-116.17,-12.79,-0.09,"2025/05/27 21:30:03"
I,TRADING,PRICE,3,SETTLEMENTDATE,RUNNO,REGIONID,PERIODID,RRP,EEP,INVALIDFLAG,LASTCHANGED,ROP,RAISE6SECRRP,RAISE6SECROP,RAISE60SECRRP,RAISE60SECROP,RAISE5MINRRP,RAISE5MINROP,RAISEREGRRP,RAISEREGROP,LOWER6SECRRP,LOWER6SECROP,LOWER60SECRRP,LOWER60SECROP,LOWER5MINRRP,LOWER5MINROP,LOWERREGRRP,LOWERREGROP,RAISE1SECRRP,RAISE1SECROP,LOWER1SECRRP,LOWER1SECROP,PRICE_STATUS
D,TRADING,PRICE,3,"2025/05/27 21:35:00",1,SA1,259,91.44,0,0,"2025/05/27 21:30:03",91.44,0.23,0.23,0.1,0.1,0.1,0.1,5.99,5.99,0.01,0.01,0.39,0.39,0,0,0,0,0.36,0.36,0,0,FIRM
D,TRADING,PRICE,3,"2025/05/27 21:35:00",1,NSW1,259,80.49,0,0,"2025/05/27 21:30:03",80.49,0.23,0.23,0.1,0.1,0.1,0.1,5.99,5.99,0.01,0.01,0.39,0.39,0,0,0,0,0.36,0.36,0,0,FIRM
D,TRADING,PRICE,3,"2025/05/27 21:35:00",1,QLD1,259,83.7,0,0,"2025/05/27 21:30:03",83.7,0.23,0.23,0.1,0.1,0.1,0.1,5.99,5.99,0.01,0.01,0.39,0.39,0,0,0,0,0.36,0.36,0,0,FIRM
D,TRADING,PRICE,3,"2025/05/27 21:35:00",1,TAS1,259,87.48,0,0,"2025/05/27 21:30:03",87.48,0.38,0.38,0.38,0.38,0.36,0.36,8.4,8.4,0.01,0.01,0.38,0.38,0,0,3.48,3.48,0.36,0.36,0,0,FIRM
D,TRADING,PRICE,3,"2025/05/27 21:35:00",1,VIC1,259,79.91,0,0,"2025/05/27 21:30:03",79.91,0.23,0.23,0.1,0.1,0.1,0.1,5.99,5.99,0.01,0.01,0.39,0.39,0,0,0,0,0.36,0.36,0,0,FIRM
C,"END OF REPORT",15
