C,NEMP.WORLD,TRADINGIS,AEMO,PUBLIC,2025/05/29,05:00:12,0000000465341495,TRADINGIS,0000000465341494
I,TRADING,INTERCONNECTORRES,2,SETTLEMENTDATE,RUNNO,INTERCONNECTORID,PERIODID,METEREDMWFLOW,MWFLOW,MWLOSSES,LASTCHANGED
D,TRADING,INTERCONNECTORRES,2,"2025/05/29 05:05:00",1,N-Q-MNSP1,61,-18,-17,0.07,"2025/05/29 05:00:03"
D,TRADING,INTERCONNECTORRES,2,"2025/05/29 05:05:00",1,NSW1-QLD1,61,-329.8,-323,7.79,"2025/05/29 05:00:03"
D,TRADING,INTERCONNECTORRES,2,"2025/05/29 05:05:00",1,T-V-MNSP1,61,-423,-438,21.66,"2025/05/29 05:00:03"
D,TRADING,INTERCONNECTORRES,2,"2025/05/29 05:05:00",1,V-S-MNSP1,61,45,45,-0.87,"2025/05/29 05:00:03"
D,TRADING,INTERCONNECTORRES,2,"2025/05/29 05:05:00",1,V-SA,61,126.73,136,2.63,"2025/05/29 05:00:03"
D,TRADING,INTERCONNECTORRES,2,"2025/05/29 05:05:00",1,VIC1-NSW1,61,605.06,516.59,40.27,"2025/05/29 05:00:03"
I,TRADING,PRICE,3,SETTLEMENTDATE,RUNNO,REGIONID,PERIODID,RRP,EEP,INVALIDFLAG,LASTCHANGED,ROP,RAISE6SECRRP,RAISE6SECROP,RAISE60SECRRP,RAISE60SECROP,RAISE5MINRRP,RAISE5MINROP,RAISEREGRRP,RAISEREGROP,LOWER6SECRRP,LOWER6SECROP,LOWER60SECRRP,LOWER60SECROP,LOWER5MINRRP,LOWER5MINROP,LOWERREGRRP,LOWERREGROP,RAISE1SECRRP,RAISE1SECROP,LOWER1SECRRP,LOWER1SECROP,PRICE_STATUS
D,TRADING,PRICE,3,"2025/05/29 05:05:00",1,SA1,61,70.44,0,0,"2025/05/29 05:00:03",70.44,0.23,0.23,0.1,0.1,0.1,0.1,5.99,5.99,0.39,0.39,0.94,0.94,0,0,0,0,0.38,0.38,0,0,FIRM
D,TRADING,PRICE,3,"2025/05/29 05:05:00",1,NSW1,61,76.58,0,0,"2025/05/29 05:00:03",76.58,0.23,0.23,0.1,0.1,0.1,0.1,5.99,5.99,0.39,0.39,0.94,0.94,0,0,0,0,0.38,0.38,0,0,FIRM
D,TRADING,PRICE,3,"2025/05/29 05:05:00",1,QLD1,61,72.75,0,0,"2025/05/29 05:00:03",72.75,0.23,0.23,0.1,0.1,0.1,0.1,5.99,5.99,0.39,0.39,0.94,0.94,0,0,0,0,0.38,0.38,0,0,FIRM
D,TRADING,PRICE,3,"2025/05/29 05:05:00",1,TAS1,61,100.24,0,0,"2025/05/29 05:00:03",100.24,0.38,0.38,0.38,0.38,0.38,0.38,7.54,7.54,0.38,0.38,0.38,0.38,0,0,2.46,2.46,0.38,0.38,0,0,FIRM
D,TRADING,PRICE,3,"2025/05/29 05:05:00",1,VIC1,61,67.97,0,0,"2025/05/29 05:00:03",67.97,0.23,0.23,0.1,0.1,0.1,0.1,5.99,5.99,0.39,0.39,0.94,0.94,0,0,0,0,0.38,0.38,0,0,FIRM
C,"END OF REPORT",15
