C,NEMP.WORLD,TRADINGIS,AEMO,PUBLIC,2025/05/26,12:40:15,0000000464946900,TRADINGIS,0000000464946899
I,TRADING,INTERCONNECTORRES,2,SETTLEMENTDATE,RUNNO,INTERCONNECTORID,PERIODID,METEREDMWFLOW,MWFLOW,MWLOSSES,LASTCHANGED
D,TRADING,INTERCONNECTORRES,2,"2025/05/26 12:45:00",1,N-Q-MNSP1,153,-32.5,-33,1.59,"2025/05/26 12:40:08"
D,TRADING,INTERCONNECTORRES,2,"2025/05/26 12:45:00",1,NSW1-QLD1,153,-971.6,-964.09,82.74,"2025/05/26 12:40:08"
D,TRADING,INTERCONNECTORRES,2,"2025/05/26 12:45:00",1,T-V-MNSP1,153,-404.1,-440.84,21.93,"2025/05/26 12:40:08"
D,TRADING,INTERCONNECTORRES,2,"2025/05/26 12:45:00",1,V-S-MNSP1,153,160,158.94,18.77,"2025/05/26 12:40:08"
D,TRADING,INTERCONNECTORRES,2,"2025/05/26 12:45:00",1,V-SA,153,313.04,225.1,18.12,"2025/05/26 12:40:08"
D,TRADING,INTERCONNECTORRES,2,"2025/05/26 12:45:00",1,VIC1-NSW1,153,428.29,431.05,14.93,"2025/05/26 12:40:08"
I,TRADING,PRICE,3,SETTLEMENTDATE,RUNNO,REGIONID,PERIODID,RRP,EEP,INVALIDFLAG,LASTCHANGED,ROP,RAISE6SECRRP,RAISE6SECROP,RAISE60SECRRP,RAISE60SECROP,RAISE5MINRRP,RAISE5MINROP,RAISEREGRRP,RAISEREGROP,LOWER6SECRRP,LOWER6SECROP,LOWER60SECRRP,LOWER60SECROP,LOWER5MINRRP,LOWER5MINROP,LOWERREGRRP,LOWERREGROP,RAISE1SECRRP,RAISE1SECROP,LOWER1SECRRP,LOWER1SECROP,PRICE_STATUS
D,TRADING,PRICE,3,"2025/05/26 12:45:00",1,SA1,153,9.1,0,0,"2025/05/26 12:40:08",9.1,0.1,0.1,0.1,0.1,0.1,0.1,3.98,3.98,0.39,0.39,1.33,1.33,0.01,0.01,0.01,0.01,0.38,0.38,0,0,FIRM
D,TRADING,PRICE,3,"2025/05/26 12:45:00",1,NSW1,153,56.98,0,0,"2025/05/26 12:40:08",56.98,0.1,0.1,0.1,0.1,0.1,0.1,3.98,3.98,0.39,0.39,1.33,1.33,0.01,0.01,0.01,0.01,0.38,0.38,0,0,FIRM
D,TRADING,PRICE,3,"2025/05/26 12:45:00",1,QLD1,153,44.94,0,0,"2025/05/26 12:40:08",44.94,0.1,0.1,0.1,0.1,0.1,0.1,3.98,3.98,0.39,0.39,1.33,1.33,0.01,0.01,0.01,0.01,0.38,0.38,0,0,FIRM
D,TRADING,PRICE,3,"2025/05/26 12:45:00",1,TAS1,153,11.25,0,0,"2025/05/26 12:40:08",11.25,0.38,0.38,0.38,0.38,0.36,0.36,8.8,8.8,0.38,0.38,1.33,1.33,0,0,2.55,2.55,0.38,0.38,0,0,FIRM
D,TRADING,PRICE,3,"2025/05/26 12:45:00",1,VIC1,153,-19.2,0,0,"2025/05/26 12:40:08",-19.2,0.1,0.1,0.1,0.1,0.1,0.1,3.98,3.98,0.39,0.39,1.33,1.33,0.01,0.01,0.01,0.01,0.38,0.38,0,0,FIRM
C,"END OF REPORT",15
