C,NEMP.WORLD,TRADINGIS,AEMO,PUBLIC,2025/05/28,20:50:11,0000000465294530,TRADINGIS,0000000465294529
I,TRADING,INTERCONNECTORRES,2,SETTLEMENTDATE,RUNNO,INTERCONNECTORID,PERIODID,METEREDMWFLOW,MWFLOW,MWLOSSES,LASTCHANGED
D,TRADING,INTERCONNECTORRES,2,"2025/05/28 20:55:00",1,N-Q-MNSP1,251,-24.1,-33,1.59,"2025/05/28 20:50:03"
D,TRADING,INTERCONNECTORRES,2,"2025/05/28 20:55:00",1,NSW1-QLD1,251,-960.1,-922.9,34.04,"2025/05/28 20:50:03"
D,TRADING,INTERCONNECTORRES,2,"2025/05/28 20:55:00",1,T-V-MNSP1,251,-99.5,-73.69,0.86,"2025/05/28 20:50:03"
D,TRADING,INTERCONNECTORRES,2,"2025/05/28 20:55:00",1,V-S-MNSP1,251,63,72,0.95,"2025/05/28 20:50:03"
D,TRADING,INTERCONNECTORRES,2,"2025/05/28 20:55:00",1,V-SA,251,334.87,368.67,19.75,"2025/05/28 20:50:03"
D,TRADING,INTERCONNECTORRES,2,"2025/05/28 20:55:00",1,VIC1-NSW1,251,92.86,109.67,1.57,"2025/05/28 20:50:03"
I,TRADING,PRICE,3,SETTLEMENTDATE,RUNNO,REGIONID,PERIODID,RRP,EEP,INVALIDFLAG,LASTCHANGED,ROP,RAISE6SECRRP,RAISE6SECROP,RAISE60SECRRP,RAISE60SECROP,RAISE5MINRRP,RAISE5MINROP,RAISEREGRRP,RAISEREGROP,LOWER6SECRRP,LOWER6SECROP,LOWER60SECRRP,LOWER60SECROP,LOWER5MINRRP,LOWER5MINROP,LOWERREGRRP,LOWERREGROP,RAISE1SECRRP,RAISE1SECROP,LOWER1SECRRP,LOWER1SECROP,PRICE_STATUS
D,TRADING,PRICE,3,"2025/05/28 20:55:00",1,SA1,251,119.71,0,0,"2025/05/28 20:50:03",119.71,0.39,0.39,0.3,0.3,0.23,0.23,5.99,5.99,0,0,0.1,0.1,0,0,0,0,0.37,0.37,0,0,FIRM
D,TRADING,PRICE,3,"2025/05/28 20:55:00",1,NSW1,251,111.76,0,0,"2025/05/28 20:50:03",111.76,0.39,0.39,0.3,0.3,0.23,0.23,5.99,5.99,0,0,0.1,0.1,0,0,0,0,0.37,0.37,0,0,FIRM
D,TRADING,PRICE,3,"2025/05/28 20:55:00",1,QLD1,251,99.05,0,0,"2025/05/28 20:50:03",99.05,0.39,0.39,0.3,0.3,0.23,0.23,5.99,5.99,0,0,0.1,0.1,0,0,0,0,0.37,0.37,0,0,FIRM
D,TRADING,PRICE,3,"2025/05/28 20:55:00",1,TAS1,251,100.34,0,0,"2025/05/28 20:50:03",100.34,0.38,0.38,0.38,0.38,0,0,6.66,6.66,1.36,1.36,0.38,0.38,0.38,0.38,3.48,3.48,0,0,0,0,FIRM
D,TRADING,PRICE,3,"2025/05/28 20:55:00",1,VIC1,251,109,0,0,"2025/05/28 20:50:03",109,0.39,0.39,0.3,0.3,0.23,0.23,5.99,5.99,0,0,0.1,0.1,0,0,0,0,0.37,0.37,0,0,FIRM
C,"END OF REPORT",15
