C,NEMP.WORLD,TRADINGIS,AEMO,PUBLIC,2025/05/27,14:00:12,0000000465106125,TRADINGIS,0000000465106124
I,TRADING,INTERCONNECTORRES,2,SETTLEMENTDATE,RUNNO,INTERCONNECTORID,PERIODID,METEREDMWFLOW,MWFLOW,MWLOSSES,LASTCHANGED
D,TRADING,INTERCONNECTORRES,2,"2025/05/27 14:05:00",1,N-Q-MNSP1,169,-3.6,0,0,"2025/05/27 14:00:03"
D,TRADING,INTERCONNECTORRES,2,"2025/05/27 14:05:00",1,NSW1-QLD1,169,48,26.81,0.38,"2025/05/27 14:00:03"
D,TRADING,INTERCONNECTORRES,2,"2025/05/27 14:05:00",1,T-V-MNSP1,169,-470,-478,25.62,"2025/05/27 14:00:03"
D,TRADING,INTERCONNECTORRES,2,"2025/05/27 14:05:00",1,V-S-MNSP1,169,157,155.4,17.69,"2025/05/27 14:00:03"
D,TRADING,INTERCONNECTORRES,2,"2025/05/27 14:05:00",1,V-SA,169,129.46,143.87,-2.75,"2025/05/27 14:00:03"
D,TRADING,INTERCONNECTORRES,2,"2025/05/27 14:05:00",1,VIC1-NSW1,169,44.49,115.85,8.16,"2025/05/27 14:00:03"
I,TRADING,PRICE,3,SETTLEMENTDATE,RUNNO,REGIONID,PERIODID,RRP,EEP,INVALIDFLAG,LASTCHANGED,ROP,RAISE6SECRRP,RAISE6SECROP,RAISE60SECRRP,RAISE60SECROP,RAISE5MINRRP,RAISE5MINROP,RAISEREGRRP,RAISEREGROP,LOWER6SECRRP,LOWER6SECROP,LOWER60SECRRP,LOWER60SECROP,LOWER5MINRRP,LOWER5MINROP,LOWERREGRRP,LOWERREGROP,RAISE1SECRRP,RAISE1SECROP,LOWER1SECRRP,LOWER1SECROP,PRICE_STATUS
D,TRADING,PRICE,3,"2025/05/27 14:05:00",1,SA1,169,-60.81,0,0,"2025/05/27 14:00:03",-60.81,0.1,0.1,0.1,0.1,0.1,0.1,9.24,9.24,0.1,0.1,4.89,4.89,0.38,0.38,4.46,4.46,0.36,0.36,0.04,0.04,FIRM
D,TRADING,PRICE,3,"2025/05/27 14:05:00",1,NSW1,169,36.5,0,0,"2025/05/27 14:00:03",36.5,0.1,0.1,0.1,0.1,0.1,0.1,9.24,9.24,0.1,0.1,4.89,4.89,0.38,0.38,4.46,4.46,0.36,0.36,0.04,0.04,FIRM
D,TRADING,PRICE,3,"2025/05/27 14:05:00",1,QLD1,169,54.76,0,0,"2025/05/27 14:00:03",54.76,0.1,0.1,0.1,0.1,0.1,0.1,9.24,9.24,0.1,0.1,4.89,4.89,0.38,0.38,4.46,4.46,0.36,0.36,0.04,0.04,FIRM
D,TRADING,PRICE,3,"2025/05/27 14:05:00",1,TAS1,169,75.24,0,0,"2025/05/27 14:00:03",75.24,0.38,0.38,0.38,0.38,0.36,0.36,7.4,7.4,0.1,0.1,0.38,0.38,0,0,2.48,2.48,0.36,0.36,0,0,FIRM
D,TRADING,PRICE,3,"2025/05/27 14:05:00",1,VIC1,169,33.65,0,0,"2025/05/27 14:00:03",33.65,0.1,0.1,0.1,0.1,0.1,0.1,9.24,9.24,0.1,0.1,4.89,4.89,0.38,0.38,4.46,4.46,0.36,0.36,0.04,0.04,FIRM
C,"END OF REPORT",15
