C,NEMP.WORLD,TRADINGIS,AEMO,PUBLIC,2025/05/29,01:25:11,0000000465321058,TRADINGIS,0000000465321057
I,TRADING,INTERCONNECTORRES,2,SETTLEMENTDATE,RUNNO,INTERCONNECTORID,PERIODID,METEREDMWFLOW,MWFLOW,MWLOSSES,LASTCHANGED
D,TRADING,INTERCONNECTORRES,2,"2025/05/29 01:30:00",1,N-Q-MNSP1,18,-17.9,-17,0.07,"2025/05/29 01:25:03"
D,TRADING,INTERCONNECTORRES,2,"2025/05/29 01:30:00",1,NSW1-QLD1,18,-375.6,-383.16,12.19,"2025/05/29 01:25:03"
D,TRADING,INTERCONNECTORRES,2,"2025/05/29 01:30:00",1,T-V-MNSP1,18,-430.4,-438,21.66,"2025/05/29 01:25:03"
D,TRADING,INTERCONNECTORRES,2,"2025/05/29 01:30:00",1,V-S-MNSP1,18,63,63,0.15,"2025/05/29 01:25:03"
D,TRADING,INTERCONNECTORRES,2,"2025/05/29 01:30:00",1,V-SA,18,303.8,282.54,12.74,"2025/05/29 01:25:03"
D,TRADING,INTERCONNECTORRES,2,"2025/05/29 01:30:00",1,VIC1-NSW1,18,331.01,442.9,27.39,"2025/05/29 01:25:03"
I,TRADING,PRICE,3,SETTLEMENTDATE,RUNNO,REGIONID,PERIODID,RRP,EEP,INVALIDFLAG,LASTCHANGED,ROP,RAISE6SECRRP,RAISE6SECROP,RAISE60SECRRP,RAISE60SECROP,RAISE5MINRRP,RAISE5MINROP,RAISEREGRRP,RAISEREGROP,LOWER6SECRRP,LOWER6SECROP,LOWER60SECRRP,LOWER60SECROP,LOWER5MINRRP,LOWER5MINROP,LOWERREGRRP,LOWERREGROP,RAISE1SECRRP,RAISE1SECROP,LOWER1SECRRP,LOWER1SECROP,PRICE_STATUS
D,TRADING,PRICE,3,"2025/05/29 01:30:00",1,SA1,18,70.44,0,0,"2025/05/29 01:25:03",70.44,0.23,0.23,0.1,0.1,0.1,0.1,5.99,5.99,0.2,0.2,0.45,0.45,0,0,0,0,0.38,0.38,0,0,FIRM
D,TRADING,PRICE,3,"2025/05/29 01:30:00",1,NSW1,18,72.2,0,0,"2025/05/29 01:25:03",72.2,0.23,0.23,0.1,0.1,0.1,0.1,5.99,5.99,0.2,0.2,0.45,0.45,0,0,0,0,0.38,0.38,0,0,FIRM
D,TRADING,PRICE,3,"2025/05/29 01:30:00",1,QLD1,18,67.65,0,0,"2025/05/29 01:25:03",67.65,0.23,0.23,0.1,0.1,0.1,0.1,5.99,5.99,0.2,0.2,0.45,0.45,0,0,0,0,0.38,0.38,0,0,FIRM
D,TRADING,PRICE,3,"2025/05/29 01:30:00",1,TAS1,18,100.24,0,0,"2025/05/29 01:25:03",100.24,0.38,0.38,0.38,0.38,0.38,0.38,8.4,8.4,0.2,0.2,0.38,0.38,0,0,2.48,2.48,0.38,0.38,0,0,FIRM
D,TRADING,PRICE,3,"2025/05/29 01:30:00",1,VIC1,18,65.28,0,0,"2025/05/29 01:25:03",65.28,0.23,0.23,0.1,0.1,0.1,0.1,5.99,5.99,0.2,0.2,0.45,0.45,0,0,0,0,0.38,0.38,0,0,FIRM
C,"END OF REPORT",15
