C,NEMP.WORLD,TRADINGIS,AEMO,PUBLIC,2025/05/29,00:05:10,0000000465313364,TRADINGIS,0000000465313363
I,TRADING,INTERCONNECTORRES,2,SETTLEMENTDATE,RUNNO,INTERCONNECTORID,PERIODID,METEREDMWFLOW,MWFLOW,MWLOSSES,LASTCHANGED
D,TRADING,INTERCONNECTORRES,2,"2025/05/29 00:10:00",1,N-Q-MNSP1,2,-16.9,-17,0.07,"2025/05/29 00:05:03"
D,TRADING,INTERCONNECTORRES,2,"2025/05/29 00:10:00",1,NSW1-QLD1,2,-434.9,-449.15,12.52,"2025/05/29 00:05:03"
D,TRADING,INTERCONNECTORRES,2,"2025/05/29 00:10:00",1,T-V-MNSP1,2,-416.9,-402.73,18.44,"2025/05/29 00:05:03"
D,TRADING,INTERCONNECTORRES,2,"2025/05/29 00:10:00",1,V-S-MNSP1,2,90,81,1.95,"2025/05/29 00:05:03"
D,TRADING,INTERCONNECTORRES,2,"2025/05/29 00:10:00",1,V-SA,2,555.76,493,33.46,"2025/05/29 00:05:03"
D,TRADING,INTERCONNECTORRES,2,"2025/05/29 00:10:00",1,VIC1-NSW1,2,88.81,94.36,2.83,"2025/05/29 00:05:03"
I,TRADING,PRICE,3,SETTLEMENTDATE,RUNNO,REGIONID,PERIODID,RRP,EEP,INVALIDFLAG,LASTCHANGED,ROP,RAISE6SECRRP,RAISE6SECROP,RAISE60SECRRP,RAISE60SECROP,RAISE5MINRRP,RAISE5MINROP,RAISEREGRRP,RAISEREGROP,LOWER6SECRRP,LOWER6SECROP,LOWER60SECRRP,LOWER60SECROP,LOWER5MINRRP,LOWER5MINROP,LOWERREGRRP,LOWERREGROP,RAISE1SECRRP,RAISE1SECROP,LOWER1SECRRP,LOWER1SECROP,PRICE_STATUS
D,TRADING,PRICE,3,"2025/05/29 00:10:00",1,SA1,2,100,0,0,"2025/05/29 00:05:03",100,0.37,0.37,0.1,0.1,0.1,0.1,5.99,5.99,0.1,0.1,0.38,0.38,0.1,0.1,4.94,4.94,0.38,0.38,0,0,FIRM
D,TRADING,PRICE,3,"2025/05/29 00:10:00",1,NSW1,2,91.64,0,0,"2025/05/29 00:05:03",91.64,0.37,0.37,0.1,0.1,0.1,0.1,5.99,5.99,0.1,0.1,0.38,0.38,0.1,0.1,4.94,4.94,0.38,0.38,0,0,FIRM
D,TRADING,PRICE,3,"2025/05/29 00:10:00",1,QLD1,2,85.66,0,0,"2025/05/29 00:05:03",85.66,0.37,0.37,0.1,0.1,0.1,0.1,5.99,5.99,0.1,0.1,0.38,0.38,0.1,0.1,4.94,4.94,0.38,0.38,0,0,FIRM
D,TRADING,PRICE,3,"2025/05/29 00:10:00",1,TAS1,2,100.24,0,0,"2025/05/29 00:05:03",100.24,0.38,0.38,0.38,0.38,0.36,0.36,8.4,8.4,0.1,0.1,0.38,0.38,0,0,2.48,2.48,0.38,0.38,0,0,FIRM
D,TRADING,PRICE,3,"2025/05/29 00:10:00",1,VIC1,2,88.53,0,0,"2025/05/29 00:05:03",88.53,0.37,0.37,0.1,0.1,0.1,0.1,5.99,5.99,0.1,0.1,0.38,0.38,0.1,0.1,4.94,4.94,0.38,0.38,0,0,FIRM
C,"END OF REPORT",15
