C,NEMP.WORLD,TRADINGIS,AEMO,PUBLIC,2025/05/29,00:00:11,0000000465312827,TRADINGIS,0000000465312826
I,TRADING,INTERCONNECTORRES,2,SETTLEMENTDATE,RUNNO,INTERCONNECTORID,PERIODID,METEREDMWFLOW,MWFLOW,MWLOSSES,LASTCHANGED
D,TRADING,INTERCONNECTORRES,2,"2025/05/29 00:05:00",1,N-Q-MNSP1,1,-16.6,-17,0.07,"2025/05/29 00:00:03"
D,TRADING,INTERCONNECTORRES,2,"2025/05/29 00:05:00",1,NSW1-QLD1,1,-434.1,-396.5,9.31,"2025/05/29 00:00:03"
D,TRADING,INTERCONNECTORRES,2,"2025/05/29 00:05:00",1,T-V-MNSP1,1,-439.5,-438,21.66,"2025/05/29 00:00:03"
D,TRADING,INTERCONNECTORRES,2,"2025/05/29 00:05:00",1,V-S-MNSP1,1,110,90,3.14,"2025/05/29 00:00:03"
D,TRADING,INTERCONNECTORRES,2,"2025/05/29 00:05:00",1,V-SA,1,538.89,536.44,37.96,"2025/05/29 00:00:03"
D,TRADING,INTERCONNECTORRES,2,"2025/05/29 00:05:00",1,VIC1-NSW1,1,95.32,107.14,3.51,"2025/05/29 00:00:03"
I,TRADING,PRICE,3,SETTLEMENTDATE,RUNNO,REGIONID,PERIODID,RRP,EEP,INVALIDFLAG,LASTCHANGED,ROP,RAISE6SECRRP,RAISE6SECROP,RAISE60SECRRP,RAISE60SECROP,RAISE5MINRRP,RAISE5MINROP,RAISEREGRRP,RAISEREGROP,LOWER6SECRRP,LOWER6SECROP,LOWER60SECRRP,LOWER60SECROP,LOWER5MINRRP,LOWER5MINROP,LOWERREGRRP,LOWERREGROP,RAISE1SECRRP,RAISE1SECROP,LOWER1SECRRP,LOWER1SECROP,PRICE_STATUS
D,TRADING,PRICE,3,"2025/05/29 00:05:00",1,SA1,1,97.89,0,0,"2025/05/29 00:00:03",97.89,0.37,0.37,0.1,0.1,0.1,0.1,5.99,5.99,0.1,0.1,0.39,0.39,0,0,0,0,0.38,0.38,0,0,FIRM
D,TRADING,PRICE,3,"2025/05/29 00:05:00",1,NSW1,1,89.81,0,0,"2025/05/29 00:00:03",89.81,0.37,0.37,0.1,0.1,0.1,0.1,5.99,5.99,0.1,0.1,0.39,0.39,0,0,0,0,0.38,0.38,0,0,FIRM
D,TRADING,PRICE,3,"2025/05/29 00:05:00",1,QLD1,1,84.45,0,0,"2025/05/29 00:00:03",84.45,0.37,0.37,0.1,0.1,0.1,0.1,5.99,5.99,0.1,0.1,0.39,0.39,0,0,0,0,0.38,0.38,0,0,FIRM
D,TRADING,PRICE,3,"2025/05/29 00:05:00",1,TAS1,1,100.24,0,0,"2025/05/29 00:00:03",100.24,0.38,0.38,0.38,0.38,0.38,0.38,8.4,8.4,0.1,0.1,0.38,0.38,0,0,2.48,2.48,0.38,0.38,0,0,FIRM
D,TRADING,PRICE,3,"2025/05/29 00:05:00",1,VIC1,1,85.96,0,0,"2025/05/29 00:00:03",85.96,0.37,0.37,0.1,0.1,0.1,0.1,5.99,5.99,0.1,0.1,0.39,0.39,0,0,0,0,0.38,0.38,0,0,FIRM
C,"END OF REPORT",15
