C,NEMP.WORLD,TRADINGIS,AEMO,PUBLIC,2025/05/29,17:15:16,0000000465416597,TRADINGIS,0000000465416596
I,TRADING,INTERCONNECTORRES,2,SETTLEMENTDATE,RUNNO,INTERCONNECTORID,PERIODID,METEREDMWFLOW,MWFLOW,MWLOSSES,LASTCHANGED
D,TRADING,INTERCONNECTORRES,2,"2025/05/29 17:20:00",1,N-Q-MNSP1,208,-18.6,-17,0.07,"2025/05/29 17:15:04"
D,TRADING,INTERCONNECTORRES,2,"2025/05/29 17:20:00",1,NSW1-QLD1,208,-693.5,-671.84,-2.59,"2025/05/29 17:15:04"
D,TRADING,INTERCONNECTORRES,2,"2025/05/29 17:20:00",1,T-V-MNSP1,208,128.8,100.76,0.66,"2025/05/29 17:15:04"
D,TRADING,INTERCONNECTORRES,2,"2025/05/29 17:20:00",1,V-S-MNSP1,208,18,18,-0.93,"2025/05/29 17:15:04"
D,TRADING,INTERCONNECTORRES,2,"2025/05/29 17:20:00",1,V-SA,208,-62.22,-102,2.01,"2025/05/29 17:15:04"
D,TRADING,INTERCONNECTORRES,2,"2025/05/29 17:20:00",1,VIC1-NSW1,208,14.77,23.77,0.59,"2025/05/29 17:15:04"
I,TRADING,PRICE,3,SETTLEMENTDATE,RUNNO,REGIONID,PERIODID,RRP,EEP,INVALIDFLAG,LASTCHANGED,ROP,RAISE6SECRRP,RAISE6SECROP,RAISE60SECRRP,RAISE60SECROP,RAISE5MINRRP,RAISE5MINROP,RAISEREGRRP,RAISEREGROP,LOWER6SECRRP,LOWER6SECROP,LOWER60SECRRP,LOWER60SECROP,LOWER5MINRRP,LOWER5MINROP,LOWERREGRRP,LOWERREGROP,RAISE1SECRRP,RAISE1SECROP,LOWER1SECRRP,LOWER1SECROP,PRICE_STATUS
D,TRADING,PRICE,3,"2025/05/29 17:20:00",1,SA1,208,138,0,0,"2025/05/29 17:15:04",138,0.38,0.38,0.23,0.23,0.23,0.23,12.47,12.47,0.2,0.2,0.38,0.38,0.38,0.38,11.89,11.89,0.04,0.04,0,0,FIRM
D,TRADING,PRICE,3,"2025/05/29 17:20:00",1,NSW1,208,312.69,0,0,"2025/05/29 17:15:04",312.69,0.38,0.38,0.23,0.23,0.23,0.23,12.47,12.47,0.2,0.2,0.38,0.38,0.38,0.38,11.89,11.89,0.04,0.04,0,0,FIRM
D,TRADING,PRICE,3,"2025/05/29 17:20:00",1,QLD1,208,295,0,0,"2025/05/29 17:15:04",295,0.38,0.38,0.23,0.23,0.23,0.23,12.47,12.47,0.2,0.2,0.38,0.38,0.38,0.38,11.89,11.89,0.04,0.04,0,0,FIRM
D,TRADING,PRICE,3,"2025/05/29 17:20:00",1,TAS1,208,137.37,0,0,"2025/05/29 17:15:04",137.37,0.38,0.38,0.38,0.38,0.23,0.23,7.54,7.54,0.2,0.2,0.38,0.38,0.38,0.38,2.46,2.46,0.04,0.04,0,0,FIRM
D,TRADING,PRICE,3,"2025/05/29 17:20:00",1,VIC1,208,142.66,0,0,"2025/05/29 17:15:04",142.66,0.38,0.38,0.23,0.23,0.23,0.23,12.47,12.47,0.2,0.2,0.38,0.38,0.38,0.38,11.89,11.89,0.04,0.04,0,0,FIRM
C,"END OF REPORT",15
