C,NEMP.WORLD,TRADINGIS,AEMO,PUBLIC,2025/05/26,19:20:12,0000000464990074,TRADINGIS,0000000464990073
I,TRADING,INTERCONNECTORRES,2,SETTLEMENTDATE,RUNNO,INTERCONNECTORID,PERIODID,METEREDMWFLOW,MWFLOW,MWLOSSES,LASTCHANGED
D,TRADING,INTERCONNECTORRES,2,"2025/05/26 19:25:00",1,N-Q-MNSP1,233,10.2,9,0.6,"2025/05/26 19:20:04"
D,TRADING,INTERCONNECTORRES,2,"2025/05/26 19:25:00",1,NSW1-QLD1,233,124.4,159.34,12.03,"2025/05/26 19:20:04"
D,TRADING,INTERCONNECTORRES,2,"2025/05/26 19:25:00",1,T-V-MNSP1,233,-426.1,-456.91,23.49,"2025/05/26 19:20:04"
D,TRADING,INTERCONNECTORRES,2,"2025/05/26 19:25:00",1,V-S-MNSP1,233,179,178.72,25.36,"2025/05/26 19:20:04"
D,TRADING,INTERCONNECTORRES,2,"2025/05/26 19:25:00",1,V-SA,233,212.94,210.67,11.52,"2025/05/26 19:20:04"
D,TRADING,INTERCONNECTORRES,2,"2025/05/26 19:25:00",1,VIC1-NSW1,233,386,331.58,5.22,"2025/05/26 19:20:04"
I,TRADING,PRICE,3,SETTLEMENTDATE,RUNNO,REGIONID,PERIODID,RRP,EEP,INVALIDFLAG,LASTCHANGED,ROP,RAISE6SECRRP,RAISE6SECROP,RAISE60SECRRP,RAISE60SECROP,RAISE5MINRRP,RAISE5MINROP,RAISEREGRRP,RAISEREGROP,LOWER6SECRRP,LOWER6SECROP,LOWER60SECRRP,LOWER60SECROP,LOWER5MINRRP,LOWER5MINROP,LOWERREGRRP,LOWERREGROP,RAISE1SECRRP,RAISE1SECROP,LOWER1SECRRP,LOWER1SECROP,PRICE_STATUS
D,TRADING,PRICE,3,"2025/05/26 19:25:00",1,SA1,233,-50,0,0,"2025/05/26 19:20:04",-50,0.38,0.38,0.38,0.38,0.38,0.38,6,6,0.14,0.14,0.45,0.45,0,0,0,0,0.36,0.36,0,0,FIRM
D,TRADING,PRICE,3,"2025/05/26 19:25:00",1,NSW1,233,88.43,0,0,"2025/05/26 19:20:04",88.43,0.38,0.38,0.38,0.38,0.38,0.38,6,6,0.14,0.14,0.45,0.45,0,0,0,0,0.36,0.36,0,0,FIRM
D,TRADING,PRICE,3,"2025/05/26 19:25:00",1,QLD1,233,96.83,0,0,"2025/05/26 19:20:04",96.83,0.38,0.38,0.38,0.38,0.38,0.38,6,6,0.14,0.14,0.45,0.45,0,0,0,0,0.36,0.36,0,0,FIRM
D,TRADING,PRICE,3,"2025/05/26 19:25:00",1,TAS1,233,35.24,0,0,"2025/05/26 19:20:04",35.24,0.38,0.38,0.38,0.38,0.38,0.38,8.8,8.8,0.14,0.14,0.38,0.38,0,0,2.55,2.55,0.36,0.36,0,0,FIRM
D,TRADING,PRICE,3,"2025/05/26 19:25:00",1,VIC1,233,8.95,0,0,"2025/05/26 19:20:04",8.95,0.38,0.38,0.38,0.38,0.38,0.38,6,6,0.14,0.14,0.45,0.45,0,0,0,0,0.36,0.36,0,0,FIRM
C,"END OF REPORT",15
