C,NEMP.WORLD,TRADINGIS,AEMO,PUBLIC,2025/05/28,21:55:10,0000000465301231,TRADINGIS,0000000465301230
I,TRADING,INTERCONNECTORRES,2,SETTLEMENTDATE,RUNNO,INTERCONNECTORID,PERIODID,METEREDMWFLOW,MWFLOW,MWLOSSES,LASTCHANGED
D,TRADING,INTERCONNECTORRES,2,"2025/05/28 22:00:00",1,N-Q-MNSP1,264,-26.8,-25,0.65,"2025/05/28 21:55:03"
D,TRADING,INTERCONNECTORRES,2,"2025/05/28 22:00:00",1,NSW1-QLD1,264,-776.5,-762.12,27.71,"2025/05/28 21:55:03"
D,TRADING,INTERCONNECTORRES,2,"2025/05/28 22:00:00",1,T-V-MNSP1,264,-459,-438,21.66,"2025/05/28 21:55:03"
D,TRADING,INTERCONNECTORRES,2,"2025/05/28 22:00:00",1,V-S-MNSP1,264,63,63,0.15,"2025/05/28 21:55:03"
D,TRADING,INTERCONNECTORRES,2,"2025/05/28 22:00:00",1,V-SA,264,316.67,291.34,12.16,"2025/05/28 21:55:03"
D,TRADING,INTERCONNECTORRES,2,"2025/05/28 22:00:00",1,VIC1-NSW1,264,-53.5,-17.84,-0.2,"2025/05/28 21:55:03"
I,TRADING,PRICE,3,SETTLEMENTDATE,RUNNO,REGIONID,PERIODID,RRP,EEP,INVALIDFLAG,LASTCHANGED,ROP,RAISE6SECRRP,RAISE6SECROP,RAISE60SECRRP,RAISE60SECROP,RAISE5MINRRP,RAISE5MINROP,RAISEREGRRP,RAISEREGROP,LOWER6SECRRP,LOWER6SECROP,LOWER60SECRRP,LOWER60SECROP,LOWER5MINRRP,LOWER5MINROP,LOWERREGRRP,LOWERREGROP,RAISE1SECRRP,RAISE1SECROP,LOWER1SECRRP,LOWER1SECROP,PRICE_STATUS
D,TRADING,PRICE,3,"2025/05/28 22:00:00",1,SA1,264,89.45,0,0,"2025/05/28 21:55:03",89.45,0.37,0.37,0.1,0.1,0.15,0.15,9.89,9.89,0.1,0.1,0.38,0.38,0.1,0.1,8.5,8.5,0.36,0.36,0,0,FIRM
D,TRADING,PRICE,3,"2025/05/28 22:00:00",1,NSW1,264,83.88,0,0,"2025/05/28 21:55:03",83.88,0.37,0.37,0.1,0.1,0.15,0.15,9.89,9.89,0.1,0.1,0.38,0.38,0.1,0.1,8.5,8.5,0.36,0.36,0,0,FIRM
D,TRADING,PRICE,3,"2025/05/28 22:00:00",1,QLD1,264,75.63,0,0,"2025/05/28 21:55:03",75.63,0.37,0.37,0.1,0.1,0.15,0.15,9.89,9.89,0.1,0.1,0.38,0.38,0.1,0.1,8.5,8.5,0.36,0.36,0,0,FIRM
D,TRADING,PRICE,3,"2025/05/28 22:00:00",1,TAS1,264,150.24,0,0,"2025/05/28 21:55:03",150.24,0.38,0.38,0.38,0.38,0.36,0.36,8.4,8.4,0,0,0,0,0,0,2.48,2.48,0.36,0.36,0,0,FIRM
D,TRADING,PRICE,3,"2025/05/28 22:00:00",1,VIC1,264,82.93,0,0,"2025/05/28 21:55:03",82.93,0.37,0.37,0.1,0.1,0.15,0.15,9.89,9.89,0.1,0.1,0.38,0.38,0.1,0.1,8.5,8.5,0.36,0.36,0,0,FIRM
C,"END OF REPORT",15
