C,NEMP.WORLD,TRADINGIS,AEMO,PUBLIC,2025/05/27,09:20:14,0000000465074649,TRADINGIS,0000000465074648
I,TRADING,INTERCONNECTORRES,2,SETTLEMENTDATE,RUNNO,INTERCONNECTORID,PERIODID,METEREDMWFLOW,MWFLOW,MWLOSSES,LASTCHANGED
D,TRADING,INTERCONNECTORRES,2,"2025/05/27 09:25:00",1,N-Q-MNSP1,113,-7,-17,0.07,"2025/05/27 09:20:07"
D,TRADING,INTERCONNECTORRES,2,"2025/05/27 09:25:00",1,NSW1-QLD1,113,-414.7,-378.45,8.66,"2025/05/27 09:20:07"
D,TRADING,INTERCONNECTORRES,2,"2025/05/27 09:25:00",1,T-V-MNSP1,113,-470,-461.77,23.97,"2025/05/27 09:20:07"
D,TRADING,INTERCONNECTORRES,2,"2025/05/27 09:25:00",1,V-S-MNSP1,113,54,17.48,-0.91,"2025/05/27 09:20:07"
D,TRADING,INTERCONNECTORRES,2,"2025/05/27 09:25:00",1,V-SA,113,66.39,7.67,0.06,"2025/05/27 09:20:07"
D,TRADING,INTERCONNECTORRES,2,"2025/05/27 09:25:00",1,VIC1-NSW1,113,811.89,812.44,67.68,"2025/05/27 09:20:07"
I,TRADING,PRICE,3,SETTLEMENTDATE,RUNNO,REGIONID,PERIODID,RRP,EEP,INVALIDFLAG,LASTCHANGED,ROP,RAISE6SECRRP,RAISE6SECROP,RAISE60SECRRP,RAISE60SECROP,RAISE5MINRRP,RAISE5MINROP,RAISEREGRRP,RAISEREGROP,LOWER6SECRRP,LOWER6SECROP,LOWER60SECRRP,LOWER60SECROP,LOWER5MINRRP,LOWER5MINROP,LOWERREGRRP,LOWERREGROP,RAISE1SECRRP,RAISE1SECROP,LOWER1SECRRP,LOWER1SECROP,PRICE_STATUS
D,TRADING,PRICE,3,"2025/05/27 09:25:00",1,SA1,113,0,0,0,"2025/05/27 09:20:07",0,0.01,0.01,0.01,0.01,0.04,0.04,9.24,9.24,0.01,0.01,0.37,0.37,0.1,0.1,3.19,3.19,0.04,0.04,0,0,FIRM
D,TRADING,PRICE,3,"2025/05/27 09:25:00",1,NSW1,113,50.34,0,0,"2025/05/27 09:20:07",50.34,0.01,0.01,0.01,0.01,0.04,0.04,9.24,9.24,0.01,0.01,0.37,0.37,0.1,0.1,3.19,3.19,0.04,0.04,0,0,FIRM
D,TRADING,PRICE,3,"2025/05/27 09:25:00",1,QLD1,113,47.58,0,0,"2025/05/27 09:20:07",47.58,0.01,0.01,0.01,0.01,0.04,0.04,9.24,9.24,0.01,0.01,0.37,0.37,0.1,0.1,3.19,3.19,0.04,0.04,0,0,FIRM
D,TRADING,PRICE,3,"2025/05/27 09:25:00",1,TAS1,113,35.24,0,0,"2025/05/27 09:20:07",35.24,0.38,0.38,0.38,0.38,0.04,0.04,8.4,8.4,0.01,0.01,0.37,0.37,0,0,2.48,2.48,0.04,0.04,0,0,FIRM
D,TRADING,PRICE,3,"2025/05/27 09:25:00",1,VIC1,113,0,0,0,"2025/05/27 09:20:07",0,0.01,0.01,0.01,0.01,0.04,0.04,9.24,9.24,0.01,0.01,0.37,0.37,0.1,0.1,3.19,3.19,0.04,0.04,0,0,FIRM
C,"END OF REPORT",15
