C,NEMP.WORLD,TRADINGIS,AEMO,PUBLIC,2025/05/29,03:45:10,0000000465334191,TRADINGIS,0000000465334190
I,TRADING,INTERCONNECTORRES,2,SETTLEMENTDATE,RUNNO,INTERCONNECTORID,PERIODID,METEREDMWFLOW,MWFLOW,MWLOSSES,LASTCHANGED
D,TRADING,INTERCONNECTORRES,2,"2025/05/29 03:50:00",1,N-Q-MNSP1,46,-16.6,-17,0.07,"2025/05/29 03:45:03"
D,TRADING,INTERCONNECTORRES,2,"2025/05/29 03:50:00",1,NSW1-QLD1,46,-381.7,-379.43,13.57,"2025/05/29 03:45:03"
D,TRADING,INTERCONNECTORRES,2,"2025/05/29 03:50:00",1,T-V-MNSP1,46,-421.2,-438,21.66,"2025/05/29 03:45:03"
D,TRADING,INTERCONNECTORRES,2,"2025/05/29 03:50:00",1,V-S-MNSP1,46,72,63,0.15,"2025/05/29 03:45:03"
D,TRADING,INTERCONNECTORRES,2,"2025/05/29 03:50:00",1,V-SA,46,289.35,321.37,16.28,"2025/05/29 03:45:03"
D,TRADING,INTERCONNECTORRES,2,"2025/05/29 03:50:00",1,VIC1-NSW1,46,405.28,394.6,24.21,"2025/05/29 03:45:03"
I,TRADING,PRICE,3,SETTLEMENTDATE,RUNNO,REGIONID,PERIODID,RRP,EEP,INVALIDFLAG,LASTCHANGED,ROP,RAISE6SECRRP,RAISE6SECROP,RAISE60SECRRP,RAISE60SECROP,RAISE5MINRRP,RAISE5MINROP,RAISEREGRRP,RAISEREGROP,LOWER6SECRRP,LOWER6SECROP,LOWER60SECRRP,LOWER60SECROP,LOWER5MINRRP,LOWER5MINROP,LOWERREGRRP,LOWERREGROP,RAISE1SECRRP,RAISE1SECROP,LOWER1SECRRP,LOWER1SECROP,PRICE_STATUS
D,TRADING,PRICE,3,"2025/05/29 03:50:00",1,SA1,46,70.44,0,0,"2025/05/29 03:45:03",70.44,0.23,0.23,0.1,0.1,0.1,0.1,17.53,17.53,0.38,0.38,0.38,0.38,0.1,0.1,0.94,0.94,0.37,0.37,0,0,FIRM
D,TRADING,PRICE,3,"2025/05/29 03:50:00",1,NSW1,46,71.26,0,0,"2025/05/29 03:45:03",71.26,0.23,0.23,0.1,0.1,0.1,0.1,17.53,17.53,0.38,0.38,0.38,0.38,0.1,0.1,0.94,0.94,0.37,0.37,0,0,FIRM
D,TRADING,PRICE,3,"2025/05/29 03:50:00",1,QLD1,46,66.48,0,0,"2025/05/29 03:45:03",66.48,0.23,0.23,0.1,0.1,0.1,0.1,17.53,17.53,0.38,0.38,0.38,0.38,0.1,0.1,0.94,0.94,0.37,0.37,0,0,FIRM
D,TRADING,PRICE,3,"2025/05/29 03:50:00",1,TAS1,46,100.24,0,0,"2025/05/29 03:45:03",100.24,0.38,0.38,0.38,0.38,0.38,0.38,8.4,8.4,0.38,0.38,0.38,0.38,0,0,2.48,2.48,0.37,0.37,0,0,FIRM
D,TRADING,PRICE,3,"2025/05/29 03:50:00",1,VIC1,46,64.71,0,0,"2025/05/29 03:45:03",64.71,0.23,0.23,0.1,0.1,0.1,0.1,17.53,17.53,0.38,0.38,0.38,0.38,0.1,0.1,0.94,0.94,0.37,0.37,0,0,FIRM
C,"END OF REPORT",15
