C,NEMP.WORLD,TRADINGIS,AEMO,PUBLIC,2025/05/26,13:15:18,0000000464950718,TRADINGIS,0000000464950717
I,TRADING,INTERCONNECTORRES,2,SETTLEMENTDATE,RUNNO,INTERCONNECTORID,PERIODID,METEREDMWFLOW,MWFLOW,MWLOSSES,LASTCHANGED
D,TRADING,INTERCONNECTORRES,2,"2025/05/26 13:20:00",1,N-Q-MNSP1,160,-26.4,-33,1.59,"2025/05/26 13:15:08"
D,TRADING,INTERCONNECTORRES,2,"2025/05/26 13:20:00",1,NSW1-QLD1,160,-866.5,-921.52,70.19,"2025/05/26 13:15:08"
D,TRADING,INTERCONNECTORRES,2,"2025/05/26 13:20:00",1,T-V-MNSP1,160,-448.1,-441.89,22.03,"2025/05/26 13:15:08"
D,TRADING,INTERCONNECTORRES,2,"2025/05/26 13:20:00",1,V-S-MNSP1,160,165,165.18,20.75,"2025/05/26 13:15:08"
D,TRADING,INTERCONNECTORRES,2,"2025/05/26 13:20:00",1,V-SA,160,390.05,250.1,17.32,"2025/05/26 13:15:08"
D,TRADING,INTERCONNECTORRES,2,"2025/05/26 13:20:00",1,VIC1-NSW1,160,199.23,336.26,13.63,"2025/05/26 13:15:08"
I,TRADING,PRICE,3,SETTLEMENTDATE,RUNNO,REGIONID,PERIODID,RRP,EEP,INVALIDFLAG,LASTCHANGED,ROP,RAISE6SECRRP,RAISE6SECROP,RAISE60SECRRP,RAISE60SECROP,RAISE5MINRRP,RAISE5MINROP,RAISEREGRRP,RAISEREGROP,LOWER6SECRRP,LOWER6SECROP,LOWER60SECRRP,LOWER60SECROP,LOWER5MINRRP,LOWER5MINROP,LOWERREGRRP,LOWERREGROP,RAISE1SECRRP,RAISE1SECROP,LOWER1SECRRP,LOWER1SECROP,PRICE_STATUS
D,TRADING,PRICE,3,"2025/05/26 13:20:00",1,SA1,160,-20.42,0,0,"2025/05/26 13:15:08",-20.42,0.1,0.1,0.04,0.04,0.04,0.04,7.99,7.99,0.1,0.1,0.39,0.39,0.1,0.1,1.98,1.98,0.3,0.3,0,0,FIRM
D,TRADING,PRICE,3,"2025/05/26 13:20:00",1,NSW1,160,59.66,0,0,"2025/05/26 13:15:08",59.66,0.1,0.1,0.04,0.04,0.04,0.04,7.99,7.99,0.1,0.1,0.39,0.39,0.1,0.1,1.98,1.98,0.3,0.3,0,0,FIRM
D,TRADING,PRICE,3,"2025/05/26 13:20:00",1,QLD1,160,50.75,0,0,"2025/05/26 13:15:08",50.75,0.1,0.1,0.04,0.04,0.04,0.04,7.99,7.99,0.1,0.1,0.39,0.39,0.1,0.1,1.98,1.98,0.3,0.3,0,0,FIRM
D,TRADING,PRICE,3,"2025/05/26 13:20:00",1,TAS1,160,11.25,0,0,"2025/05/26 13:15:08",11.25,0.38,0.38,0.38,0.38,0.04,0.04,8.8,8.8,0.1,0.1,0.39,0.39,0,0,2.55,2.55,0.3,0.3,0,0,FIRM
D,TRADING,PRICE,3,"2025/05/26 13:20:00",1,VIC1,160,-27.8,0,0,"2025/05/26 13:15:08",-27.8,0.1,0.1,0.04,0.04,0.04,0.04,7.99,7.99,0.1,0.1,0.39,0.39,0.1,0.1,1.98,1.98,0.3,0.3,0,0,FIRM
C,"END OF REPORT",15
