C,NEMP.WORLD,TRADINGIS,AEMO,PUBLIC,2025/05/26,21:50:17,0000000465005333,TRADINGIS,0000000465005332
I,TRADING,INTERCONNECTORRES,2,SETTLEMENTDATE,RUNNO,INTERCONNECTORID,PERIODID,METEREDMWFLOW,MWFLOW,MWLOSSES,LASTCHANGED
D,TRADING,INTERCONNECTORRES,2,"2025/05/26 21:55:00",1,N-Q-MNSP1,263,9.5,9,0.6,"2025/05/26 21:50:09"
D,TRADING,INTERCONNECTORRES,2,"2025/05/26 21:55:00",1,NSW1-QLD1,263,363,331.22,20.3,"2025/05/26 21:50:09"
D,TRADING,INTERCONNECTORRES,2,"2025/05/26 21:55:00",1,T-V-MNSP1,263,-460.9,-450.79,22.89,"2025/05/26 21:50:09"
D,TRADING,INTERCONNECTORRES,2,"2025/05/26 21:55:00",1,V-S-MNSP1,263,-148,-148.3,37.45,"2025/05/26 21:50:09"
D,TRADING,INTERCONNECTORRES,2,"2025/05/26 21:55:00",1,V-SA,263,-156.59,-194.73,0.35,"2025/05/26 21:50:09"
D,TRADING,INTERCONNECTORRES,2,"2025/05/26 21:55:00",1,VIC1-NSW1,263,1020.4,1118.45,111.83,"2025/05/26 21:50:09"
I,TRADING,PRICE,3,SETTLEMENTDATE,RUNNO,REGIONID,PERIODID,RRP,EEP,INVALIDFLAG,LASTCHANGED,ROP,RAISE6SECRRP,RAISE6SECROP,RAISE60SECRRP,RAISE60SECROP,RAISE5MINRRP,RAISE5MINROP,RAISEREGRRP,RAISEREGROP,LOWER6SECRRP,LOWER6SECROP,LOWER60SECRRP,LOWER60SECROP,LOWER5MINRRP,LOWER5MINROP,LOWERREGRRP,LOWERREGROP,RAISE1SECRRP,RAISE1SECROP,LOWER1SECRRP,LOWER1SECROP,PRICE_STATUS
D,TRADING,PRICE,3,"2025/05/26 21:55:00",1,SA1,263,-1.86,0,0,"2025/05/26 21:50:09",-1.86,0.1,0.1,0.1,0.1,0.23,0.23,3.99,3.99,0.1,0.1,0.38,0.38,0,0,0,0,0.37,0.37,0,0,FIRM
D,TRADING,PRICE,3,"2025/05/26 21:55:00",1,NSW1,263,56.98,0,0,"2025/05/26 21:50:09",56.98,0.1,0.1,0.1,0.1,0.23,0.23,3.99,3.99,0.1,0.1,0.38,0.38,0,0,0,0,0.37,0.37,0,0,FIRM
D,TRADING,PRICE,3,"2025/05/26 21:55:00",1,QLD1,263,62.44,0,0,"2025/05/26 21:50:09",62.44,0.1,0.1,0.1,0.1,0.23,0.23,3.99,3.99,0.1,0.1,0.38,0.38,0,0,0,0,0.37,0.37,0,0,FIRM
D,TRADING,PRICE,3,"2025/05/26 21:55:00",1,TAS1,263,55.24,0,0,"2025/05/26 21:50:09",55.24,0.38,0.38,0.38,0.38,0.23,0.23,8.8,8.8,0.1,0.1,0.38,0.38,0,0,3.55,3.55,0.37,0.37,0,0,FIRM
D,TRADING,PRICE,3,"2025/05/26 21:55:00",1,VIC1,263,0,0,0,"2025/05/26 21:50:09",0,0.1,0.1,0.1,0.1,0.23,0.23,3.99,3.99,0.1,0.1,0.38,0.38,0,0,0,0,0.37,0.37,0,0,FIRM
C,"END OF REPORT",15
