C,NEMP.WORLD,TRADINGIS,AEMO,PUBLIC,2025/05/29,21:45:11,0000000465443963,TRADINGIS,0000000465443962
I,TRADING,INTERCONNECTORRES,2,SETTLEMENTDATE,RUNNO,INTERCONNECTORID,PERIODID,METEREDMWFLOW,MWFLOW,MWLOSSES,LASTCHANGED
D,TRADING,INTERCONNECTORRES,2,"2025/05/29 21:50:00",1,N-Q-MNSP1,262,-11.2,-9,-0.16,"2025/05/29 21:45:04"
D,TRADING,INTERCONNECTORRES,2,"2025/05/29 21:50:00",1,NSW1-QLD1,262,-210.4,-195.41,-3.86,"2025/05/29 21:45:04"
D,TRADING,INTERCONNECTORRES,2,"2025/05/29 21:50:00",1,T-V-MNSP1,262,-470.6,-478,25.62,"2025/05/29 21:45:04"
D,TRADING,INTERCONNECTORRES,2,"2025/05/29 21:50:00",1,V-S-MNSP1,262,0,-1.42,0.12,"2025/05/29 21:45:04"
D,TRADING,INTERCONNECTORRES,2,"2025/05/29 21:50:00",1,V-SA,262,-399.49,-408,15.32,"2025/05/29 21:45:04"
D,TRADING,INTERCONNECTORRES,2,"2025/05/29 21:50:00",1,VIC1-NSW1,262,79.43,100.32,1.87,"2025/05/29 21:45:04"
I,TRADING,PRICE,3,SETTLEMENTDATE,RUNNO,REGIONID,PERIODID,RRP,EEP,INVALIDFLAG,LASTCHANGED,ROP,RAISE6SECRRP,RAISE6SECROP,RAISE60SECRRP,RAISE60SECROP,RAISE5MINRRP,RAISE5MINROP,RAISEREGRRP,RAISEREGROP,LOWER6SECRRP,LOWER6SECROP,LOWER60SECRRP,LOWER60SECROP,LOWER5MINRRP,LOWER5MINROP,LOWERREGRRP,LOWERREGROP,RAISE1SECRRP,RAISE1SECROP,LOWER1SECRRP,LOWER1SECROP,PRICE_STATUS
D,TRADING,PRICE,3,"2025/05/29 21:50:00",1,SA1,262,96.19,0,0,"2025/05/29 21:45:04",96.19,0.37,0.37,0.1,0.1,0.1,0.1,9.89,9.89,0.1,0.1,0.38,0.38,0.15,0.15,1,1,0.36,0.36,0,0,FIRM
D,TRADING,PRICE,3,"2025/05/29 21:50:00",1,NSW1,262,108.05,0,0,"2025/05/29 21:45:04",108.05,0.37,0.37,0.1,0.1,0.1,0.1,9.89,9.89,0.1,0.1,0.38,0.38,0.15,0.15,1,1,0.36,0.36,0,0,FIRM
D,TRADING,PRICE,3,"2025/05/29 21:50:00",1,QLD1,262,108.12,0,0,"2025/05/29 21:45:04",108.12,0.37,0.37,0.1,0.1,0.1,0.1,9.89,9.89,0.1,0.1,0.38,0.38,0.15,0.15,1,1,0.36,0.36,0,0,FIRM
D,TRADING,PRICE,3,"2025/05/29 21:50:00",1,TAS1,262,150.07,0,0,"2025/05/29 21:45:04",150.07,0.38,0.38,0.38,0.38,0.36,0.36,7.54,7.54,0.1,0.1,0.38,0.38,0,0,2.47,2.47,0.36,0.36,0,0,FIRM
D,TRADING,PRICE,3,"2025/05/29 21:50:00",1,VIC1,262,104.82,0,0,"2025/05/29 21:45:04",104.82,0.37,0.37,0.1,0.1,0.1,0.1,9.89,9.89,0.1,0.1,0.38,0.38,0.15,0.15,1,1,0.36,0.36,0,0,FIRM
C,"END OF REPORT",15
