C,NEMP.WORLD,TRADINGIS,AEMO,PUBLIC,2025/05/28,11:40:15,0000000465237208,TRADINGIS,0000000465237207
I,TRADING,INTERCONNECTORRES,2,SETTLEMENTDATE,RUNNO,INTERCONNECTORID,PERIODID,METEREDMWFLOW,MWFLOW,MWLOSSES,LASTCHANGED
D,TRADING,INTERCONNECTORRES,2,"2025/05/28 11:45:00",1,N-Q-MNSP1,141,97,96.52,29.68,"2025/05/28 11:40:08"
D,TRADING,INTERCONNECTORRES,2,"2025/05/28 11:45:00",1,NSW1-QLD1,141,-442.1,-380.61,20.21,"2025/05/28 11:40:08"
D,TRADING,INTERCONNECTORRES,2,"2025/05/28 11:45:00",1,T-V-MNSP1,141,-409.6,-408.79,18.97,"2025/05/28 11:40:08"
D,TRADING,INTERCONNECTORRES,2,"2025/05/28 11:45:00",1,V-S-MNSP1,141,161,158.46,18.63,"2025/05/28 11:40:08"
D,TRADING,INTERCONNECTORRES,2,"2025/05/28 11:45:00",1,V-SA,141,588.05,327.38,8.46,"2025/05/28 11:40:08"
D,TRADING,INTERCONNECTORRES,2,"2025/05/28 11:45:00",1,VIC1-NSW1,141,-158.81,-54.11,-1.98,"2025/05/28 11:40:08"
I,TRADING,PRICE,3,SETTLEMENTDATE,RUNNO,REGIONID,PERIODID,RRP,EEP,INVALIDFLAG,LASTCHANGED,ROP,RAISE6SECRRP,RAISE6SECROP,RAISE60SECRRP,RAISE60SECROP,RAISE5MINRRP,RAISE5MINROP,RAISEREGRRP,RAISEREGROP,LOWER6SECRRP,LOWER6SECROP,LOWER60SECRRP,LOWER60SECROP,LOWER5MINRRP,LOWER5MINROP,LOWERREGRRP,LOWERREGROP,RAISE1SECRRP,RAISE1SECROP,LOWER1SECRRP,LOWER1SECROP,PRICE_STATUS
D,TRADING,PRICE,3,"2025/05/28 11:45:00",1,SA1,141,-17.51,0,0,"2025/05/28 11:40:08",-17.51,0.37,0.37,0.38,0.38,0.15,0.15,9.24,9.24,0,0,0.01,0.01,0.1,0.1,0.1,0.1,0.01,0.01,0,0,FIRM
D,TRADING,PRICE,3,"2025/05/28 11:45:00",1,NSW1,141,-20.51,0,0,"2025/05/28 11:40:08",-20.51,0.37,0.37,0.38,0.38,0.15,0.15,9.24,9.24,0,0,0.01,0.01,0.1,0.1,0.1,0.1,0.01,0.01,0,0,FIRM
D,TRADING,PRICE,3,"2025/05/28 11:45:00",1,QLD1,141,-24.23,0,0,"2025/05/28 11:40:08",-24.23,0.37,0.37,0.38,0.38,0.15,0.15,9.24,9.24,3.78,3.78,1.83,1.83,0.1,0.1,0.1,0.1,0.01,0.01,0,0,FIRM
D,TRADING,PRICE,3,"2025/05/28 11:45:00",1,TAS1,141,35.06,0,0,"2025/05/28 11:40:08",35.06,0.38,0.38,0.38,0.38,0.15,0.15,7.4,7.4,0,0,0.01,0.01,0.1,0.1,2.54,2.54,0.01,0.01,0,0,FIRM
D,TRADING,PRICE,3,"2025/05/28 11:45:00",1,VIC1,141,-16.43,0,0,"2025/05/28 11:40:08",-16.43,0.37,0.37,0.38,0.38,0.15,0.15,9.24,9.24,0,0,0.01,0.01,0.1,0.1,0.1,0.1,0.01,0.01,0,0,FIRM
C,"END OF REPORT",15
