C,NEMP.WORLD,TRADINGIS,AEMO,PUBLIC,2025/05/27,09:05:11,0000000465073008,TRADINGIS,0000000465073007
I,TRADING,INTERCONNECTORRES,2,SETTLEMENTDATE,RUNNO,INTERCONNECTORID,PERIODID,METEREDMWFLOW,MWFLOW,MWLOSSES,LASTCHANGED
D,TRADING,INTERCONNECTORRES,2,"2025/05/27 09:10:00",1,N-Q-MNSP1,110,-7.4,-17,0.07,"2025/05/27 09:05:04"
D,TRADING,INTERCONNECTORRES,2,"2025/05/27 09:10:00",1,NSW1-QLD1,110,-382.4,-343.46,4.31,"2025/05/27 09:05:04"
D,TRADING,INTERCONNECTORRES,2,"2025/05/27 09:10:00",1,T-V-MNSP1,110,-426.1,-360.22,14.9,"2025/05/27 09:05:04"
D,TRADING,INTERCONNECTORRES,2,"2025/05/27 09:10:00",1,V-S-MNSP1,110,3,18,-0.93,"2025/05/27 09:05:04"
D,TRADING,INTERCONNECTORRES,2,"2025/05/27 09:10:00",1,V-SA,110,247.52,255.35,8.7,"2025/05/27 09:05:04"
D,TRADING,INTERCONNECTORRES,2,"2025/05/27 09:10:00",1,VIC1-NSW1,110,773.37,849.6,71.11,"2025/05/27 09:05:04"
I,TRADING,PRICE,3,SETTLEMENTDATE,RUNNO,REGIONID,PERIODID,RRP,EEP,INVALIDFLAG,LASTCHANGED,ROP,RAISE6SECRRP,RAISE6SECROP,RAISE60SECRRP,RAISE60SECROP,RAISE5MINRRP,RAISE5MINROP,RAISEREGRRP,RAISEREGROP,LOWER6SECRRP,LOWER6SECROP,LOWER60SECRRP,LOWER60SECROP,LOWER5MINRRP,LOWER5MINROP,LOWERREGRRP,LOWERREGROP,RAISE1SECRRP,RAISE1SECROP,LOWER1SECRRP,LOWER1SECROP,PRICE_STATUS
D,TRADING,PRICE,3,"2025/05/27 09:10:00",1,SA1,110,36.15,0,0,"2025/05/27 09:05:04",36.15,0.23,0.23,0.1,0.1,0.04,0.04,11.05,11.05,0.01,0.01,0.1,0.1,0,0,0,0,0.04,0.04,0,0,FIRM
D,TRADING,PRICE,3,"2025/05/27 09:10:00",1,NSW1,110,57.16,0,0,"2025/05/27 09:05:04",57.16,0.23,0.23,0.1,0.1,0.04,0.04,11.05,11.05,0.01,0.01,0.1,0.1,0,0,0,0,0.04,0.04,0,0,FIRM
D,TRADING,PRICE,3,"2025/05/27 09:10:00",1,QLD1,110,54.76,0,0,"2025/05/27 09:05:04",54.76,0.23,0.23,0.1,0.1,0.04,0.04,11.05,11.05,0.01,0.01,0.1,0.1,0,0,0,0,0.04,0.04,0,0,FIRM
D,TRADING,PRICE,3,"2025/05/27 09:10:00",1,TAS1,110,36.39,0,0,"2025/05/27 09:05:04",36.39,0.36,0.36,0.36,0.36,0.04,0.04,8.4,8.4,0.01,0.01,0.1,0.1,0,0,2.48,2.48,0.04,0.04,0,0,FIRM
D,TRADING,PRICE,3,"2025/05/27 09:10:00",1,VIC1,110,33.89,0,0,"2025/05/27 09:05:04",33.89,0.23,0.23,0.1,0.1,0.04,0.04,11.05,11.05,0.01,0.01,0.1,0.1,0,0,0,0,0.04,0.04,0,0,FIRM
C,"END OF REPORT",15
