C,NEMP.WORLD,TRADINGIS,AEMO,PUBLIC,2025/05/27,09:15:10,0000000465074112,TRADINGIS,0000000465074111
I,TRADING,INTERCONNECTORRES,2,SETTLEMENTDATE,RUNNO,INTERCONNECTORID,PERIODID,METEREDMWFLOW,MWFLOW,MWLOSSES,LASTCHANGED
D,TRADING,INTERCONNECTORRES,2,"2025/05/27 09:20:00",1,N-Q-MNSP1,112,-27.1,-17,0.07,"2025/05/27 09:15:03"
D,TRADING,INTERCONNECTORRES,2,"2025/05/27 09:20:00",1,NSW1-QLD1,112,-335.6,-332.71,5.6,"2025/05/27 09:15:03"
D,TRADING,INTERCONNECTORRES,2,"2025/05/27 09:20:00",1,T-V-MNSP1,112,-470,-459.53,23.75,"2025/05/27 09:15:03"
D,TRADING,INTERCONNECTORRES,2,"2025/05/27 09:20:00",1,V-S-MNSP1,112,-12,68,0.59,"2025/05/27 09:15:03"
D,TRADING,INTERCONNECTORRES,2,"2025/05/27 09:20:00",1,V-SA,112,122.56,26.09,0.23,"2025/05/27 09:15:03"
D,TRADING,INTERCONNECTORRES,2,"2025/05/27 09:20:00",1,VIC1-NSW1,112,875.2,773.98,61.14,"2025/05/27 09:15:03"
I,TRADING,PRICE,3,SETTLEMENTDATE,RUNNO,REGIONID,PERIODID,RRP,EEP,INVALIDFLAG,LASTCHANGED,ROP,RAISE6SECRRP,RAISE6SECROP,RAISE60SECRRP,RAISE60SECROP,RAISE5MINRRP,RAISE5MINROP,RAISEREGRRP,RAISEREGROP,LOWER6SECRRP,LOWER6SECROP,LOWER60SECRRP,LOWER60SECROP,LOWER5MINRRP,LOWER5MINROP,LOWERREGRRP,LOWERREGROP,RAISE1SECRRP,RAISE1SECROP,LOWER1SECRRP,LOWER1SECROP,PRICE_STATUS
D,TRADING,PRICE,3,"2025/05/27 09:20:00",1,SA1,112,6.48,0,0,"2025/05/27 09:15:03",6.48,0.01,0.01,0.01,0.01,0.04,0.04,9.55,9.55,0.04,0.04,0.39,0.39,0.1,0.1,1.49,1.49,0.17,0.17,0,0,FIRM
D,TRADING,PRICE,3,"2025/05/27 09:20:00",1,NSW1,112,56.98,0,0,"2025/05/27 09:15:03",56.98,0.01,0.01,0.01,0.01,0.04,0.04,9.55,9.55,0.04,0.04,0.39,0.39,0.1,0.1,1.49,1.49,0.17,0.17,0,0,FIRM
D,TRADING,PRICE,3,"2025/05/27 09:20:00",1,QLD1,112,54.3,0,0,"2025/05/27 09:15:03",54.3,0.01,0.01,0.01,0.01,0.04,0.04,9.55,9.55,0.04,0.04,0.39,0.39,0.1,0.1,1.49,1.49,0.17,0.17,0,0,FIRM
D,TRADING,PRICE,3,"2025/05/27 09:20:00",1,TAS1,112,35.24,0,0,"2025/05/27 09:15:03",35.24,0.38,0.38,0.38,0.38,0.04,0.04,8.4,8.4,0.04,0.04,0.38,0.38,0,0,2.48,2.48,0.17,0.17,0,0,FIRM
D,TRADING,PRICE,3,"2025/05/27 09:20:00",1,VIC1,112,-0.01,0,0,"2025/05/27 09:15:03",-0.01,0.01,0.01,0.01,0.01,0.04,0.04,9.55,9.55,0.04,0.04,0.39,0.39,0.1,0.1,1.49,1.49,0.17,0.17,0,0,FIRM
C,"END OF REPORT",15
