C,NEMP.WORLD,TRADINGIS,AEMO,PUBLIC,2025/05/28,08:55:15,0000000465220672,TRADINGIS,0000000465220671
I,TRADING,INTERCONNECTORRES,2,SETTLEMENTDATE,RUNNO,INTERCONNECTORID,PERIODID,METEREDMWFLOW,MWFLOW,MWLOSSES,LASTCHANGED
D,TRADING,INTERCONNECTORRES,2,"2025/05/28 09:00:00",1,N-Q-MNSP1,108,96.1,96.92,29.9,"2025/05/28 08:55:08"
D,TRADING,INTERCONNECTORRES,2,"2025/05/28 09:00:00",1,NSW1-QLD1,108,-563.9,-464.95,16.63,"2025/05/28 08:55:08"
D,TRADING,INTERCONNECTORRES,2,"2025/05/28 09:00:00",1,T-V-MNSP1,108,-435.2,-432.71,21.16,"2025/05/28 08:55:08"
D,TRADING,INTERCONNECTORRES,2,"2025/05/28 09:00:00",1,V-S-MNSP1,108,150,135,12.03,"2025/05/28 08:55:08"
D,TRADING,INTERCONNECTORRES,2,"2025/05/28 09:00:00",1,V-SA,108,427.8,437.39,23.04,"2025/05/28 08:55:08"
D,TRADING,INTERCONNECTORRES,2,"2025/05/28 09:00:00",1,VIC1-NSW1,108,-395.94,-350.04,5.57,"2025/05/28 08:55:08"
I,TRADING,PRICE,3,SETTLEMENTDATE,RUNNO,REGIONID,PERIODID,RRP,EEP,INVALIDFLAG,LASTCHANGED,ROP,RAISE6SECRRP,RAISE6SECROP,RAISE60SECRRP,RAISE60SECROP,RAISE5MINRRP,RAISE5MINROP,RAISEREGRRP,RAISEREGROP,LOWER6SECRRP,LOWER6SECROP,LOWER60SECRRP,LOWER60SECROP,LOWER5MINRRP,LOWER5MINROP,LOWERREGRRP,LOWERREGROP,RAISE1SECRRP,RAISE1SECROP,LOWER1SECRRP,LOWER1SECROP,PRICE_STATUS
D,TRADING,PRICE,3,"2025/05/28 09:00:00",1,SA1,108,170.44,0,0,"2025/05/28 08:55:08",170.44,0.36,0.36,0.1,0.1,0.15,0.15,5,5,0.1,0.1,0.39,0.39,0.39,0.39,3.7,3.7,0.37,0.37,0,0,FIRM
D,TRADING,PRICE,3,"2025/05/28 09:00:00",1,NSW1,108,-0.07,0,0,"2025/05/28 08:55:08",-0.07,0.36,0.36,0.1,0.1,0.15,0.15,5,5,0.1,0.1,0.39,0.39,0.39,0.39,3.7,3.7,0.37,0.37,0,0,FIRM
D,TRADING,PRICE,3,"2025/05/28 09:00:00",1,QLD1,108,-20.54,0,0,"2025/05/28 08:55:08",-20.54,0.36,0.36,0.1,0.1,0.15,0.15,5,5,16.68,16.68,4.89,4.89,0.39,0.39,3.7,3.7,0.37,0.37,0,0,FIRM
D,TRADING,PRICE,3,"2025/05/28 09:00:00",1,TAS1,108,150.23,0,0,"2025/05/28 08:55:08",150.23,0.38,0.38,0.38,0.38,0.15,0.15,8.4,8.4,0.1,0.1,0.39,0.39,0.38,0.38,2.48,2.48,0.37,0.37,0,0,FIRM
D,TRADING,PRICE,3,"2025/05/28 09:00:00",1,VIC1,108,132.72,0,0,"2025/05/28 08:55:08",132.72,0.36,0.36,0.1,0.1,0.15,0.15,5,5,0.1,0.1,0.39,0.39,0.39,0.39,3.7,3.7,0.37,0.37,0,0,FIRM
C,"END OF REPORT",15
