C,NEMP.WORLD,TRADINGIS,AEMO,PUBLIC,2025/05/26,21:15:13,0000000465001800,TRADINGIS,0000000465001799
I,TRADING,INTERCONNECTORRES,2,SETTLEMENTDATE,RUNNO,INTERCONNECTORID,PERIODID,METEREDMWFLOW,MWFLOW,MWLOSSES,LASTCHANGED
D,TRADING,INTERCONNECTORRES,2,"2025/05/26 21:20:00",1,N-Q-MNSP1,256,7.7,9,0.6,"2025/05/26 21:15:03"
D,TRADING,INTERCONNECTORRES,2,"2025/05/26 21:20:00",1,NSW1-QLD1,256,323.4,390.69,29.27,"2025/05/26 21:15:03"
D,TRADING,INTERCONNECTORRES,2,"2025/05/26 21:20:00",1,T-V-MNSP1,256,-443.2,-452.68,23.07,"2025/05/26 21:15:03"
D,TRADING,INTERCONNECTORRES,2,"2025/05/26 21:20:00",1,V-S-MNSP1,256,-141,-152.11,39.09,"2025/05/26 21:15:03"
D,TRADING,INTERCONNECTORRES,2,"2025/05/26 21:20:00",1,V-SA,256,-47.54,-54.5,-0.99,"2025/05/26 21:15:03"
D,TRADING,INTERCONNECTORRES,2,"2025/05/26 21:20:00",1,VIC1-NSW1,256,1151.23,1117.97,103.28,"2025/05/26 21:15:03"
I,TRADING,PRICE,3,SETTLEMENTDATE,RUNNO,REGIONID,PERIODID,RRP,EEP,INVALIDFLAG,LASTCHANGED,ROP,RAISE6SECRRP,RAISE6SECROP,RAISE60SECRRP,RAISE60SECROP,RAISE5MINRRP,RAISE5MINROP,RAISEREGRRP,RAISEREGROP,LOWER6SECRRP,LOWER6SECROP,LOWER60SECRRP,LOWER60SECROP,LOWER5MINRRP,LOWER5MINROP,LOWERREGRRP,LOWERREGROP,RAISE1SECRRP,RAISE1SECROP,LOWER1SECRRP,LOWER1SECROP,PRICE_STATUS
D,TRADING,PRICE,3,"2025/05/26 21:20:00",1,SA1,256,7.53,0,0,"2025/05/26 21:15:03",7.53,0.1,0.1,0.1,0.1,0.15,0.15,3.99,3.99,0.03,0.03,0.38,0.38,0.1,0.1,1,1,0.36,0.36,0,0,FIRM
D,TRADING,PRICE,3,"2025/05/26 21:20:00",1,NSW1,256,65.01,0,0,"2025/05/26 21:15:03",65.01,0.1,0.1,0.1,0.1,0.15,0.15,3.99,3.99,0.03,0.03,0.38,0.38,0.1,0.1,1,1,0.36,0.36,0,0,FIRM
D,TRADING,PRICE,3,"2025/05/26 21:20:00",1,QLD1,256,72.25,0,0,"2025/05/26 21:15:03",72.25,0.1,0.1,0.1,0.1,0.15,0.15,3.99,3.99,0.03,0.03,0.38,0.38,0.1,0.1,1,1,0.36,0.36,0,0,FIRM
D,TRADING,PRICE,3,"2025/05/26 21:20:00",1,TAS1,256,35.24,0,0,"2025/05/26 21:15:03",35.24,0.38,0.38,0.38,0.38,0.15,0.15,8.8,8.8,0.03,0.03,0.38,0.38,0,0,2.55,2.55,0.36,0.36,0,0,FIRM
D,TRADING,PRICE,3,"2025/05/26 21:20:00",1,VIC1,256,8.95,0,0,"2025/05/26 21:15:03",8.95,0.1,0.1,0.1,0.1,0.15,0.15,3.99,3.99,0.03,0.03,0.38,0.38,0.1,0.1,1,1,0.36,0.36,0,0,FIRM
C,"END OF REPORT",15
