C,NEMP.WORLD,TRADINGIS,AEMO,PUBLIC,2025/05/27,05:40:10,0000000465052918,TRADINGIS,0000000465052917
I,TRADING,INTERCONNECTORRES,2,SETTLEMENTDATE,RUNNO,INTERCONNECTORID,PERIODID,METEREDMWFLOW,MWFLOW,MWLOSSES,LASTCHANGED
D,TRADING,INTERCONNECTORRES,2,"2025/05/27 05:45:00",1,N-Q-MNSP1,69,9.9,9,0.6,"2025/05/27 05:40:03"
D,TRADING,INTERCONNECTORRES,2,"2025/05/27 05:45:00",1,NSW1-QLD1,69,372.7,387.84,18.48,"2025/05/27 05:40:03"
D,TRADING,INTERCONNECTORRES,2,"2025/05/27 05:45:00",1,T-V-MNSP1,69,-449.3,-461.33,23.93,"2025/05/27 05:40:03"
D,TRADING,INTERCONNECTORRES,2,"2025/05/27 05:45:00",1,V-S-MNSP1,69,-143,-146.29,36.58,"2025/05/27 05:40:03"
D,TRADING,INTERCONNECTORRES,2,"2025/05/27 05:45:00",1,V-SA,69,-273.28,-259.03,4.72,"2025/05/27 05:40:03"
D,TRADING,INTERCONNECTORRES,2,"2025/05/27 05:45:00",1,VIC1-NSW1,69,896.94,947.37,96.59,"2025/05/27 05:40:03"
I,TRADING,PRICE,3,SETTLEMENTDATE,RUNNO,REGIONID,PERIODID,RRP,EEP,INVALIDFLAG,LASTCHANGED,ROP,RAISE6SECRRP,RAISE6SECROP,RAISE60SECRRP,RAISE60SECROP,RAISE5MINRRP,RAISE5MINROP,RAISEREGRRP,RAISEREGROP,LOWER6SECRRP,LOWER6SECROP,LOWER60SECRRP,LOWER60SECROP,LOWER5MINRRP,LOWER5MINROP,LOWERREGRRP,LOWERREGROP,RAISE1SECRRP,RAISE1SECROP,LOWER1SECRRP,LOWER1SECROP,PRICE_STATUS
D,TRADING,PRICE,3,"2025/05/27 05:45:00",1,SA1,69,0,0,0,"2025/05/27 05:40:03",0,0.23,0.23,0.1,0.1,0.1,0.1,3.99,3.99,0.03,0.03,0.1,0.1,0,0,0,0,0.38,0.38,0,0,FIRM
D,TRADING,PRICE,3,"2025/05/27 05:45:00",1,NSW1,69,57.01,0,0,"2025/05/27 05:40:03",57.01,0.23,0.23,0.1,0.1,0.1,0.1,3.99,3.99,0.03,0.03,0.1,0.1,0,0,0,0,0.38,0.38,0,0,FIRM
D,TRADING,PRICE,3,"2025/05/27 05:45:00",1,QLD1,69,61.71,0,0,"2025/05/27 05:40:03",61.71,0.23,0.23,0.1,0.1,0.1,0.1,3.99,3.99,0.03,0.03,0.1,0.1,0,0,0,0,0.38,0.38,0,0,FIRM
D,TRADING,PRICE,3,"2025/05/27 05:45:00",1,TAS1,69,35.24,0,0,"2025/05/27 05:40:03",35.24,0.38,0.38,0.38,0.38,0.36,0.36,8.4,8.4,0.03,0.03,0.1,0.1,0,0,2.48,2.48,0.38,0.38,0,0,FIRM
D,TRADING,PRICE,3,"2025/05/27 05:45:00",1,VIC1,69,0,0,0,"2025/05/27 05:40:03",0,0.23,0.23,0.1,0.1,0.1,0.1,3.99,3.99,0.03,0.03,0.1,0.1,0,0,0,0,0.38,0.38,0,0,FIRM
C,"END OF REPORT",15
