C,NEMP.WORLD,TRADINGIS,AEMO,PUBLIC,2025/05/26,19:45:12,0000000464992654,TRADINGIS,0000000464992653
I,TRADING,INTERCONNECTORRES,2,SETTLEMENTDATE,RUNNO,INTERCONNECTORID,PERIODID,METEREDMWFLOW,MWFLOW,MWLOSSES,LASTCHANGED
D,TRADING,INTERCONNECTORRES,2,"2025/05/26 19:50:00",1,N-Q-MNSP1,238,9.1,9,0.6,"2025/05/26 19:45:03"
D,TRADING,INTERCONNECTORRES,2,"2025/05/26 19:50:00",1,NSW1-QLD1,238,164.2,178.89,12.84,"2025/05/26 19:45:03"
D,TRADING,INTERCONNECTORRES,2,"2025/05/26 19:50:00",1,T-V-MNSP1,238,-442,-453.59,23.16,"2025/05/26 19:45:03"
D,TRADING,INTERCONNECTORRES,2,"2025/05/26 19:50:00",1,V-S-MNSP1,238,176,176.87,24.71,"2025/05/26 19:45:03"
D,TRADING,INTERCONNECTORRES,2,"2025/05/26 19:50:00",1,V-SA,238,185.79,194.68,9.25,"2025/05/26 19:45:03"
D,TRADING,INTERCONNECTORRES,2,"2025/05/26 19:50:00",1,VIC1-NSW1,238,635.75,754.9,42.16,"2025/05/26 19:45:03"
I,TRADING,PRICE,3,SETTLEMENTDATE,RUNNO,REGIONID,PERIODID,RRP,EEP,INVALIDFLAG,LASTCHANGED,ROP,RAISE6SECRRP,RAISE6SECROP,RAISE60SECRRP,RAISE60SECROP,RAISE5MINRRP,RAISE5MINROP,RAISEREGRRP,RAISEREGROP,LOWER6SECRRP,LOWER6SECROP,LOWER60SECRRP,LOWER60SECROP,LOWER5MINRRP,LOWER5MINROP,LOWERREGRRP,LOWERREGROP,RAISE1SECRRP,RAISE1SECROP,LOWER1SECRRP,LOWER1SECROP,PRICE_STATUS
D,TRADING,PRICE,3,"2025/05/26 19:50:00",1,SA1,238,-20,0,0,"2025/05/26 19:45:03",-20,0.37,0.37,0.36,0.36,0.36,0.36,4.11,4.11,0.1,0.1,0.39,0.39,0,0,0,0,0.04,0.04,0,0,FIRM
D,TRADING,PRICE,3,"2025/05/26 19:50:00",1,NSW1,238,76.59,0,0,"2025/05/26 19:45:03",76.59,0.37,0.37,0.36,0.36,0.36,0.36,4.11,4.11,0.1,0.1,0.39,0.39,0,0,0,0,0.04,0.04,0,0,FIRM
D,TRADING,PRICE,3,"2025/05/26 19:50:00",1,QLD1,238,83.42,0,0,"2025/05/26 19:45:03",83.42,0.37,0.37,0.36,0.36,0.36,0.36,4.11,4.11,0.1,0.1,0.39,0.39,0,0,0,0,0.04,0.04,0,0,FIRM
D,TRADING,PRICE,3,"2025/05/26 19:50:00",1,TAS1,238,35.24,0,0,"2025/05/26 19:45:03",35.24,0.38,0.38,0.38,0.38,0.36,0.36,8.8,8.8,0.1,0.1,0.38,0.38,0,0,2.55,2.55,0.04,0.04,0,0,FIRM
D,TRADING,PRICE,3,"2025/05/26 19:50:00",1,VIC1,238,20.13,0,0,"2025/05/26 19:45:03",20.13,0.37,0.37,0.36,0.36,0.36,0.36,4.11,4.11,0.1,0.1,0.39,0.39,0,0,0,0,0.04,0.04,0,0,FIRM
C,"END OF REPORT",15
