C,NEMP.WORLD,TRADINGIS,AEMO,PUBLIC,2025/05/28,05:05:10,0000000465198405,TRADINGIS,0000000465198404
I,TRADING,INTERCONNECTORRES,2,SETTLEMENTDATE,RUNNO,INTERCONNECTORID,PERIODID,METEREDMWFLOW,MWFLOW,MWLOSSES,LASTCHANGED
D,TRADING,INTERCONNECTORRES,2,"2025/05/28 05:10:00",1,N-Q-MNSP1,62,-1.4,0,0,"2025/05/28 05:05:03"
D,TRADING,INTERCONNECTORRES,2,"2025/05/28 05:10:00",1,NSW1-QLD1,62,158.1,183.37,4.3,"2025/05/28 05:05:03"
D,TRADING,INTERCONNECTORRES,2,"2025/05/28 05:10:00",1,T-V-MNSP1,62,-406.5,-439.13,21.77,"2025/05/28 05:05:03"
D,TRADING,INTERCONNECTORRES,2,"2025/05/28 05:10:00",1,V-S-MNSP1,62,165,112.49,7,"2025/05/28 05:05:03"
D,TRADING,INTERCONNECTORRES,2,"2025/05/28 05:10:00",1,V-SA,62,532.53,565.1,41.86,"2025/05/28 05:05:03"
D,TRADING,INTERCONNECTORRES,2,"2025/05/28 05:10:00",1,VIC1-NSW1,62,717.51,691.22,61.16,"2025/05/28 05:05:03"
I,TRADING,PRICE,3,SETTLEMENTDATE,RUNNO,REGIONID,PERIODID,RRP,EEP,INVALIDFLAG,LASTCHANGED,ROP,RAISE6SECRRP,RAISE6SECROP,RAISE60SECRRP,RAISE60SECROP,RAISE5MINRRP,RAISE5MINROP,RAISEREGRRP,RAISEREGROP,LOWER6SECRRP,LOWER6SECROP,LOWER60SECRRP,LOWER60SECROP,LOWER5MINRRP,LOWER5MINROP,LOWERREGRRP,LOWERREGROP,RAISE1SECRRP,RAISE1SECROP,LOWER1SECRRP,LOWER1SECROP,PRICE_STATUS
D,TRADING,PRICE,3,"2025/05/28 05:10:00",1,SA1,62,23.22,0,0,"2025/05/28 05:05:03",23.22,0.38,0.38,0.36,0.36,0.32,0.32,3.99,3.99,0.38,0.38,0.38,0.38,0,0,0,0,0.38,0.38,0,0,FIRM
D,TRADING,PRICE,3,"2025/05/28 05:10:00",1,NSW1,62,58.65,0,0,"2025/05/28 05:05:03",58.65,0.38,0.38,0.36,0.36,0.32,0.32,3.99,3.99,0.38,0.38,0.38,0.38,0,0,0,0,0.38,0.38,0,0,FIRM
D,TRADING,PRICE,3,"2025/05/28 05:10:00",1,QLD1,62,60.88,0,0,"2025/05/28 05:05:03",60.88,0.38,0.38,0.36,0.36,0.32,0.32,3.99,3.99,0.38,0.38,0.38,0.38,0,0,0,0,0.38,0.38,0,0,FIRM
D,TRADING,PRICE,3,"2025/05/28 05:10:00",1,TAS1,62,35.1,0,0,"2025/05/28 05:05:03",35.1,0.38,0.38,0.38,0.38,0.32,0.32,7.4,7.4,0.38,0.38,0.38,0.38,0,0,2.48,2.48,0.38,0.38,0,0,FIRM
D,TRADING,PRICE,3,"2025/05/28 05:10:00",1,VIC1,62,19.19,0,0,"2025/05/28 05:05:03",19.19,0.38,0.38,0.36,0.36,0.32,0.32,3.99,3.99,0.38,0.38,0.38,0.38,0,0,0,0,0.38,0.38,0,0,FIRM
C,"END OF REPORT",15
