C,NEMP.WORLD,TRADINGIS,AEMO,PUBLIC,2025/05/26,20:25:15,0000000464996727,TRADINGIS,0000000464996726
I,TRADING,INTERCONNECTORRES,2,SETTLEMENTDATE,RUNNO,INTERCONNECTORID,PERIODID,METEREDMWFLOW,MWFLOW,MWLOSSES,LASTCHANGED
D,TRADING,INTERCONNECTORRES,2,"2025/05/26 20:30:00",1,N-Q-MNSP1,246,10.2,9,0.6,"2025/05/26 20:25:07"
D,TRADING,INTERCONNECTORRES,2,"2025/05/26 20:30:00",1,NSW1-QLD1,246,203.4,180.66,11.85,"2025/05/26 20:25:07"
D,TRADING,INTERCONNECTORRES,2,"2025/05/26 20:30:00",1,T-V-MNSP1,246,-469.4,-453.43,23.15,"2025/05/26 20:25:07"
D,TRADING,INTERCONNECTORRES,2,"2025/05/26 20:30:00",1,V-S-MNSP1,246,176,176.96,24.74,"2025/05/26 20:25:07"
D,TRADING,INTERCONNECTORRES,2,"2025/05/26 20:30:00",1,V-SA,246,162.28,159.38,7.06,"2025/05/26 20:25:07"
D,TRADING,INTERCONNECTORRES,2,"2025/05/26 20:30:00",1,VIC1-NSW1,246,1009.37,1042.83,85.32,"2025/05/26 20:25:07"
I,TRADING,PRICE,3,SETTLEMENTDATE,RUNNO,REGIONID,PERIODID,RRP,EEP,INVALIDFLAG,LASTCHANGED,ROP,RAISE6SECRRP,RAISE6SECROP,RAISE60SECRRP,RAISE60SECROP,RAISE5MINRRP,RAISE5MINROP,RAISEREGRRP,RAISEREGROP,LOWER6SECRRP,LOWER6SECROP,LOWER60SECRRP,LOWER60SECROP,LOWER5MINRRP,LOWER5MINROP,LOWERREGRRP,LOWERREGROP,RAISE1SECRRP,RAISE1SECROP,LOWER1SECRRP,LOWER1SECROP,PRICE_STATUS
D,TRADING,PRICE,3,"2025/05/26 20:30:00",1,SA1,246,-76.11,0,0,"2025/05/26 20:25:07",-76.11,0.37,0.37,0.38,0.38,0.23,0.23,0.23,0.23,0.1,0.1,0.38,0.38,0,0,0,0,0.36,0.36,0,0,FIRM
D,TRADING,PRICE,3,"2025/05/26 20:30:00",1,NSW1,246,57.01,0,0,"2025/05/26 20:25:07",57.01,0.37,0.37,0.38,0.38,0.23,0.23,0.23,0.23,0.1,0.1,0.38,0.38,0,0,0,0,0.36,0.36,0,0,FIRM
D,TRADING,PRICE,3,"2025/05/26 20:30:00",1,QLD1,246,61.71,0,0,"2025/05/26 20:25:07",61.71,0.37,0.37,0.38,0.38,0.23,0.23,0.23,0.23,0.1,0.1,0.38,0.38,0,0,0,0,0.36,0.36,0,0,FIRM
D,TRADING,PRICE,3,"2025/05/26 20:30:00",1,TAS1,246,55.28,0,0,"2025/05/26 20:25:07",55.28,0.38,0.38,0.38,0.38,0.23,0.23,8.8,8.8,0.1,0.1,0.38,0.38,0,0,2.55,2.55,0.36,0.36,0,0,FIRM
D,TRADING,PRICE,3,"2025/05/26 20:30:00",1,VIC1,246,19.01,0,0,"2025/05/26 20:25:07",19.01,0.37,0.37,0.38,0.38,0.23,0.23,0.23,0.23,0.1,0.1,0.38,0.38,0,0,0,0,0.36,0.36,0,0,FIRM
C,"END OF REPORT",15
