C,NEMP.WORLD,TRADINGIS,AEMO,PUBLIC,2025/05/27,02:20:14,0000000465032476,TRADINGIS,0000000465032475
I,TRADING,INTERCONNECTORRES,2,SETTLEMENTDATE,RUNNO,INTERCONNECTORID,PERIODID,METEREDMWFLOW,MWFLOW,MWLOSSES,LASTCHANGED
D,TRADING,INTERCONNECTORRES,2,"2025/05/27 02:25:00",1,N-Q-MNSP1,29,9,11.6,0.9,"2025/05/27 02:20:07"
D,TRADING,INTERCONNECTORRES,2,"2025/05/27 02:25:00",1,NSW1-QLD1,29,684.4,629,35.41,"2025/05/27 02:20:07"
D,TRADING,INTERCONNECTORRES,2,"2025/05/27 02:25:00",1,T-V-MNSP1,29,-448.1,-458.91,23.69,"2025/05/27 02:20:07"
D,TRADING,INTERCONNECTORRES,2,"2025/05/27 02:25:00",1,V-S-MNSP1,29,-146,-147.02,36.89,"2025/05/27 02:20:07"
D,TRADING,INTERCONNECTORRES,2,"2025/05/27 02:25:00",1,V-SA,29,-365.03,-301.7,4.02,"2025/05/27 02:20:07"
D,TRADING,INTERCONNECTORRES,2,"2025/05/27 02:25:00",1,VIC1-NSW1,29,1089.73,942.45,94.85,"2025/05/27 02:20:07"
I,TRADING,PRICE,3,SETTLEMENTDATE,RUNNO,REGIONID,PERIODID,RRP,EEP,INVALIDFLAG,LASTCHANGED,ROP,RAISE6SECRRP,RAISE6SECROP,RAISE60SECRRP,RAISE60SECROP,RAISE5MINRRP,RAISE5MINROP,RAISEREGRRP,RAISEREGROP,LOWER6SECRRP,LOWER6SECROP,LOWER60SECRRP,LOWER60SECROP,LOWER5MINRRP,LOWER5MINROP,LOWERREGRRP,LOWERREGROP,RAISE1SECRRP,RAISE1SECROP,LOWER1SECRRP,LOWER1SECROP,PRICE_STATUS
D,TRADING,PRICE,3,"2025/05/27 02:25:00",1,SA1,29,-13.27,0,0,"2025/05/27 02:20:07",-13.27,0.01,0.01,0.01,0.01,0.04,0.04,5.99,5.99,0.39,0.39,1.63,1.63,0.1,0.1,1,1,0.36,0.36,0,0,FIRM
D,TRADING,PRICE,3,"2025/05/27 02:25:00",1,NSW1,29,54.46,0,0,"2025/05/27 02:20:07",54.46,0.01,0.01,0.01,0.01,0.04,0.04,5.99,5.99,0.39,0.39,1.63,1.63,0.1,0.1,1,1,0.36,0.36,0,0,FIRM
D,TRADING,PRICE,3,"2025/05/27 02:25:00",1,QLD1,29,60.88,0,0,"2025/05/27 02:20:07",60.88,0.01,0.01,0.01,0.01,0.04,0.04,5.99,5.99,0.39,0.39,1.63,1.63,0.1,0.1,1,1,0.36,0.36,0,0,FIRM
D,TRADING,PRICE,3,"2025/05/27 02:25:00",1,TAS1,29,11.25,0,0,"2025/05/27 02:20:07",11.25,0.38,0.38,0.38,0.38,0.04,0.04,6.97,6.97,0.38,0.38,0.38,0.38,0,0,2.55,2.55,0.36,0.36,0,0,FIRM
D,TRADING,PRICE,3,"2025/05/27 02:25:00",1,VIC1,29,-13.91,0,0,"2025/05/27 02:20:07",-13.91,0.01,0.01,0.01,0.01,0.04,0.04,5.99,5.99,0.39,0.39,1.63,1.63,0.1,0.1,1,1,0.36,0.36,0,0,FIRM
C,"END OF REPORT",15
