C,NEMP.WORLD,TRADINGIS,AEMO,PUBLIC,2025/05/29,08:00:11,0000000465358207,TRADINGIS,0000000465358206
I,TRADING,INTERCONNECTORRES,2,SETTLEMENTDATE,RUNNO,INTERCONNECTORID,PERIODID,METEREDMWFLOW,MWFLOW,MWLOSSES,LASTCHANGED
D,TRADING,INTERCONNECTORRES,2,"2025/05/29 08:05:00",1,N-Q-MNSP1,97,-11.4,-17,0.07,"2025/05/29 08:00:04"
D,TRADING,INTERCONNECTORRES,2,"2025/05/29 08:05:00",1,NSW1-QLD1,97,-520.5,-522.55,4.1,"2025/05/29 08:00:04"
D,TRADING,INTERCONNECTORRES,2,"2025/05/29 08:05:00",1,T-V-MNSP1,97,-316.8,-221,5.94,"2025/05/29 08:00:04"
D,TRADING,INTERCONNECTORRES,2,"2025/05/29 08:05:00",1,V-S-MNSP1,97,18,9,-0.56,"2025/05/29 08:00:04"
D,TRADING,INTERCONNECTORRES,2,"2025/05/29 08:05:00",1,V-SA,97,-124,-213.12,5.54,"2025/05/29 08:00:04"
D,TRADING,INTERCONNECTORRES,2,"2025/05/29 08:05:00",1,VIC1-NSW1,97,-36.38,111.47,2.69,"2025/05/29 08:00:04"
I,TRADING,PRICE,3,SETTLEMENTDATE,RUNNO,REGIONID,PERIODID,RRP,EEP,INVALIDFLAG,LASTCHANGED,ROP,RAISE6SECRRP,RAISE6SECROP,RAISE60SECRRP,RAISE60SECROP,RAISE5MINRRP,RAISE5MINROP,RAISEREGRRP,RAISEREGROP,LOWER6SECRRP,LOWER6SECROP,LOWER60SECRRP,LOWER60SECROP,LOWER5MINRRP,LOWER5MINROP,LOWERREGRRP,LOWERREGROP,RAISE1SECRRP,RAISE1SECROP,LOWER1SECRRP,LOWER1SECROP,PRICE_STATUS
D,TRADING,PRICE,3,"2025/05/29 08:05:00",1,SA1,97,138.16,0,0,"2025/05/29 08:00:04",138.16,1.75,1.75,0.38,0.38,0.32,0.32,3.98,3.98,0.03,0.03,0.15,0.15,0.07,0.07,3.75,3.75,0.94,0.94,0,0,FIRM
D,TRADING,PRICE,3,"2025/05/29 08:05:00",1,NSW1,97,150.48,0,0,"2025/05/29 08:00:04",150.48,1.75,1.75,0.38,0.38,0.32,0.32,3.98,3.98,0.03,0.03,0.15,0.15,0.07,0.07,3.75,3.75,0.94,0.94,0,0,FIRM
D,TRADING,PRICE,3,"2025/05/29 08:05:00",1,QLD1,97,142.68,0,0,"2025/05/29 08:00:04",142.68,1.75,1.75,0.38,0.38,0.32,0.32,3.98,3.98,0.1,0.1,0.15,0.15,0.07,0.07,3.75,3.75,0.94,0.94,0,0,FIRM
D,TRADING,PRICE,3,"2025/05/29 08:05:00",1,TAS1,97,150.24,0,0,"2025/05/29 08:00:04",150.24,1.75,1.75,0.38,0.38,0.32,0.32,7.54,7.54,0.03,0.03,0.15,0.15,0.07,0.07,3.46,3.46,0.94,0.94,0,0,FIRM
D,TRADING,PRICE,3,"2025/05/29 08:05:00",1,VIC1,97,145.35,0,0,"2025/05/29 08:00:04",145.35,1.75,1.75,0.38,0.38,0.32,0.32,3.98,3.98,0.03,0.03,0.15,0.15,0.07,0.07,3.75,3.75,0.94,0.94,0,0,FIRM
C,"END OF REPORT",15
