C,NEMP.WORLD,TRADINGIS,AEMO,PUBLIC,2025/05/28,23:25:11,0000000465309507,TRADINGIS,0000000465309506
I,TRADING,INTERCONNECTORRES,2,SETTLEMENTDATE,RUNNO,INTERCONNECTORID,PERIODID,METEREDMWFLOW,MWFLOW,MWLOSSES,LASTCHANGED
D,TRADING,INTERCONNECTORRES,2,"2025/05/28 23:30:00",1,N-Q-MNSP1,282,-16.5,-17,0.07,"2025/05/28 23:25:03"
D,TRADING,INTERCONNECTORRES,2,"2025/05/28 23:30:00",1,NSW1-QLD1,282,-363.5,-363.7,5.01,"2025/05/28 23:25:03"
D,TRADING,INTERCONNECTORRES,2,"2025/05/28 23:30:00",1,T-V-MNSP1,282,-449.9,-438,21.66,"2025/05/28 23:25:03"
D,TRADING,INTERCONNECTORRES,2,"2025/05/28 23:30:00",1,V-S-MNSP1,282,63,63,0.15,"2025/05/28 23:25:03"
D,TRADING,INTERCONNECTORRES,2,"2025/05/28 23:30:00",1,V-SA,282,283.51,295.02,10.69,"2025/05/28 23:25:03"
D,TRADING,INTERCONNECTORRES,2,"2025/05/28 23:30:00",1,VIC1-NSW1,282,334.93,335.47,18.21,"2025/05/28 23:25:03"
I,TRADING,PRICE,3,SETTLEMENTDATE,RUNNO,REGIONID,PERIODID,RRP,EEP,INVALIDFLAG,LASTCHANGED,ROP,RAISE6SECRRP,RAISE6SECROP,RAISE60SECRRP,RAISE60SECROP,RAISE5MINRRP,RAISE5MINROP,RAISEREGRRP,RAISEREGROP,LOWER6SECRRP,LOWER6SECROP,LOWER60SECRRP,LOWER60SECROP,LOWER5MINRRP,LOWER5MINROP,LOWERREGRRP,LOWERREGROP,RAISE1SECRRP,RAISE1SECROP,LOWER1SECRRP,LOWER1SECROP,PRICE_STATUS
D,TRADING,PRICE,3,"2025/05/28 23:30:00",1,SA1,282,96.51,0,0,"2025/05/28 23:25:03",96.51,0.37,0.37,0.1,0.1,0.1,0.1,9.89,9.89,0.1,0.1,0.45,0.45,0,0,0,0,0.38,0.38,0,0,FIRM
D,TRADING,PRICE,3,"2025/05/28 23:30:00",1,NSW1,282,98.11,0,0,"2025/05/28 23:25:03",98.11,0.37,0.37,0.1,0.1,0.1,0.1,9.89,9.89,0.1,0.1,0.45,0.45,0,0,0,0,0.38,0.38,0,0,FIRM
D,TRADING,PRICE,3,"2025/05/28 23:30:00",1,QLD1,282,93.46,0,0,"2025/05/28 23:25:03",93.46,0.37,0.37,0.1,0.1,0.1,0.1,9.89,9.89,0.1,0.1,0.45,0.45,0,0,0,0,0.38,0.38,0,0,FIRM
D,TRADING,PRICE,3,"2025/05/28 23:30:00",1,TAS1,282,150.24,0,0,"2025/05/28 23:25:03",150.24,0.38,0.38,0.38,0.38,0.36,0.36,8.4,8.4,0,0,0,0,0,0,2.48,2.48,0.38,0.38,0,0,FIRM
D,TRADING,PRICE,3,"2025/05/28 23:30:00",1,VIC1,282,90,0,0,"2025/05/28 23:25:03",90,0.37,0.37,0.1,0.1,0.1,0.1,9.89,9.89,0.1,0.1,0.45,0.45,0,0,0,0,0.38,0.38,0,0,FIRM
C,"END OF REPORT",15
