C,NEMP.WORLD,TRADINGIS,AEMO,PUBLIC,2025/05/28,16:30:11,0000000465268505,TRADINGIS,0000000465268504
I,TRADING,INTERCONNECTORRES,2,SETTLEMENTDATE,RUNNO,INTERCONNECTORID,PERIODID,METEREDMWFLOW,MWFLOW,MWLOSSES,LASTCHANGED
D,TRADING,INTERCONNECTORRES,2,"2025/05/28 16:35:00",1,N-Q-MNSP1,199,-20.4,-25,0.65,"2025/05/28 16:30:03"
D,TRADING,INTERCONNECTORRES,2,"2025/05/28 16:35:00",1,NSW1-QLD1,199,-633.9,-778.16,18.36,"2025/05/28 16:30:03"
D,TRADING,INTERCONNECTORRES,2,"2025/05/28 16:35:00",1,T-V-MNSP1,199,-170.3,-158.82,3.25,"2025/05/28 16:30:03"
D,TRADING,INTERCONNECTORRES,2,"2025/05/28 16:35:00",1,V-S-MNSP1,199,72,72,0.95,"2025/05/28 16:30:03"
D,TRADING,INTERCONNECTORRES,2,"2025/05/28 16:35:00",1,V-SA,199,479.43,470.66,17.33,"2025/05/28 16:30:03"
D,TRADING,INTERCONNECTORRES,2,"2025/05/28 16:35:00",1,VIC1-NSW1,199,-699.15,-843.42,33.49,"2025/05/28 16:30:03"
I,TRADING,PRICE,3,SETTLEMENTDATE,RUNNO,REGIONID,PERIODID,RRP,EEP,INVALIDFLAG,LASTCHANGED,ROP,RAISE6SECRRP,RAISE6SECROP,RAISE60SECRRP,RAISE60SECROP,RAISE5MINRRP,RAISE5MINROP,RAISEREGRRP,RAISEREGROP,LOWER6SECRRP,LOWER6SECROP,LOWER60SECRRP,LOWER60SECROP,LOWER5MINRRP,LOWER5MINROP,LOWERREGRRP,LOWERREGROP,RAISE1SECRRP,RAISE1SECROP,LOWER1SECRRP,LOWER1SECROP,PRICE_STATUS
D,TRADING,PRICE,3,"2025/05/28 16:35:00",1,SA1,199,161.33,0,0,"2025/05/28 16:30:03",161.33,4.61,4.61,0.36,0.36,0.15,0.15,21,21,0,0,0.03,0.03,0.1,0.1,3.71,3.71,0.81,0.81,0,0,FIRM
D,TRADING,PRICE,3,"2025/05/28 16:35:00",1,NSW1,199,449.97,0,0,"2025/05/28 16:30:03",449.97,4.61,4.61,0.36,0.36,0.15,0.15,21,21,0,0,0.03,0.03,0.1,0.1,3.71,3.71,0.81,0.81,0,0,FIRM
D,TRADING,PRICE,3,"2025/05/28 16:35:00",1,QLD1,199,108.12,0,0,"2025/05/28 16:30:03",108.12,4.61,4.61,0.36,0.36,0.15,0.15,21,21,75.62,75.62,231.62,231.62,4.34,4.34,7.95,7.95,0.81,0.81,0,0,FIRM
D,TRADING,PRICE,3,"2025/05/28 16:35:00",1,TAS1,199,150.18,0,0,"2025/05/28 16:30:03",150.18,4.61,4.61,0.38,0.38,0.15,0.15,8.4,8.4,0.38,0.38,0.38,0.38,0.1,0.1,2.48,2.48,0.81,0.81,0,0,FIRM
D,TRADING,PRICE,3,"2025/05/28 16:35:00",1,VIC1,199,147.61,0,0,"2025/05/28 16:30:03",147.61,4.61,4.61,0.36,0.36,0.15,0.15,21,21,0,0,0.03,0.03,0.1,0.1,3.71,3.71,0.81,0.81,0,0,FIRM
C,"END OF REPORT",15
