C,NEMP.WORLD,TRADINGIS,AEMO,PUBLIC,2025/05/29,11:45:10,0000000465380006,TRADINGIS,0000000465380005
I,TRADING,INTERCONNECTORRES,2,SETTLEMENTDATE,RUNNO,INTERCONNECTORID,PERIODID,METEREDMWFLOW,MWFLOW,MWLOSSES,LASTCHANGED
D,TRADING,INTERCONNECTORRES,2,"2025/05/29 11:50:00",1,N-Q-MNSP1,142,-21.1,-25,0.65,"2025/05/29 11:45:03"
D,TRADING,INTERCONNECTORRES,2,"2025/05/29 11:50:00",1,NSW1-QLD1,142,-506.5,-538.63,21.31,"2025/05/29 11:45:03"
D,TRADING,INTERCONNECTORRES,2,"2025/05/29 11:50:00",1,T-V-MNSP1,142,-448.1,-460.6,23.86,"2025/05/29 11:45:03"
D,TRADING,INTERCONNECTORRES,2,"2025/05/29 11:50:00",1,V-S-MNSP1,142,9,9,-0.56,"2025/05/29 11:45:03"
D,TRADING,INTERCONNECTORRES,2,"2025/05/29 11:50:00",1,V-SA,142,-43.85,-59.35,2.15,"2025/05/29 11:45:03"
D,TRADING,INTERCONNECTORRES,2,"2025/05/29 11:50:00",1,VIC1-NSW1,142,54.28,119.17,9.18,"2025/05/29 11:45:03"
I,TRADING,PRICE,3,SETTLEMENTDATE,RUNNO,REGIONID,PERIODID,RRP,EEP,INVALIDFLAG,LASTCHANGED,ROP,RAISE6SECRRP,RAISE6SECROP,RAISE60SECRRP,RAISE60SECROP,RAISE5MINRRP,RAISE5MINROP,RAISEREGRRP,RAISEREGROP,LOWER6SECRRP,LOWER6SECROP,LOWER60SECRRP,LOWER60SECROP,LOWER5MINRRP,LOWER5MINROP,LOWERREGRRP,LOWERREGROP,RAISE1SECRRP,RAISE1SECROP,LOWER1SECRRP,LOWER1SECROP,PRICE_STATUS
D,TRADING,PRICE,3,"2025/05/29 11:50:00",1,SA1,142,65.72,0,0,"2025/05/29 11:45:03",65.72,0.23,0.23,0.1,0.1,0.1,0.1,5.99,5.99,0,0,0,0,0.1,0.1,0.1,0.1,0.37,0.37,0,0,FIRM
D,TRADING,PRICE,3,"2025/05/29 11:50:00",1,NSW1,142,74.93,0,0,"2025/05/29 11:45:03",74.93,0.23,0.23,0.1,0.1,0.1,0.1,5.99,5.99,0,0,0,0,0.1,0.1,0.1,0.1,0.37,0.37,0,0,FIRM
D,TRADING,PRICE,3,"2025/05/29 11:50:00",1,QLD1,142,55.63,0,0,"2025/05/29 11:45:03",55.63,0.23,0.23,0.1,0.1,0.1,0.1,5.99,5.99,7.89,7.89,5.39,5.39,0.1,0.1,0.1,0.1,0.37,0.37,0,0,FIRM
D,TRADING,PRICE,3,"2025/05/29 11:50:00",1,TAS1,142,101.08,0,0,"2025/05/29 11:45:03",101.08,0.38,0.38,0.38,0.38,0.1,0.1,6.54,6.54,0,0,0,0,0,0,3.46,3.46,0.37,0.37,0,0,FIRM
D,TRADING,PRICE,3,"2025/05/29 11:50:00",1,VIC1,142,68.63,0,0,"2025/05/29 11:45:03",68.63,0.23,0.23,0.1,0.1,0.1,0.1,5.99,5.99,0,0,0,0,0.1,0.1,0.1,0.1,0.37,0.37,0,0,FIRM
C,"END OF REPORT",15
