C,NEMP.WORLD,TRADINGIS,AEMO,PUBLIC,2025/05/27,15:00:12,0000000465112768,TRADINGIS,0000000465112767
I,TRADING,INTERCONNECTORRES,2,SETTLEMENTDATE,RUNNO,INTERCONNECTORID,PERIODID,METEREDMWFLOW,MWFLOW,MWLOSSES,LASTCHANGED
D,TRADING,INTERCONNECTORRES,2,"2025/05/27 15:05:00",1,N-Q-MNSP1,181,-8.6,0,0,"2025/05/27 15:00:04"
D,TRADING,INTERCONNECTORRES,2,"2025/05/27 15:05:00",1,NSW1-QLD1,181,100.1,20.23,0.53,"2025/05/27 15:00:04"
D,TRADING,INTERCONNECTORRES,2,"2025/05/27 15:05:00",1,T-V-MNSP1,181,-460.9,-478,25.62,"2025/05/27 15:00:04"
D,TRADING,INTERCONNECTORRES,2,"2025/05/27 15:05:00",1,V-S-MNSP1,181,145,147.6,15.42,"2025/05/27 15:00:04"
D,TRADING,INTERCONNECTORRES,2,"2025/05/27 15:05:00",1,V-SA,181,116.75,41.71,-0.94,"2025/05/27 15:00:04"
D,TRADING,INTERCONNECTORRES,2,"2025/05/27 15:05:00",1,VIC1-NSW1,181,203.31,123.03,7.53,"2025/05/27 15:00:04"
I,TRADING,PRICE,3,SETTLEMENTDATE,RUNNO,REGIONID,PERIODID,RRP,EEP,INVALIDFLAG,LASTCHANGED,ROP,RAISE6SECRRP,RAISE6SECROP,RAISE60SECRRP,RAISE60SECROP,RAISE5MINRRP,RAISE5MINROP,RAISEREGRRP,RAISEREGROP,LOWER6SECRRP,LOWER6SECROP,LOWER60SECRRP,LOWER60SECROP,LOWER5MINRRP,LOWER5MINROP,LOWERREGRRP,LOWERREGROP,RAISE1SECRRP,RAISE1SECROP,LOWER1SECRRP,LOWER1SECROP,PRICE_STATUS
D,TRADING,PRICE,3,"2025/05/27 15:05:00",1,SA1,181,-90.84,0,0,"2025/05/27 15:00:04",-90.84,0.1,0.1,0.1,0.1,0.1,0.1,9.24,9.24,0.39,0.39,1.4,1.4,0.39,0.39,3.99,3.99,0.36,0.36,0,0,FIRM
D,TRADING,PRICE,3,"2025/05/27 15:05:00",1,NSW1,181,35.88,0,0,"2025/05/27 15:00:04",35.88,0.1,0.1,0.1,0.1,0.1,0.1,9.24,9.24,0.39,0.39,1.4,1.4,0.39,0.39,3.99,3.99,0.36,0.36,0,0,FIRM
D,TRADING,PRICE,3,"2025/05/27 15:05:00",1,QLD1,181,50.75,0,0,"2025/05/27 15:00:04",50.75,0.38,0.38,0.38,0.38,0.38,0.38,9.52,9.52,0.39,0.39,1.4,1.4,0.39,0.39,3.99,3.99,0.36,0.36,0,0,FIRM
D,TRADING,PRICE,3,"2025/05/27 15:05:00",1,TAS1,181,75.24,0,0,"2025/05/27 15:00:04",75.24,0.38,0.38,0.38,0.38,0.36,0.36,7.4,7.4,0.38,0.38,0.38,0.38,0,0,2.48,2.48,0.36,0.36,0,0,FIRM
D,TRADING,PRICE,3,"2025/05/27 15:05:00",1,VIC1,181,0,0,0,"2025/05/27 15:00:04",0,0.1,0.1,0.1,0.1,0.1,0.1,9.24,9.24,0.39,0.39,1.4,1.4,0.39,0.39,3.99,3.99,0.36,0.36,0,0,FIRM
C,"END OF REPORT",15
