C,NEMP.WORLD,TRADINGIS,AEMO,PUBLIC,2025/05/28,11:10:15,0000000465234072,TRADINGIS,0000000465234071
I,TRADING,INTERCONNECTORRES,2,SETTLEMENTDATE,RUNNO,INTERCONNECTORID,PERIODID,METEREDMWFLOW,MWFLOW,MWLOSSES,LASTCHANGED
D,TRADING,INTERCONNECTORRES,2,"2025/05/28 11:15:00",1,N-Q-MNSP1,135,95.9,94.87,28.77,"2025/05/28 11:10:08"
D,TRADING,INTERCONNECTORRES,2,"2025/05/28 11:15:00",1,NSW1-QLD1,135,-409.9,-293.41,12.73,"2025/05/28 11:10:08"
D,TRADING,INTERCONNECTORRES,2,"2025/05/28 11:15:00",1,T-V-MNSP1,135,-407.2,-408.22,18.92,"2025/05/28 11:10:08"
D,TRADING,INTERCONNECTORRES,2,"2025/05/28 11:15:00",1,V-S-MNSP1,135,177,171.62,22.88,"2025/05/28 11:10:08"
D,TRADING,INTERCONNECTORRES,2,"2025/05/28 11:15:00",1,V-SA,135,558.35,602.75,36.77,"2025/05/28 11:10:08"
D,TRADING,INTERCONNECTORRES,2,"2025/05/28 11:15:00",1,VIC1-NSW1,135,-269.56,-100.29,-2.66,"2025/05/28 11:10:08"
I,TRADING,PRICE,3,SETTLEMENTDATE,RUNNO,REGIONID,PERIODID,RRP,EEP,INVALIDFLAG,LASTCHANGED,ROP,RAISE6SECRRP,RAISE6SECROP,RAISE60SECRRP,RAISE60SECROP,RAISE5MINRRP,RAISE5MINROP,RAISEREGRRP,RAISEREGROP,LOWER6SECRRP,LOWER6SECROP,LOWER60SECRRP,LOWER60SECROP,LOWER5MINRRP,LOWER5MINROP,LOWERREGRRP,LOWERREGROP,RAISE1SECRRP,RAISE1SECROP,LOWER1SECRRP,LOWER1SECROP,PRICE_STATUS
D,TRADING,PRICE,3,"2025/05/28 11:15:00",1,SA1,135,47.36,0,0,"2025/05/28 11:10:08",47.36,0.37,0.37,0.38,0.38,0.1,0.1,7.86,7.86,0.59,0.59,1.82,1.82,0.38,0.38,3.59,3.59,0.3,0.3,0,0,FIRM
D,TRADING,PRICE,3,"2025/05/28 11:15:00",1,NSW1,135,-18.46,0,0,"2025/05/28 11:10:08",-18.46,0.37,0.37,0.38,0.38,0.1,0.1,7.86,7.86,0.59,0.59,1.82,1.82,0.38,0.38,3.59,3.59,0.3,0.3,0,0,FIRM
D,TRADING,PRICE,3,"2025/05/28 11:15:00",1,QLD1,135,-30.19,0,0,"2025/05/28 11:10:08",-30.19,0.37,0.37,0.38,0.38,0.1,0.1,7.86,7.86,7.89,7.89,7.89,7.89,0.38,0.38,3.59,3.59,0.3,0.3,0,0,FIRM
D,TRADING,PRICE,3,"2025/05/28 11:15:00",1,TAS1,135,35.12,0,0,"2025/05/28 11:10:08",35.12,0.38,0.38,0.38,0.38,0.1,0.1,7.44,7.44,0.59,0.59,0.38,0.38,0.38,0.38,2.48,2.48,0.3,0.3,0,0,FIRM
D,TRADING,PRICE,3,"2025/05/28 11:15:00",1,VIC1,135,8.95,0,0,"2025/05/28 11:10:08",8.95,0.37,0.37,0.38,0.38,0.1,0.1,7.86,7.86,0.59,0.59,1.82,1.82,0.38,0.38,3.59,3.59,0.3,0.3,0,0,FIRM
C,"END OF REPORT",15
