C,NEMP.WORLD,TRADINGIS,AEMO,PUBLIC,2025/05/27,06:55:10,0000000465060350,TRADINGIS,0000000465060349
I,TRADING,INTERCONNECTORRES,2,SETTLEMENTDATE,RUNNO,INTERCONNECTORID,PERIODID,METEREDMWFLOW,MWFLOW,MWLOSSES,LASTCHANGED
D,TRADING,INTERCONNECTORRES,2,"2025/05/27 07:00:00",1,N-Q-MNSP1,84,0.3,0,0,"2025/05/27 06:55:03"
D,TRADING,INTERCONNECTORRES,2,"2025/05/27 07:00:00",1,NSW1-QLD1,84,-171.8,-81,-1.94,"2025/05/27 06:55:03"
D,TRADING,INTERCONNECTORRES,2,"2025/05/27 07:00:00",1,T-V-MNSP1,84,-452.3,-458.57,23.66,"2025/05/27 06:55:03"
D,TRADING,INTERCONNECTORRES,2,"2025/05/27 07:00:00",1,V-S-MNSP1,84,-147,-146.34,36.6,"2025/05/27 06:55:03"
D,TRADING,INTERCONNECTORRES,2,"2025/05/27 07:00:00",1,V-SA,84,-84.41,-93.34,0.91,"2025/05/27 06:55:03"
D,TRADING,INTERCONNECTORRES,2,"2025/05/27 07:00:00",1,VIC1-NSW1,84,982.07,944.98,89.92,"2025/05/27 06:55:03"
I,TRADING,PRICE,3,SETTLEMENTDATE,RUNNO,REGIONID,PERIODID,RRP,EEP,INVALIDFLAG,LASTCHANGED,ROP,RAISE6SECRRP,RAISE6SECROP,RAISE60SECRRP,RAISE60SECROP,RAISE5MINRRP,RAISE5MINROP,RAISEREGRRP,RAISEREGROP,LOWER6SECRRP,LOWER6SECROP,LOWER60SECRRP,LOWER60SECROP,LOWER5MINRRP,LOWER5MINROP,LOWERREGRRP,LOWERREGROP,RAISE1SECRRP,RAISE1SECROP,LOWER1SECRRP,LOWER1SECROP,PRICE_STATUS
D,TRADING,PRICE,3,"2025/05/27 07:00:00",1,SA1,84,53.13,0,0,"2025/05/27 06:55:03",53.13,0.36,0.36,0.1,0.1,0.1,0.1,1,1,0.03,0.03,0.1,0.1,0.07,0.07,2.29,2.29,0.81,0.81,0,0,FIRM
D,TRADING,PRICE,3,"2025/05/27 07:00:00",1,NSW1,84,65.02,0,0,"2025/05/27 06:55:03",65.02,0.36,0.36,0.1,0.1,0.1,0.1,1,1,0.03,0.03,0.1,0.1,0.07,0.07,2.29,2.29,0.81,0.81,0,0,FIRM
D,TRADING,PRICE,3,"2025/05/27 07:00:00",1,QLD1,84,75.63,0,0,"2025/05/27 06:55:03",75.63,0.36,0.36,0.1,0.1,0.1,0.1,1,1,0.03,0.03,0.1,0.1,0.07,0.07,2.29,2.29,0.81,0.81,0,0,FIRM
D,TRADING,PRICE,3,"2025/05/27 07:00:00",1,TAS1,84,150.24,0,0,"2025/05/27 06:55:03",150.24,0.38,0.38,0.38,0.38,0.1,0.1,8.4,8.4,0.03,0.03,0.1,0.1,0,0,2.48,2.48,0.81,0.81,0,0,FIRM
D,TRADING,PRICE,3,"2025/05/27 07:00:00",1,VIC1,84,54.23,0,0,"2025/05/27 06:55:03",54.23,0.36,0.36,0.1,0.1,0.1,0.1,1,1,0.03,0.03,0.1,0.1,0.07,0.07,2.29,2.29,0.81,0.81,0,0,FIRM
C,"END OF REPORT",15
