C,NEMP.WORLD,TRADINGIS,AEMO,PUBLIC,2025/05/28,17:10:11,0000000465272724,TRADINGIS,0000000465272723
I,TRADING,INTERCONNECTORRES,2,SETTLEMENTDATE,RUNNO,INTERCONNECTORID,PERIODID,METEREDMWFLOW,MWFLOW,MWLOSSES,LASTCHANGED
D,TRADING,INTERCONNECTORRES,2,"2025/05/28 17:15:00",1,N-Q-MNSP1,207,-26.4,-17,0.07,"2025/05/28 17:10:03"
D,TRADING,INTERCONNECTORRES,2,"2025/05/28 17:15:00",1,NSW1-QLD1,207,-840.3,-646.69,-0.14,"2025/05/28 17:10:03"
D,TRADING,INTERCONNECTORRES,2,"2025/05/28 17:15:00",1,T-V-MNSP1,207,244.2,182.95,2.76,"2025/05/28 17:10:03"
D,TRADING,INTERCONNECTORRES,2,"2025/05/28 17:15:00",1,V-S-MNSP1,207,45,36,-1.09,"2025/05/28 17:10:03"
D,TRADING,INTERCONNECTORRES,2,"2025/05/28 17:15:00",1,V-SA,207,164.7,145.12,0.94,"2025/05/28 17:10:03"
D,TRADING,INTERCONNECTORRES,2,"2025/05/28 17:15:00",1,VIC1-NSW1,207,-29.76,0,0,"2025/05/28 17:10:03"
I,TRADING,PRICE,3,SETTLEMENTDATE,RUNNO,REGIONID,PERIODID,RRP,EEP,INVALIDFLAG,LASTCHANGED,ROP,RAISE6SECRRP,RAISE6SECROP,RAISE60SECRRP,RAISE60SECROP,RAISE5MINRRP,RAISE5MINROP,RAISEREGRRP,RAISEREGROP,LOWER6SECRRP,LOWER6SECROP,LOWER60SECRRP,LOWER60SECROP,LOWER5MINRRP,LOWER5MINROP,LOWERREGRRP,LOWERREGROP,RAISE1SECRRP,RAISE1SECROP,LOWER1SECRRP,LOWER1SECROP,PRICE_STATUS
D,TRADING,PRICE,3,"2025/05/28 17:15:00",1,SA1,207,162.78,0,0,"2025/05/28 17:10:03",162.78,4.85,4.85,0.38,0.38,0.24,0.24,6,6,0.14,0.14,0.38,0.38,0.3,0.3,3.7,3.7,0.1,0.1,0,0,FIRM
D,TRADING,PRICE,3,"2025/05/28 17:15:00",1,NSW1,207,107.81,0,0,"2025/05/28 17:10:03",107.81,4.85,4.85,0.38,0.38,0.24,0.24,6,6,0.14,0.14,0.38,0.38,0.3,0.3,3.7,3.7,0.1,0.1,0,0,FIRM
D,TRADING,PRICE,3,"2025/05/28 17:15:00",1,QLD1,207,101.73,0,0,"2025/05/28 17:10:03",101.73,4.85,4.85,0.38,0.38,0.24,0.24,6,6,0.14,0.14,0.38,0.38,0.3,0.3,3.7,3.7,0.1,0.1,0,0,FIRM
D,TRADING,PRICE,3,"2025/05/28 17:15:00",1,TAS1,207,150.24,0,0,"2025/05/28 17:10:03",150.24,4.85,4.85,0.38,0.38,0.24,0.24,8.4,8.4,0.14,0.14,0.38,0.38,0.3,0.3,2.48,2.48,0.1,0.1,0,0,FIRM
D,TRADING,PRICE,3,"2025/05/28 17:15:00",1,VIC1,207,159.1,0,0,"2025/05/28 17:10:03",159.1,4.85,4.85,0.38,0.38,0.24,0.24,6,6,0.14,0.14,0.38,0.38,0.3,0.3,3.7,3.7,0.1,0.1,0,0,FIRM
C,"END OF REPORT",15
