C,NEMP.WORLD,TRADINGIS,AEMO,PUBLIC,2025/05/26,18:55:11,0000000464987399,TRADINGIS,0000000464987398
I,TRADING,INTERCONNECTORRES,2,SETTLEMENTDATE,RUNNO,INTERCONNECTORID,PERIODID,METEREDMWFLOW,MWFLOW,MWLOSSES,LASTCHANGED
D,TRADING,INTERCONNECTORRES,2,"2025/05/26 19:00:00",1,N-Q-MNSP1,228,9.3,9,0.6,"2025/05/26 18:55:04"
D,TRADING,INTERCONNECTORRES,2,"2025/05/26 19:00:00",1,NSW1-QLD1,228,137.9,249.6,22.26,"2025/05/26 18:55:04"
D,TRADING,INTERCONNECTORRES,2,"2025/05/26 19:00:00",1,T-V-MNSP1,228,-446.2,-456.25,23.42,"2025/05/26 18:55:04"
D,TRADING,INTERCONNECTORRES,2,"2025/05/26 19:00:00",1,V-S-MNSP1,228,132,166.53,21.19,"2025/05/26 18:55:04"
D,TRADING,INTERCONNECTORRES,2,"2025/05/26 19:00:00",1,V-SA,228,54.45,41.53,1.45,"2025/05/26 18:55:04"
D,TRADING,INTERCONNECTORRES,2,"2025/05/26 19:00:00",1,VIC1-NSW1,228,134.37,146.44,-0.07,"2025/05/26 18:55:04"
I,TRADING,PRICE,3,SETTLEMENTDATE,RUNNO,REGIONID,PERIODID,RRP,EEP,INVALIDFLAG,LASTCHANGED,ROP,RAISE6SECRRP,RAISE6SECROP,RAISE60SECRRP,RAISE60SECROP,RAISE5MINRRP,RAISE5MINROP,RAISEREGRRP,RAISEREGROP,LOWER6SECRRP,LOWER6SECROP,LOWER60SECRRP,LOWER60SECROP,LOWER5MINRRP,LOWER5MINROP,LOWERREGRRP,LOWERREGROP,RAISE1SECRRP,RAISE1SECROP,LOWER1SECRRP,LOWER1SECROP,PRICE_STATUS
D,TRADING,PRICE,3,"2025/05/26 19:00:00",1,SA1,228,2.5,0,0,"2025/05/26 18:55:04",2.5,0.37,0.37,0.24,0.24,0.32,0.32,3.99,3.99,0.1,0.1,0.39,0.39,0,0,0,0,0.04,0.04,0,0,FIRM
D,TRADING,PRICE,3,"2025/05/26 19:00:00",1,NSW1,228,72.51,0,0,"2025/05/26 18:55:04",72.51,0.37,0.37,0.24,0.24,0.32,0.32,3.99,3.99,0.1,0.1,0.39,0.39,0,0,0,0,0.04,0.04,0,0,FIRM
D,TRADING,PRICE,3,"2025/05/26 19:00:00",1,QLD1,228,80.79,0,0,"2025/05/26 18:55:04",80.79,0.37,0.37,0.24,0.24,0.32,0.32,3.99,3.99,0.1,0.1,0.39,0.39,0,0,0,0,0.04,0.04,0,0,FIRM
D,TRADING,PRICE,3,"2025/05/26 19:00:00",1,TAS1,228,100.28,0,0,"2025/05/26 18:55:04",100.28,0.38,0.38,0.38,0.38,0.36,0.36,8.8,8.8,0.1,0.1,0.38,0.38,0,0,2.55,2.55,0.04,0.04,0,0,FIRM
D,TRADING,PRICE,3,"2025/05/26 19:00:00",1,VIC1,228,19.01,0,0,"2025/05/26 18:55:04",19.01,0.37,0.37,0.24,0.24,0.32,0.32,3.99,3.99,0.1,0.1,0.39,0.39,0,0,0,0,0.04,0.04,0,0,FIRM
C,"END OF REPORT",15
