C,NEMP.WORLD,TRADINGIS,AEMO,PUBLIC,2025/05/27,21:45:11,0000000465155523,TRADINGIS,0000000465155522
I,TRADING,INTERCONNECTORRES,2,SETTLEMENTDATE,RUNNO,INTERCONNECTORID,PERIODID,METEREDMWFLOW,MWFLOW,MWLOSSES,LASTCHANGED
D,TRADING,INTERCONNECTORRES,2,"2025/05/27 21:50:00",1,N-Q-MNSP1,262,-1.8,0,0,"2025/05/27 21:45:03"
D,TRADING,INTERCONNECTORRES,2,"2025/05/27 21:50:00",1,NSW1-QLD1,262,31.4,50.97,2,"2025/05/27 21:45:03"
D,TRADING,INTERCONNECTORRES,2,"2025/05/27 21:50:00",1,T-V-MNSP1,262,-467,-475.52,25.37,"2025/05/27 21:45:03"
D,TRADING,INTERCONNECTORRES,2,"2025/05/27 21:50:00",1,V-S-MNSP1,262,122,126,9.86,"2025/05/27 21:45:03"
D,TRADING,INTERCONNECTORRES,2,"2025/05/27 21:50:00",1,V-SA,262,607.62,574.58,44.84,"2025/05/27 21:45:03"
D,TRADING,INTERCONNECTORRES,2,"2025/05/27 21:50:00",1,VIC1-NSW1,262,1.76,50,0.73,"2025/05/27 21:45:03"
I,TRADING,PRICE,3,SETTLEMENTDATE,RUNNO,REGIONID,PERIODID,RRP,EEP,INVALIDFLAG,LASTCHANGED,ROP,RAISE6SECRRP,RAISE6SECROP,RAISE60SECRRP,RAISE60SECROP,RAISE5MINRRP,RAISE5MINROP,RAISEREGRRP,RAISEREGROP,LOWER6SECRRP,LOWER6SECROP,LOWER60SECRRP,LOWER60SECROP,LOWER5MINRRP,LOWER5MINROP,LOWERREGRRP,LOWERREGROP,RAISE1SECRRP,RAISE1SECROP,LOWER1SECRRP,LOWER1SECROP,PRICE_STATUS
D,TRADING,PRICE,3,"2025/05/27 21:50:00",1,SA1,262,80.44,0,0,"2025/05/27 21:45:03",80.44,0.1,0.1,0.01,0.01,0.04,0.04,5.99,5.99,0.01,0.01,0.38,0.38,0.1,0.1,7.65,7.65,0.04,0.04,0,0,FIRM
D,TRADING,PRICE,3,"2025/05/27 21:50:00",1,NSW1,262,65.01,0,0,"2025/05/27 21:45:03",65.01,0.1,0.1,0.01,0.01,0.04,0.04,5.99,5.99,0.01,0.01,0.38,0.38,0.1,0.1,7.65,7.65,0.04,0.04,0,0,FIRM
D,TRADING,PRICE,3,"2025/05/27 21:50:00",1,QLD1,262,67.73,0,0,"2025/05/27 21:45:03",67.73,0.1,0.1,0.01,0.01,0.04,0.04,5.99,5.99,0.01,0.01,0.38,0.38,0.1,0.1,7.65,7.65,0.04,0.04,0,0,FIRM
D,TRADING,PRICE,3,"2025/05/27 21:50:00",1,TAS1,262,100.24,0,0,"2025/05/27 21:45:03",100.24,0.38,0.38,0.38,0.38,0.38,0.38,8.4,8.4,0.01,0.01,0.38,0.38,0,0,2.48,2.48,0.04,0.04,0,0,FIRM
D,TRADING,PRICE,3,"2025/05/27 21:50:00",1,VIC1,262,64,0,0,"2025/05/27 21:45:03",64,0.1,0.1,0.01,0.01,0.04,0.04,5.99,5.99,0.01,0.01,0.38,0.38,0.1,0.1,7.65,7.65,0.04,0.04,0,0,FIRM
C,"END OF REPORT",15
