C,NEMP.WORLD,TRADINGIS,AEMO,PUBLIC,2025/05/26,17:05:13,0000000464975410,TRADINGIS,0000000464975409
I,TRADING,INTERCONNECTORRES,2,SETTLEMENTDATE,RUNNO,INTERCONNECTORID,PERIODID,METEREDMWFLOW,MWFLOW,MWLOSSES,LASTCHANGED
D,TRADING,INTERCONNECTORRES,2,"2025/05/26 17:10:00",1,N-Q-MNSP1,206,-9.4,-9,-0.16,"2025/05/26 17:05:05"
D,TRADING,INTERCONNECTORRES,2,"2025/05/26 17:10:00",1,NSW1-QLD1,206,-276.2,-263.85,-10.75,"2025/05/26 17:05:05"
D,TRADING,INTERCONNECTORRES,2,"2025/05/26 17:10:00",1,T-V-MNSP1,206,-463.3,-443.8,22.21,"2025/05/26 17:05:05"
D,TRADING,INTERCONNECTORRES,2,"2025/05/26 17:10:00",1,V-S-MNSP1,206,172,151.94,16.65,"2025/05/26 17:05:05"
D,TRADING,INTERCONNECTORRES,2,"2025/05/26 17:10:00",1,V-SA,206,253.26,225.1,9.73,"2025/05/26 17:05:05"
D,TRADING,INTERCONNECTORRES,2,"2025/05/26 17:10:00",1,VIC1-NSW1,206,-831.45,-941.39,68.33,"2025/05/26 17:05:05"
I,TRADING,PRICE,3,SETTLEMENTDATE,RUNNO,REGIONID,PERIODID,RRP,EEP,INVALIDFLAG,LASTCHANGED,ROP,RAISE6SECRRP,RAISE6SECROP,RAISE60SECRRP,RAISE60SECROP,RAISE5MINRRP,RAISE5MINROP,RAISEREGRRP,RAISEREGROP,LOWER6SECRRP,LOWER6SECROP,LOWER60SECRRP,LOWER60SECROP,LOWER5MINRRP,LOWER5MINROP,LOWERREGRRP,LOWERREGROP,RAISE1SECRRP,RAISE1SECROP,LOWER1SECRRP,LOWER1SECROP,PRICE_STATUS
D,TRADING,PRICE,3,"2025/05/26 17:10:00",1,SA1,206,-19.9,0,0,"2025/05/26 17:05:05",-19.9,0.38,0.38,0.38,0.38,0.38,0.38,5.99,5.99,0.2,0.2,0.38,0.38,0.38,0.38,3.7,3.7,0.37,0.37,0,0,FIRM
D,TRADING,PRICE,3,"2025/05/26 17:10:00",1,NSW1,206,211.12,0,0,"2025/05/26 17:05:05",211.12,0.38,0.38,0.38,0.38,0.38,0.38,5.99,5.99,0.2,0.2,0.38,0.38,0.38,0.38,3.7,3.7,0.37,0.37,0,0,FIRM
D,TRADING,PRICE,3,"2025/05/26 17:10:00",1,QLD1,206,214.44,0,0,"2025/05/26 17:05:05",214.44,0.38,0.38,0.38,0.38,0.38,0.38,5.99,5.99,0.2,0.2,0.38,0.38,0.38,0.38,3.7,3.7,0.37,0.37,0,0,FIRM
D,TRADING,PRICE,3,"2025/05/26 17:10:00",1,TAS1,206,100.24,0,0,"2025/05/26 17:05:05",100.24,0.38,0.38,0.38,0.38,0.38,0.38,8.8,8.8,0.2,0.2,0.38,0.38,0,0,2.55,2.55,0.37,0.37,0,0,FIRM
D,TRADING,PRICE,3,"2025/05/26 17:10:00",1,VIC1,206,-50.21,0,0,"2025/05/26 17:05:05",-50.21,0.38,0.38,0.38,0.38,0.38,0.38,5.99,5.99,0.2,0.2,0.38,0.38,0.38,0.38,3.7,3.7,0.37,0.37,0,0,FIRM
C,"END OF REPORT",15
