C,NEMP.WORLD,TRADINGIS,AEMO,PUBLIC,2025/05/28,03:55:11,0000000465191226,TRADINGIS,0000000465191225
I,TRADING,INTERCONNECTORRES,2,SETTLEMENTDATE,RUNNO,INTERCONNECTORID,PERIODID,METEREDMWFLOW,MWFLOW,MWLOSSES,LASTCHANGED
D,TRADING,INTERCONNECTORRES,2,"2025/05/28 04:00:00",1,N-Q-MNSP1,48,-1,0,0,"2025/05/28 03:55:03"
D,TRADING,INTERCONNECTORRES,2,"2025/05/28 04:00:00",1,NSW1-QLD1,48,383.7,345.32,9.89,"2025/05/28 03:55:03"
D,TRADING,INTERCONNECTORRES,2,"2025/05/28 04:00:00",1,T-V-MNSP1,48,-406.5,-454.56,23.26,"2025/05/28 03:55:03"
D,TRADING,INTERCONNECTORRES,2,"2025/05/28 04:00:00",1,V-S-MNSP1,48,166,165.74,20.93,"2025/05/28 03:55:03"
D,TRADING,INTERCONNECTORRES,2,"2025/05/28 04:00:00",1,V-SA,48,569.92,566.55,43.26,"2025/05/28 03:55:03"
D,TRADING,INTERCONNECTORRES,2,"2025/05/28 04:00:00",1,VIC1-NSW1,48,785.13,629.78,53.15,"2025/05/28 03:55:03"
I,TRADING,PRICE,3,SETTLEMENTDATE,RUNNO,REGIONID,PERIODID,RRP,EEP,INVALIDFLAG,LASTCHANGED,ROP,RAISE6SECRRP,RAISE6SECROP,RAISE60SECRRP,RAISE60SECROP,RAISE5MINRRP,RAISE5MINROP,RAISEREGRRP,RAISEREGROP,LOWER6SECRRP,LOWER6SECROP,LOWER60SECRRP,LOWER60SECROP,LOWER5MINRRP,LOWER5MINROP,LOWERREGRRP,LOWERREGROP,RAISE1SECRRP,RAISE1SECROP,LOWER1SECRRP,LOWER1SECROP,PRICE_STATUS
D,TRADING,PRICE,3,"2025/05/28 04:00:00",1,SA1,48,91.44,0,0,"2025/05/28 03:55:03",91.44,0.38,0.38,0.38,0.38,0.1,0.1,0.1,0.1,0.1,0.1,0.38,0.38,0.1,0.1,1,1,0.3,0.3,0,0,FIRM
D,TRADING,PRICE,3,"2025/05/28 04:00:00",1,NSW1,48,57.01,0,0,"2025/05/28 03:55:03",57.01,0.38,0.38,0.38,0.38,0.1,0.1,0.1,0.1,0.1,0.1,0.38,0.38,0.1,0.1,1,1,0.3,0.3,0,0,FIRM
D,TRADING,PRICE,3,"2025/05/28 04:00:00",1,QLD1,48,60.43,0,0,"2025/05/28 03:55:03",60.43,0.38,0.38,0.38,0.38,0.1,0.1,0.1,0.1,0.1,0.1,0.38,0.38,0.1,0.1,1,1,0.3,0.3,0,0,FIRM
D,TRADING,PRICE,3,"2025/05/28 04:00:00",1,TAS1,48,35.02,0,0,"2025/05/28 03:55:03",35.02,0.38,0.38,0.38,0.38,0.36,0.36,7.4,7.4,0.1,0.1,0.38,0.38,0,0,3.48,3.48,0.3,0.3,0,0,FIRM
D,TRADING,PRICE,3,"2025/05/28 04:00:00",1,VIC1,48,12.42,0,0,"2025/05/28 03:55:03",12.42,0.38,0.38,0.38,0.38,0.1,0.1,0.1,0.1,0.1,0.1,0.38,0.38,0.1,0.1,1,1,0.3,0.3,0,0,FIRM
C,"END OF REPORT",15
