C,NEMP.WORLD,TRADINGIS,AEMO,PUBLIC,2025/05/29,13:45:11,0000000465394230,TRADINGIS,0000000465394229
I,TRADING,INTERCONNECTORRES,2,SETTLEMENTDATE,RUNNO,INTERCONNECTORID,PERIODID,METEREDMWFLOW,MWFLOW,MWLOSSES,LASTCHANGED
D,TRADING,INTERCONNECTORRES,2,"2025/05/29 13:50:00",1,N-Q-MNSP1,166,-4.5,-9,-0.16,"2025/05/29 13:45:04"
D,TRADING,INTERCONNECTORRES,2,"2025/05/29 13:50:00",1,NSW1-QLD1,166,-58.7,-48.94,-0.76,"2025/05/29 13:45:04"
D,TRADING,INTERCONNECTORRES,2,"2025/05/29 13:50:00",1,T-V-MNSP1,166,-469.4,-467.99,24.6,"2025/05/29 13:45:04"
D,TRADING,INTERCONNECTORRES,2,"2025/05/29 13:50:00",1,V-S-MNSP1,166,7,0,0,"2025/05/29 13:45:04"
D,TRADING,INTERCONNECTORRES,2,"2025/05/29 13:50:00",1,V-SA,166,-148.34,-133.04,6.63,"2025/05/29 13:45:04"
D,TRADING,INTERCONNECTORRES,2,"2025/05/29 13:50:00",1,VIC1-NSW1,166,460.71,431.8,49.69,"2025/05/29 13:45:04"
I,TRADING,PRICE,3,SETTLEMENTDATE,RUNNO,REGIONID,PERIODID,RRP,EEP,INVALIDFLAG,LASTCHANGED,ROP,RAISE6SECRRP,RAISE6SECROP,RAISE60SECRRP,RAISE60SECROP,RAISE5MINRRP,RAISE5MINROP,RAISEREGRRP,RAISEREGROP,LOWER6SECRRP,LOWER6SECROP,LOWER60SECRRP,LOWER60SECROP,LOWER5MINRRP,LOWER5MINROP,LOWERREGRRP,LOWERREGROP,RAISE1SECRRP,RAISE1SECROP,LOWER1SECRRP,LOWER1SECROP,PRICE_STATUS
D,TRADING,PRICE,3,"2025/05/29 13:50:00",1,SA1,166,52.08,0,0,"2025/05/29 13:45:04",52.08,0.01,0.01,0.01,0.01,0.04,0.04,5.65,5.65,0.39,0.39,1.37,1.37,0.39,0.39,1,1,0.38,0.38,0,0,FIRM
D,TRADING,PRICE,3,"2025/05/29 13:50:00",1,NSW1,166,65.01,0,0,"2025/05/29 13:45:04",65.01,0.01,0.01,0.01,0.01,0.04,0.04,5.65,5.65,0.39,0.39,1.37,1.37,0.39,0.39,1,1,0.38,0.38,0,0,FIRM
D,TRADING,PRICE,3,"2025/05/29 13:50:00",1,QLD1,166,100.83,0,0,"2025/05/29 13:45:04",100.83,4.89,4.89,4.99,4.99,0.38,0.38,5.99,5.99,0.38,0.38,0.38,0.38,0.39,0.39,1,1,0.38,0.38,0,0,FIRM
D,TRADING,PRICE,3,"2025/05/29 13:50:00",1,TAS1,166,100.12,0,0,"2025/05/29 13:45:04",100.12,0.38,0.38,0.38,0.38,0.38,0.38,7.54,7.54,0.38,0.38,1.37,1.37,0,0,2.46,2.46,0.38,0.38,0,0,FIRM
D,TRADING,PRICE,3,"2025/05/29 13:50:00",1,VIC1,166,55.55,0,0,"2025/05/29 13:45:04",55.55,0.01,0.01,0.01,0.01,0.04,0.04,5.65,5.65,0.39,0.39,1.37,1.37,0.39,0.39,1,1,0.38,0.38,0,0,FIRM
C,"END OF REPORT",15
