C,NEMP.WORLD,TRADINGIS,AEMO,PUBLIC,2025/05/29,13:35:11,0000000465393142,TRADINGIS,0000000465393141
I,TRADING,INTERCONNECTORRES,2,SETTLEMENTDATE,RUNNO,INTERCONNECTORID,PERIODID,METEREDMWFLOW,MWFLOW,MWLOSSES,LASTCHANGED
D,TRADING,INTERCONNECTORRES,2,"2025/05/29 13:40:00",1,N-Q-MNSP1,164,-8.7,-9,-0.16,"2025/05/29 13:35:03"
D,TRADING,INTERCONNECTORRES,2,"2025/05/29 13:40:00",1,NSW1-QLD1,164,-61.2,-69.59,-0.85,"2025/05/29 13:35:03"
D,TRADING,INTERCONNECTORRES,2,"2025/05/29 13:40:00",1,T-V-MNSP1,164,-435.8,-460.82,23.88,"2025/05/29 13:35:03"
D,TRADING,INTERCONNECTORRES,2,"2025/05/29 13:40:00",1,V-S-MNSP1,164,-17,-18,1.72,"2025/05/29 13:35:03"
D,TRADING,INTERCONNECTORRES,2,"2025/05/29 13:40:00",1,V-SA,164,-295.21,-309.99,21.89,"2025/05/29 13:35:03"
D,TRADING,INTERCONNECTORRES,2,"2025/05/29 13:40:00",1,VIC1-NSW1,164,601.79,540.44,67.45,"2025/05/29 13:35:03"
I,TRADING,PRICE,3,SETTLEMENTDATE,RUNNO,REGIONID,PERIODID,RRP,EEP,INVALIDFLAG,LASTCHANGED,ROP,RAISE6SECRRP,RAISE6SECROP,RAISE60SECRRP,RAISE60SECROP,RAISE5MINRRP,RAISE5MINROP,RAISEREGRRP,RAISEREGROP,LOWER6SECRRP,LOWER6SECROP,LOWER60SECRRP,LOWER60SECROP,LOWER5MINRRP,LOWER5MINROP,LOWERREGRRP,LOWERREGROP,RAISE1SECRRP,RAISE1SECROP,LOWER1SECRRP,LOWER1SECROP,PRICE_STATUS
D,TRADING,PRICE,3,"2025/05/29 13:40:00",1,SA1,164,64.99,0,0,"2025/05/29 13:35:03",64.99,0.01,0.01,0.01,0.01,0.1,0.1,2.64,2.64,0.39,0.39,4.64,4.64,0.39,0.39,3.49,3.49,0.38,0.38,0,0,FIRM
D,TRADING,PRICE,3,"2025/05/29 13:40:00",1,NSW1,164,86.3,0,0,"2025/05/29 13:35:03",86.3,0.01,0.01,0.01,0.01,0.1,0.1,2.64,2.64,0.39,0.39,4.64,4.64,0.39,0.39,3.49,3.49,0.38,0.38,0,0,FIRM
D,TRADING,PRICE,3,"2025/05/29 13:40:00",1,QLD1,164,96.83,0,0,"2025/05/29 13:35:03",96.83,4.85,4.85,4.85,4.85,0.38,0.38,2.92,2.92,0.39,0.39,4.64,4.64,0.39,0.39,3.49,3.49,0.38,0.38,0,0,FIRM
D,TRADING,PRICE,3,"2025/05/29 13:40:00",1,TAS1,164,100.12,0,0,"2025/05/29 13:35:03",100.12,0.38,0.38,0.38,0.38,0.36,0.36,7.54,7.54,0.38,0.38,1.37,1.37,0,0,2.46,2.46,0.38,0.38,0,0,FIRM
D,TRADING,PRICE,3,"2025/05/29 13:40:00",1,VIC1,164,72.5,0,0,"2025/05/29 13:35:03",72.5,0.01,0.01,0.01,0.01,0.1,0.1,2.64,2.64,0.39,0.39,4.64,4.64,0.39,0.39,3.49,3.49,0.38,0.38,0,0,FIRM
C,"END OF REPORT",15
