C,NEMP.WORLD,TRADINGIS,AEMO,PUBLIC,2025/05/27,03:50:15,0000000465041351,TRADINGIS,0000000465041350
I,TRADING,INTERCONNECTORRES,2,SETTLEMENTDATE,RUNNO,INTERCONNECTORID,PERIODID,METEREDMWFLOW,MWFLOW,MWLOSSES,LASTCHANGED
D,TRADING,INTERCONNECTORRES,2,"2025/05/27 03:55:00",1,N-Q-MNSP1,47,8.9,9,0.6,"2025/05/27 03:50:08"
D,TRADING,INTERCONNECTORRES,2,"2025/05/27 03:55:00",1,NSW1-QLD1,47,420.8,430.54,15.51,"2025/05/27 03:50:08"
D,TRADING,INTERCONNECTORRES,2,"2025/05/27 03:55:00",1,T-V-MNSP1,47,-462.7,-458.45,23.64,"2025/05/27 03:50:08"
D,TRADING,INTERCONNECTORRES,2,"2025/05/27 03:55:00",1,V-S-MNSP1,47,-144,-144.57,35.84,"2025/05/27 03:50:08"
D,TRADING,INTERCONNECTORRES,2,"2025/05/27 03:55:00",1,V-SA,47,-376.7,-377.74,9.62,"2025/05/27 03:50:08"
D,TRADING,INTERCONNECTORRES,2,"2025/05/27 03:55:00",1,VIC1-NSW1,47,953.19,943.09,97.01,"2025/05/27 03:50:08"
I,TRADING,PRICE,3,SETTLEMENTDATE,RUNNO,REGIONID,PERIODID,RRP,EEP,INVALIDFLAG,LASTCHANGED,ROP,RAISE6SECRRP,RAISE6SECROP,RAISE60SECRRP,RAISE60SECROP,RAISE5MINRRP,RAISE5MINROP,RAISEREGRRP,RAISEREGROP,LOWER6SECRRP,LOWER6SECROP,LOWER60SECRRP,LOWER60SECROP,LOWER5MINRRP,LOWER5MINROP,LOWERREGRRP,LOWERREGROP,RAISE1SECRRP,RAISE1SECROP,LOWER1SECRRP,LOWER1SECROP,PRICE_STATUS
D,TRADING,PRICE,3,"2025/05/27 03:55:00",1,SA1,47,-18.6,0,0,"2025/05/27 03:50:08",-18.6,0.1,0.1,0.04,0.04,0.1,0.1,3.99,3.99,0.38,0.38,0.39,0.39,0.1,0.1,1.51,1.51,0.37,0.37,0,0,FIRM
D,TRADING,PRICE,3,"2025/05/27 03:55:00",1,NSW1,47,47.04,0,0,"2025/05/27 03:50:08",47.04,0.1,0.1,0.04,0.04,0.1,0.1,3.99,3.99,0.38,0.38,0.39,0.39,0.1,0.1,1.51,1.51,0.37,0.37,0,0,FIRM
D,TRADING,PRICE,3,"2025/05/27 03:55:00",1,QLD1,47,50.75,0,0,"2025/05/27 03:50:08",50.75,0.1,0.1,0.04,0.04,0.1,0.1,3.99,3.99,0.38,0.38,0.39,0.39,0.1,0.1,1.51,1.51,0.37,0.37,0,0,FIRM
D,TRADING,PRICE,3,"2025/05/27 03:55:00",1,TAS1,47,11.25,0,0,"2025/05/27 03:50:08",11.25,0.38,0.38,0.38,0.38,0.1,0.1,8.8,8.8,0.38,0.38,0.38,0.38,0,0,2.55,2.55,0.37,0.37,0,0,FIRM
D,TRADING,PRICE,3,"2025/05/27 03:55:00",1,VIC1,47,-19.97,0,0,"2025/05/27 03:50:08",-19.97,0.1,0.1,0.04,0.04,0.1,0.1,3.99,3.99,0.38,0.38,0.39,0.39,0.1,0.1,1.51,1.51,0.37,0.37,0,0,FIRM
C,"END OF REPORT",15
