C,NEMP.WORLD,TRADINGIS,AEMO,PUBLIC,2025/05/27,05:15:15,0000000465050512,TRADINGIS,0000000465050511
I,TRADING,INTERCONNECTORRES,2,SETTLEMENTDATE,RUNNO,INTERCONNECTORID,PERIODID,METEREDMWFLOW,MWFLOW,MWLOSSES,LASTCHANGED
D,TRADING,INTERCONNECTORRES,2,"2025/05/27 05:20:00",1,N-Q-MNSP1,64,-0.8,0,0,"2025/05/27 05:15:08"
D,TRADING,INTERCONNECTORRES,2,"2025/05/27 05:20:00",1,NSW1-QLD1,64,295.2,241.7,7.14,"2025/05/27 05:15:08"
D,TRADING,INTERCONNECTORRES,2,"2025/05/27 05:20:00",1,T-V-MNSP1,64,-448.7,-460.49,23.85,"2025/05/27 05:15:08"
D,TRADING,INTERCONNECTORRES,2,"2025/05/27 05:20:00",1,V-S-MNSP1,64,-144,-145.36,36.18,"2025/05/27 05:15:08"
D,TRADING,INTERCONNECTORRES,2,"2025/05/27 05:20:00",1,V-SA,64,-293,-272.11,4.93,"2025/05/27 05:15:08"
D,TRADING,INTERCONNECTORRES,2,"2025/05/27 05:20:00",1,VIC1-NSW1,64,958.17,950.65,99.07,"2025/05/27 05:15:08"
I,TRADING,PRICE,3,SETTLEMENTDATE,RUNNO,REGIONID,PERIODID,RRP,EEP,INVALIDFLAG,LASTCHANGED,ROP,RAISE6SECRRP,RAISE6SECROP,RAISE60SECRRP,RAISE60SECROP,RAISE5MINRRP,RAISE5MINROP,RAISEREGRRP,RAISEREGROP,LOWER6SECRRP,LOWER6SECROP,LOWER60SECRRP,LOWER60SECROP,LOWER5MINRRP,LOWER5MINROP,LOWERREGRRP,LOWERREGROP,RAISE1SECRRP,RAISE1SECROP,LOWER1SECRRP,LOWER1SECROP,PRICE_STATUS
D,TRADING,PRICE,3,"2025/05/27 05:20:00",1,SA1,64,-9.31,0,0,"2025/05/27 05:15:08",-9.31,0.23,0.23,0.1,0.1,0.1,0.1,3.99,3.99,0.1,0.1,0.38,0.38,0,0,0,0,0.37,0.37,0,0,FIRM
D,TRADING,PRICE,3,"2025/05/27 05:20:00",1,NSW1,64,56.98,0,0,"2025/05/27 05:15:08",56.98,0.23,0.23,0.1,0.1,0.1,0.1,3.99,3.99,0.1,0.1,0.38,0.38,0,0,0,0,0.37,0.37,0,0,FIRM
D,TRADING,PRICE,3,"2025/05/27 05:20:00",1,QLD1,64,59.91,0,0,"2025/05/27 05:15:08",59.91,0.23,0.23,0.1,0.1,0.1,0.1,3.99,3.99,0.1,0.1,0.38,0.38,0,0,0,0,0.37,0.37,0,0,FIRM
D,TRADING,PRICE,3,"2025/05/27 05:20:00",1,TAS1,64,12.03,0,0,"2025/05/27 05:15:08",12.03,0.38,0.38,0.38,0.38,0.1,0.1,7.4,7.4,0.1,0.1,0.38,0.38,0,0,2.48,2.48,0.37,0.37,0,0,FIRM
D,TRADING,PRICE,3,"2025/05/27 05:20:00",1,VIC1,64,-9.81,0,0,"2025/05/27 05:15:08",-9.81,0.23,0.23,0.1,0.1,0.1,0.1,3.99,3.99,0.1,0.1,0.38,0.38,0,0,0,0,0.37,0.37,0,0,FIRM
C,"END OF REPORT",15
