C,NEMP.WORLD,TRADINGIS,AEMO,PUBLIC,2025/05/26,17:30:16,0000000464978125,TRADINGIS,0000000464978124
I,TRADING,INTERCONNECTORRES,2,SETTLEMENTDATE,RUNNO,INTERCONNECTORID,PERIODID,METEREDMWFLOW,MWFLOW,MWLOSSES,LASTCHANGED
D,TRADING,INTERCONNECTORRES,2,"2025/05/26 17:35:00",1,N-Q-MNSP1,211,-1.3,0,0,"2025/05/26 17:30:09"
D,TRADING,INTERCONNECTORRES,2,"2025/05/26 17:35:00",1,NSW1-QLD1,211,-207.9,-49.82,-3.43,"2025/05/26 17:30:09"
D,TRADING,INTERCONNECTORRES,2,"2025/05/26 17:35:00",1,T-V-MNSP1,211,-442.6,-435.16,21.39,"2025/05/26 17:30:09"
D,TRADING,INTERCONNECTORRES,2,"2025/05/26 17:35:00",1,V-S-MNSP1,211,172,101.06,4.89,"2025/05/26 17:30:09"
D,TRADING,INTERCONNECTORRES,2,"2025/05/26 17:35:00",1,V-SA,211,103.16,159.18,5.7,"2025/05/26 17:30:09"
D,TRADING,INTERCONNECTORRES,2,"2025/05/26 17:35:00",1,VIC1-NSW1,211,-1184.37,-1034.93,87.38,"2025/05/26 17:30:09"
I,TRADING,PRICE,3,SETTLEMENTDATE,RUNNO,REGIONID,PERIODID,RRP,EEP,INVALIDFLAG,LASTCHANGED,ROP,RAISE6SECRRP,RAISE6SECROP,RAISE60SECRRP,RAISE60SECROP,RAISE5MINRRP,RAISE5MINROP,RAISEREGRRP,RAISEREGROP,LOWER6SECRRP,LOWER6SECROP,LOWER60SECRRP,LOWER60SECROP,LOWER5MINRRP,LOWER5MINROP,LOWERREGRRP,LOWERREGROP,RAISE1SECRRP,RAISE1SECROP,LOWER1SECRRP,LOWER1SECROP,PRICE_STATUS
D,TRADING,PRICE,3,"2025/05/26 17:35:00",1,SA1,211,-21.1,0,0,"2025/05/26 17:30:09",-21.1,0.39,0.39,0.36,0.36,0.38,0.38,5.99,5.99,0.38,0.38,0.38,0.38,0.01,0.01,0.01,0.01,0.86,0.86,0,0,FIRM
D,TRADING,PRICE,3,"2025/05/26 17:35:00",1,NSW1,211,179.9,0,0,"2025/05/26 17:30:09",179.9,0.39,0.39,0.36,0.36,0.38,0.38,5.99,5.99,0.38,0.38,0.38,0.38,0.01,0.01,0.01,0.01,0.86,0.86,0,0,FIRM
D,TRADING,PRICE,3,"2025/05/26 17:35:00",1,QLD1,211,192.21,0,0,"2025/05/26 17:30:09",192.21,0.39,0.39,0.36,0.36,0.38,0.38,5.99,5.99,0.38,0.38,0.38,0.38,0.01,0.01,0.01,0.01,0.86,0.86,0,0,FIRM
D,TRADING,PRICE,3,"2025/05/26 17:35:00",1,TAS1,211,160.03,0,0,"2025/05/26 17:30:09",160.03,0.39,0.39,0.38,0.38,0.38,0.38,8.81,8.81,0.38,0.38,0.38,0.38,0,0,2.55,2.55,0.86,0.86,0,0,FIRM
D,TRADING,PRICE,3,"2025/05/26 17:35:00",1,VIC1,211,-19.99,0,0,"2025/05/26 17:30:09",-19.99,0.39,0.39,0.36,0.36,0.38,0.38,5.99,5.99,0.38,0.38,0.38,0.38,0.01,0.01,0.01,0.01,0.86,0.86,0,0,FIRM
C,"END OF REPORT",15
