C,NEMP.WORLD,TRADINGIS,AEMO,PUBLIC,2025/05/26,20:10:11,0000000464995296,TRADINGIS,0000000464995295
I,TRADING,INTERCONNECTORRES,2,SETTLEMENTDATE,RUNNO,INTERCONNECTORID,PERIODID,METEREDMWFLOW,MWFLOW,MWLOSSES,LASTCHANGED
D,TRADING,INTERCONNECTORRES,2,"2025/05/26 20:15:00",1,N-Q-MNSP1,243,8,9,0.6,"2025/05/26 20:10:03"
D,TRADING,INTERCONNECTORRES,2,"2025/05/26 20:15:00",1,NSW1-QLD1,243,274,306.25,24.52,"2025/05/26 20:10:03"
D,TRADING,INTERCONNECTORRES,2,"2025/05/26 20:15:00",1,T-V-MNSP1,243,-463.9,-453.46,23.15,"2025/05/26 20:10:03"
D,TRADING,INTERCONNECTORRES,2,"2025/05/26 20:15:00",1,V-S-MNSP1,243,177,176.51,24.58,"2025/05/26 20:10:03"
D,TRADING,INTERCONNECTORRES,2,"2025/05/26 20:15:00",1,V-SA,243,157.26,175.08,8.07,"2025/05/26 20:10:03"
D,TRADING,INTERCONNECTORRES,2,"2025/05/26 20:15:00",1,VIC1-NSW1,243,1017.43,1021.92,80.52,"2025/05/26 20:10:03"
I,TRADING,PRICE,3,SETTLEMENTDATE,RUNNO,REGIONID,PERIODID,RRP,EEP,INVALIDFLAG,LASTCHANGED,ROP,RAISE6SECRRP,RAISE6SECROP,RAISE60SECRRP,RAISE60SECROP,RAISE5MINRRP,RAISE5MINROP,RAISEREGRRP,RAISEREGROP,LOWER6SECRRP,LOWER6SECROP,LOWER60SECRRP,LOWER60SECROP,LOWER5MINRRP,LOWER5MINROP,LOWERREGRRP,LOWERREGROP,RAISE1SECRRP,RAISE1SECROP,LOWER1SECRRP,LOWER1SECROP,PRICE_STATUS
D,TRADING,PRICE,3,"2025/05/26 20:15:00",1,SA1,243,-21,0,0,"2025/05/26 20:10:03",-21,0.37,0.37,0.36,0.36,0.38,0.38,3.99,3.99,0.1,0.1,0.38,0.38,0.1,0.1,1.51,1.51,0.17,0.17,0,0,FIRM
D,TRADING,PRICE,3,"2025/05/26 20:15:00",1,NSW1,243,65.43,0,0,"2025/05/26 20:10:03",65.43,0.37,0.37,0.36,0.36,0.38,0.38,3.99,3.99,0.1,0.1,0.38,0.38,0.1,0.1,1.51,1.51,0.17,0.17,0,0,FIRM
D,TRADING,PRICE,3,"2025/05/26 20:15:00",1,QLD1,243,72.75,0,0,"2025/05/26 20:10:03",72.75,0.37,0.37,0.36,0.36,0.38,0.38,3.99,3.99,0.1,0.1,0.38,0.38,0.1,0.1,1.51,1.51,0.17,0.17,0,0,FIRM
D,TRADING,PRICE,3,"2025/05/26 20:15:00",1,TAS1,243,35.24,0,0,"2025/05/26 20:10:03",35.24,0.38,0.38,0.38,0.38,0.38,0.38,8.8,8.8,0.1,0.1,0.38,0.38,0,0,3.55,3.55,0.17,0.17,0,0,FIRM
D,TRADING,PRICE,3,"2025/05/26 20:15:00",1,VIC1,243,20.01,0,0,"2025/05/26 20:10:03",20.01,0.37,0.37,0.36,0.36,0.38,0.38,3.99,3.99,0.1,0.1,0.38,0.38,0.1,0.1,1.51,1.51,0.17,0.17,0,0,FIRM
C,"END OF REPORT",15
