C,NEMP.WORLD,TRADINGIS,AEMO,PUBLIC,2025/05/28,18:05:13,0000000465278761,TRADINGIS,0000000465278760
I,TRADING,INTERCONNECTORRES,2,SETTLEMENTDATE,RUNNO,INTERCONNECTORID,PERIODID,METEREDMWFLOW,MWFLOW,MWLOSSES,LASTCHANGED
D,TRADING,INTERCONNECTORRES,2,"2025/05/28 18:10:00",1,N-Q-MNSP1,218,-176,-177,78.45,"2025/05/28 18:05:03"
D,TRADING,INTERCONNECTORRES,2,"2025/05/28 18:10:00",1,NSW1-QLD1,218,-414.7,-379.97,-12.34,"2025/05/28 18:05:03"
D,TRADING,INTERCONNECTORRES,2,"2025/05/28 18:10:00",1,T-V-MNSP1,218,318,332.35,10.18,"2025/05/28 18:05:03"
D,TRADING,INTERCONNECTORRES,2,"2025/05/28 18:10:00",1,V-S-MNSP1,218,54,81,1.95,"2025/05/28 18:05:03"
D,TRADING,INTERCONNECTORRES,2,"2025/05/28 18:10:00",1,V-SA,218,275.36,485.18,28.24,"2025/05/28 18:05:03"
D,TRADING,INTERCONNECTORRES,2,"2025/05/28 18:10:00",1,VIC1-NSW1,218,-505.64,-792.82,50.22,"2025/05/28 18:05:03"
I,TRADING,PRICE,3,SETTLEMENTDATE,RUNNO,REGIONID,PERIODID,RRP,EEP,INVALIDFLAG,LASTCHANGED,ROP,RAISE6SECRRP,RAISE6SECROP,RAISE60SECRRP,RAISE60SECROP,RAISE5MINRRP,RAISE5MINROP,RAISEREGRRP,RAISEREGROP,LOWER6SECRRP,LOWER6SECROP,LOWER60SECRRP,LOWER60SECROP,LOWER5MINRRP,LOWER5MINROP,LOWERREGRRP,LOWERREGROP,RAISE1SECRRP,RAISE1SECROP,LOWER1SECRRP,LOWER1SECROP,PRICE_STATUS
D,TRADING,PRICE,3,"2025/05/28 18:10:00",1,SA1,218,123.44,0,0,"2025/05/28 18:05:03",123.44,0.38,0.38,0.24,0.24,0.15,0.15,12.47,12.47,0,0,0,0,0,0,14.6,14.6,0.04,0.04,0,0,FIRM
D,TRADING,PRICE,3,"2025/05/28 18:10:00",1,NSW1,218,288.17,0,0,"2025/05/28 18:05:03",288.17,0.38,0.38,0.24,0.24,0.15,0.15,12.47,12.47,0,0,0,0,0,0,14.6,14.6,0.04,0.04,0,0,FIRM
D,TRADING,PRICE,3,"2025/05/28 18:10:00",1,QLD1,218,82.26,0,0,"2025/05/28 18:05:03",82.26,0.38,0.38,0.24,0.24,0.15,0.15,12.47,12.47,97.8,97.8,97.8,97.8,10.2,10.2,24.8,24.8,0.04,0.04,0,0,FIRM
D,TRADING,PRICE,3,"2025/05/28 18:10:00",1,TAS1,218,101.33,0,0,"2025/05/28 18:05:03",101.33,0.38,0.38,0.24,0.24,0.15,0.15,7.59,7.59,0,0,0,0,0,0,3.48,3.48,0.04,0.04,0,0,FIRM
D,TRADING,PRICE,3,"2025/05/28 18:10:00",1,VIC1,218,110.39,0,0,"2025/05/28 18:05:03",110.39,0.38,0.38,0.24,0.24,0.15,0.15,12.47,12.47,0,0,0,0,0,0,14.6,14.6,0.04,0.04,0,0,FIRM
C,"END OF REPORT",15
