C,NEMP.WORLD,TRADINGIS,AEMO,PUBLIC,2025/05/29,13:25:10,0000000465392022,TRADINGIS,0000000465392021
I,TRADING,INTERCONNECTORRES,2,SETTLEMENTDATE,RUNNO,INTERCONNECTORID,PERIODID,METEREDMWFLOW,MWFLOW,MWLOSSES,LASTCHANGED
D,TRADING,INTERCONNECTORRES,2,"2025/05/29 13:30:00",1,N-Q-MNSP1,162,-10.2,-9,-0.16,"2025/05/29 13:25:03"
D,TRADING,INTERCONNECTORRES,2,"2025/05/29 13:30:00",1,NSW1-QLD1,162,-48.4,-57.71,-0.61,"2025/05/29 13:25:03"
D,TRADING,INTERCONNECTORRES,2,"2025/05/29 13:30:00",1,T-V-MNSP1,162,-435.2,-454.66,23.27,"2025/05/29 13:25:03"
D,TRADING,INTERCONNECTORRES,2,"2025/05/29 13:30:00",1,V-S-MNSP1,162,-9,-9,0.76,"2025/05/29 13:25:03"
D,TRADING,INTERCONNECTORRES,2,"2025/05/29 13:30:00",1,V-SA,162,-263.44,-234.39,13.8,"2025/05/29 13:25:03"
D,TRADING,INTERCONNECTORRES,2,"2025/05/29 13:30:00",1,VIC1-NSW1,162,490.49,428.9,48.4,"2025/05/29 13:25:03"
I,TRADING,PRICE,3,SETTLEMENTDATE,RUNNO,REGIONID,PERIODID,RRP,EEP,INVALIDFLAG,LASTCHANGED,ROP,RAISE6SECRRP,RAISE6SECROP,RAISE60SECRRP,RAISE60SECROP,RAISE5MINRRP,RAISE5MINROP,RAISEREGRRP,RAISEREGROP,LOWER6SECRRP,LOWER6SECROP,LOWER60SECRRP,LOWER60SECROP,LOWER5MINRRP,LOWER5MINROP,LOWERREGRRP,LOWERREGROP,RAISE1SECRRP,RAISE1SECROP,LOWER1SECRRP,LOWER1SECROP,PRICE_STATUS
D,TRADING,PRICE,3,"2025/05/29 13:30:00",1,SA1,162,60.35,0,0,"2025/05/29 13:25:03",60.35,0.01,0.01,0.01,0.01,0.09,0.09,5.7,5.7,0.38,0.38,0.86,0.86,0.38,0.38,3.7,3.7,0.38,0.38,0,0,FIRM
D,TRADING,PRICE,3,"2025/05/29 13:30:00",1,NSW1,162,76.8,0,0,"2025/05/29 13:25:03",76.8,0.01,0.01,0.01,0.01,0.09,0.09,5.7,5.7,0.38,0.38,0.86,0.86,0.38,0.38,3.7,3.7,0.38,0.38,0,0,FIRM
D,TRADING,PRICE,3,"2025/05/29 13:30:00",1,QLD1,162,95,0,0,"2025/05/29 13:25:03",95,4.85,4.85,4.89,4.89,0.38,0.38,5.99,5.99,0.38,0.38,0.38,0.38,0.38,0.38,3.7,3.7,0.38,0.38,0,0,FIRM
D,TRADING,PRICE,3,"2025/05/29 13:30:00",1,TAS1,162,100.12,0,0,"2025/05/29 13:25:03",100.12,0.38,0.38,0.38,0.38,0.09,0.09,7.54,7.54,0.38,0.38,0.38,0.38,0,0,2.46,2.46,0.38,0.38,0,0,FIRM
D,TRADING,PRICE,3,"2025/05/29 13:30:00",1,VIC1,162,65.76,0,0,"2025/05/29 13:25:03",65.76,0.01,0.01,0.01,0.01,0.09,0.09,5.7,5.7,0.38,0.38,0.86,0.86,0.38,0.38,3.7,3.7,0.38,0.38,0,0,FIRM
C,"END OF REPORT",15
