C,NEMP.WORLD,TRADINGIS,AEMO,PUBLIC,2025/05/26,14:35:15,0000000464959116,TRADINGIS,0000000464959115
I,TRADING,INTERCONNECTORRES,2,SETTLEMENTDATE,RUNNO,INTERCONNECTORID,PERIODID,METEREDMWFLOW,MWFLOW,MWLOSSES,LASTCHANGED
D,TRADING,INTERCONNECTORRES,2,"2025/05/26 14:40:00",1,N-Q-MNSP1,176,-25.8,-25,0.65,"2025/05/26 14:35:08"
D,TRADING,INTERCONNECTORRES,2,"2025/05/26 14:40:00",1,NSW1-QLD1,176,-752.2,-636.3,18.8,"2025/05/26 14:35:08"
D,TRADING,INTERCONNECTORRES,2,"2025/05/26 14:40:00",1,T-V-MNSP1,176,-407.2,-438.27,21.68,"2025/05/26 14:35:08"
D,TRADING,INTERCONNECTORRES,2,"2025/05/26 14:40:00",1,V-S-MNSP1,176,181,180.36,25.94,"2025/05/26 14:35:08"
D,TRADING,INTERCONNECTORRES,2,"2025/05/26 14:40:00",1,V-SA,176,215.13,-205.7,-0.08,"2025/05/26 14:35:08"
D,TRADING,INTERCONNECTORRES,2,"2025/05/26 14:40:00",1,VIC1-NSW1,176,357.5,706.68,57.41,"2025/05/26 14:35:08"
I,TRADING,PRICE,3,SETTLEMENTDATE,RUNNO,REGIONID,PERIODID,RRP,EEP,INVALIDFLAG,LASTCHANGED,ROP,RAISE6SECRRP,RAISE6SECROP,RAISE60SECRRP,RAISE60SECROP,RAISE5MINRRP,RAISE5MINROP,RAISEREGRRP,RAISEREGROP,LOWER6SECRRP,LOWER6SECROP,LOWER60SECRRP,LOWER60SECROP,LOWER5MINRRP,LOWER5MINROP,LOWERREGRRP,LOWERREGROP,RAISE1SECRRP,RAISE1SECROP,LOWER1SECRRP,LOWER1SECROP,PRICE_STATUS
D,TRADING,PRICE,3,"2025/05/26 14:40:00",1,SA1,176,-12.12,0,0,"2025/05/26 14:35:08",-12.12,0.1,0.1,0.04,0.04,0.09,0.09,10,10,0.38,0.38,1.83,1.83,0.38,0.38,3.75,3.75,0.04,0.04,0,0,FIRM
D,TRADING,PRICE,3,"2025/05/26 14:40:00",1,NSW1,176,57.01,0,0,"2025/05/26 14:35:08",57.01,0.1,0.1,0.04,0.04,0.09,0.09,10,10,0.38,0.38,1.83,1.83,0.38,0.38,3.75,3.75,0.04,0.04,0,0,FIRM
D,TRADING,PRICE,3,"2025/05/26 14:40:00",1,QLD1,176,52.14,0,0,"2025/05/26 14:35:08",52.14,0.1,0.1,0.04,0.04,0.09,0.09,10,10,0.38,0.38,1.83,1.83,0.38,0.38,3.75,3.75,0.04,0.04,0,0,FIRM
D,TRADING,PRICE,3,"2025/05/26 14:40:00",1,TAS1,176,11.25,0,0,"2025/05/26 14:35:08",11.25,0.38,0.38,0.38,0.38,0.09,0.09,8.8,8.8,0.38,0.38,1.33,1.33,0,0,3.55,3.55,0.04,0.04,0,0,FIRM
D,TRADING,PRICE,3,"2025/05/26 14:40:00",1,VIC1,176,-10.9,0,0,"2025/05/26 14:35:08",-10.9,0.1,0.1,0.04,0.04,0.09,0.09,10,10,0.38,0.38,1.83,1.83,0.38,0.38,3.75,3.75,0.04,0.04,0,0,FIRM
C,"END OF REPORT",15
