C,NEMP.WORLD,TRADINGIS,AEMO,PUBLIC,2025/05/28,20:45:12,0000000465294105,TRADINGIS,0000000465294104
I,TRADING,INTERCONNECTORRES,2,SETTLEMENTDATE,RUNNO,INTERCONNECTORID,PERIODID,METEREDMWFLOW,MWFLOW,MWLOSSES,LASTCHANGED
D,TRADING,INTERCONNECTORRES,2,"2025/05/28 20:50:00",1,N-Q-MNSP1,250,-25.4,-25,0.65,"2025/05/28 20:45:03"
D,TRADING,INTERCONNECTORRES,2,"2025/05/28 20:50:00",1,NSW1-QLD1,250,-941.3,-931.95,32.68,"2025/05/28 20:45:03"
D,TRADING,INTERCONNECTORRES,2,"2025/05/28 20:50:00",1,T-V-MNSP1,250,-98.9,-76.81,0.92,"2025/05/28 20:45:03"
D,TRADING,INTERCONNECTORRES,2,"2025/05/28 20:50:00",1,V-S-MNSP1,250,63,63,0.15,"2025/05/28 20:45:03"
D,TRADING,INTERCONNECTORRES,2,"2025/05/28 20:50:00",1,V-SA,250,320.48,332.09,16.08,"2025/05/28 20:45:03"
D,TRADING,INTERCONNECTORRES,2,"2025/05/28 20:50:00",1,VIC1-NSW1,250,66.04,96.39,1.28,"2025/05/28 20:45:03"
I,TRADING,PRICE,3,SETTLEMENTDATE,RUNNO,REGIONID,PERIODID,RRP,EEP,INVALIDFLAG,LASTCHANGED,ROP,RAISE6SECRRP,RAISE6SECROP,RAISE60SECRRP,RAISE60SECROP,RAISE5MINRRP,RAISE5MINROP,RAISEREGRRP,RAISEREGROP,LOWER6SECRRP,LOWER6SECROP,LOWER60SECRRP,LOWER60SECROP,LOWER5MINRRP,LOWER5MINROP,LOWERREGRRP,LOWERREGROP,RAISE1SECRRP,RAISE1SECROP,LOWER1SECRRP,LOWER1SECROP,PRICE_STATUS
D,TRADING,PRICE,3,"2025/05/28 20:50:00",1,SA1,250,130.18,0,0,"2025/05/28 20:45:03",130.18,0.39,0.39,0.24,0.24,0.23,0.23,5.99,5.99,0,0,0.03,0.03,0.1,0.1,3.75,3.75,0.81,0.81,0,0,FIRM
D,TRADING,PRICE,3,"2025/05/28 20:50:00",1,NSW1,250,121.66,0,0,"2025/05/28 20:45:03",121.66,0.39,0.39,0.24,0.24,0.23,0.23,5.99,5.99,0,0,0.03,0.03,0.1,0.1,3.75,3.75,0.81,0.81,0,0,FIRM
D,TRADING,PRICE,3,"2025/05/28 20:50:00",1,QLD1,250,108.12,0,0,"2025/05/28 20:45:03",108.12,0.39,0.39,0.24,0.24,0.23,0.23,5.99,5.99,0,0,0.03,0.03,0.1,0.1,3.75,3.75,0.81,0.81,0,0,FIRM
D,TRADING,PRICE,3,"2025/05/28 20:50:00",1,TAS1,250,103.05,0,0,"2025/05/28 20:45:03",103.05,0.38,0.38,0.38,0.38,0,0,9.4,9.4,8.88,8.88,0.38,0.38,0.38,0.38,3.48,3.48,0,0,0,0,FIRM
D,TRADING,PRICE,3,"2025/05/28 20:50:00",1,VIC1,250,119.54,0,0,"2025/05/28 20:45:03",119.54,0.39,0.39,0.24,0.24,0.23,0.23,5.99,5.99,0,0,0.03,0.03,0.1,0.1,3.75,3.75,0.81,0.81,0,0,FIRM
C,"END OF REPORT",15
