C,NEMP.WORLD,TRADINGIS,AEMO,PUBLIC,2025/05/29,15:35:15,0000000465406025,TRADINGIS,0000000465406024
I,TRADING,INTERCONNECTORRES,2,SETTLEMENTDATE,RUNNO,INTERCONNECTORID,PERIODID,METEREDMWFLOW,MWFLOW,MWLOSSES,LASTCHANGED
D,TRADING,INTERCONNECTORRES,2,"2025/05/29 15:40:00",1,N-Q-MNSP1,188,-10.4,-9,-0.16,"2025/05/29 15:35:08"
D,TRADING,INTERCONNECTORRES,2,"2025/05/29 15:40:00",1,NSW1-QLD1,188,-180.4,-211.6,-4.17,"2025/05/29 15:35:08"
D,TRADING,INTERCONNECTORRES,2,"2025/05/29 15:40:00",1,T-V-MNSP1,188,-468.2,-478,25.62,"2025/05/29 15:35:08"
D,TRADING,INTERCONNECTORRES,2,"2025/05/29 15:40:00",1,V-S-MNSP1,188,-117,-167.48,46.16,"2025/05/29 15:35:08"
D,TRADING,INTERCONNECTORRES,2,"2025/05/29 15:40:00",1,V-SA,188,386.49,369.26,7.84,"2025/05/29 15:35:08"
D,TRADING,INTERCONNECTORRES,2,"2025/05/29 15:40:00",1,VIC1-NSW1,188,-1050.5,-1053.87,31.03,"2025/05/29 15:35:08"
I,TRADING,PRICE,3,SETTLEMENTDATE,RUNNO,REGIONID,PERIODID,RRP,EEP,INVALIDFLAG,LASTCHANGED,ROP,RAISE6SECRRP,RAISE6SECROP,RAISE60SECRRP,RAISE60SECROP,RAISE5MINRRP,RAISE5MINROP,RAISEREGRRP,RAISEREGROP,LOWER6SECRRP,LOWER6SECROP,LOWER60SECRRP,LOWER60SECROP,LOWER5MINRRP,LOWER5MINROP,LOWERREGRRP,LOWERREGROP,RAISE1SECRRP,RAISE1SECROP,LOWER1SECRRP,LOWER1SECROP,PRICE_STATUS
D,TRADING,PRICE,3,"2025/05/29 15:40:00",1,SA1,188,-20.1,0,0,"2025/05/29 15:35:08",-20.1,0.1,0.1,0.1,0.1,0.1,0.1,11.05,11.05,0.38,0.38,0.39,0.39,0.38,0.38,3.99,3.99,0.04,0.04,0,0,FIRM
D,TRADING,PRICE,3,"2025/05/29 15:40:00",1,NSW1,188,114.59,0,0,"2025/05/29 15:35:08",114.59,0.1,0.1,0.1,0.1,0.1,0.1,11.05,11.05,0.38,0.38,0.39,0.39,0.38,0.38,3.99,3.99,0.04,0.04,0,0,FIRM
D,TRADING,PRICE,3,"2025/05/29 15:40:00",1,QLD1,188,114.83,0,0,"2025/05/29 15:35:08",114.83,0.1,0.1,0.1,0.1,0.1,0.1,11.05,11.05,0.38,0.38,0.39,0.39,0.38,0.38,3.99,3.99,0.04,0.04,0,0,FIRM
D,TRADING,PRICE,3,"2025/05/29 15:40:00",1,TAS1,188,11.1,0,0,"2025/05/29 15:35:08",11.1,0.38,0.38,0.38,0.38,0.38,0.38,7.54,7.54,0.38,0.38,0.38,0.38,0,0,2.46,2.46,0.04,0.04,0,0,FIRM
D,TRADING,PRICE,3,"2025/05/29 15:40:00",1,VIC1,188,-18.89,0,0,"2025/05/29 15:35:08",-18.89,0.1,0.1,0.1,0.1,0.1,0.1,11.05,11.05,0.38,0.38,0.39,0.39,0.38,0.38,3.99,3.99,0.04,0.04,0,0,FIRM
C,"END OF REPORT",15
