C,NEMP.WORLD,TRADINGIS,AEMO,PUBLIC,2025/05/28,06:05:10,0000000465204496,TRADINGIS,0000000465204495
I,TRADING,INTERCONNECTORRES,2,SETTLEMENTDATE,RUNNO,INTERCONNECTORID,PERIODID,METEREDMWFLOW,MWFLOW,MWLOSSES,LASTCHANGED
D,TRADING,INTERCONNECTORRES,2,"2025/05/28 06:10:00",1,N-Q-MNSP1,74,5.9,9,0.6,"2025/05/28 06:05:03"
D,TRADING,INTERCONNECTORRES,2,"2025/05/28 06:10:00",1,NSW1-QLD1,74,421.7,374.39,21.74,"2025/05/28 06:05:03"
D,TRADING,INTERCONNECTORRES,2,"2025/05/28 06:10:00",1,T-V-MNSP1,74,-373,-343.24,13.59,"2025/05/28 06:05:03"
D,TRADING,INTERCONNECTORRES,2,"2025/05/28 06:10:00",1,V-S-MNSP1,74,171,162.56,19.89,"2025/05/28 06:05:03"
D,TRADING,INTERCONNECTORRES,2,"2025/05/28 06:10:00",1,V-SA,74,512.97,569.43,40.03,"2025/05/28 06:05:03"
D,TRADING,INTERCONNECTORRES,2,"2025/05/28 06:10:00",1,VIC1-NSW1,74,777.54,684.93,57.69,"2025/05/28 06:05:03"
I,TRADING,PRICE,3,SETTLEMENTDATE,RUNNO,REGIONID,PERIODID,RRP,EEP,INVALIDFLAG,LASTCHANGED,ROP,RAISE6SECRRP,RAISE6SECROP,RAISE60SECRRP,RAISE60SECROP,RAISE5MINRRP,RAISE5MINROP,RAISEREGRRP,RAISEREGROP,LOWER6SECRRP,LOWER6SECROP,LOWER60SECRRP,LOWER60SECROP,LOWER5MINRRP,LOWER5MINROP,LOWERREGRRP,LOWERREGROP,RAISE1SECRRP,RAISE1SECROP,LOWER1SECRRP,LOWER1SECROP,PRICE_STATUS
D,TRADING,PRICE,3,"2025/05/28 06:10:00",1,SA1,74,70.44,0,0,"2025/05/28 06:05:03",70.44,0.38,0.38,0.38,0.38,0.38,0.38,7.6,7.6,0.39,0.39,0.39,0.39,0.38,0.38,3.6,3.6,0.94,0.94,0,0,FIRM
D,TRADING,PRICE,3,"2025/05/28 06:10:00",1,NSW1,74,76.8,0,0,"2025/05/28 06:05:03",76.8,0.38,0.38,0.38,0.38,0.38,0.38,7.6,7.6,0.39,0.39,0.39,0.39,0.38,0.38,3.6,3.6,0.94,0.94,0,0,FIRM
D,TRADING,PRICE,3,"2025/05/28 06:10:00",1,QLD1,74,84.08,0,0,"2025/05/28 06:05:03",84.08,0.38,0.38,0.38,0.38,0.38,0.38,7.6,7.6,0.39,0.39,0.39,0.39,0.38,0.38,3.6,3.6,0.94,0.94,0,0,FIRM
D,TRADING,PRICE,3,"2025/05/28 06:10:00",1,TAS1,74,54.75,0,0,"2025/05/28 06:05:03",54.75,0.38,0.38,0.38,0.38,0.38,0.38,8.4,8.4,0.39,0.39,0.38,0.38,0.38,0.38,2.49,2.49,0.94,0.94,0,0,FIRM
D,TRADING,PRICE,3,"2025/05/28 06:10:00",1,VIC1,74,51.66,0,0,"2025/05/28 06:05:03",51.66,0.38,0.38,0.38,0.38,0.38,0.38,7.6,7.6,0.39,0.39,0.39,0.39,0.38,0.38,3.6,3.6,0.94,0.94,0,0,FIRM
C,"END OF REPORT",15
