C,NEMP.WORLD,TRADINGIS,AEMO,PUBLIC,2025/05/27,10:45:16,0000000465083371,TRADINGIS,0000000465083370
I,TRADING,INTERCONNECTORRES,2,SETTLEMENTDATE,RUNNO,INTERCONNECTORID,PERIODID,METEREDMWFLOW,MWFLOW,MWLOSSES,LASTCHANGED
D,TRADING,INTERCONNECTORRES,2,"2025/05/27 10:50:00",1,N-Q-MNSP1,130,-20.1,-100.1,23.28,"2025/05/27 10:45:09"
D,TRADING,INTERCONNECTORRES,2,"2025/05/27 10:50:00",1,NSW1-QLD1,130,-300.3,-31.6,0.16,"2025/05/27 10:45:09"
D,TRADING,INTERCONNECTORRES,2,"2025/05/27 10:50:00",1,T-V-MNSP1,130,-440.7,-449.29,22.75,"2025/05/27 10:45:09"
D,TRADING,INTERCONNECTORRES,2,"2025/05/27 10:50:00",1,V-S-MNSP1,130,152,152.1,16.7,"2025/05/27 10:45:09"
D,TRADING,INTERCONNECTORRES,2,"2025/05/27 10:50:00",1,V-SA,130,-507.38,-605.56,45.79,"2025/05/27 10:45:09"
D,TRADING,INTERCONNECTORRES,2,"2025/05/27 10:50:00",1,VIC1-NSW1,130,-108.21,208.61,11.15,"2025/05/27 10:45:09"
I,TRADING,PRICE,3,SETTLEMENTDATE,RUNNO,REGIONID,PERIODID,RRP,EEP,INVALIDFLAG,LASTCHANGED,ROP,RAISE6SECRRP,RAISE6SECROP,RAISE60SECRRP,RAISE60SECROP,RAISE5MINRRP,RAISE5MINROP,RAISEREGRRP,RAISEREGROP,LOWER6SECRRP,LOWER6SECROP,LOWER60SECRRP,LOWER60SECROP,LOWER5MINRRP,LOWER5MINROP,LOWERREGRRP,LOWERREGROP,RAISE1SECRRP,RAISE1SECROP,LOWER1SECRRP,LOWER1SECROP,PRICE_STATUS
D,TRADING,PRICE,3,"2025/05/27 10:50:00",1,SA1,130,-10.77,0,0,"2025/05/27 10:45:09",-10.77,0.01,0.01,0.01,0.01,0.04,0.04,9.24,9.24,0.38,0.38,0.86,0.86,0.39,0.39,3.7,3.7,0.36,0.36,0,0,FIRM
D,TRADING,PRICE,3,"2025/05/27 10:50:00",1,NSW1,130,-8.76,0,0,"2025/05/27 10:45:09",-8.76,0.01,0.01,0.01,0.01,0.04,0.04,9.24,9.24,0.38,0.38,0.86,0.86,0.39,0.39,3.7,3.7,0.36,0.36,0,0,FIRM
D,TRADING,PRICE,3,"2025/05/27 10:50:00",1,QLD1,130,-7.71,0,0,"2025/05/27 10:45:09",-7.71,0.23,0.23,0.01,0.01,0.8,0.8,10,10,0.38,0.38,0.86,0.86,0.39,0.39,3.7,3.7,0.36,0.36,0,0,FIRM
D,TRADING,PRICE,3,"2025/05/27 10:50:00",1,TAS1,130,11.25,0,0,"2025/05/27 10:45:09",11.25,0.38,0.38,0.38,0.38,0.04,0.04,7.4,7.4,0.38,0.38,0.38,0.38,0,0,2.48,2.48,0.36,0.36,0,0,FIRM
D,TRADING,PRICE,3,"2025/05/27 10:50:00",1,VIC1,130,-19.99,0,0,"2025/05/27 10:45:09",-19.99,0.01,0.01,0.01,0.01,0.04,0.04,9.24,9.24,0.38,0.38,0.86,0.86,0.39,0.39,3.7,3.7,0.36,0.36,0,0,FIRM
C,"END OF REPORT",15
