C,NEMP.WORLD,TRADINGIS,AEMO,PUBLIC,2025/05/27,10:25:16,0000000465081335,TRADINGIS,0000000465081334
I,TRADING,INTERCONNECTORRES,2,SETTLEMENTDATE,RUNNO,INTERCONNECTORID,PERIODID,METEREDMWFLOW,MWFLOW,MWLOSSES,LASTCHANGED
D,TRADING,INTERCONNECTORRES,2,"2025/05/27 10:30:00",1,N-Q-MNSP1,126,-12,-9,-0.16,"2025/05/27 10:25:09"
D,TRADING,INTERCONNECTORRES,2,"2025/05/27 10:30:00",1,NSW1-QLD1,126,-299.1,-61.97,0.34,"2025/05/27 10:25:09"
D,TRADING,INTERCONNECTORRES,2,"2025/05/27 10:30:00",1,T-V-MNSP1,126,-453.6,-454.2,23.22,"2025/05/27 10:25:09"
D,TRADING,INTERCONNECTORRES,2,"2025/05/27 10:30:00",1,V-S-MNSP1,126,81,116.56,7.8,"2025/05/27 10:25:09"
D,TRADING,INTERCONNECTORRES,2,"2025/05/27 10:30:00",1,V-SA,126,-350.06,-490.3,29.29,"2025/05/27 10:25:09"
D,TRADING,INTERCONNECTORRES,2,"2025/05/27 10:30:00",1,VIC1-NSW1,126,521.01,701.42,62.63,"2025/05/27 10:25:09"
I,TRADING,PRICE,3,SETTLEMENTDATE,RUNNO,REGIONID,PERIODID,RRP,EEP,INVALIDFLAG,LASTCHANGED,ROP,RAISE6SECRRP,RAISE6SECROP,RAISE60SECRRP,RAISE60SECROP,RAISE5MINRRP,RAISE5MINROP,RAISEREGRRP,RAISEREGROP,LOWER6SECRRP,LOWER6SECROP,LOWER60SECRRP,LOWER60SECROP,LOWER5MINRRP,LOWER5MINROP,LOWERREGRRP,LOWERREGROP,RAISE1SECRRP,RAISE1SECROP,LOWER1SECRRP,LOWER1SECROP,PRICE_STATUS
D,TRADING,PRICE,3,"2025/05/27 10:30:00",1,SA1,126,1.41,0,0,"2025/05/27 10:25:09",1.41,0,0,0,0,0.01,0.01,7.85,7.85,0.38,0.38,1,1,0.1,0.1,0.1,0.1,0.36,0.36,0,0,FIRM
D,TRADING,PRICE,3,"2025/05/27 10:30:00",1,NSW1,126,15.56,0,0,"2025/05/27 10:25:09",15.56,0,0,0,0,0.01,0.01,7.85,7.85,0.38,0.38,1,1,0.1,0.1,0.1,0.1,0.36,0.36,0,0,FIRM
D,TRADING,PRICE,3,"2025/05/27 10:30:00",1,QLD1,126,22.73,0,0,"2025/05/27 10:25:09",22.73,4.85,4.85,0.38,0.38,1.8,1.8,9.64,9.64,0.01,0.01,1,1,0.1,0.1,0.1,0.1,0.36,0.36,0,0,FIRM
D,TRADING,PRICE,3,"2025/05/27 10:30:00",1,TAS1,126,35.24,0,0,"2025/05/27 10:25:09",35.24,0.38,0.38,0.38,0.38,0.01,0.01,7.4,7.4,0.38,0.38,0.38,0.38,0,0,2.48,2.48,0.36,0.36,0,0,FIRM
D,TRADING,PRICE,3,"2025/05/27 10:30:00",1,VIC1,126,-10.52,0,0,"2025/05/27 10:25:09",-10.52,0,0,0,0,0.01,0.01,7.85,7.85,0.38,0.38,1,1,0.1,0.1,0.1,0.1,0.36,0.36,0,0,FIRM
C,"END OF REPORT",15
