C,NEMP.WORLD,TRADINGIS,AEMO,PUBLIC,2025/05/29,16:15:11,0000000465410270,TRADINGIS,0000000465410269
I,TRADING,INTERCONNECTORRES,2,SETTLEMENTDATE,RUNNO,INTERCONNECTORID,PERIODID,METEREDMWFLOW,MWFLOW,MWLOSSES,LASTCHANGED
D,TRADING,INTERCONNECTORRES,2,"2025/05/29 16:20:00",1,N-Q-MNSP1,196,-31,-17,0.07,"2025/05/29 16:15:03"
D,TRADING,INTERCONNECTORRES,2,"2025/05/29 16:20:00",1,NSW1-QLD1,196,-754.7,-653.46,6,"2025/05/29 16:15:03"
D,TRADING,INTERCONNECTORRES,2,"2025/05/29 16:20:00",1,T-V-MNSP1,196,-356.5,-475.51,25.37,"2025/05/29 16:15:03"
D,TRADING,INTERCONNECTORRES,2,"2025/05/29 16:20:00",1,V-S-MNSP1,196,9,9,-0.56,"2025/05/29 16:15:03"
D,TRADING,INTERCONNECTORRES,2,"2025/05/29 16:20:00",1,V-SA,196,-38.44,-131.47,5.1,"2025/05/29 16:15:03"
D,TRADING,INTERCONNECTORRES,2,"2025/05/29 16:20:00",1,VIC1-NSW1,196,-613.36,-513.36,-3.59,"2025/05/29 16:15:03"
I,TRADING,PRICE,3,SETTLEMENTDATE,RUNNO,REGIONID,PERIODID,RRP,EEP,INVALIDFLAG,LASTCHANGED,ROP,RAISE6SECRRP,RAISE6SECROP,RAISE60SECRRP,RAISE60SECROP,RAISE5MINRRP,RAISE5MINROP,RAISEREGRRP,RAISEREGROP,LOWER6SECRRP,LOWER6SECROP,LOWER60SECRRP,LOWER60SECROP,LOWER5MINRRP,LOWER5MINROP,LOWERREGRRP,LOWERREGROP,RAISE1SECRRP,RAISE1SECROP,LOWER1SECRRP,LOWER1SECROP,PRICE_STATUS
D,TRADING,PRICE,3,"2025/05/29 16:20:00",1,SA1,196,125.81,0,0,"2025/05/29 16:15:03",125.81,0.37,0.37,0.1,0.1,0.15,0.15,12.47,12.47,0.38,0.38,0.86,0.86,0.39,0.39,3.7,3.7,0.36,0.36,0,0,FIRM
D,TRADING,PRICE,3,"2025/05/29 16:20:00",1,NSW1,196,259.03,0,0,"2025/05/29 16:15:03",259.03,0.37,0.37,0.1,0.1,0.15,0.15,12.47,12.47,0.38,0.38,0.86,0.86,0.39,0.39,3.7,3.7,0.36,0.36,0,0,FIRM
D,TRADING,PRICE,3,"2025/05/29 16:20:00",1,QLD1,196,242.25,0,0,"2025/05/29 16:15:03",242.25,0.37,0.37,0.1,0.1,0.15,0.15,12.47,12.47,0.38,0.38,0.86,0.86,0.39,0.39,3.7,3.7,0.36,0.36,0,0,FIRM
D,TRADING,PRICE,3,"2025/05/29 16:20:00",1,TAS1,196,150.1,0,0,"2025/05/29 16:15:03",150.1,0.38,0.38,0.38,0.38,0.38,0.38,7.54,7.54,0.38,0.38,0.38,0.38,0,0,2.46,2.46,0.36,0.36,0,0,FIRM
D,TRADING,PRICE,3,"2025/05/29 16:20:00",1,VIC1,196,132.72,0,0,"2025/05/29 16:15:03",132.72,0.37,0.37,0.1,0.1,0.15,0.15,12.47,12.47,0.38,0.38,0.86,0.86,0.39,0.39,3.7,3.7,0.36,0.36,0,0,FIRM
C,"END OF REPORT",15
