C,NEMP.WORLD,TRADINGIS,AEMO,PUBLIC,2025/05/28,18:40:10,0000000465282186,TRADINGIS,0000000465282185
I,TRADING,INTERCONNECTORRES,2,SETTLEMENTDATE,RUNNO,INTERCONNECTORID,PERIODID,METEREDMWFLOW,MWFLOW,MWLOSSES,LASTCHANGED
D,TRADING,INTERCONNECTORRES,2,"2025/05/28 18:45:00",1,N-Q-MNSP1,225,-24.8,-33,1.59,"2025/05/28 18:40:03"
D,TRADING,INTERCONNECTORRES,2,"2025/05/28 18:45:00",1,NSW1-QLD1,225,-933.5,-1082.35,34.2,"2025/05/28 18:40:03"
D,TRADING,INTERCONNECTORRES,2,"2025/05/28 18:45:00",1,T-V-MNSP1,225,70.2,82.17,0.38,"2025/05/28 18:40:03"
D,TRADING,INTERCONNECTORRES,2,"2025/05/28 18:45:00",1,V-S-MNSP1,225,63,63,0.15,"2025/05/28 18:40:03"
D,TRADING,INTERCONNECTORRES,2,"2025/05/28 18:45:00",1,V-SA,225,304.89,283.01,11.48,"2025/05/28 18:40:03"
D,TRADING,INTERCONNECTORRES,2,"2025/05/28 18:45:00",1,VIC1-NSW1,225,-449.05,-363.66,11.6,"2025/05/28 18:40:03"
I,TRADING,PRICE,3,SETTLEMENTDATE,RUNNO,REGIONID,PERIODID,RRP,EEP,INVALIDFLAG,LASTCHANGED,ROP,RAISE6SECRRP,RAISE6SECROP,RAISE60SECRRP,RAISE60SECROP,RAISE5MINRRP,RAISE5MINROP,RAISEREGRRP,RAISEREGROP,LOWER6SECRRP,LOWER6SECROP,LOWER60SECRRP,LOWER60SECROP,LOWER5MINRRP,LOWER5MINROP,LOWERREGRRP,LOWERREGROP,RAISE1SECRRP,RAISE1SECROP,LOWER1SECRRP,LOWER1SECROP,PRICE_STATUS
D,TRADING,PRICE,3,"2025/05/28 18:45:00",1,SA1,225,154.47,0,0,"2025/05/28 18:40:03",154.47,0.37,0.37,0.1,0.1,0.1,0.1,19.92,19.92,0.1,0.1,0.38,0.38,0.1,0.1,3.71,3.71,0.04,0.04,0,0,FIRM
D,TRADING,PRICE,3,"2025/05/28 18:45:00",1,NSW1,225,135.56,0,0,"2025/05/28 18:40:03",135.56,0.37,0.37,0.1,0.1,0.1,0.1,19.92,19.92,0.1,0.1,0.38,0.38,0.1,0.1,3.71,3.71,0.04,0.04,0,0,FIRM
D,TRADING,PRICE,3,"2025/05/28 18:45:00",1,QLD1,225,118.8,0,0,"2025/05/28 18:40:03",118.8,0.37,0.37,0.1,0.1,0.1,0.1,19.92,19.92,0.1,0.1,0.38,0.38,0.1,0.1,3.71,3.71,0.04,0.04,0,0,FIRM
D,TRADING,PRICE,3,"2025/05/28 18:45:00",1,TAS1,225,150.24,0,0,"2025/05/28 18:40:03",150.24,7.82,7.82,0.38,0.38,0.38,0.38,8.4,8.4,0.1,0.1,0.38,0.38,0,0,3.48,3.48,0.04,0.04,0,0,FIRM
D,TRADING,PRICE,3,"2025/05/28 18:45:00",1,VIC1,225,143.79,0,0,"2025/05/28 18:40:03",143.79,0.37,0.37,0.1,0.1,0.1,0.1,19.92,19.92,0.1,0.1,0.38,0.38,0.1,0.1,3.71,3.71,0.04,0.04,0,0,FIRM
C,"END OF REPORT",15
