C,NEMP.WORLD,TRADINGIS,AEMO,PUBLIC,2025/05/28,15:45:11,0000000465263888,TRADINGIS,0000000465263887
I,TRADING,INTERCONNECTORRES,2,SETTLEMENTDATE,RUNNO,INTERCONNECTORID,PERIODID,METEREDMWFLOW,MWFLOW,MWLOSSES,LASTCHANGED
D,TRADING,INTERCONNECTORRES,2,"2025/05/28 15:50:00",1,N-Q-MNSP1,190,-16.3,-23.47,0.54,"2025/05/28 15:45:03"
D,TRADING,INTERCONNECTORRES,2,"2025/05/28 15:50:00",1,NSW1-QLD1,190,-441,-561,13.66,"2025/05/28 15:45:03"
D,TRADING,INTERCONNECTORRES,2,"2025/05/28 15:50:00",1,T-V-MNSP1,190,-287.5,-280.92,9.31,"2025/05/28 15:45:03"
D,TRADING,INTERCONNECTORRES,2,"2025/05/28 15:50:00",1,V-S-MNSP1,190,63,63,0.15,"2025/05/28 15:45:03"
D,TRADING,INTERCONNECTORRES,2,"2025/05/28 15:50:00",1,V-SA,190,418.25,469.2,15.58,"2025/05/28 15:45:03"
D,TRADING,INTERCONNECTORRES,2,"2025/05/28 15:50:00",1,VIC1-NSW1,190,-105.95,-155.47,-4.19,"2025/05/28 15:45:03"
I,TRADING,PRICE,3,SETTLEMENTDATE,RUNNO,REGIONID,PERIODID,RRP,EEP,INVALIDFLAG,LASTCHANGED,ROP,RAISE6SECRRP,RAISE6SECROP,RAISE60SECRRP,RAISE60SECROP,RAISE5MINRRP,RAISE5MINROP,RAISEREGRRP,RAISEREGROP,LOWER6SECRRP,LOWER6SECROP,LOWER60SECRRP,LOWER60SECROP,LOWER5MINRRP,LOWER5MINROP,LOWERREGRRP,LOWERREGROP,RAISE1SECRRP,RAISE1SECROP,LOWER1SECRRP,LOWER1SECROP,PRICE_STATUS
D,TRADING,PRICE,3,"2025/05/28 15:50:00",1,SA1,190,151.41,0,0,"2025/05/28 15:45:03",151.41,0.38,0.38,0.1,0.1,0.1,0.1,10.98,10.98,0,0,0.1,0.1,0.1,0.1,8.5,8.5,0.38,0.38,0,0,FIRM
D,TRADING,PRICE,3,"2025/05/28 15:50:00",1,NSW1,190,140.87,0,0,"2025/05/28 15:45:03",140.87,0.38,0.38,0.1,0.1,0.1,0.1,10.98,10.98,0,0,0.1,0.1,0.1,0.1,8.5,8.5,0.38,0.38,0,0,FIRM
D,TRADING,PRICE,3,"2025/05/28 15:50:00",1,QLD1,190,129.45,0,0,"2025/05/28 15:45:03",129.45,0.38,0.38,0.1,0.1,0.1,0.1,10.98,10.98,0.86,0.86,0.38,0.38,0.38,0.38,8.78,8.78,0.38,0.38,0,0,FIRM
D,TRADING,PRICE,3,"2025/05/28 15:50:00",1,TAS1,190,145.44,0,0,"2025/05/28 15:45:03",145.44,0.38,0.38,0.38,0.38,0.1,0.1,7.4,7.4,0,0,0.1,0.1,0.1,0.1,4.48,4.48,0.38,0.38,0,0,FIRM
D,TRADING,PRICE,3,"2025/05/28 15:50:00",1,VIC1,190,139,0,0,"2025/05/28 15:45:03",139,0.38,0.38,0.1,0.1,0.1,0.1,10.98,10.98,0,0,0.1,0.1,0.1,0.1,8.5,8.5,0.38,0.38,0,0,FIRM
C,"END OF REPORT",15
