C,NEMP.WORLD,TRADINGIS,AEMO,PUBLIC,2025/05/27,01:10:15,0000000465025588,TRADINGIS,0000000465025587
I,TRADING,INTERCONNECTORRES,2,SETTLEMENTDATE,RUNNO,INTERCONNECTORID,PERIODID,METEREDMWFLOW,MWFLOW,MWLOSSES,LASTCHANGED
D,TRADING,INTERCONNECTORRES,2,"2025/05/27 01:15:00",1,N-Q-MNSP1,15,9.3,9,0.6,"2025/05/27 01:10:08"
D,TRADING,INTERCONNECTORRES,2,"2025/05/27 01:15:00",1,NSW1-QLD1,15,409.4,476.05,21.86,"2025/05/27 01:10:08"
D,TRADING,INTERCONNECTORRES,2,"2025/05/27 01:15:00",1,T-V-MNSP1,15,-442.6,-457.64,23.56,"2025/05/27 01:10:08"
D,TRADING,INTERCONNECTORRES,2,"2025/05/27 01:15:00",1,V-S-MNSP1,15,-144,-144.87,35.97,"2025/05/27 01:10:08"
D,TRADING,INTERCONNECTORRES,2,"2025/05/27 01:15:00",1,V-SA,15,-246.13,-317.36,4.93,"2025/05/27 01:10:08"
D,TRADING,INTERCONNECTORRES,2,"2025/05/27 01:15:00",1,VIC1-NSW1,15,1024.08,1067.69,113.83,"2025/05/27 01:10:08"
I,TRADING,PRICE,3,SETTLEMENTDATE,RUNNO,REGIONID,PERIODID,RRP,EEP,INVALIDFLAG,LASTCHANGED,ROP,RAISE6SECRRP,RAISE6SECROP,RAISE60SECRRP,RAISE60SECROP,RAISE5MINRRP,RAISE5MINROP,RAISEREGRRP,RAISEREGROP,LOWER6SECRRP,LOWER6SECROP,LOWER60SECRRP,LOWER60SECROP,LOWER5MINRRP,LOWER5MINROP,LOWERREGRRP,LOWERREGROP,RAISE1SECRRP,RAISE1SECROP,LOWER1SECRRP,LOWER1SECROP,PRICE_STATUS
D,TRADING,PRICE,3,"2025/05/27 01:15:00",1,SA1,15,-13.07,0,0,"2025/05/27 01:10:08",-13.07,0.01,0.01,0.01,0.01,0.01,0.01,9.24,9.24,0.39,0.39,1.44,1.44,0.1,0.1,0.2,0.2,0.04,0.04,0,0,FIRM
D,TRADING,PRICE,3,"2025/05/27 01:15:00",1,NSW1,15,36.52,0,0,"2025/05/27 01:10:08",36.52,0.01,0.01,0.01,0.01,0.01,0.01,9.24,9.24,0.39,0.39,1.44,1.44,0.1,0.1,0.2,0.2,0.04,0.04,0,0,FIRM
D,TRADING,PRICE,3,"2025/05/27 01:15:00",1,QLD1,15,39.86,0,0,"2025/05/27 01:10:08",39.86,0.01,0.01,0.01,0.01,0.01,0.01,9.24,9.24,0.39,0.39,1.44,1.44,0.1,0.1,0.2,0.2,0.04,0.04,0,0,FIRM
D,TRADING,PRICE,3,"2025/05/27 01:15:00",1,TAS1,15,35.28,0,0,"2025/05/27 01:10:08",35.28,0.38,0.38,0.38,0.38,0.36,0.36,8.8,8.8,0.38,0.38,1.33,1.33,0,0,1.55,1.55,0.04,0.04,0,0,FIRM
D,TRADING,PRICE,3,"2025/05/27 01:15:00",1,VIC1,15,-13.76,0,0,"2025/05/27 01:10:08",-13.76,0.01,0.01,0.01,0.01,0.01,0.01,9.24,9.24,0.39,0.39,1.44,1.44,0.1,0.1,0.2,0.2,0.04,0.04,0,0,FIRM
C,"END OF REPORT",15
