C,NEMP.WORLD,TRADINGIS,AEMO,PUBLIC,2025/05/26,19:15:11,0000000464989523,TRADINGIS,0000000464989522
I,TRADING,INTERCONNECTORRES,2,SETTLEMENTDATE,RUNNO,INTERCONNECTORID,PERIODID,METEREDMWFLOW,MWFLOW,MWLOSSES,LASTCHANGED
D,TRADING,INTERCONNECTORRES,2,"2025/05/26 19:20:00",1,N-Q-MNSP1,232,9.2,9,0.6,"2025/05/26 19:15:03"
D,TRADING,INTERCONNECTORRES,2,"2025/05/26 19:20:00",1,NSW1-QLD1,232,191.5,109.99,7.99,"2025/05/26 19:15:03"
D,TRADING,INTERCONNECTORRES,2,"2025/05/26 19:20:00",1,T-V-MNSP1,232,-444.4,-458.42,23.64,"2025/05/26 19:15:03"
D,TRADING,INTERCONNECTORRES,2,"2025/05/26 19:20:00",1,V-S-MNSP1,232,178,179.08,25.48,"2025/05/26 19:15:03"
D,TRADING,INTERCONNECTORRES,2,"2025/05/26 19:20:00",1,V-SA,232,199.08,206.86,11.04,"2025/05/26 19:15:03"
D,TRADING,INTERCONNECTORRES,2,"2025/05/26 19:20:00",1,VIC1-NSW1,232,372.54,301.29,3.8,"2025/05/26 19:15:03"
I,TRADING,PRICE,3,SETTLEMENTDATE,RUNNO,REGIONID,PERIODID,RRP,EEP,INVALIDFLAG,LASTCHANGED,ROP,RAISE6SECRRP,RAISE6SECROP,RAISE60SECRRP,RAISE60SECROP,RAISE5MINRRP,RAISE5MINROP,RAISEREGRRP,RAISEREGROP,LOWER6SECRRP,LOWER6SECROP,LOWER60SECRRP,LOWER60SECROP,LOWER5MINRRP,LOWER5MINROP,LOWERREGRRP,LOWERREGROP,RAISE1SECRRP,RAISE1SECROP,LOWER1SECRRP,LOWER1SECROP,PRICE_STATUS
D,TRADING,PRICE,3,"2025/05/26 19:20:00",1,SA1,232,-19.9,0,0,"2025/05/26 19:15:03",-19.9,0.37,0.37,0.38,0.38,0.38,0.38,3.99,3.99,0.14,0.14,0.45,0.45,0,0,0,0,0.36,0.36,0,0,FIRM
D,TRADING,PRICE,3,"2025/05/26 19:20:00",1,NSW1,232,90.18,0,0,"2025/05/26 19:15:03",90.18,0.37,0.37,0.38,0.38,0.38,0.38,3.99,3.99,0.14,0.14,0.45,0.45,0,0,0,0,0.36,0.36,0,0,FIRM
D,TRADING,PRICE,3,"2025/05/26 19:20:00",1,QLD1,232,97.73,0,0,"2025/05/26 19:15:03",97.73,0.37,0.37,0.38,0.38,0.38,0.38,3.99,3.99,0.14,0.14,0.45,0.45,0,0,0,0,0.36,0.36,0,0,FIRM
D,TRADING,PRICE,3,"2025/05/26 19:20:00",1,TAS1,232,35.24,0,0,"2025/05/26 19:15:03",35.24,0.38,0.38,0.38,0.38,0.38,0.38,8.8,8.8,0.14,0.14,0.38,0.38,0,0,2.55,2.55,0.36,0.36,0,0,FIRM
D,TRADING,PRICE,3,"2025/05/26 19:20:00",1,VIC1,232,19.01,0,0,"2025/05/26 19:15:03",19.01,0.37,0.37,0.38,0.38,0.38,0.38,3.99,3.99,0.14,0.14,0.45,0.45,0,0,0,0,0.36,0.36,0,0,FIRM
C,"END OF REPORT",15
