C,NEMP.WORLD,TRADINGIS,AEMO,PUBLIC,2025/05/28,17:00:11,0000000465271648,TRADINGIS,0000000465271647
I,TRADING,INTERCONNECTORRES,2,SETTLEMENTDATE,RUNNO,INTERCONNECTORID,PERIODID,METEREDMWFLOW,MWFLOW,MWLOSSES,LASTCHANGED
D,TRADING,INTERCONNECTORRES,2,"2025/05/28 17:05:00",1,N-Q-MNSP1,205,-25.3,-25,0.65,"2025/05/28 17:00:03"
D,TRADING,INTERCONNECTORRES,2,"2025/05/28 17:05:00",1,NSW1-QLD1,205,-962.7,-884.58,21.03,"2025/05/28 17:00:03"
D,TRADING,INTERCONNECTORRES,2,"2025/05/28 17:05:00",1,T-V-MNSP1,205,282.6,257.19,5.87,"2025/05/28 17:00:03"
D,TRADING,INTERCONNECTORRES,2,"2025/05/28 17:05:00",1,V-S-MNSP1,205,53,45,-0.87,"2025/05/28 17:00:03"
D,TRADING,INTERCONNECTORRES,2,"2025/05/28 17:05:00",1,V-SA,205,260.3,160.1,1.15,"2025/05/28 17:00:03"
D,TRADING,INTERCONNECTORRES,2,"2025/05/28 17:05:00",1,VIC1-NSW1,205,-113.38,-13.38,-0.23,"2025/05/28 17:00:03"
I,TRADING,PRICE,3,SETTLEMENTDATE,RUNNO,REGIONID,PERIODID,RRP,EEP,INVALIDFLAG,LASTCHANGED,ROP,RAISE6SECRRP,RAISE6SECROP,RAISE60SECRRP,RAISE60SECROP,RAISE5MINRRP,RAISE5MINROP,RAISEREGRRP,RAISEREGROP,LOWER6SECRRP,LOWER6SECROP,LOWER60SECRRP,LOWER60SECROP,LOWER5MINRRP,LOWER5MINROP,LOWERREGRRP,LOWERREGROP,RAISE1SECRRP,RAISE1SECROP,LOWER1SECRRP,LOWER1SECROP,PRICE_STATUS
D,TRADING,PRICE,3,"2025/05/28 17:05:00",1,SA1,205,165.38,0,0,"2025/05/28 17:00:03",165.38,7.58,7.58,0.38,0.38,0.38,0.38,0.38,0.38,0,0,0,0,0.01,0.01,8.5,8.5,0.81,0.81,0,0,FIRM
D,TRADING,PRICE,3,"2025/05/28 17:05:00",1,NSW1,205,11003.24,0,0,"2025/05/28 17:00:03",11003.24,7.58,7.58,0.38,0.38,0.38,0.38,0.38,0.38,0,0,0,0,0.01,0.01,8.5,8.5,0.81,0.81,0,0,FIRM
D,TRADING,PRICE,3,"2025/05/28 17:05:00",1,QLD1,205,133.98,0,0,"2025/05/28 17:00:03",133.98,7.58,7.58,0.38,0.38,0.38,0.38,0.38,0.38,9999,9999,97.8,97.8,54.01,54.01,62.5,62.5,0.81,0.81,0,0,FIRM
D,TRADING,PRICE,3,"2025/05/28 17:05:00",1,TAS1,205,150.24,0,0,"2025/05/28 17:00:03",150.24,7.58,7.58,0.38,0.38,0.38,0.38,8.4,8.4,0,0,0,0,0.01,0.01,3.48,3.48,0.81,0.81,0,0,FIRM
D,TRADING,PRICE,3,"2025/05/28 17:05:00",1,VIC1,205,161.17,0,0,"2025/05/28 17:00:03",161.17,7.58,7.58,0.38,0.38,0.38,0.38,0.38,0.38,0,0,0,0,0.01,0.01,8.5,8.5,0.81,0.81,0,0,FIRM
C,"END OF REPORT",15
