C,NEMP.WORLD,TRADINGIS,AEMO,PUBLIC,2025/05/27,12:10:14,0000000465093341,TRADINGIS,0000000465093340
I,TRADING,INTERCONNECTORRES,2,SETTLEMENTDATE,RUNNO,INTERCONNECTORID,PERIODID,METEREDMWFLOW,MWFLOW,MWLOSSES,LASTCHANGED
D,TRADING,INTERCONNECTORRES,2,"2025/05/27 12:15:00",1,N-Q-MNSP1,147,7.8,0,0,"2025/05/27 12:10:07"
D,TRADING,INTERCONNECTORRES,2,"2025/05/27 12:15:00",1,NSW1-QLD1,147,51.5,136.48,2.29,"2025/05/27 12:10:07"
D,TRADING,INTERCONNECTORRES,2,"2025/05/27 12:15:00",1,T-V-MNSP1,147,-376,-416.19,19.63,"2025/05/27 12:10:07"
D,TRADING,INTERCONNECTORRES,2,"2025/05/27 12:15:00",1,V-S-MNSP1,147,99,19,-0.95,"2025/05/27 12:10:07"
D,TRADING,INTERCONNECTORRES,2,"2025/05/27 12:15:00",1,V-SA,147,-605.71,-593.11,55.05,"2025/05/27 12:10:07"
D,TRADING,INTERCONNECTORRES,2,"2025/05/27 12:15:00",1,VIC1-NSW1,147,402.71,280.9,21.06,"2025/05/27 12:10:07"
I,TRADING,PRICE,3,SETTLEMENTDATE,RUNNO,REGIONID,PERIODID,RRP,EEP,INVALIDFLAG,LASTCHANGED,ROP,RAISE6SECRRP,RAISE6SECROP,RAISE60SECRRP,RAISE60SECROP,RAISE5MINRRP,RAISE5MINROP,RAISEREGRRP,RAISEREGROP,LOWER6SECRRP,LOWER6SECROP,LOWER60SECRRP,LOWER60SECROP,LOWER5MINRRP,LOWER5MINROP,LOWERREGRRP,LOWERREGROP,RAISE1SECRRP,RAISE1SECROP,LOWER1SECRRP,LOWER1SECROP,PRICE_STATUS
D,TRADING,PRICE,3,"2025/05/27 12:15:00",1,SA1,147,-22,0,0,"2025/05/27 12:10:07",-22,0,0,0,0,0,0,9.24,9.24,0.37,0.37,1.37,1.37,1.83,1.83,7.65,7.65,0.01,0.01,0,0,FIRM
D,TRADING,PRICE,3,"2025/05/27 12:15:00",1,NSW1,147,10.69,0,0,"2025/05/27 12:10:07",10.69,0,0,0,0,0,0,9.24,9.24,0.37,0.37,1.37,1.37,1.83,1.83,7.65,7.65,0.01,0.01,0,0,FIRM
D,TRADING,PRICE,3,"2025/05/27 12:15:00",1,QLD1,147,20,0,0,"2025/05/27 12:10:07",20,0.38,0.38,0.38,0.38,0.38,0.38,9.62,9.62,0,0,0.01,0.01,1.83,1.83,7.65,7.65,0.01,0.01,0,0,FIRM
D,TRADING,PRICE,3,"2025/05/27 12:15:00",1,TAS1,147,9.2,0,0,"2025/05/27 12:10:07",9.2,0.38,0.38,0.38,0.38,0,0,8.4,8.4,0.37,0.37,1.37,1.37,0.38,0.38,3.48,3.48,0.01,0.01,0,0,FIRM
D,TRADING,PRICE,3,"2025/05/27 12:15:00",1,VIC1,147,6.5,0,0,"2025/05/27 12:10:07",6.5,0,0,0,0,0,0,9.24,9.24,0.37,0.37,1.37,1.37,1.83,1.83,7.65,7.65,0.01,0.01,0,0,FIRM
C,"END OF REPORT",15
