C,NEMP.WORLD,TRADINGIS,AEMO,PUBLIC,2025/05/27,13:45:14,0000000465104368,TRADINGIS,0000000465104367
I,TRADING,INTERCONNECTORRES,2,SETTLEMENTDATE,RUNNO,INTERCONNECTORID,PERIODID,METEREDMWFLOW,MWFLOW,MWLOSSES,LASTCHANGED
D,TRADING,INTERCONNECTORRES,2,"2025/05/27 13:50:00",1,N-Q-MNSP1,166,-8.5,-9,-0.16,"2025/05/27 13:45:07"
D,TRADING,INTERCONNECTORRES,2,"2025/05/27 13:50:00",1,NSW1-QLD1,166,5.7,50.89,0.66,"2025/05/27 13:45:07"
D,TRADING,INTERCONNECTORRES,2,"2025/05/27 13:50:00",1,T-V-MNSP1,166,-469.4,-362.38,15.07,"2025/05/27 13:45:07"
D,TRADING,INTERCONNECTORRES,2,"2025/05/27 13:50:00",1,V-S-MNSP1,166,162,156.68,18.08,"2025/05/27 13:45:07"
D,TRADING,INTERCONNECTORRES,2,"2025/05/27 13:50:00",1,V-SA,166,81.96,185.46,-1.93,"2025/05/27 13:45:07"
D,TRADING,INTERCONNECTORRES,2,"2025/05/27 13:50:00",1,VIC1-NSW1,166,110.86,132.8,9.14,"2025/05/27 13:45:07"
I,TRADING,PRICE,3,SETTLEMENTDATE,RUNNO,REGIONID,PERIODID,RRP,EEP,INVALIDFLAG,LASTCHANGED,ROP,RAISE6SECRRP,RAISE6SECROP,RAISE60SECRRP,RAISE60SECROP,RAISE5MINRRP,RAISE5MINROP,RAISEREGRRP,RAISEREGROP,LOWER6SECRRP,LOWER6SECROP,LOWER60SECRRP,LOWER60SECROP,LOWER5MINRRP,LOWER5MINROP,LOWERREGRRP,LOWERREGROP,RAISE1SECRRP,RAISE1SECROP,LOWER1SECRRP,LOWER1SECROP,PRICE_STATUS
D,TRADING,PRICE,3,"2025/05/27 13:50:00",1,SA1,166,-62.1,0,0,"2025/05/27 13:45:07",-62.1,0.01,0.01,0.1,0.1,0.1,0.1,9.24,9.24,0.1,0.1,1.4,1.4,0.1,0.1,3.7,3.7,0.04,0.04,0,0,FIRM
D,TRADING,PRICE,3,"2025/05/27 13:50:00",1,NSW1,166,36.5,0,0,"2025/05/27 13:45:07",36.5,0.01,0.01,0.1,0.1,0.1,0.1,9.24,9.24,0.1,0.1,1.4,1.4,0.1,0.1,3.7,3.7,0.04,0.04,0,0,FIRM
D,TRADING,PRICE,3,"2025/05/27 13:50:00",1,QLD1,166,44.94,0,0,"2025/05/27 13:45:07",44.94,0.38,0.38,0.1,0.1,0.38,0.38,9.52,9.52,0.1,0.1,1.4,1.4,0.1,0.1,3.7,3.7,0.04,0.04,0,0,FIRM
D,TRADING,PRICE,3,"2025/05/27 13:50:00",1,TAS1,166,35.24,0,0,"2025/05/27 13:45:07",35.24,0.38,0.38,0.36,0.36,0.1,0.1,9.4,9.4,0.1,0.1,0.38,0.38,0.1,0.1,2.48,2.48,0.04,0.04,0,0,FIRM
D,TRADING,PRICE,3,"2025/05/27 13:50:00",1,VIC1,166,32.21,0,0,"2025/05/27 13:45:07",32.21,0.01,0.01,0.1,0.1,0.1,0.1,9.24,9.24,0.1,0.1,1.4,1.4,0.1,0.1,3.7,3.7,0.04,0.04,0,0,FIRM
C,"END OF REPORT",15
