C,NEMP.WORLD,TRADINGIS,AEMO,PUBLIC,2025/05/28,19:15:10,0000000465285665,TRADINGIS,0000000465285664
I,TRADING,INTERCONNECTORRES,2,SETTLEMENTDATE,RUNNO,INTERCONNECTORID,PERIODID,METEREDMWFLOW,MWFLOW,MWLOSSES,LASTCHANGED
D,TRADING,INTERCONNECTORRES,2,"2025/05/28 19:20:00",1,N-Q-MNSP1,232,-21,-25,0.65,"2025/05/28 19:15:03"
D,TRADING,INTERCONNECTORRES,2,"2025/05/28 19:20:00",1,NSW1-QLD1,232,-959.7,-934.31,21.14,"2025/05/28 19:15:03"
D,TRADING,INTERCONNECTORRES,2,"2025/05/28 19:20:00",1,T-V-MNSP1,232,269.8,341.26,10.77,"2025/05/28 19:15:03"
D,TRADING,INTERCONNECTORRES,2,"2025/05/28 19:20:00",1,V-S-MNSP1,232,54,63,0.15,"2025/05/28 19:15:03"
D,TRADING,INTERCONNECTORRES,2,"2025/05/28 19:20:00",1,V-SA,232,187.53,256.3,9.83,"2025/05/28 19:15:03"
D,TRADING,INTERCONNECTORRES,2,"2025/05/28 19:20:00",1,VIC1-NSW1,232,-18.65,-8.65,0.02,"2025/05/28 19:15:03"
I,TRADING,PRICE,3,SETTLEMENTDATE,RUNNO,REGIONID,PERIODID,RRP,EEP,INVALIDFLAG,LASTCHANGED,ROP,RAISE6SECRRP,RAISE6SECROP,RAISE60SECRRP,RAISE60SECROP,RAISE5MINRRP,RAISE5MINROP,RAISEREGRRP,RAISEREGROP,LOWER6SECRRP,LOWER6SECROP,LOWER60SECRRP,LOWER60SECROP,LOWER5MINRRP,LOWER5MINROP,LOWERREGRRP,LOWERREGROP,RAISE1SECRRP,RAISE1SECROP,LOWER1SECRRP,LOWER1SECROP,PRICE_STATUS
D,TRADING,PRICE,3,"2025/05/28 19:20:00",1,SA1,232,128.98,0,0,"2025/05/28 19:15:03",128.98,0.38,0.38,0.36,0.36,0.15,0.15,5.46,5.46,0.34,0.34,0.38,0.38,0,0,0,0,0.36,0.36,0,0,FIRM
D,TRADING,PRICE,3,"2025/05/28 19:20:00",1,NSW1,232,120.08,0,0,"2025/05/28 19:15:03",120.08,0.38,0.38,0.36,0.36,0.15,0.15,5.46,5.46,0.34,0.34,0.38,0.38,0,0,0,0,0.36,0.36,0,0,FIRM
D,TRADING,PRICE,3,"2025/05/28 19:20:00",1,QLD1,232,108.12,0,0,"2025/05/28 19:15:03",108.12,0.38,0.38,0.36,0.36,0.15,0.15,5.46,5.46,0.34,0.34,0.38,0.38,0,0,0,0,0.36,0.36,0,0,FIRM
D,TRADING,PRICE,3,"2025/05/28 19:20:00",1,TAS1,232,110.26,0,0,"2025/05/28 19:15:03",110.26,0.38,0.38,0.36,0.36,0.15,0.15,6.5,6.5,0.34,0.34,0.38,0.38,0,0,2.48,2.48,0.36,0.36,0,0,FIRM
D,TRADING,PRICE,3,"2025/05/28 19:20:00",1,VIC1,232,120.41,0,0,"2025/05/28 19:15:03",120.41,0.38,0.38,0.36,0.36,0.15,0.15,5.46,5.46,0.34,0.34,0.38,0.38,0,0,0,0,0.36,0.36,0,0,FIRM
C,"END OF REPORT",15
