C,NEMP.WORLD,TRADINGIS,AEMO,PUBLIC,2025/05/27,22:45:10,0000000465161319,TRADINGIS,0000000465161318
I,TRADING,INTERCONNECTORRES,2,SETTLEMENTDATE,RUNNO,INTERCONNECTORID,PERIODID,METEREDMWFLOW,MWFLOW,MWLOSSES,LASTCHANGED
D,TRADING,INTERCONNECTORRES,2,"2025/05/27 22:50:00",1,N-Q-MNSP1,274,8.6,9,0.6,"2025/05/27 22:45:03"
D,TRADING,INTERCONNECTORRES,2,"2025/05/27 22:50:00",1,NSW1-QLD1,274,332.5,318.08,17.48,"2025/05/27 22:45:03"
D,TRADING,INTERCONNECTORRES,2,"2025/05/27 22:50:00",1,T-V-MNSP1,274,-472.5,-475.14,25.33,"2025/05/27 22:45:03"
D,TRADING,INTERCONNECTORRES,2,"2025/05/27 22:50:00",1,V-S-MNSP1,274,115,110.43,6.59,"2025/05/27 22:45:03"
D,TRADING,INTERCONNECTORRES,2,"2025/05/27 22:50:00",1,V-SA,274,575.36,571.87,42.71,"2025/05/27 22:45:03"
D,TRADING,INTERCONNECTORRES,2,"2025/05/27 22:50:00",1,VIC1-NSW1,274,360.53,390.82,20.78,"2025/05/27 22:45:03"
I,TRADING,PRICE,3,SETTLEMENTDATE,RUNNO,REGIONID,PERIODID,RRP,EEP,INVALIDFLAG,LASTCHANGED,ROP,RAISE6SECRRP,RAISE6SECROP,RAISE60SECRRP,RAISE60SECROP,RAISE5MINRRP,RAISE5MINROP,RAISEREGRRP,RAISEREGROP,LOWER6SECRRP,LOWER6SECROP,LOWER60SECRRP,LOWER60SECROP,LOWER5MINRRP,LOWER5MINROP,LOWERREGRRP,LOWERREGROP,RAISE1SECRRP,RAISE1SECROP,LOWER1SECRRP,LOWER1SECROP,PRICE_STATUS
D,TRADING,PRICE,3,"2025/05/27 22:50:00",1,SA1,274,71.72,0,0,"2025/05/27 22:45:03",71.72,0.1,0.1,0.1,0.1,0.1,0.1,5.99,5.99,0.01,0.01,0.38,0.38,0.01,0.01,3.99,3.99,0.3,0.3,0,0,FIRM
D,TRADING,PRICE,3,"2025/05/27 22:50:00",1,NSW1,274,69.78,0,0,"2025/05/27 22:45:03",69.78,0.1,0.1,0.1,0.1,0.1,0.1,5.99,5.99,0.01,0.01,0.38,0.38,0.01,0.01,3.99,3.99,0.3,0.3,0,0,FIRM
D,TRADING,PRICE,3,"2025/05/27 22:50:00",1,QLD1,274,75.63,0,0,"2025/05/27 22:45:03",75.63,0.1,0.1,0.1,0.1,0.1,0.1,5.99,5.99,0.01,0.01,0.38,0.38,0.01,0.01,3.99,3.99,0.3,0.3,0,0,FIRM
D,TRADING,PRICE,3,"2025/05/27 22:50:00",1,TAS1,274,75.02,0,0,"2025/05/27 22:45:03",75.02,0.38,0.38,0.38,0.38,0.36,0.36,7.4,7.4,0.01,0.01,0.38,0.38,0,0,2.48,2.48,0.3,0.3,0,0,FIRM
D,TRADING,PRICE,3,"2025/05/27 22:50:00",1,VIC1,274,59.27,0,0,"2025/05/27 22:45:03",59.27,0.1,0.1,0.1,0.1,0.1,0.1,5.99,5.99,0.01,0.01,0.38,0.38,0.01,0.01,3.99,3.99,0.3,0.3,0,0,FIRM
C,"END OF REPORT",15
