C,NEMP.WORLD,TRADINGIS,AEMO,PUBLIC,2025/05/27,13:35:15,0000000465103325,TRADINGIS,0000000465103324
I,TRADING,INTERCONNECTORRES,2,SETTLEMENTDATE,RUNNO,INTERCONNECTORID,PERIODID,METEREDMWFLOW,MWFLOW,MWLOSSES,LASTCHANGED
D,TRADING,INTERCONNECTORRES,2,"2025/05/27 13:40:00",1,N-Q-MNSP1,164,18.7,-9,-0.16,"2025/05/27 13:35:08"
D,TRADING,INTERCONNECTORRES,2,"2025/05/27 13:40:00",1,NSW1-QLD1,164,163.7,48.55,0.52,"2025/05/27 13:35:08"
D,TRADING,INTERCONNECTORRES,2,"2025/05/27 13:40:00",1,T-V-MNSP1,164,-462.1,-473.29,25.14,"2025/05/27 13:35:08"
D,TRADING,INTERCONNECTORRES,2,"2025/05/27 13:40:00",1,V-S-MNSP1,164,166,165.86,20.97,"2025/05/27 13:35:08"
D,TRADING,INTERCONNECTORRES,2,"2025/05/27 13:40:00",1,V-SA,164,51.7,148.76,-1.64,"2025/05/27 13:35:08"
D,TRADING,INTERCONNECTORRES,2,"2025/05/27 13:40:00",1,VIC1-NSW1,164,219.17,102.17,6.7,"2025/05/27 13:35:08"
I,TRADING,PRICE,3,SETTLEMENTDATE,RUNNO,REGIONID,PERIODID,RRP,EEP,INVALIDFLAG,LASTCHANGED,ROP,RAISE6SECRRP,RAISE6SECROP,RAISE60SECRRP,RAISE60SECROP,RAISE5MINRRP,RAISE5MINROP,RAISEREGRRP,RAISEREGROP,LOWER6SECRRP,LOWER6SECROP,LOWER60SECRRP,LOWER60SECROP,LOWER5MINRRP,LOWER5MINROP,LOWERREGRRP,LOWERREGROP,RAISE1SECRRP,RAISE1SECROP,LOWER1SECRRP,LOWER1SECROP,PRICE_STATUS
D,TRADING,PRICE,3,"2025/05/27 13:40:00",1,SA1,164,-81.19,0,0,"2025/05/27 13:35:08",-81.19,0.1,0.1,0.1,0.1,0.1,0.1,9.24,9.24,0.59,0.59,1.44,1.44,0.39,0.39,3.71,3.71,0.1,0.1,0,0,FIRM
D,TRADING,PRICE,3,"2025/05/27 13:40:00",1,NSW1,164,12.23,0,0,"2025/05/27 13:35:08",12.23,0.1,0.1,0.1,0.1,0.1,0.1,9.24,9.24,0.59,0.59,1.44,1.44,0.39,0.39,3.71,3.71,0.1,0.1,0,0,FIRM
D,TRADING,PRICE,3,"2025/05/27 13:40:00",1,QLD1,164,56.89,0,0,"2025/05/27 13:35:08",56.89,0.37,0.37,0.1,0.1,0.38,0.38,9.52,9.52,0.59,0.59,1.44,1.44,0.39,0.39,3.71,3.71,0.1,0.1,0,0,FIRM
D,TRADING,PRICE,3,"2025/05/27 13:40:00",1,TAS1,164,18.47,0,0,"2025/05/27 13:35:08",18.47,0.38,0.38,0.38,0.38,0.36,0.36,9.4,9.4,0.38,0.38,0,0,0,0,3.48,3.48,0.1,0.1,0,0,FIRM
D,TRADING,PRICE,3,"2025/05/27 13:40:00",1,VIC1,164,11.31,0,0,"2025/05/27 13:35:08",11.31,0.1,0.1,0.1,0.1,0.1,0.1,9.24,9.24,0.59,0.59,1.44,1.44,0.39,0.39,3.71,3.71,0.1,0.1,0,0,FIRM
C,"END OF REPORT",15
