C,NEMP.WORLD,TRADINGIS,AEMO,PUBLIC,2025/05/29,14:15:11,0000000465397382,TRADINGIS,0000000465397381
I,TRADING,INTERCONNECTORRES,2,SETTLEMENTDATE,RUNNO,INTERCONNECTORID,PERIODID,METEREDMWFLOW,MWFLOW,MWLOSSES,LASTCHANGED
D,TRADING,INTERCONNECTORRES,2,"2025/05/29 14:20:00",1,N-Q-MNSP1,172,-13.9,-9,-0.16,"2025/05/29 14:15:03"
D,TRADING,INTERCONNECTORRES,2,"2025/05/29 14:20:00",1,NSW1-QLD1,172,-231.5,-187,-0.5,"2025/05/29 14:15:03"
D,TRADING,INTERCONNECTORRES,2,"2025/05/29 14:20:00",1,T-V-MNSP1,172,-476.1,-478,25.62,"2025/05/29 14:15:03"
D,TRADING,INTERCONNECTORRES,2,"2025/05/29 14:20:00",1,V-S-MNSP1,172,-69,-9,0.76,"2025/05/29 14:15:03"
D,TRADING,INTERCONNECTORRES,2,"2025/05/29 14:20:00",1,V-SA,172,-287.53,-136.64,6.37,"2025/05/29 14:15:03"
D,TRADING,INTERCONNECTORRES,2,"2025/05/29 14:20:00",1,VIC1-NSW1,172,640.87,643.3,82.39,"2025/05/29 14:15:03"
I,TRADING,PRICE,3,SETTLEMENTDATE,RUNNO,REGIONID,PERIODID,RRP,EEP,INVALIDFLAG,LASTCHANGED,ROP,RAISE6SECRRP,RAISE6SECROP,RAISE60SECRRP,RAISE60SECROP,RAISE5MINRRP,RAISE5MINROP,RAISEREGRRP,RAISEREGROP,LOWER6SECRRP,LOWER6SECROP,LOWER60SECRRP,LOWER60SECROP,LOWER5MINRRP,LOWER5MINROP,LOWERREGRRP,LOWERREGROP,RAISE1SECRRP,RAISE1SECROP,LOWER1SECRRP,LOWER1SECROP,PRICE_STATUS
D,TRADING,PRICE,3,"2025/05/29 14:20:00",1,SA1,172,41.51,0,0,"2025/05/29 14:15:03",41.51,0.23,0.23,0.1,0.1,0.1,0.1,5.99,5.99,0.38,0.38,1.82,1.82,0.1,0.1,0.1,0.1,0.81,0.81,0,0,FIRM
D,TRADING,PRICE,3,"2025/05/29 14:20:00",1,NSW1,172,76.58,0,0,"2025/05/29 14:15:03",76.58,0.23,0.23,0.1,0.1,0.1,0.1,5.99,5.99,0.38,0.38,1.82,1.82,0.1,0.1,0.1,0.1,0.81,0.81,0,0,FIRM
D,TRADING,PRICE,3,"2025/05/29 14:20:00",1,QLD1,172,75.63,0,0,"2025/05/29 14:15:03",75.63,0.23,0.23,0.1,0.1,0.1,0.1,5.99,5.99,0.38,0.38,1.82,1.82,0.1,0.1,0.1,0.1,0.81,0.81,0,0,FIRM
D,TRADING,PRICE,3,"2025/05/29 14:20:00",1,TAS1,172,75.13,0,0,"2025/05/29 14:15:03",75.13,0.38,0.38,0.38,0.38,0.38,0.38,7.54,7.54,0.38,0.38,0.38,0.38,0,0,2.46,2.46,0.81,0.81,0,0,FIRM
D,TRADING,PRICE,3,"2025/05/29 14:20:00",1,VIC1,172,44.29,0,0,"2025/05/29 14:15:03",44.29,0.23,0.23,0.1,0.1,0.1,0.1,5.99,5.99,0.38,0.38,1.82,1.82,0.1,0.1,0.1,0.1,0.81,0.81,0,0,FIRM
C,"END OF REPORT",15
