C,NEMP.WORLD,TRADINGIS,AEMO,PUBLIC,2025/05/26,23:10:10,0000000465013284,TRADINGIS,0000000465013283
I,TRADING,INTERCONNECTORRES,2,SETTLEMENTDATE,RUNNO,INTERCONNECTORID,PERIODID,METEREDMWFLOW,MWFLOW,MWLOSSES,LASTCHANGED
D,TRADING,INTERCONNECTORRES,2,"2025/05/26 23:15:00",1,N-Q-MNSP1,279,8.2,9,0.6,"2025/05/26 23:10:03"
D,TRADING,INTERCONNECTORRES,2,"2025/05/26 23:15:00",1,NSW1-QLD1,279,384.4,328.57,16.46,"2025/05/26 23:10:03"
D,TRADING,INTERCONNECTORRES,2,"2025/05/26 23:15:00",1,T-V-MNSP1,279,-444.4,-451.38,22.95,"2025/05/26 23:10:03"
D,TRADING,INTERCONNECTORRES,2,"2025/05/26 23:15:00",1,V-S-MNSP1,279,-146,-146.72,36.77,"2025/05/26 23:10:03"
D,TRADING,INTERCONNECTORRES,2,"2025/05/26 23:15:00",1,V-SA,279,-353.1,-392.72,12.2,"2025/05/26 23:10:03"
D,TRADING,INTERCONNECTORRES,2,"2025/05/26 23:15:00",1,VIC1-NSW1,279,1161.54,1099.15,120.81,"2025/05/26 23:10:03"
I,TRADING,PRICE,3,SETTLEMENTDATE,RUNNO,REGIONID,PERIODID,RRP,EEP,INVALIDFLAG,LASTCHANGED,ROP,RAISE6SECRRP,RAISE6SECROP,RAISE60SECRRP,RAISE60SECROP,RAISE5MINRRP,RAISE5MINROP,RAISEREGRRP,RAISEREGROP,LOWER6SECRRP,LOWER6SECROP,LOWER60SECRRP,LOWER60SECROP,LOWER5MINRRP,LOWER5MINROP,LOWERREGRRP,LOWERREGROP,RAISE1SECRRP,RAISE1SECROP,LOWER1SECRRP,LOWER1SECROP,PRICE_STATUS
D,TRADING,PRICE,3,"2025/05/26 23:15:00",1,SA1,279,0,0,0,"2025/05/26 23:10:03",0,0.01,0.01,0.01,0.01,0.04,0.04,6.12,6.12,0.1,0.1,0.39,0.39,0,0,0,0,0.1,0.1,0,0,FIRM
D,TRADING,PRICE,3,"2025/05/26 23:15:00",1,NSW1,279,56.15,0,0,"2025/05/26 23:10:03",56.15,0.01,0.01,0.01,0.01,0.04,0.04,6.12,6.12,0.1,0.1,0.39,0.39,0,0,0,0,0.1,0.1,0,0,FIRM
D,TRADING,PRICE,3,"2025/05/26 23:15:00",1,QLD1,279,60.88,0,0,"2025/05/26 23:10:03",60.88,0.01,0.01,0.01,0.01,0.04,0.04,6.12,6.12,0.1,0.1,0.39,0.39,0,0,0,0,0.1,0.1,0,0,FIRM
D,TRADING,PRICE,3,"2025/05/26 23:15:00",1,TAS1,279,11.25,0,0,"2025/05/26 23:10:03",11.25,0.38,0.38,0.38,0.38,0.04,0.04,8.8,8.8,0.1,0.1,0.38,0.38,0,0,2.55,2.55,0.1,0.1,0,0,FIRM
D,TRADING,PRICE,3,"2025/05/26 23:15:00",1,VIC1,279,0,0,0,"2025/05/26 23:10:03",0,0.01,0.01,0.01,0.01,0.04,0.04,6.12,6.12,0.1,0.1,0.39,0.39,0,0,0,0,0.1,0.1,0,0,FIRM
C,"END OF REPORT",15
