C,NEMP.WORLD,TRADINGIS,AEMO,PUBLIC,2025/05/29,16:30:11,0000000465411787,TRADINGIS,0000000465411786
I,TRADING,INTERCONNECTORRES,2,SETTLEMENTDATE,RUNNO,INTERCONNECTORID,PERIODID,METEREDMWFLOW,MWFLOW,MWLOSSES,LASTCHANGED
D,TRADING,INTERCONNECTORRES,2,"2025/05/29 16:35:00",1,N-Q-MNSP1,199,-19.7,-25,0.65,"2025/05/29 16:30:04"
D,TRADING,INTERCONNECTORRES,2,"2025/05/29 16:35:00",1,NSW1-QLD1,199,-676.3,-789.31,13.43,"2025/05/29 16:30:04"
D,TRADING,INTERCONNECTORRES,2,"2025/05/29 16:35:00",1,T-V-MNSP1,199,-225.2,-130.3,2.28,"2025/05/29 16:30:04"
D,TRADING,INTERCONNECTORRES,2,"2025/05/29 16:35:00",1,V-S-MNSP1,199,18,26.96,-1.11,"2025/05/29 16:30:04"
D,TRADING,INTERCONNECTORRES,2,"2025/05/29 16:35:00",1,V-SA,199,-51.78,0,0,"2025/05/29 16:30:04"
D,TRADING,INTERCONNECTORRES,2,"2025/05/29 16:35:00",1,VIC1-NSW1,199,-212.97,-112.97,-3.71,"2025/05/29 16:30:04"
I,TRADING,PRICE,3,SETTLEMENTDATE,RUNNO,REGIONID,PERIODID,RRP,EEP,INVALIDFLAG,LASTCHANGED,ROP,RAISE6SECRRP,RAISE6SECROP,RAISE60SECRRP,RAISE60SECROP,RAISE5MINRRP,RAISE5MINROP,RAISEREGRRP,RAISEREGROP,LOWER6SECRRP,LOWER6SECROP,LOWER60SECRRP,LOWER60SECROP,LOWER5MINRRP,LOWER5MINROP,LOWERREGRRP,LOWERREGROP,RAISE1SECRRP,RAISE1SECROP,LOWER1SECRRP,LOWER1SECROP,PRICE_STATUS
D,TRADING,PRICE,3,"2025/05/29 16:35:00",1,SA1,199,144.92,0,0,"2025/05/29 16:30:04",144.92,0.38,0.38,0.15,0.15,0.1,0.1,16,16,0.34,0.34,0.38,0.38,0.39,0.39,3.7,3.7,0.04,0.04,0,0,FIRM
D,TRADING,PRICE,3,"2025/05/29 16:35:00",1,NSW1,199,244.18,0,0,"2025/05/29 16:30:04",244.18,0.38,0.38,0.15,0.15,0.1,0.1,16,16,0.34,0.34,0.38,0.38,0.39,0.39,3.7,3.7,0.04,0.04,0,0,FIRM
D,TRADING,PRICE,3,"2025/05/29 16:35:00",1,QLD1,199,223.73,0,0,"2025/05/29 16:30:04",223.73,0.38,0.38,0.15,0.15,0.1,0.1,16,16,0.34,0.34,0.38,0.38,0.39,0.39,3.7,3.7,0.04,0.04,0,0,FIRM
D,TRADING,PRICE,3,"2025/05/29 16:35:00",1,TAS1,199,150.24,0,0,"2025/05/29 16:30:04",150.24,0.38,0.38,0.38,0.38,0.1,0.1,7.54,7.54,0.38,0.38,0.38,0.38,0.39,0.39,4.46,4.46,0.04,0.04,0,0,FIRM
D,TRADING,PRICE,3,"2025/05/29 16:35:00",1,VIC1,199,147.77,0,0,"2025/05/29 16:30:04",147.77,0.38,0.38,0.15,0.15,0.1,0.1,16,16,0.34,0.34,0.38,0.38,0.39,0.39,3.7,3.7,0.04,0.04,0,0,FIRM
C,"END OF REPORT",15
