C,NEMP.WORLD,TRADINGIS,AEMO,PUBLIC,2025/05/26,18:05:12,0000000464982157,TRADINGIS,0000000464982156
I,TRADING,INTERCONNECTORRES,2,SETTLEMENTDATE,RUNNO,INTERCONNECTORID,PERIODID,METEREDMWFLOW,MWFLOW,MWLOSSES,LASTCHANGED
D,TRADING,INTERCONNECTORRES,2,"2025/05/26 18:10:00",1,N-Q-MNSP1,218,8.9,9,0.6,"2025/05/26 18:05:04"
D,TRADING,INTERCONNECTORRES,2,"2025/05/26 18:10:00",1,NSW1-QLD1,218,26.7,30.55,2.35,"2025/05/26 18:05:04"
D,TRADING,INTERCONNECTORRES,2,"2025/05/26 18:10:00",1,T-V-MNSP1,218,-470.6,-447.21,22.54,"2025/05/26 18:05:04"
D,TRADING,INTERCONNECTORRES,2,"2025/05/26 18:10:00",1,V-S-MNSP1,218,-104,-124.93,28.02,"2025/05/26 18:05:04"
D,TRADING,INTERCONNECTORRES,2,"2025/05/26 18:10:00",1,V-SA,218,139.5,112.94,4.8,"2025/05/26 18:05:04"
D,TRADING,INTERCONNECTORRES,2,"2025/05/26 18:10:00",1,VIC1-NSW1,218,-395.33,-238.39,7.49,"2025/05/26 18:05:04"
I,TRADING,PRICE,3,SETTLEMENTDATE,RUNNO,REGIONID,PERIODID,RRP,EEP,INVALIDFLAG,LASTCHANGED,ROP,RAISE6SECRRP,RAISE6SECROP,RAISE60SECRRP,RAISE60SECROP,RAISE5MINRRP,RAISE5MINROP,RAISEREGRRP,RAISEREGROP,LOWER6SECRRP,LOWER6SECROP,LOWER60SECRRP,LOWER60SECROP,LOWER5MINRRP,LOWER5MINROP,LOWERREGRRP,LOWERREGROP,RAISE1SECRRP,RAISE1SECROP,LOWER1SECRRP,LOWER1SECROP,PRICE_STATUS
D,TRADING,PRICE,3,"2025/05/26 18:10:00",1,SA1,218,0,0,0,"2025/05/26 18:05:04",0,0.38,0.38,0.17,0.17,0.32,0.32,1.49,1.49,0.1,0.1,0.38,0.38,0.07,0.07,0.07,0.07,0.83,0.83,0,0,FIRM
D,TRADING,PRICE,3,"2025/05/26 18:10:00",1,NSW1,218,102.27,0,0,"2025/05/26 18:05:04",102.27,0.38,0.38,0.17,0.17,0.32,0.32,1.49,1.49,0.1,0.1,0.38,0.38,0.07,0.07,0.07,0.07,0.83,0.83,0,0,FIRM
D,TRADING,PRICE,3,"2025/05/26 18:10:00",1,QLD1,218,110.73,0,0,"2025/05/26 18:05:04",110.73,0.38,0.38,0.17,0.17,0.32,0.32,1.49,1.49,0.1,0.1,0.38,0.38,0.07,0.07,0.07,0.07,0.83,0.83,0,0,FIRM
D,TRADING,PRICE,3,"2025/05/26 18:10:00",1,TAS1,218,55.24,0,0,"2025/05/26 18:05:04",55.24,0.38,0.38,0.38,0.38,0.32,0.32,8.8,8.8,0.1,0.1,0.38,0.38,0,0,3.55,3.55,0.83,0.83,0,0,FIRM
D,TRADING,PRICE,3,"2025/05/26 18:10:00",1,VIC1,218,0,0,0,"2025/05/26 18:05:04",0,0.38,0.38,0.17,0.17,0.32,0.32,1.49,1.49,0.1,0.1,0.38,0.38,0.07,0.07,0.07,0.07,0.83,0.83,0,0,FIRM
C,"END OF REPORT",15
