C,NEMP.WORLD,TRADINGIS,AEMO,PUBLIC,2025/05/29,17:30:11,0000000465418077,TRADINGIS,0000000465418076
I,TRADING,INTERCONNECTORRES,2,SETTLEMENTDATE,RUNNO,INTERCONNECTORID,PERIODID,METEREDMWFLOW,MWFLOW,MWLOSSES,LASTCHANGED
D,TRADING,INTERCONNECTORRES,2,"2025/05/29 17:35:00",1,N-Q-MNSP1,211,-17.1,-17,0.07,"2025/05/29 17:30:04"
D,TRADING,INTERCONNECTORRES,2,"2025/05/29 17:35:00",1,NSW1-QLD1,211,-718.2,-645.56,-6.88,"2025/05/29 17:30:04"
D,TRADING,INTERCONNECTORRES,2,"2025/05/29 17:35:00",1,T-V-MNSP1,211,116.6,289.48,7.58,"2025/05/29 17:30:04"
D,TRADING,INTERCONNECTORRES,2,"2025/05/29 17:35:00",1,V-S-MNSP1,211,9,27,-1.11,"2025/05/29 17:30:04"
D,TRADING,INTERCONNECTORRES,2,"2025/05/29 17:35:00",1,V-SA,211,-144.64,-43,0.47,"2025/05/29 17:30:04"
D,TRADING,INTERCONNECTORRES,2,"2025/05/29 17:35:00",1,VIC1-NSW1,211,107.93,207.4,7.02,"2025/05/29 17:30:04"
I,TRADING,PRICE,3,SETTLEMENTDATE,RUNNO,REGIONID,PERIODID,RRP,EEP,INVALIDFLAG,LASTCHANGED,ROP,RAISE6SECRRP,RAISE6SECROP,RAISE60SECRRP,RAISE60SECROP,RAISE5MINRRP,RAISE5MINROP,RAISEREGRRP,RAISEREGROP,LOWER6SECRRP,LOWER6SECROP,LOWER60SECRRP,LOWER60SECROP,LOWER5MINRRP,LOWER5MINROP,LOWERREGRRP,LOWERREGROP,RAISE1SECRRP,RAISE1SECROP,LOWER1SECRRP,LOWER1SECROP,PRICE_STATUS
D,TRADING,PRICE,3,"2025/05/29 17:35:00",1,SA1,211,208.36,0,0,"2025/05/29 17:30:04",208.36,0.39,0.39,0.38,0.38,0.32,0.32,11.05,11.05,0.38,0.38,0.39,0.39,0.39,0.39,8.3,8.3,0.36,0.36,0,0,FIRM
D,TRADING,PRICE,3,"2025/05/29 17:35:00",1,NSW1,211,1048.41,0,0,"2025/05/29 17:30:04",1048.41,0.39,0.39,0.38,0.38,0.32,0.32,11.05,11.05,0.38,0.38,0.39,0.39,0.39,0.39,8.3,8.3,0.36,0.36,0,0,FIRM
D,TRADING,PRICE,3,"2025/05/29 17:35:00",1,QLD1,211,999.73,0,0,"2025/05/29 17:30:04",999.73,0.39,0.39,0.38,0.38,0.32,0.32,11.05,11.05,0.38,0.38,0.39,0.39,0.39,0.39,8.3,8.3,0.36,0.36,0,0,FIRM
D,TRADING,PRICE,3,"2025/05/29 17:35:00",1,TAS1,211,195.78,0,0,"2025/05/29 17:30:04",195.78,0.39,0.39,0.38,0.38,0.32,0.32,7.54,7.54,0.38,0.38,0.39,0.39,0.39,0.39,2.46,2.46,0.36,0.36,0,0,FIRM
D,TRADING,PRICE,3,"2025/05/29 17:35:00",1,VIC1,211,211.65,0,0,"2025/05/29 17:30:04",211.65,0.39,0.39,0.38,0.38,0.32,0.32,11.05,11.05,0.38,0.38,0.39,0.39,0.39,0.39,8.3,8.3,0.36,0.36,0,0,FIRM
C,"END OF REPORT",15
