C,NEMP.WORLD,TRADINGIS,AEMO,PUBLIC,2025/05/27,23:40:11,0000000465166671,TRADINGIS,0000000465166670
I,TRADING,INTERCONNECTORRES,2,SETTLEMENTDATE,RUNNO,INTERCONNECTORID,PERIODID,METEREDMWFLOW,MWFLOW,MWLOSSES,LASTCHANGED
D,TRADING,INTERCONNECTORRES,2,"2025/05/27 23:45:00",1,N-Q-MNSP1,285,-9.1,-9,-0.16,"2025/05/27 23:40:03"
D,TRADING,INTERCONNECTORRES,2,"2025/05/27 23:45:00",1,NSW1-QLD1,285,-41.9,-38.94,-0.43,"2025/05/27 23:40:03"
D,TRADING,INTERCONNECTORRES,2,"2025/05/27 23:45:00",1,T-V-MNSP1,285,-456.6,-476.09,25.43,"2025/05/27 23:40:03"
D,TRADING,INTERCONNECTORRES,2,"2025/05/27 23:45:00",1,V-S-MNSP1,285,175,110.93,6.69,"2025/05/27 23:40:03"
D,TRADING,INTERCONNECTORRES,2,"2025/05/27 23:45:00",1,V-SA,285,568.52,569.76,42.09,"2025/05/27 23:40:03"
D,TRADING,INTERCONNECTORRES,2,"2025/05/27 23:45:00",1,VIC1-NSW1,285,530.27,642.67,48.06,"2025/05/27 23:40:03"
I,TRADING,PRICE,3,SETTLEMENTDATE,RUNNO,REGIONID,PERIODID,RRP,EEP,INVALIDFLAG,LASTCHANGED,ROP,RAISE6SECRRP,RAISE6SECROP,RAISE60SECRRP,RAISE60SECROP,RAISE5MINRRP,RAISE5MINROP,RAISEREGRRP,RAISEREGROP,LOWER6SECRRP,LOWER6SECROP,LOWER60SECRRP,LOWER60SECROP,LOWER5MINRRP,LOWER5MINROP,LOWERREGRRP,LOWERREGROP,RAISE1SECRRP,RAISE1SECROP,LOWER1SECRRP,LOWER1SECROP,PRICE_STATUS
D,TRADING,PRICE,3,"2025/05/27 23:45:00",1,SA1,285,10.83,0,0,"2025/05/27 23:40:03",10.83,0.01,0.01,0.01,0.01,0.04,0.04,3.99,3.99,0.01,0.01,0.1,0.1,0.01,0.01,1,1,0.04,0.04,0,0,FIRM
D,TRADING,PRICE,3,"2025/05/27 23:45:00",1,NSW1,285,57.01,0,0,"2025/05/27 23:40:03",57.01,0.01,0.01,0.01,0.01,0.04,0.04,3.99,3.99,0.01,0.01,0.1,0.1,0.01,0.01,1,1,0.04,0.04,0,0,FIRM
D,TRADING,PRICE,3,"2025/05/27 23:45:00",1,QLD1,285,57.49,0,0,"2025/05/27 23:40:03",57.49,0.01,0.01,0.01,0.01,0.04,0.04,3.99,3.99,0.01,0.01,0.1,0.1,0.01,0.01,1,1,0.04,0.04,0,0,FIRM
D,TRADING,PRICE,3,"2025/05/27 23:45:00",1,TAS1,285,100.24,0,0,"2025/05/27 23:40:03",100.24,0.38,0.38,0.38,0.38,0.38,0.38,8.4,8.4,0.01,0.01,0.1,0.1,0,0,2.48,2.48,0.04,0.04,0,0,FIRM
D,TRADING,PRICE,3,"2025/05/27 23:45:00",1,VIC1,285,8.95,0,0,"2025/05/27 23:40:03",8.95,0.01,0.01,0.01,0.01,0.04,0.04,3.99,3.99,0.01,0.01,0.1,0.1,0.01,0.01,1,1,0.04,0.04,0,0,FIRM
C,"END OF REPORT",15
