C,NEMP.WORLD,TRADINGIS,AEMO,PUBLIC,2025/05/27,14:30:11,0000000465109532,TRADINGIS,0000000465109531
I,TRADING,INTERCONNECTORRES,2,SETTLEMENTDATE,RUNNO,INTERCONNECTORID,PERIODID,METEREDMWFLOW,MWFLOW,MWLOSSES,LASTCHANGED
D,TRADING,INTERCONNECTORRES,2,"2025/05/27 14:35:00",1,N-Q-MNSP1,175,-13.9,-9,-0.16,"2025/05/27 14:30:04"
D,TRADING,INTERCONNECTORRES,2,"2025/05/27 14:35:00",1,NSW1-QLD1,175,-228.4,-39,-0.48,"2025/05/27 14:30:04"
D,TRADING,INTERCONNECTORRES,2,"2025/05/27 14:35:00",1,T-V-MNSP1,175,-318,-372.25,15.86,"2025/05/27 14:30:04"
D,TRADING,INTERCONNECTORRES,2,"2025/05/27 14:35:00",1,V-S-MNSP1,175,154,151.75,16.6,"2025/05/27 14:30:04"
D,TRADING,INTERCONNECTORRES,2,"2025/05/27 14:35:00",1,V-SA,175,114.73,157.36,-1.42,"2025/05/27 14:30:04"
D,TRADING,INTERCONNECTORRES,2,"2025/05/27 14:35:00",1,VIC1-NSW1,175,176.31,211.91,14.66,"2025/05/27 14:30:04"
I,TRADING,PRICE,3,SETTLEMENTDATE,RUNNO,REGIONID,PERIODID,RRP,EEP,INVALIDFLAG,LASTCHANGED,ROP,RAISE6SECRRP,RAISE6SECROP,RAISE60SECRRP,RAISE60SECROP,RAISE5MINRRP,RAISE5MINROP,RAISEREGRRP,RAISEREGROP,LOWER6SECRRP,LOWER6SECROP,LOWER60SECRRP,LOWER60SECROP,LOWER5MINRRP,LOWER5MINROP,LOWERREGRRP,LOWERREGROP,RAISE1SECRRP,RAISE1SECROP,LOWER1SECRRP,LOWER1SECROP,PRICE_STATUS
D,TRADING,PRICE,3,"2025/05/27 14:35:00",1,SA1,175,-89.81,0,0,"2025/05/27 14:30:04",-89.81,0.1,0.1,0.1,0.1,0.1,0.1,9.24,9.24,0.38,0.38,0.39,0.39,0.1,0.1,0.1,0.1,0.36,0.36,0,0,FIRM
D,TRADING,PRICE,3,"2025/05/27 14:35:00",1,NSW1,175,36.5,0,0,"2025/05/27 14:30:04",36.5,0.1,0.1,0.1,0.1,0.1,0.1,9.24,9.24,0.38,0.38,0.39,0.39,0.1,0.1,0.1,0.1,0.36,0.36,0,0,FIRM
D,TRADING,PRICE,3,"2025/05/27 14:35:00",1,QLD1,175,72.75,0,0,"2025/05/27 14:30:04",72.75,0.1,0.1,0.1,0.1,0.1,0.1,9.24,9.24,0.38,0.38,0.39,0.39,0.1,0.1,0.1,0.1,0.36,0.36,0,0,FIRM
D,TRADING,PRICE,3,"2025/05/27 14:35:00",1,TAS1,175,75.23,0,0,"2025/05/27 14:30:04",75.23,0.36,0.36,0.36,0.36,0.1,0.1,7.4,7.4,0.38,0.38,0.39,0.39,0.1,0.1,2.49,2.49,0.36,0.36,0,0,FIRM
D,TRADING,PRICE,3,"2025/05/27 14:35:00",1,VIC1,175,2.03,0,0,"2025/05/27 14:30:04",2.03,0.1,0.1,0.1,0.1,0.1,0.1,9.24,9.24,0.38,0.38,0.39,0.39,0.1,0.1,0.1,0.1,0.36,0.36,0,0,FIRM
C,"END OF REPORT",15
