C,NEMP.WORLD,TRADINGIS,AEMO,PUBLIC,2025/05/28,09:35:14,0000000465224619,TRADINGIS,0000000465224618
I,TRADING,INTERCONNECTORRES,2,SETTLEMENTDATE,RUNNO,INTERCONNECTORID,PERIODID,METEREDMWFLOW,MWFLOW,MWLOSSES,LASTCHANGED
D,TRADING,INTERCONNECTORRES,2,"2025/05/28 09:40:00",1,N-Q-MNSP1,116,-7.5,72.5,17.51,"2025/05/28 09:35:07"
D,TRADING,INTERCONNECTORRES,2,"2025/05/28 09:40:00",1,NSW1-QLD1,116,-262.5,-325.23,11.74,"2025/05/28 09:35:07"
D,TRADING,INTERCONNECTORRES,2,"2025/05/28 09:40:00",1,T-V-MNSP1,116,-418.8,-420.33,20.01,"2025/05/28 09:35:07"
D,TRADING,INTERCONNECTORRES,2,"2025/05/28 09:40:00",1,V-S-MNSP1,116,72,81,1.95,"2025/05/28 09:35:07"
D,TRADING,INTERCONNECTORRES,2,"2025/05/28 09:40:00",1,V-SA,116,480.78,494.47,25.98,"2025/05/28 09:35:07"
D,TRADING,INTERCONNECTORRES,2,"2025/05/28 09:40:00",1,VIC1-NSW1,116,-362.86,-370.65,2.9,"2025/05/28 09:35:07"
I,TRADING,PRICE,3,SETTLEMENTDATE,RUNNO,REGIONID,PERIODID,RRP,EEP,INVALIDFLAG,LASTCHANGED,ROP,RAISE6SECRRP,RAISE6SECROP,RAISE60SECRRP,RAISE60SECROP,RAISE5MINRRP,RAISE5MINROP,RAISEREGRRP,RAISEREGROP,LOWER6SECRRP,LOWER6SECROP,LOWER60SECRRP,LOWER60SECROP,LOWER5MINRRP,LOWER5MINROP,LOWERREGRRP,LOWERREGROP,RAISE1SECRRP,RAISE1SECROP,LOWER1SECRRP,LOWER1SECROP,PRICE_STATUS
D,TRADING,PRICE,3,"2025/05/28 09:40:00",1,SA1,116,83.44,0,0,"2025/05/28 09:35:07",83.44,0.37,0.37,0.1,0.1,0.1,0.1,9.55,9.55,0.38,0.38,1.44,1.44,0.37,0.37,3.7,3.7,0.36,0.36,0,0,FIRM
D,TRADING,PRICE,3,"2025/05/28 09:40:00",1,NSW1,116,-17,0,0,"2025/05/28 09:35:07",-17,0.37,0.37,0.1,0.1,0.1,0.1,9.55,9.55,0.38,0.38,1.44,1.44,0.37,0.37,3.7,3.7,0.36,0.36,0,0,FIRM
D,TRADING,PRICE,3,"2025/05/28 09:40:00",1,QLD1,116,-21.5,0,0,"2025/05/28 09:35:07",-21.5,0.37,0.37,0.1,0.1,0.1,0.1,9.55,9.55,2.72,2.72,4.87,4.87,0.37,0.37,3.7,3.7,0.36,0.36,0,0,FIRM
D,TRADING,PRICE,3,"2025/05/28 09:40:00",1,TAS1,116,100.12,0,0,"2025/05/28 09:35:07",100.12,0.38,0.38,0.38,0.38,0.1,0.1,6.44,6.44,0.38,0.38,0.38,0.38,0.37,0.37,2.48,2.48,0.36,0.36,0,0,FIRM
D,TRADING,PRICE,3,"2025/05/28 09:40:00",1,VIC1,116,74.81,0,0,"2025/05/28 09:35:07",74.81,0.37,0.37,0.1,0.1,0.1,0.1,9.55,9.55,0.38,0.38,1.44,1.44,0.37,0.37,3.7,3.7,0.36,0.36,0,0,FIRM
C,"END OF REPORT",15
