C,NEMP.WORLD,TRADINGIS,AEMO,PUBLIC,2025/05/27,02:45:14,0000000465034864,TRADINGIS,0000000465034863
I,TRADING,INTERCONNECTORRES,2,SETTLEMENTDATE,RUNNO,INTERCONNECTORID,PERIODID,METEREDMWFLOW,MWFLOW,MWLOSSES,LASTCHANGED
D,TRADING,INTERCONNECTORRES,2,"2025/05/27 02:50:00",1,N-Q-MNSP1,34,8.4,9,0.6,"2025/05/27 02:45:07"
D,TRADING,INTERCONNECTORRES,2,"2025/05/27 02:50:00",1,NSW1-QLD1,34,450.3,513.92,23.08,"2025/05/27 02:45:07"
D,TRADING,INTERCONNECTORRES,2,"2025/05/27 02:50:00",1,T-V-MNSP1,34,-460.9,-459,23.7,"2025/05/27 02:45:07"
D,TRADING,INTERCONNECTORRES,2,"2025/05/27 02:50:00",1,V-S-MNSP1,34,-147,-147.19,36.97,"2025/05/27 02:45:07"
D,TRADING,INTERCONNECTORRES,2,"2025/05/27 02:50:00",1,V-SA,34,-303.15,-325.04,5.98,"2025/05/27 02:45:07"
D,TRADING,INTERCONNECTORRES,2,"2025/05/27 02:50:00",1,VIC1-NSW1,34,936.32,937.98,96.09,"2025/05/27 02:45:07"
I,TRADING,PRICE,3,SETTLEMENTDATE,RUNNO,REGIONID,PERIODID,RRP,EEP,INVALIDFLAG,LASTCHANGED,ROP,RAISE6SECRRP,RAISE6SECROP,RAISE60SECRRP,RAISE60SECROP,RAISE5MINRRP,RAISE5MINROP,RAISEREGRRP,RAISEREGROP,LOWER6SECRRP,LOWER6SECROP,LOWER60SECRRP,LOWER60SECROP,LOWER5MINRRP,LOWER5MINROP,LOWERREGRRP,LOWERREGROP,RAISE1SECRRP,RAISE1SECROP,LOWER1SECRRP,LOWER1SECROP,PRICE_STATUS
D,TRADING,PRICE,3,"2025/05/27 02:50:00",1,SA1,34,-17.46,0,0,"2025/05/27 02:45:07",-17.46,0.1,0.1,0.04,0.04,0.1,0.1,9.24,9.24,0.39,0.39,1.67,1.67,0,0,0,0,0.37,0.37,0,0,FIRM
D,TRADING,PRICE,3,"2025/05/27 02:50:00",1,NSW1,34,41.1,0,0,"2025/05/27 02:45:07",41.1,0.1,0.1,0.04,0.04,0.1,0.1,9.24,9.24,0.39,0.39,1.67,1.67,0,0,0,0,0.37,0.37,0,0,FIRM
D,TRADING,PRICE,3,"2025/05/27 02:50:00",1,QLD1,34,44.94,0,0,"2025/05/27 02:45:07",44.94,0.1,0.1,0.04,0.04,0.1,0.1,9.24,9.24,0.39,0.39,1.67,1.67,0,0,0,0,0.37,0.37,0,0,FIRM
D,TRADING,PRICE,3,"2025/05/27 02:50:00",1,TAS1,34,11.25,0,0,"2025/05/27 02:45:07",11.25,0.38,0.38,0.38,0.38,0.1,0.1,6.97,6.97,0.38,0.38,0.38,0.38,0,0,2.55,2.55,0.37,0.37,0,0,FIRM
D,TRADING,PRICE,3,"2025/05/27 02:50:00",1,VIC1,34,-18.5,0,0,"2025/05/27 02:45:07",-18.5,0.1,0.1,0.04,0.04,0.1,0.1,9.24,9.24,0.39,0.39,1.67,1.67,0,0,0,0,0.37,0.37,0,0,FIRM
C,"END OF REPORT",15
