C,NEMP.WORLD,TRADINGIS,AEMO,PUBLIC,2025/05/29,03:40:10,0000000465333687,TRADINGIS,0000000465333686
I,TRADING,INTERCONNECTORRES,2,SETTLEMENTDATE,RUNNO,INTERCONNECTORID,PERIODID,METEREDMWFLOW,MWFLOW,MWLOSSES,LASTCHANGED
D,TRADING,INTERCONNECTORRES,2,"2025/05/29 03:45:00",1,N-Q-MNSP1,45,-17.9,-17,0.07,"2025/05/29 03:40:03"
D,TRADING,INTERCONNECTORRES,2,"2025/05/29 03:45:00",1,NSW1-QLD1,45,-376.1,-378.71,13.41,"2025/05/29 03:40:03"
D,TRADING,INTERCONNECTORRES,2,"2025/05/29 03:45:00",1,T-V-MNSP1,45,-413.9,-438,21.66,"2025/05/29 03:40:03"
D,TRADING,INTERCONNECTORRES,2,"2025/05/29 03:45:00",1,V-S-MNSP1,45,72,72,0.95,"2025/05/29 03:40:03"
D,TRADING,INTERCONNECTORRES,2,"2025/05/29 03:45:00",1,V-SA,45,367,365.43,21.48,"2025/05/29 03:40:03"
D,TRADING,INTERCONNECTORRES,2,"2025/05/29 03:45:00",1,VIC1-NSW1,45,462.9,423.03,26.09,"2025/05/29 03:40:03"
I,TRADING,PRICE,3,SETTLEMENTDATE,RUNNO,REGIONID,PERIODID,RRP,EEP,INVALIDFLAG,LASTCHANGED,ROP,RAISE6SECRRP,RAISE6SECROP,RAISE60SECRRP,RAISE60SECROP,RAISE5MINRRP,RAISE5MINROP,RAISEREGRRP,RAISEREGROP,LOWER6SECRRP,LOWER6SECROP,LOWER60SECRRP,LOWER60SECROP,LOWER5MINRRP,LOWER5MINROP,LOWERREGRRP,LOWERREGROP,RAISE1SECRRP,RAISE1SECROP,LOWER1SECRRP,LOWER1SECROP,PRICE_STATUS
D,TRADING,PRICE,3,"2025/05/29 03:45:00",1,SA1,45,77.17,0,0,"2025/05/29 03:40:03",77.17,0.23,0.23,0.1,0.1,0.1,0.1,1,1,0.38,0.38,0.39,0.39,0.2,0.2,0.5,0.5,0.38,0.38,0,0,FIRM
D,TRADING,PRICE,3,"2025/05/29 03:45:00",1,NSW1,45,76.8,0,0,"2025/05/29 03:40:03",76.8,0.23,0.23,0.1,0.1,0.1,0.1,1,1,0.38,0.38,0.39,0.39,0.2,0.2,0.5,0.5,0.38,0.38,0,0,FIRM
D,TRADING,PRICE,3,"2025/05/29 03:45:00",1,QLD1,45,71.67,0,0,"2025/05/29 03:40:03",71.67,0.23,0.23,0.1,0.1,0.1,0.1,1,1,0.38,0.38,0.39,0.39,0.2,0.2,0.5,0.5,0.38,0.38,0,0,FIRM
D,TRADING,PRICE,3,"2025/05/29 03:45:00",1,TAS1,45,100.24,0,0,"2025/05/29 03:40:03",100.24,0.38,0.38,0.38,0.38,0.38,0.38,8.4,8.4,0.38,0.38,0.38,0.38,0,0,2.48,2.48,0.38,0.38,0,0,FIRM
D,TRADING,PRICE,3,"2025/05/29 03:45:00",1,VIC1,45,69.88,0,0,"2025/05/29 03:40:03",69.88,0.23,0.23,0.1,0.1,0.1,0.1,1,1,0.38,0.38,0.39,0.39,0.2,0.2,0.5,0.5,0.38,0.38,0,0,FIRM
C,"END OF REPORT",15
