C,NEMP.WORLD,TRADINGIS,AEMO,PUBLIC,2025/05/28,11:35:15,0000000465236691,TRADINGIS,0000000465236690
I,TRADING,INTERCONNECTORRES,2,SETTLEMENTDATE,RUNNO,INTERCONNECTORID,PERIODID,METEREDMWFLOW,MWFLOW,MWLOSSES,LASTCHANGED
D,TRADING,INTERCONNECTORRES,2,"2025/05/28 11:40:00",1,N-Q-MNSP1,140,97.1,96.55,29.69,"2025/05/28 11:35:08"
D,TRADING,INTERCONNECTORRES,2,"2025/05/28 11:40:00",1,NSW1-QLD1,140,-428.1,-373.35,19.26,"2025/05/28 11:35:08"
D,TRADING,INTERCONNECTORRES,2,"2025/05/28 11:40:00",1,T-V-MNSP1,140,-387.6,-408.41,18.94,"2025/05/28 11:35:08"
D,TRADING,INTERCONNECTORRES,2,"2025/05/28 11:40:00",1,V-S-MNSP1,140,168,161.44,19.54,"2025/05/28 11:35:08"
D,TRADING,INTERCONNECTORRES,2,"2025/05/28 11:40:00",1,V-SA,140,599.08,586.07,32.81,"2025/05/28 11:35:08"
D,TRADING,INTERCONNECTORRES,2,"2025/05/28 11:40:00",1,VIC1-NSW1,140,-58.32,-83.75,-2.8,"2025/05/28 11:35:08"
I,TRADING,PRICE,3,SETTLEMENTDATE,RUNNO,REGIONID,PERIODID,RRP,EEP,INVALIDFLAG,LASTCHANGED,ROP,RAISE6SECRRP,RAISE6SECROP,RAISE60SECRRP,RAISE60SECROP,RAISE5MINRRP,RAISE5MINROP,RAISEREGRRP,RAISEREGROP,LOWER6SECRRP,LOWER6SECROP,LOWER60SECRRP,LOWER60SECROP,LOWER5MINRRP,LOWER5MINROP,LOWERREGRRP,LOWERREGROP,RAISE1SECRRP,RAISE1SECROP,LOWER1SECRRP,LOWER1SECROP,PRICE_STATUS
D,TRADING,PRICE,3,"2025/05/28 11:40:00",1,SA1,140,47.36,0,0,"2025/05/28 11:35:08",47.36,0.37,0.37,0.38,0.38,0.15,0.15,7.85,7.85,0.01,0.01,0.39,0.39,0.38,0.38,0.93,0.93,0.04,0.04,0,0,FIRM
D,TRADING,PRICE,3,"2025/05/28 11:40:00",1,NSW1,140,-20.01,0,0,"2025/05/28 11:35:08",-20.01,0.37,0.37,0.38,0.38,0.15,0.15,7.85,7.85,0.01,0.01,0.39,0.39,0.38,0.38,0.93,0.93,0.04,0.04,0,0,FIRM
D,TRADING,PRICE,3,"2025/05/28 11:40:00",1,QLD1,140,-22.01,0,0,"2025/05/28 11:35:08",-22.01,0.37,0.37,0.38,0.38,0.15,0.15,7.85,7.85,1.83,1.83,2.34,2.34,0.38,0.38,0.93,0.93,0.04,0.04,0,0,FIRM
D,TRADING,PRICE,3,"2025/05/28 11:40:00",1,TAS1,140,35.06,0,0,"2025/05/28 11:35:08",35.06,0.38,0.38,0.38,0.38,0.15,0.15,7.4,7.4,0.01,0.01,0.39,0.39,0.38,0.38,2.54,2.54,0.04,0.04,0,0,FIRM
D,TRADING,PRICE,3,"2025/05/28 11:40:00",1,VIC1,140,20.01,0,0,"2025/05/28 11:35:08",20.01,0.37,0.37,0.38,0.38,0.15,0.15,7.85,7.85,0.01,0.01,0.39,0.39,0.38,0.38,0.93,0.93,0.04,0.04,0,0,FIRM
C,"END OF REPORT",15
