C,NEMP.WORLD,TRADINGIS,AEMO,PUBLIC,2025/05/27,14:05:10,0000000465106739,TRADINGIS,0000000465106738
I,TRADING,INTERCONNECTORRES,2,SETTLEMENTDATE,RUNNO,INTERCONNECTORID,PERIODID,METEREDMWFLOW,MWFLOW,MWLOSSES,LASTCHANGED
D,TRADING,INTERCONNECTORRES,2,"2025/05/27 14:10:00",1,N-Q-MNSP1,170,1.5,0,0,"2025/05/27 14:05:03"
D,TRADING,INTERCONNECTORRES,2,"2025/05/27 14:10:00",1,NSW1-QLD1,170,29.5,40.45,0.69,"2025/05/27 14:05:03"
D,TRADING,INTERCONNECTORRES,2,"2025/05/27 14:10:00",1,T-V-MNSP1,170,-471.3,-478,25.62,"2025/05/27 14:05:03"
D,TRADING,INTERCONNECTORRES,2,"2025/05/27 14:10:00",1,V-S-MNSP1,170,155,153.6,17.14,"2025/05/27 14:05:03"
D,TRADING,INTERCONNECTORRES,2,"2025/05/27 14:10:00",1,V-SA,170,164.15,139.02,-2.81,"2025/05/27 14:05:03"
D,TRADING,INTERCONNECTORRES,2,"2025/05/27 14:10:00",1,VIC1-NSW1,170,22.74,111.74,7.95,"2025/05/27 14:05:03"
I,TRADING,PRICE,3,SETTLEMENTDATE,RUNNO,REGIONID,PERIODID,RRP,EEP,INVALIDFLAG,LASTCHANGED,ROP,RAISE6SECRRP,RAISE6SECROP,RAISE60SECRRP,RAISE60SECROP,RAISE5MINRRP,RAISE5MINROP,RAISEREGRRP,RAISEREGROP,LOWER6SECRRP,LOWER6SECROP,LOWER60SECRRP,LOWER60SECROP,LOWER5MINRRP,LOWER5MINROP,LOWERREGRRP,LOWERREGROP,RAISE1SECRRP,RAISE1SECROP,LOWER1SECRRP,LOWER1SECROP,PRICE_STATUS
D,TRADING,PRICE,3,"2025/05/27 14:10:00",1,SA1,170,-51.94,0,0,"2025/05/27 14:05:03",-51.94,0.01,0.01,0.1,0.1,0.1,0.1,11.68,11.68,0.38,0.38,4.89,4.89,0.38,0.38,7.65,7.65,0.04,0.04,0,0,FIRM
D,TRADING,PRICE,3,"2025/05/27 14:10:00",1,NSW1,170,47.18,0,0,"2025/05/27 14:05:03",47.18,0.01,0.01,0.1,0.1,0.1,0.1,11.68,11.68,0.38,0.38,4.89,4.89,0.38,0.38,7.65,7.65,0.04,0.04,0,0,FIRM
D,TRADING,PRICE,3,"2025/05/27 14:10:00",1,QLD1,170,60.88,0,0,"2025/05/27 14:05:03",60.88,0.01,0.01,0.1,0.1,0.1,0.1,11.68,11.68,0.38,0.38,4.89,4.89,0.38,0.38,7.65,7.65,0.04,0.04,0,0,FIRM
D,TRADING,PRICE,3,"2025/05/27 14:10:00",1,TAS1,170,75.24,0,0,"2025/05/27 14:05:03",75.24,0.38,0.38,0.38,0.38,0.36,0.36,7.4,7.4,0.38,0.38,0.38,0.38,0,0,3.48,3.48,0.04,0.04,0,0,FIRM
D,TRADING,PRICE,3,"2025/05/27 14:10:00",1,VIC1,170,43.44,0,0,"2025/05/27 14:05:03",43.44,0.01,0.01,0.1,0.1,0.1,0.1,11.68,11.68,0.38,0.38,4.89,4.89,0.38,0.38,7.65,7.65,0.04,0.04,0,0,FIRM
C,"END OF REPORT",15
