C,NEMP.WORLD,TRADINGIS,AEMO,PUBLIC,2025/05/26,20:30:11,0000000464997267,TRADINGIS,0000000464997266
I,TRADING,INTERCONNECTORRES,2,SETTLEMENTDATE,RUNNO,INTERCONNECTORID,PERIODID,METEREDMWFLOW,MWFLOW,MWLOSSES,LASTCHANGED
D,TRADING,INTERCONNECTORRES,2,"2025/05/26 20:35:00",1,N-Q-MNSP1,247,9.3,9,0.6,"2025/05/26 20:30:03"
D,TRADING,INTERCONNECTORRES,2,"2025/05/26 20:35:00",1,NSW1-QLD1,247,170.8,203.95,13.68,"2025/05/26 20:30:03"
D,TRADING,INTERCONNECTORRES,2,"2025/05/26 20:35:00",1,T-V-MNSP1,247,-460.3,-448.83,22.7,"2025/05/26 20:30:03"
D,TRADING,INTERCONNECTORRES,2,"2025/05/26 20:35:00",1,V-S-MNSP1,247,176,176.47,24.57,"2025/05/26 20:30:03"
D,TRADING,INTERCONNECTORRES,2,"2025/05/26 20:35:00",1,V-SA,247,95.32,156.68,6.65,"2025/05/26 20:30:03"
D,TRADING,INTERCONNECTORRES,2,"2025/05/26 20:35:00",1,VIC1-NSW1,247,1047.06,1039.42,86.17,"2025/05/26 20:30:03"
I,TRADING,PRICE,3,SETTLEMENTDATE,RUNNO,REGIONID,PERIODID,RRP,EEP,INVALIDFLAG,LASTCHANGED,ROP,RAISE6SECRRP,RAISE6SECROP,RAISE60SECRRP,RAISE60SECROP,RAISE5MINRRP,RAISE5MINROP,RAISEREGRRP,RAISEREGROP,LOWER6SECRRP,LOWER6SECROP,LOWER60SECRRP,LOWER60SECROP,LOWER5MINRRP,LOWER5MINROP,LOWERREGRRP,LOWERREGROP,RAISE1SECRRP,RAISE1SECROP,LOWER1SECRRP,LOWER1SECROP,PRICE_STATUS
D,TRADING,PRICE,3,"2025/05/26 20:35:00",1,SA1,247,-21.26,0,0,"2025/05/26 20:30:03",-21.26,0.23,0.23,0.24,0.24,0.32,0.32,1,1,0.03,0.03,0.15,0.15,0.1,0.1,3.6,3.6,0.04,0.04,0,0,FIRM
D,TRADING,PRICE,3,"2025/05/26 20:35:00",1,NSW1,247,65.01,0,0,"2025/05/26 20:30:03",65.01,0.23,0.23,0.24,0.24,0.32,0.32,1,1,0.03,0.03,0.15,0.15,0.1,0.1,3.6,3.6,0.04,0.04,0,0,FIRM
D,TRADING,PRICE,3,"2025/05/26 20:35:00",1,QLD1,247,70.74,0,0,"2025/05/26 20:30:03",70.74,0.23,0.23,0.24,0.24,0.32,0.32,1,1,0.03,0.03,0.15,0.15,0.1,0.1,3.6,3.6,0.04,0.04,0,0,FIRM
D,TRADING,PRICE,3,"2025/05/26 20:35:00",1,TAS1,247,35.24,0,0,"2025/05/26 20:30:03",35.24,0.38,0.38,0.38,0.38,0.32,0.32,8.8,8.8,0.03,0.03,0.15,0.15,0,0,3.55,3.55,0.04,0.04,0,0,FIRM
D,TRADING,PRICE,3,"2025/05/26 20:35:00",1,VIC1,247,20.01,0,0,"2025/05/26 20:30:03",20.01,0.23,0.23,0.24,0.24,0.32,0.32,1,1,0.03,0.03,0.15,0.15,0.1,0.1,3.6,3.6,0.04,0.04,0,0,FIRM
C,"END OF REPORT",15
