C,NEMP.WORLD,TRADINGIS,AEMO,PUBLIC,2025/05/28,07:30:11,0000000465212192,TRADINGIS,0000000465212191
I,TRADING,INTERCONNECTORRES,2,SETTLEMENTDATE,RUNNO,INTERCONNECTORID,PERIODID,METEREDMWFLOW,MWFLOW,MWLOSSES,LASTCHANGED
D,TRADING,INTERCONNECTORRES,2,"2025/05/28 07:35:00",1,N-Q-MNSP1,91,-24,-25,0.65,"2025/05/28 07:30:03"
D,TRADING,INTERCONNECTORRES,2,"2025/05/28 07:35:00",1,NSW1-QLD1,91,-668,-700.61,17.41,"2025/05/28 07:30:03"
D,TRADING,INTERCONNECTORRES,2,"2025/05/28 07:35:00",1,T-V-MNSP1,91,-409.6,-406.88,18.8,"2025/05/28 07:30:03"
D,TRADING,INTERCONNECTORRES,2,"2025/05/28 07:35:00",1,V-S-MNSP1,91,81,84.27,2.38,"2025/05/28 07:30:03"
D,TRADING,INTERCONNECTORRES,2,"2025/05/28 07:35:00",1,V-SA,91,610.77,570.61,36.39,"2025/05/28 07:30:03"
D,TRADING,INTERCONNECTORRES,2,"2025/05/28 07:35:00",1,VIC1-NSW1,91,-129.47,-229.59,0.33,"2025/05/28 07:30:03"
I,TRADING,PRICE,3,SETTLEMENTDATE,RUNNO,REGIONID,PERIODID,RRP,EEP,INVALIDFLAG,LASTCHANGED,ROP,RAISE6SECRRP,RAISE6SECROP,RAISE60SECRRP,RAISE60SECROP,RAISE5MINRRP,RAISE5MINROP,RAISEREGRRP,RAISEREGROP,LOWER6SECRRP,LOWER6SECROP,LOWER60SECRRP,LOWER60SECROP,LOWER5MINRRP,LOWER5MINROP,LOWERREGRRP,LOWERREGROP,RAISE1SECRRP,RAISE1SECROP,LOWER1SECRRP,LOWER1SECROP,PRICE_STATUS
D,TRADING,PRICE,3,"2025/05/28 07:35:00",1,SA1,91,151.03,0,0,"2025/05/28 07:30:03",151.03,1.8,1.8,0.38,0.38,0.15,0.15,0.15,0.15,0,0,0,0,0,0,3.75,3.75,9.99,9.99,0,0,FIRM
D,TRADING,PRICE,3,"2025/05/28 07:35:00",1,NSW1,91,130.5,0,0,"2025/05/28 07:30:03",130.5,1.8,1.8,0.38,0.38,0.15,0.15,0.15,0.15,0,0,0,0,0,0,3.75,3.75,9.99,9.99,0,0,FIRM
D,TRADING,PRICE,3,"2025/05/28 07:35:00",1,QLD1,91,100.83,0,0,"2025/05/28 07:30:03",100.83,1.8,1.8,0.38,0.38,0.15,0.15,0.15,0.15,8.68,8.68,9.85,9.85,0.38,0.38,4.13,4.13,9.99,9.99,0,0,FIRM
D,TRADING,PRICE,3,"2025/05/28 07:35:00",1,TAS1,91,142.4,0,0,"2025/05/28 07:30:03",142.4,1.8,1.8,0.38,0.38,0.15,0.15,8.4,8.4,0,0,0,0,0,0,2.48,2.48,9.99,9.99,0,0,FIRM
D,TRADING,PRICE,3,"2025/05/28 07:35:00",1,VIC1,91,132.72,0,0,"2025/05/28 07:30:03",132.72,1.8,1.8,0.38,0.38,0.15,0.15,0.15,0.15,0,0,0,0,0,0,3.75,3.75,9.99,9.99,0,0,FIRM
C,"END OF REPORT",15
