C,NEMP.WORLD,TRADINGIS,AEMO,PUBLIC,2025/05/28,04:55:11,0000000465197282,TRADINGIS,0000000465197281
I,TRADING,INTERCONNECTORRES,2,SETTLEMENTDATE,RUNNO,INTERCONNECTORID,PERIODID,METEREDMWFLOW,MWFLOW,MWLOSSES,LASTCHANGED
D,TRADING,INTERCONNECTORRES,2,"2025/05/28 05:00:00",1,N-Q-MNSP1,60,0.6,0,0,"2025/05/28 04:55:03"
D,TRADING,INTERCONNECTORRES,2,"2025/05/28 05:00:00",1,NSW1-QLD1,60,194.2,163.64,3.24,"2025/05/28 04:55:03"
D,TRADING,INTERCONNECTORRES,2,"2025/05/28 05:00:00",1,T-V-MNSP1,60,-398,-439.25,21.78,"2025/05/28 04:55:03"
D,TRADING,INTERCONNECTORRES,2,"2025/05/28 05:00:00",1,V-S-MNSP1,60,166,166.01,21.02,"2025/05/28 04:55:03"
D,TRADING,INTERCONNECTORRES,2,"2025/05/28 05:00:00",1,V-SA,60,545.09,564.39,42.39,"2025/05/28 04:55:03"
D,TRADING,INTERCONNECTORRES,2,"2025/05/28 05:00:00",1,VIC1-NSW1,60,760.13,644.22,54.55,"2025/05/28 04:55:03"
I,TRADING,PRICE,3,SETTLEMENTDATE,RUNNO,REGIONID,PERIODID,RRP,EEP,INVALIDFLAG,LASTCHANGED,ROP,RAISE6SECRRP,RAISE6SECROP,RAISE60SECRRP,RAISE60SECROP,RAISE5MINRRP,RAISE5MINROP,RAISEREGRRP,RAISEREGROP,LOWER6SECRRP,LOWER6SECROP,LOWER60SECRRP,LOWER60SECROP,LOWER5MINRRP,LOWER5MINROP,LOWERREGRRP,LOWERREGROP,RAISE1SECRRP,RAISE1SECROP,LOWER1SECRRP,LOWER1SECROP,PRICE_STATUS
D,TRADING,PRICE,3,"2025/05/28 05:00:00",1,SA1,60,83.44,0,0,"2025/05/28 04:55:03",83.44,0.38,0.38,0.36,0.36,0.32,0.32,7.6,7.6,0.1,0.1,0.38,0.38,0.38,0.38,3.76,3.76,0.38,0.38,0,0,FIRM
D,TRADING,PRICE,3,"2025/05/28 05:00:00",1,NSW1,60,57.01,0,0,"2025/05/28 04:55:03",57.01,0.38,0.38,0.36,0.36,0.32,0.32,7.6,7.6,0.1,0.1,0.38,0.38,0.38,0.38,3.76,3.76,0.38,0.38,0,0,FIRM
D,TRADING,PRICE,3,"2025/05/28 05:00:00",1,QLD1,60,59.07,0,0,"2025/05/28 04:55:03",59.07,0.38,0.38,0.36,0.36,0.32,0.32,7.6,7.6,0.1,0.1,0.38,0.38,0.38,0.38,3.76,3.76,0.38,0.38,0,0,FIRM
D,TRADING,PRICE,3,"2025/05/28 05:00:00",1,TAS1,60,35.1,0,0,"2025/05/28 04:55:03",35.1,0.38,0.38,0.38,0.38,0.32,0.32,7.4,7.4,0.1,0.1,0.38,0.38,0,0,3.48,3.48,0.38,0.38,0,0,FIRM
D,TRADING,PRICE,3,"2025/05/28 05:00:00",1,VIC1,60,16.63,0,0,"2025/05/28 04:55:03",16.63,0.38,0.38,0.36,0.36,0.32,0.32,7.6,7.6,0.1,0.1,0.38,0.38,0.38,0.38,3.76,3.76,0.38,0.38,0,0,FIRM
C,"END OF REPORT",15
