C,NEMP.WORLD,TRADINGIS,AEMO,PUBLIC,2025/05/27,11:40:14,0000000465088989,TRADINGIS,0000000465088988
I,TRADING,INTERCONNECTORRES,2,SETTLEMENTDATE,RUNNO,INTERCONNECTORID,PERIODID,METEREDMWFLOW,MWFLOW,MWLOSSES,LASTCHANGED
D,TRADING,INTERCONNECTORRES,2,"2025/05/27 11:45:00",1,N-Q-MNSP1,141,-123.2,-43.2,3.32,"2025/05/27 11:40:06"
D,TRADING,INTERCONNECTORRES,2,"2025/05/27 11:45:00",1,NSW1-QLD1,141,88.4,13.07,0.06,"2025/05/27 11:40:06"
D,TRADING,INTERCONNECTORRES,2,"2025/05/27 11:45:00",1,T-V-MNSP1,141,-369.3,-440.83,21.93,"2025/05/27 11:40:06"
D,TRADING,INTERCONNECTORRES,2,"2025/05/27 11:45:00",1,V-S-MNSP1,141,-43,20.51,-0.98,"2025/05/27 11:40:06"
D,TRADING,INTERCONNECTORRES,2,"2025/05/27 11:45:00",1,V-SA,141,-543.71,-560.53,47.22,"2025/05/27 11:40:06"
D,TRADING,INTERCONNECTORRES,2,"2025/05/27 11:45:00",1,VIC1-NSW1,141,120.03,297.26,22.07,"2025/05/27 11:40:06"
I,TRADING,PRICE,3,SETTLEMENTDATE,RUNNO,REGIONID,PERIODID,RRP,EEP,INVALIDFLAG,LASTCHANGED,ROP,RAISE6SECRRP,RAISE6SECROP,RAISE60SECRRP,RAISE60SECROP,RAISE5MINRRP,RAISE5MINROP,RAISEREGRRP,RAISEREGROP,LOWER6SECRRP,LOWER6SECROP,LOWER60SECRRP,LOWER60SECROP,LOWER5MINRRP,LOWER5MINROP,LOWERREGRRP,LOWERREGROP,RAISE1SECRRP,RAISE1SECROP,LOWER1SECRRP,LOWER1SECROP,PRICE_STATUS
D,TRADING,PRICE,3,"2025/05/27 11:45:00",1,SA1,141,-17.51,0,0,"2025/05/27 11:40:06",-17.51,0,0,0,0,0,0,5,5,0.38,0.38,1.92,1.92,0.01,0.01,0.01,0.01,0.01,0.01,0,0,FIRM
D,TRADING,PRICE,3,"2025/05/27 11:45:00",1,NSW1,141,19.05,0,0,"2025/05/27 11:40:06",19.05,0,0,0,0,0,0,5,5,0.38,0.38,1.92,1.92,0.01,0.01,0.01,0.01,0.01,0.01,0,0,FIRM
D,TRADING,PRICE,3,"2025/05/27 11:45:00",1,QLD1,141,20,0,0,"2025/05/27 11:40:06",20,0.37,0.37,0.1,0.1,0.38,0.38,5.38,5.38,0.38,0.38,1.92,1.92,0.01,0.01,0.01,0.01,0.01,0.01,0,0,FIRM
D,TRADING,PRICE,3,"2025/05/27 11:45:00",1,TAS1,141,9.14,0,0,"2025/05/27 11:40:06",9.14,0.38,0.38,0.38,0.38,0,0,8.4,8.4,0.38,0.38,0.38,0.38,0,0,2.48,2.48,0.01,0.01,0,0,FIRM
D,TRADING,PRICE,3,"2025/05/27 11:45:00",1,VIC1,141,6.33,0,0,"2025/05/27 11:40:06",6.33,0,0,0,0,0,0,5,5,0.38,0.38,1.92,1.92,0.01,0.01,0.01,0.01,0.01,0.01,0,0,FIRM
C,"END OF REPORT",15
