C,NEMP.WORLD,TRADINGIS,AEMO,PUBLIC,2025/05/29,04:05:12,0000000465336101,TRADINGIS,0000000465336100
I,TRADING,INTERCONNECTORRES,2,SETTLEMENTDATE,RUNNO,INTERCONNECTORID,PERIODID,METEREDMWFLOW,MWFLOW,MWLOSSES,LASTCHANGED
D,TRADING,INTERCONNECTORRES,2,"2025/05/29 04:10:00",1,N-Q-MNSP1,50,-16.9,-17,0.07,"2025/05/29 04:05:03"
D,TRADING,INTERCONNECTORRES,2,"2025/05/29 04:10:00",1,NSW1-QLD1,50,-315.6,-318.17,9.41,"2025/05/29 04:05:03"
D,TRADING,INTERCONNECTORRES,2,"2025/05/29 04:10:00",1,T-V-MNSP1,50,-409.6,-438,21.66,"2025/05/29 04:05:03"
D,TRADING,INTERCONNECTORRES,2,"2025/05/29 04:10:00",1,V-S-MNSP1,50,72,63,0.15,"2025/05/29 04:05:03"
D,TRADING,INTERCONNECTORRES,2,"2025/05/29 04:10:00",1,V-SA,50,337.01,307.7,14.44,"2025/05/29 04:05:03"
D,TRADING,INTERCONNECTORRES,2,"2025/05/29 04:10:00",1,VIC1-NSW1,50,570.55,569.32,43.75,"2025/05/29 04:05:03"
I,TRADING,PRICE,3,SETTLEMENTDATE,RUNNO,REGIONID,PERIODID,RRP,EEP,INVALIDFLAG,LASTCHANGED,ROP,RAISE6SECRRP,RAISE6SECROP,RAISE60SECRRP,RAISE60SECROP,RAISE5MINRRP,RAISE5MINROP,RAISEREGRRP,RAISEREGROP,LOWER6SECRRP,LOWER6SECROP,LOWER60SECRRP,LOWER60SECROP,LOWER5MINRRP,LOWER5MINROP,LOWERREGRRP,LOWERREGROP,RAISE1SECRRP,RAISE1SECROP,LOWER1SECRRP,LOWER1SECROP,PRICE_STATUS
D,TRADING,PRICE,3,"2025/05/29 04:10:00",1,SA1,50,73.28,0,0,"2025/05/29 04:05:03",73.28,0.37,0.37,0.1,0.1,0.1,0.1,10.98,10.98,0.39,0.39,1.44,1.44,0.3,0.3,3.59,3.59,0.38,0.38,0,0,FIRM
D,TRADING,PRICE,3,"2025/05/29 04:10:00",1,NSW1,50,76.8,0,0,"2025/05/29 04:05:03",76.8,0.37,0.37,0.1,0.1,0.1,0.1,10.98,10.98,0.39,0.39,1.44,1.44,0.3,0.3,3.59,3.59,0.38,0.38,0,0,FIRM
D,TRADING,PRICE,3,"2025/05/29 04:10:00",1,QLD1,50,72.59,0,0,"2025/05/29 04:05:03",72.59,0.37,0.37,0.1,0.1,0.1,0.1,10.98,10.98,0.39,0.39,1.44,1.44,0.3,0.3,3.59,3.59,0.38,0.38,0,0,FIRM
D,TRADING,PRICE,3,"2025/05/29 04:10:00",1,TAS1,50,100.24,0,0,"2025/05/29 04:05:03",100.24,0.38,0.38,0.38,0.38,0.38,0.38,7.54,7.54,0.38,0.38,0.38,0.38,0,0,2.46,2.46,0.38,0.38,0,0,FIRM
D,TRADING,PRICE,3,"2025/05/29 04:10:00",1,VIC1,50,67.46,0,0,"2025/05/29 04:05:03",67.46,0.37,0.37,0.1,0.1,0.1,0.1,10.98,10.98,0.39,0.39,1.44,1.44,0.3,0.3,3.59,3.59,0.38,0.38,0,0,FIRM
C,"END OF REPORT",15
