C,NEMP.WORLD,TRADINGIS,AEMO,PUBLIC,2025/05/27,00:00:16,0000000465018502,TRADINGIS,0000000465018501
I,TRADING,INTERCONNECTORRES,2,SETTLEMENTDATE,RUNNO,INTERCONNECTORID,PERIODID,METEREDMWFLOW,MWFLOW,MWLOSSES,LASTCHANGED
D,TRADING,INTERCONNECTORRES,2,"2025/05/27 00:05:00",1,N-Q-MNSP1,1,10.8,9,0.6,"2025/05/27 00:00:08"
D,TRADING,INTERCONNECTORRES,2,"2025/05/27 00:05:00",1,NSW1-QLD1,1,426.9,514.86,29.36,"2025/05/27 00:00:08"
D,TRADING,INTERCONNECTORRES,2,"2025/05/27 00:05:00",1,T-V-MNSP1,1,-457.8,-454.46,23.25,"2025/05/27 00:00:08"
D,TRADING,INTERCONNECTORRES,2,"2025/05/27 00:05:00",1,V-S-MNSP1,1,-144,-145.7,36.33,"2025/05/27 00:00:08"
D,TRADING,INTERCONNECTORRES,2,"2025/05/27 00:05:00",1,V-SA,1,-313.01,-350.37,7.31,"2025/05/27 00:00:08"
D,TRADING,INTERCONNECTORRES,2,"2025/05/27 00:05:00",1,VIC1-NSW1,1,1098.25,1089.4,116.45,"2025/05/27 00:00:08"
I,TRADING,PRICE,3,SETTLEMENTDATE,RUNNO,REGIONID,PERIODID,RRP,EEP,INVALIDFLAG,LASTCHANGED,ROP,RAISE6SECRRP,RAISE6SECROP,RAISE60SECRRP,RAISE60SECROP,RAISE5MINRRP,RAISE5MINROP,RAISEREGRRP,RAISEREGROP,LOWER6SECRRP,LOWER6SECROP,LOWER60SECRRP,LOWER60SECROP,LOWER5MINRRP,LOWER5MINROP,LOWERREGRRP,LOWERREGROP,RAISE1SECRRP,RAISE1SECROP,LOWER1SECRRP,LOWER1SECROP,PRICE_STATUS
D,TRADING,PRICE,3,"2025/05/27 00:05:00",1,SA1,1,-10.45,0,0,"2025/05/27 00:00:08",-10.45,0.01,0.01,0.01,0.01,0.01,0.01,3.99,3.99,0.1,0.1,0.39,0.39,0,0,0,0,0.04,0.04,0,0,FIRM
D,TRADING,PRICE,3,"2025/05/27 00:05:00",1,NSW1,1,40.62,0,0,"2025/05/27 00:00:08",40.62,0.01,0.01,0.01,0.01,0.01,0.01,3.99,3.99,0.1,0.1,0.39,0.39,0,0,0,0,0.04,0.04,0,0,FIRM
D,TRADING,PRICE,3,"2025/05/27 00:05:00",1,QLD1,1,44.94,0,0,"2025/05/27 00:00:08",44.94,0.01,0.01,0.01,0.01,0.01,0.01,3.99,3.99,0.1,0.1,0.39,0.39,0,0,0,0,0.04,0.04,0,0,FIRM
D,TRADING,PRICE,3,"2025/05/27 00:05:00",1,TAS1,1,11.25,0,0,"2025/05/27 00:00:08",11.25,0.38,0.38,0.38,0.38,0.01,0.01,7.97,7.97,0.1,0.1,0.38,0.38,0,0,1.55,1.55,0.04,0.04,0,0,FIRM
D,TRADING,PRICE,3,"2025/05/27 00:05:00",1,VIC1,1,-11.11,0,0,"2025/05/27 00:00:08",-11.11,0.01,0.01,0.01,0.01,0.01,0.01,3.99,3.99,0.1,0.1,0.39,0.39,0,0,0,0,0.04,0.04,0,0,FIRM
C,"END OF REPORT",15
