C,NEMP.WORLD,TRADINGIS,AEMO,PUBLIC,2025/05/28,10:50:16,0000000465231960,TRADINGIS,0000000465231959
I,TRADING,INTERCONNECTORRES,2,SETTLEMENTDATE,RUNNO,INTERCONNECTORID,PERIODID,METEREDMWFLOW,MWFLOW,MWLOSSES,LASTCHANGED
D,TRADING,INTERCONNECTORRES,2,"2025/05/28 10:55:00",1,N-Q-MNSP1,131,97.4,96.61,29.73,"2025/05/28 10:50:08"
D,TRADING,INTERCONNECTORRES,2,"2025/05/28 10:55:00",1,NSW1-QLD1,131,-302.6,-336.71,14.69,"2025/05/28 10:50:08"
D,TRADING,INTERCONNECTORRES,2,"2025/05/28 10:55:00",1,T-V-MNSP1,131,-444.4,-424.43,20.39,"2025/05/28 10:50:08"
D,TRADING,INTERCONNECTORRES,2,"2025/05/28 10:55:00",1,V-S-MNSP1,131,127,146.47,15.1,"2025/05/28 10:50:08"
D,TRADING,INTERCONNECTORRES,2,"2025/05/28 10:55:00",1,V-SA,131,601.58,603.36,37.28,"2025/05/28 10:50:08"
D,TRADING,INTERCONNECTORRES,2,"2025/05/28 10:55:00",1,VIC1-NSW1,131,-51.42,-147.73,-3.19,"2025/05/28 10:50:08"
I,TRADING,PRICE,3,SETTLEMENTDATE,RUNNO,REGIONID,PERIODID,RRP,EEP,INVALIDFLAG,LASTCHANGED,ROP,RAISE6SECRRP,RAISE6SECROP,RAISE60SECRRP,RAISE60SECROP,RAISE5MINRRP,RAISE5MINROP,RAISEREGRRP,RAISEREGROP,LOWER6SECRRP,LOWER6SECROP,LOWER60SECRRP,LOWER60SECROP,LOWER5MINRRP,LOWER5MINROP,LOWERREGRRP,LOWERREGROP,RAISE1SECRRP,RAISE1SECROP,LOWER1SECRRP,LOWER1SECROP,PRICE_STATUS
D,TRADING,PRICE,3,"2025/05/28 10:55:00",1,SA1,131,11.73,0,0,"2025/05/28 10:50:08",11.73,0.23,0.23,0.1,0.1,0.1,0.1,7.85,7.85,0.39,0.39,1.44,1.44,0.38,0.38,3.6,3.6,0.1,0.1,0,0,FIRM
D,TRADING,PRICE,3,"2025/05/28 10:55:00",1,NSW1,131,-17.01,0,0,"2025/05/28 10:50:08",-17.01,0.23,0.23,0.1,0.1,0.1,0.1,7.85,7.85,0.39,0.39,1.44,1.44,0.38,0.38,3.6,3.6,0.1,0.1,0,0,FIRM
D,TRADING,PRICE,3,"2025/05/28 10:55:00",1,QLD1,131,-29.36,0,0,"2025/05/28 10:50:08",-29.36,0.23,0.23,0.1,0.1,0.1,0.1,7.85,7.85,7.89,7.89,7.89,7.89,0.38,0.38,3.6,3.6,0.1,0.1,0,0,FIRM
D,TRADING,PRICE,3,"2025/05/28 10:55:00",1,TAS1,131,75.13,0,0,"2025/05/28 10:50:08",75.13,0.38,0.38,0.38,0.38,0.1,0.1,6.45,6.45,0.39,0.39,0.38,0.38,0.38,0.38,4.48,4.48,0.1,0.1,0,0,FIRM
D,TRADING,PRICE,3,"2025/05/28 10:55:00",1,VIC1,131,8.95,0,0,"2025/05/28 10:50:08",8.95,0.23,0.23,0.1,0.1,0.1,0.1,7.85,7.85,0.39,0.39,1.44,1.44,0.38,0.38,3.6,3.6,0.1,0.1,0,0,FIRM
C,"END OF REPORT",15
