C,NEMP.WORLD,TRADINGIS,AEMO,PUBLIC,2025/05/26,22:25:11,0000000465008747,TRADINGIS,0000000465008746
I,TRADING,INTERCONNECTORRES,2,SETTLEMENTDATE,RUNNO,INTERCONNECTORID,PERIODID,METEREDMWFLOW,MWFLOW,MWLOSSES,LASTCHANGED
D,TRADING,INTERCONNECTORRES,2,"2025/05/26 22:30:00",1,N-Q-MNSP1,270,9.6,9,0.6,"2025/05/26 22:25:03"
D,TRADING,INTERCONNECTORRES,2,"2025/05/26 22:30:00",1,NSW1-QLD1,270,422.6,384.45,23.4,"2025/05/26 22:25:03"
D,TRADING,INTERCONNECTORRES,2,"2025/05/26 22:30:00",1,T-V-MNSP1,270,-442.6,-452.67,23.07,"2025/05/26 22:25:03"
D,TRADING,INTERCONNECTORRES,2,"2025/05/26 22:30:00",1,V-S-MNSP1,270,-150,-150.01,38.18,"2025/05/26 22:25:03"
D,TRADING,INTERCONNECTORRES,2,"2025/05/26 22:30:00",1,V-SA,270,-255.64,-266.01,2.42,"2025/05/26 22:25:03"
D,TRADING,INTERCONNECTORRES,2,"2025/05/26 22:30:00",1,VIC1-NSW1,270,1123.7,1109.4,114.57,"2025/05/26 22:25:03"
I,TRADING,PRICE,3,SETTLEMENTDATE,RUNNO,REGIONID,PERIODID,RRP,EEP,INVALIDFLAG,LASTCHANGED,ROP,RAISE6SECRRP,RAISE6SECROP,RAISE60SECRRP,RAISE60SECROP,RAISE5MINRRP,RAISE5MINROP,RAISEREGRRP,RAISEREGROP,LOWER6SECRRP,LOWER6SECROP,LOWER60SECRRP,LOWER60SECROP,LOWER5MINRRP,LOWER5MINROP,LOWERREGRRP,LOWERREGROP,RAISE1SECRRP,RAISE1SECROP,LOWER1SECRRP,LOWER1SECROP,PRICE_STATUS
D,TRADING,PRICE,3,"2025/05/26 22:30:00",1,SA1,270,0,0,0,"2025/05/26 22:25:03",0,0.1,0.1,0.04,0.04,0.1,0.1,3.99,3.99,0.1,0.1,0.39,0.39,0,0,0,0,0.38,0.38,0,0,FIRM
D,TRADING,PRICE,3,"2025/05/26 22:30:00",1,NSW1,270,57.01,0,0,"2025/05/26 22:25:03",57.01,0.1,0.1,0.04,0.04,0.1,0.1,3.99,3.99,0.1,0.1,0.39,0.39,0,0,0,0,0.38,0.38,0,0,FIRM
D,TRADING,PRICE,3,"2025/05/26 22:30:00",1,QLD1,270,62.53,0,0,"2025/05/26 22:25:03",62.53,0.1,0.1,0.04,0.04,0.1,0.1,3.99,3.99,0.1,0.1,0.39,0.39,0,0,0,0,0.38,0.38,0,0,FIRM
D,TRADING,PRICE,3,"2025/05/26 22:30:00",1,TAS1,270,55.24,0,0,"2025/05/26 22:25:03",55.24,0.38,0.38,0.38,0.38,0.1,0.1,8.8,8.8,0.1,0.1,0.38,0.38,0,0,2.55,2.55,0.38,0.38,0,0,FIRM
D,TRADING,PRICE,3,"2025/05/26 22:30:00",1,VIC1,270,0,0,0,"2025/05/26 22:25:03",0,0.1,0.1,0.04,0.04,0.1,0.1,3.99,3.99,0.1,0.1,0.39,0.39,0,0,0,0,0.38,0.38,0,0,FIRM
C,"END OF REPORT",15
