C,NEMP.WORLD,TRADINGIS,AEMO,PUBLIC,2025/05/27,17:35:10,0000000465130118,TRADINGIS,0000000465130117
I,TRADING,INTERCONNECTORRES,2,SETTLEMENTDATE,RUNNO,INTERCONNECTORID,PERIODID,METEREDMWFLOW,MWFLOW,MWLOSSES,LASTCHANGED
D,TRADING,INTERCONNECTORRES,2,"2025/05/27 17:40:00",1,N-Q-MNSP1,212,-0.8,0,0,"2025/05/27 17:35:03"
D,TRADING,INTERCONNECTORRES,2,"2025/05/27 17:40:00",1,NSW1-QLD1,212,-250.1,-235.36,-12.83,"2025/05/27 17:35:03"
D,TRADING,INTERCONNECTORRES,2,"2025/05/27 17:40:00",1,T-V-MNSP1,212,-463.9,-478,25.62,"2025/05/27 17:35:03"
D,TRADING,INTERCONNECTORRES,2,"2025/05/27 17:40:00",1,V-S-MNSP1,212,27,27,-1.11,"2025/05/27 17:35:03"
D,TRADING,INTERCONNECTORRES,2,"2025/05/27 17:40:00",1,V-SA,212,-36.96,-27,0.31,"2025/05/27 17:35:03"
D,TRADING,INTERCONNECTORRES,2,"2025/05/27 17:40:00",1,VIC1-NSW1,212,-768.34,-844.3,47.83,"2025/05/27 17:35:03"
I,TRADING,PRICE,3,SETTLEMENTDATE,RUNNO,REGIONID,PERIODID,RRP,EEP,INVALIDFLAG,LASTCHANGED,ROP,RAISE6SECRRP,RAISE6SECROP,RAISE60SECRRP,RAISE60SECROP,RAISE5MINRRP,RAISE5MINROP,RAISEREGRRP,RAISEREGROP,LOWER6SECRRP,LOWER6SECROP,LOWER60SECRRP,LOWER60SECROP,LOWER5MINRRP,LOWER5MINROP,LOWERREGRRP,LOWERREGROP,RAISE1SECRRP,RAISE1SECROP,LOWER1SECRRP,LOWER1SECROP,PRICE_STATUS
D,TRADING,PRICE,3,"2025/05/27 17:40:00",1,SA1,212,124,0,0,"2025/05/27 17:35:03",124,0.23,0.23,0.1,0.1,0.1,0.1,0.1,0.1,0.03,0.03,0.15,0.15,0.1,0.1,7.5,7.5,0.36,0.36,0,0,"NOT FIRM"
D,TRADING,PRICE,3,"2025/05/27 17:40:00",1,NSW1,212,120.89,0,0,"2025/05/27 17:35:03",120.89,0.23,0.23,0.1,0.1,0.1,0.1,0.1,0.1,0.03,0.03,0.15,0.15,0.1,0.1,7.5,7.5,0.36,0.36,0,0,"NOT FIRM"
D,TRADING,PRICE,3,"2025/05/27 17:40:00",1,QLD1,212,124.93,0,0,"2025/05/27 17:35:03",124.93,0.23,0.23,0.1,0.1,0.1,0.1,0.1,0.1,0.03,0.03,0.15,0.15,0.1,0.1,7.5,7.5,0.36,0.36,0,0,"NOT FIRM"
D,TRADING,PRICE,3,"2025/05/27 17:40:00",1,TAS1,212,150.24,0,0,"2025/05/27 17:35:03",150.24,0.38,0.38,0.38,0.38,0.38,0.38,8.4,8.4,0.03,0.03,0.15,0.15,0,0,2.48,2.48,0.36,0.36,0,0,"NOT FIRM"
D,TRADING,PRICE,3,"2025/05/27 17:40:00",1,VIC1,212,20.04,0,0,"2025/05/27 17:35:03",20.04,0.23,0.23,0.1,0.1,0.1,0.1,0.1,0.1,0.03,0.03,0.15,0.15,0.1,0.1,7.5,7.5,0.36,0.36,0,0,"NOT FIRM"
C,"END OF REPORT",15
