C,NEMP.WORLD,TRADINGIS,AEMO,PUBLIC,2025/05/29,20:10:10,0000000465434693,TRADINGIS,0000000465434692
I,TRADING,INTERCONNECTORRES,2,SETTLEMENTDATE,RUNNO,INTERCONNECTORID,PERIODID,METEREDMWFLOW,MWFLOW,MWLOSSES,LASTCHANGED
D,TRADING,INTERCONNECTORRES,2,"2025/05/29 20:15:00",1,N-Q-MNSP1,243,-9.2,-9,-0.16,"2025/05/29 20:10:03"
D,TRADING,INTERCONNECTORRES,2,"2025/05/29 20:15:00",1,NSW1-QLD1,243,-324.7,-422.63,-7.51,"2025/05/29 20:10:03"
D,TRADING,INTERCONNECTORRES,2,"2025/05/29 20:15:00",1,T-V-MNSP1,243,73.8,32.23,-0.01,"2025/05/29 20:10:03"
D,TRADING,INTERCONNECTORRES,2,"2025/05/29 20:15:00",1,V-S-MNSP1,243,36,36,-1.09,"2025/05/29 20:10:03"
D,TRADING,INTERCONNECTORRES,2,"2025/05/29 20:15:00",1,V-SA,243,-7.55,32.35,0.3,"2025/05/29 20:10:03"
D,TRADING,INTERCONNECTORRES,2,"2025/05/29 20:15:00",1,VIC1-NSW1,243,140.11,18.46,0.17,"2025/05/29 20:10:03"
I,TRADING,PRICE,3,SETTLEMENTDATE,RUNNO,REGIONID,PERIODID,RRP,EEP,INVALIDFLAG,LASTCHANGED,ROP,RAISE6SECRRP,RAISE6SECROP,RAISE60SECRRP,RAISE60SECROP,RAISE5MINRRP,RAISE5MINROP,RAISEREGRRP,RAISEREGROP,LOWER6SECRRP,LOWER6SECROP,LOWER60SECRRP,LOWER60SECROP,LOWER5MINRRP,LOWER5MINROP,LOWERREGRRP,LOWERREGROP,RAISE1SECRRP,RAISE1SECROP,LOWER1SECRRP,LOWER1SECROP,PRICE_STATUS
D,TRADING,PRICE,3,"2025/05/29 20:15:00",1,SA1,243,93.97,0,0,"2025/05/29 20:10:03",93.97,0.37,0.37,0.1,0.1,0.15,0.15,9.89,9.89,0.2,0.2,0.38,0.38,0.38,0.38,8.6,8.6,0.04,0.04,0,0,FIRM
D,TRADING,PRICE,3,"2025/05/29 20:15:00",1,NSW1,243,455.13,0,0,"2025/05/29 20:10:03",455.13,0.37,0.37,0.1,0.1,0.15,0.15,9.89,9.89,0.2,0.2,0.38,0.38,0.38,0.38,8.6,8.6,0.04,0.04,0,0,FIRM
D,TRADING,PRICE,3,"2025/05/29 20:15:00",1,QLD1,243,447.21,0,0,"2025/05/29 20:10:03",447.21,0.37,0.37,0.1,0.1,0.15,0.15,9.89,9.89,0.2,0.2,0.38,0.38,0.38,0.38,8.6,8.6,0.04,0.04,0,0,FIRM
D,TRADING,PRICE,3,"2025/05/29 20:15:00",1,TAS1,243,100.24,0,0,"2025/05/29 20:10:03",100.24,0.38,0.38,0.38,0.38,0.38,0.38,6.76,6.76,0,0,0,0,0,0,2.46,2.46,0.04,0.04,0,0,FIRM
D,TRADING,PRICE,3,"2025/05/29 20:15:00",1,VIC1,243,92.91,0,0,"2025/05/29 20:10:03",92.91,0.37,0.37,0.1,0.1,0.15,0.15,9.89,9.89,0.2,0.2,0.38,0.38,0.38,0.38,8.6,8.6,0.04,0.04,0,0,FIRM
C,"END OF REPORT",15
