C,NEMP.WORLD,TRADINGIS,AEMO,PUBLIC,2025/05/28,03:10:10,0000000465187094,TRADINGIS,0000000465187093
I,TRADING,INTERCONNECTORRES,2,SETTLEMENTDATE,RUNNO,INTERCONNECTORID,PERIODID,METEREDMWFLOW,MWFLOW,MWLOSSES,LASTCHANGED
D,TRADING,INTERCONNECTORRES,2,"2025/05/28 03:15:00",1,N-Q-MNSP1,39,-0.5,0,0,"2025/05/28 03:10:03"
D,TRADING,INTERCONNECTORRES,2,"2025/05/28 03:15:00",1,NSW1-QLD1,39,275.1,303.74,7.64,"2025/05/28 03:10:03"
D,TRADING,INTERCONNECTORRES,2,"2025/05/28 03:15:00",1,T-V-MNSP1,39,-442,-478,25.62,"2025/05/28 03:10:03"
D,TRADING,INTERCONNECTORRES,2,"2025/05/28 03:15:00",1,V-S-MNSP1,39,167,167.13,21.39,"2025/05/28 03:10:03"
D,TRADING,INTERCONNECTORRES,2,"2025/05/28 03:15:00",1,V-SA,39,564.76,566.95,43.69,"2025/05/28 03:10:03"
D,TRADING,INTERCONNECTORRES,2,"2025/05/28 03:15:00",1,VIC1-NSW1,39,697.03,656.64,56.39,"2025/05/28 03:10:03"
I,TRADING,PRICE,3,SETTLEMENTDATE,RUNNO,REGIONID,PERIODID,RRP,EEP,INVALIDFLAG,LASTCHANGED,ROP,RAISE6SECRRP,RAISE6SECROP,RAISE60SECRRP,RAISE60SECROP,RAISE5MINRRP,RAISE5MINROP,RAISEREGRRP,RAISEREGROP,LOWER6SECRRP,LOWER6SECROP,LOWER60SECRRP,LOWER60SECROP,LOWER5MINRRP,LOWER5MINROP,LOWERREGRRP,LOWERREGROP,RAISE1SECRRP,RAISE1SECROP,LOWER1SECRRP,LOWER1SECROP,PRICE_STATUS
D,TRADING,PRICE,3,"2025/05/28 03:15:00",1,SA1,39,99.45,0,0,"2025/05/28 03:10:03",99.45,0.37,0.37,0.15,0.15,0.1,0.1,0.1,0.1,0.1,0.1,0.45,0.45,0,0,0,0,0.1,0.1,0,0,FIRM
D,TRADING,PRICE,3,"2025/05/28 03:15:00",1,NSW1,39,57.01,0,0,"2025/05/28 03:10:03",57.01,0.37,0.37,0.15,0.15,0.1,0.1,0.1,0.1,0.1,0.1,0.45,0.45,0,0,0,0,0.1,0.1,0,0,FIRM
D,TRADING,PRICE,3,"2025/05/28 03:15:00",1,QLD1,39,60.08,0,0,"2025/05/28 03:10:03",60.08,0.37,0.37,0.15,0.15,0.1,0.1,0.1,0.1,0.1,0.1,0.45,0.45,0,0,0,0,0.1,0.1,0,0,FIRM
D,TRADING,PRICE,3,"2025/05/28 03:15:00",1,TAS1,39,35.02,0,0,"2025/05/28 03:10:03",35.02,0.38,0.38,0.38,0.38,0.38,0.38,7.4,7.4,0.1,0.1,0.38,0.38,0,0,3.48,3.48,0.1,0.1,0,0,FIRM
D,TRADING,PRICE,3,"2025/05/28 03:15:00",1,VIC1,39,8.95,0,0,"2025/05/28 03:10:03",8.95,0.37,0.37,0.15,0.15,0.1,0.1,0.1,0.1,0.1,0.1,0.45,0.45,0,0,0,0,0.1,0.1,0,0,FIRM
C,"END OF REPORT",15
