C,NEMP.WORLD,TRADINGIS,AEMO,PUBLIC,2025/05/26,11:45:15,0000000464939709,TRADINGIS,0000000464939708
I,TRADING,INTERCONNECTORRES,2,SETTLEMENTDATE,RUNNO,INTERCONNECTORID,PERIODID,METEREDMWFLOW,MWFLOW,MWLOSSES,LASTCHANGED
D,TRADING,INTERCONNECTORRES,2,"2025/05/26 11:50:00",1,N-Q-MNSP1,142,-37.5,-33,1.59,"2025/05/26 11:45:07"
D,TRADING,INTERCONNECTORRES,2,"2025/05/26 11:50:00",1,NSW1-QLD1,142,-914.6,-833,62.32,"2025/05/26 11:45:07"
D,TRADING,INTERCONNECTORRES,2,"2025/05/26 11:50:00",1,T-V-MNSP1,142,-467.6,-452.83,23.09,"2025/05/26 11:45:07"
D,TRADING,INTERCONNECTORRES,2,"2025/05/26 11:50:00",1,V-S-MNSP1,142,153,153.95,17.24,"2025/05/26 11:45:07"
D,TRADING,INTERCONNECTORRES,2,"2025/05/26 11:50:00",1,V-SA,142,279.64,250.1,18.76,"2025/05/26 11:45:07"
D,TRADING,INTERCONNECTORRES,2,"2025/05/26 11:50:00",1,VIC1-NSW1,142,242.21,494.19,22.41,"2025/05/26 11:45:07"
I,TRADING,PRICE,3,SETTLEMENTDATE,RUNNO,REGIONID,PERIODID,RRP,EEP,INVALIDFLAG,LASTCHANGED,ROP,RAISE6SECRRP,RAISE6SECROP,RAISE60SECRRP,RAISE60SECROP,RAISE5MINRRP,RAISE5MINROP,RAISEREGRRP,RAISEREGROP,LOWER6SECRRP,LOWER6SECROP,LOWER60SECRRP,LOWER60SECROP,LOWER5MINRRP,LOWER5MINROP,LOWERREGRRP,LOWERREGROP,RAISE1SECRRP,RAISE1SECROP,LOWER1SECRRP,LOWER1SECROP,PRICE_STATUS
D,TRADING,PRICE,3,"2025/05/26 11:50:00",1,SA1,142,-21.26,0,0,"2025/05/26 11:45:07",-21.26,0.1,0.1,0.04,0.04,0.04,0.04,5.45,5.45,0.1,0.1,0.39,0.39,0.1,0.1,1,1,0.37,0.37,0,0,FIRM
D,TRADING,PRICE,3,"2025/05/26 11:50:00",1,NSW1,142,65.01,0,0,"2025/05/26 11:45:07",65.01,0.1,0.1,0.04,0.04,0.04,0.04,5.45,5.45,0.1,0.1,0.39,0.39,0.1,0.1,1,1,0.37,0.37,0,0,FIRM
D,TRADING,PRICE,3,"2025/05/26 11:50:00",1,QLD1,142,55.73,0,0,"2025/05/26 11:45:07",55.73,0.1,0.1,0.04,0.04,0.04,0.04,5.45,5.45,0.1,0.1,0.39,0.39,0.1,0.1,1,1,0.37,0.37,0,0,FIRM
D,TRADING,PRICE,3,"2025/05/26 11:50:00",1,TAS1,142,34.28,0,0,"2025/05/26 11:45:07",34.28,18.22,18.22,4.61,4.61,0.38,0.38,9.8,9.8,0.1,0.1,0.38,0.38,0,0,2.55,2.55,0.37,0.37,0,0,FIRM
D,TRADING,PRICE,3,"2025/05/26 11:50:00",1,VIC1,142,-27.01,0,0,"2025/05/26 11:45:07",-27.01,0.1,0.1,0.04,0.04,0.04,0.04,5.45,5.45,0.1,0.1,0.39,0.39,0.1,0.1,1,1,0.37,0.37,0,0,FIRM
C,"END OF REPORT",15
