C,NEMP.WORLD,TRADINGIS,AEMO,PUBLIC,2025/05/26,13:45:15,0000000464953820,TRADINGIS,0000000464953819
I,TRADING,INTERCONNECTORRES,2,SETTLEMENTDATE,RUNNO,INTERCONNECTORID,PERIODID,METEREDMWFLOW,MWFLOW,MWLOSSES,LASTCHANGED
D,TRADING,INTERCONNECTORRES,2,"2025/05/26 13:50:00",1,N-Q-MNSP1,166,-32.5,-33,1.59,"2025/05/26 13:45:08"
D,TRADING,INTERCONNECTORRES,2,"2025/05/26 13:50:00",1,NSW1-QLD1,166,-919.7,-748.41,40.37,"2025/05/26 13:45:08"
D,TRADING,INTERCONNECTORRES,2,"2025/05/26 13:50:00",1,T-V-MNSP1,166,-458.4,-442.24,22.06,"2025/05/26 13:45:08"
D,TRADING,INTERCONNECTORRES,2,"2025/05/26 13:50:00",1,V-S-MNSP1,166,170,168.46,21.83,"2025/05/26 13:45:08"
D,TRADING,INTERCONNECTORRES,2,"2025/05/26 13:50:00",1,V-SA,166,308.13,118.49,2.47,"2025/05/26 13:45:08"
D,TRADING,INTERCONNECTORRES,2,"2025/05/26 13:50:00",1,VIC1-NSW1,166,60.75,523.04,45.45,"2025/05/26 13:45:08"
I,TRADING,PRICE,3,SETTLEMENTDATE,RUNNO,REGIONID,PERIODID,RRP,EEP,INVALIDFLAG,LASTCHANGED,ROP,RAISE6SECRRP,RAISE6SECROP,RAISE60SECRRP,RAISE60SECROP,RAISE5MINRRP,RAISE5MINROP,RAISEREGRRP,RAISEREGROP,LOWER6SECRRP,LOWER6SECROP,LOWER60SECRRP,LOWER60SECROP,LOWER5MINRRP,LOWER5MINROP,LOWERREGRRP,LOWERREGROP,RAISE1SECRRP,RAISE1SECROP,LOWER1SECRRP,LOWER1SECROP,PRICE_STATUS
D,TRADING,PRICE,3,"2025/05/26 13:50:00",1,SA1,166,-25.5,0,0,"2025/05/26 13:45:08",-25.5,0.01,0.01,0.01,0.01,0.01,0.01,9.24,9.24,0.38,0.38,1.83,1.83,0.38,0.38,8.89,8.89,0.04,0.04,0.01,0.01,FIRM
D,TRADING,PRICE,3,"2025/05/26 13:50:00",1,NSW1,166,19.79,0,0,"2025/05/26 13:45:08",19.79,0.01,0.01,0.01,0.01,0.01,0.01,9.24,9.24,0.38,0.38,1.83,1.83,0.38,0.38,8.89,8.89,0.04,0.04,0.01,0.01,FIRM
D,TRADING,PRICE,3,"2025/05/26 13:50:00",1,QLD1,166,17.5,0,0,"2025/05/26 13:45:08",17.5,0.01,0.01,0.01,0.01,0.01,0.01,9.24,9.24,0.38,0.38,1.83,1.83,0.38,0.38,8.89,8.89,0.04,0.04,0.01,0.01,FIRM
D,TRADING,PRICE,3,"2025/05/26 13:50:00",1,TAS1,166,11.25,0,0,"2025/05/26 13:45:08",11.25,0.38,0.38,0.38,0.38,0.01,0.01,8.8,8.8,0.38,0.38,1.33,1.33,0,0,2.55,2.55,0.04,0.04,0.01,0.01,FIRM
D,TRADING,PRICE,3,"2025/05/26 13:50:00",1,VIC1,166,-24.69,0,0,"2025/05/26 13:45:08",-24.69,0.01,0.01,0.01,0.01,0.01,0.01,9.24,9.24,0.38,0.38,1.83,1.83,0.38,0.38,8.89,8.89,0.04,0.04,0.01,0.01,FIRM
C,"END OF REPORT",15
