C,NEMP.WORLD,TRADINGIS,AEMO,PUBLIC,2025/05/26,16:50:11,0000000464973727,TRADINGIS,0000000464973726
I,TRADING,INTERCONNECTORRES,2,SETTLEMENTDATE,RUNNO,INTERCONNECTORID,PERIODID,METEREDMWFLOW,MWFLOW,MWLOSSES,LASTCHANGED
D,TRADING,INTERCONNECTORRES,2,"2025/05/26 16:55:00",1,N-Q-MNSP1,203,0.1,0,0,"2025/05/26 16:50:03"
D,TRADING,INTERCONNECTORRES,2,"2025/05/26 16:55:00",1,NSW1-QLD1,203,-154.5,-203.27,-9.11,"2025/05/26 16:50:03"
D,TRADING,INTERCONNECTORRES,2,"2025/05/26 16:55:00",1,T-V-MNSP1,203,-407.2,-448.38,22.66,"2025/05/26 16:50:03"
D,TRADING,INTERCONNECTORRES,2,"2025/05/26 16:55:00",1,V-S-MNSP1,203,170,169.83,22.27,"2025/05/26 16:50:03"
D,TRADING,INTERCONNECTORRES,2,"2025/05/26 16:55:00",1,V-SA,203,174.4,188.88,6.41,"2025/05/26 16:50:03"
D,TRADING,INTERCONNECTORRES,2,"2025/05/26 16:55:00",1,VIC1-NSW1,203,714.55,398.54,17.32,"2025/05/26 16:50:03"
I,TRADING,PRICE,3,SETTLEMENTDATE,RUNNO,REGIONID,PERIODID,RRP,EEP,INVALIDFLAG,LASTCHANGED,ROP,RAISE6SECRRP,RAISE6SECROP,RAISE60SECRRP,RAISE60SECROP,RAISE5MINRRP,RAISE5MINROP,RAISEREGRRP,RAISEREGROP,LOWER6SECRRP,LOWER6SECROP,LOWER60SECRRP,LOWER60SECROP,LOWER5MINRRP,LOWER5MINROP,LOWERREGRRP,LOWERREGROP,RAISE1SECRRP,RAISE1SECROP,LOWER1SECRRP,LOWER1SECROP,PRICE_STATUS
D,TRADING,PRICE,3,"2025/05/26 16:55:00",1,SA1,203,-20,0,0,"2025/05/26 16:50:03",-20,0.38,0.38,0.38,0.38,0.38,0.38,9.24,9.24,0.14,0.14,0.38,0.38,0.15,0.15,1.51,1.51,0.36,0.36,0,0,FIRM
D,TRADING,PRICE,3,"2025/05/26 16:55:00",1,NSW1,203,217.9,0,0,"2025/05/26 16:50:03",217.9,0.38,0.38,0.38,0.38,0.38,0.38,9.24,9.24,0.14,0.14,0.38,0.38,0.15,0.15,1.51,1.51,0.36,0.36,0,0,FIRM
D,TRADING,PRICE,3,"2025/05/26 16:55:00",1,QLD1,203,223.73,0,0,"2025/05/26 16:50:03",223.73,0.38,0.38,0.38,0.38,0.38,0.38,9.24,9.24,0.14,0.14,0.38,0.38,0.15,0.15,1.51,1.51,0.36,0.36,0,0,FIRM
D,TRADING,PRICE,3,"2025/05/26 16:55:00",1,TAS1,203,149.62,0,0,"2025/05/26 16:50:03",149.62,0.38,0.38,0.38,0.38,0.38,0.38,8.8,8.8,0.14,0.14,0.38,0.38,0,0,3.55,3.55,0.36,0.36,0,0,FIRM
D,TRADING,PRICE,3,"2025/05/26 16:55:00",1,VIC1,203,-15.24,0,0,"2025/05/26 16:50:03",-15.24,0.38,0.38,0.38,0.38,0.38,0.38,9.24,9.24,0.14,0.14,0.38,0.38,0.15,0.15,1.51,1.51,0.36,0.36,0,0,FIRM
C,"END OF REPORT",15
