C,NEMP.WORLD,TRADINGIS,AEMO,PUBLIC,2025/05/29,12:35:10,0000000465386579,TRADINGIS,0000000465386578
I,TRADING,INTERCONNECTORRES,2,SETTLEMENTDATE,RUNNO,INTERCONNECTORID,PERIODID,METEREDMWFLOW,MWFLOW,MWLOSSES,LASTCHANGED
D,TRADING,INTERCONNECTORRES,2,"2025/05/29 12:40:00",1,N-Q-MNSP1,152,-16.2,-17,0.07,"2025/05/29 12:35:03"
D,TRADING,INTERCONNECTORRES,2,"2025/05/29 12:40:00",1,NSW1-QLD1,152,-128,-198.22,2.3,"2025/05/29 12:35:03"
D,TRADING,INTERCONNECTORRES,2,"2025/05/29 12:40:00",1,T-V-MNSP1,152,-426.1,-463.13,24.11,"2025/05/29 12:35:03"
D,TRADING,INTERCONNECTORRES,2,"2025/05/29 12:40:00",1,V-S-MNSP1,152,9,9,-0.56,"2025/05/29 12:35:03"
D,TRADING,INTERCONNECTORRES,2,"2025/05/29 12:40:00",1,V-SA,152,-122.45,-121.89,5.64,"2025/05/29 12:35:03"
D,TRADING,INTERCONNECTORRES,2,"2025/05/29 12:40:00",1,VIC1-NSW1,152,277.91,76.59,6.2,"2025/05/29 12:35:03"
I,TRADING,PRICE,3,SETTLEMENTDATE,RUNNO,REGIONID,PERIODID,RRP,EEP,INVALIDFLAG,LASTCHANGED,ROP,RAISE6SECRRP,RAISE6SECROP,RAISE60SECRRP,RAISE60SECROP,RAISE5MINRRP,RAISE5MINROP,RAISEREGRRP,RAISEREGROP,LOWER6SECRRP,LOWER6SECROP,LOWER60SECRRP,LOWER60SECROP,LOWER5MINRRP,LOWER5MINROP,LOWERREGRRP,LOWERREGROP,RAISE1SECRRP,RAISE1SECROP,LOWER1SECRRP,LOWER1SECROP,PRICE_STATUS
D,TRADING,PRICE,3,"2025/05/29 12:40:00",1,SA1,152,84.26,0,0,"2025/05/29 12:35:03",84.26,0.1,0.1,0.01,0.01,0.04,0.04,5.99,5.99,0.38,0.38,0.39,0.39,0.38,0.38,0.38,0.38,0.1,0.1,0,0,FIRM
D,TRADING,PRICE,3,"2025/05/29 12:40:00",1,NSW1,152,97.85,0,0,"2025/05/29 12:35:03",97.85,0.1,0.1,0.01,0.01,0.04,0.04,5.99,5.99,0.38,0.38,0.39,0.39,0.38,0.38,0.38,0.38,0.1,0.1,0,0,FIRM
D,TRADING,PRICE,3,"2025/05/29 12:40:00",1,QLD1,152,95,0,0,"2025/05/29 12:35:03",95,0.1,0.1,0.1,0.1,0.04,0.04,5.99,5.99,0.38,0.38,0.39,0.39,0.38,0.38,0.38,0.38,0.1,0.1,0,0,FIRM
D,TRADING,PRICE,3,"2025/05/29 12:40:00",1,TAS1,152,102.04,0,0,"2025/05/29 12:35:03",102.04,0.38,0.38,0.38,0.38,0.38,0.38,8.54,8.54,0.38,0.38,0.39,0.39,0,0,2.46,2.46,0.1,0.1,0,0,FIRM
D,TRADING,PRICE,3,"2025/05/29 12:40:00",1,VIC1,152,89.67,0,0,"2025/05/29 12:35:03",89.67,0.1,0.1,0.01,0.01,0.04,0.04,5.99,5.99,0.38,0.38,0.39,0.39,0.38,0.38,0.38,0.38,0.1,0.1,0,0,FIRM
C,"END OF REPORT",15
