C,NEMP.WORLD,TRADINGIS,AEMO,PUBLIC,2025/05/28,19:25:11,0000000465286580,TRADINGIS,0000000465286579
I,TRADING,INTERCONNECTORRES,2,SETTLEMENTDATE,RUNNO,INTERCONNECTORID,PERIODID,METEREDMWFLOW,MWFLOW,MWLOSSES,LASTCHANGED
D,TRADING,INTERCONNECTORRES,2,"2025/05/28 19:30:00",1,N-Q-MNSP1,234,-27.3,-33,1.59,"2025/05/28 19:25:03"
D,TRADING,INTERCONNECTORRES,2,"2025/05/28 19:30:00",1,NSW1-QLD1,234,-1011.2,-999,31.08,"2025/05/28 19:25:03"
D,TRADING,INTERCONNECTORRES,2,"2025/05/28 19:30:00",1,T-V-MNSP1,234,128.8,112.88,0.89,"2025/05/28 19:25:03"
D,TRADING,INTERCONNECTORRES,2,"2025/05/28 19:30:00",1,V-S-MNSP1,234,54,54,-0.46,"2025/05/28 19:25:03"
D,TRADING,INTERCONNECTORRES,2,"2025/05/28 19:30:00",1,V-SA,234,194.09,182.42,5.53,"2025/05/28 19:25:03"
D,TRADING,INTERCONNECTORRES,2,"2025/05/28 19:30:00",1,VIC1-NSW1,234,-112.74,-121.67,1.2,"2025/05/28 19:25:03"
I,TRADING,PRICE,3,SETTLEMENTDATE,RUNNO,REGIONID,PERIODID,RRP,EEP,INVALIDFLAG,LASTCHANGED,ROP,RAISE6SECRRP,RAISE6SECROP,RAISE60SECRRP,RAISE60SECROP,RAISE5MINRRP,RAISE5MINROP,RAISEREGRRP,RAISEREGROP,LOWER6SECRRP,LOWER6SECROP,LOWER60SECRRP,LOWER60SECROP,LOWER5MINRRP,LOWER5MINROP,LOWERREGRRP,LOWERREGROP,RAISE1SECRRP,RAISE1SECROP,LOWER1SECRRP,LOWER1SECROP,PRICE_STATUS
D,TRADING,PRICE,3,"2025/05/28 19:30:00",1,SA1,234,139.51,0,0,"2025/05/28 19:25:03",139.51,0.38,0.38,0.15,0.15,0.15,0.15,5,5,0.14,0.14,0.38,0.38,0.3,0.3,3.7,3.7,0.37,0.37,0,0,FIRM
D,TRADING,PRICE,3,"2025/05/28 19:30:00",1,NSW1,234,130.3,0,0,"2025/05/28 19:25:03",130.3,0.38,0.38,0.15,0.15,0.15,0.15,5,5,0.14,0.14,0.38,0.38,0.3,0.3,3.7,3.7,0.37,0.37,0,0,FIRM
D,TRADING,PRICE,3,"2025/05/28 19:30:00",1,QLD1,234,115.54,0,0,"2025/05/28 19:25:03",115.54,0.38,0.38,0.15,0.15,0.15,0.15,5,5,0.14,0.14,0.38,0.38,0.3,0.3,3.7,3.7,0.37,0.37,0,0,FIRM
D,TRADING,PRICE,3,"2025/05/28 19:30:00",1,TAS1,234,127.76,0,0,"2025/05/28 19:25:03",127.76,0.38,0.38,0.38,0.38,0.36,0.36,9.4,9.4,0.14,0.14,0.38,0.38,0.3,0.3,3.48,3.48,0.37,0.37,0,0,FIRM
D,TRADING,PRICE,3,"2025/05/28 19:30:00",1,VIC1,234,132.72,0,0,"2025/05/28 19:25:03",132.72,0.38,0.38,0.15,0.15,0.15,0.15,5,5,0.14,0.14,0.38,0.38,0.3,0.3,3.7,3.7,0.37,0.37,0,0,FIRM
C,"END OF REPORT",15
