C,NEMP.WORLD,TRADINGIS,AEMO,PUBLIC,2025/05/26,12:10:17,0000000464943182,TRADINGIS,0000000464943181
I,TRADING,INTERCONNECTORRES,2,SETTLEMENTDATE,RUNNO,INTERCONNECTORID,PERIODID,METEREDMWFLOW,MWFLOW,MWLOSSES,LASTCHANGED
D,TRADING,INTERCONNECTORRES,2,"2025/05/26 12:15:00",1,N-Q-MNSP1,147,-48.4,-17,0.07,"2025/05/26 12:10:09"
D,TRADING,INTERCONNECTORRES,2,"2025/05/26 12:15:00",1,NSW1-QLD1,147,-932,-1039.75,94,"2025/05/26 12:10:09"
D,TRADING,INTERCONNECTORRES,2,"2025/05/26 12:15:00",1,T-V-MNSP1,147,-402.9,-452.87,23.09,"2025/05/26 12:10:09"
D,TRADING,INTERCONNECTORRES,2,"2025/05/26 12:15:00",1,V-S-MNSP1,147,100,155.85,17.83,"2025/05/26 12:10:09"
D,TRADING,INTERCONNECTORRES,2,"2025/05/26 12:15:00",1,V-SA,147,158.47,250.1,19.52,"2025/05/26 12:10:09"
D,TRADING,INTERCONNECTORRES,2,"2025/05/26 12:15:00",1,VIC1-NSW1,147,1005.69,638.55,36.24,"2025/05/26 12:10:09"
I,TRADING,PRICE,3,SETTLEMENTDATE,RUNNO,REGIONID,PERIODID,RRP,EEP,INVALIDFLAG,LASTCHANGED,ROP,RAISE6SECRRP,RAISE6SECROP,RAISE60SECRRP,RAISE60SECROP,RAISE5MINRRP,RAISE5MINROP,RAISEREGRRP,RAISEREGROP,LOWER6SECRRP,LOWER6SECROP,LOWER60SECRRP,LOWER60SECROP,LOWER5MINRRP,LOWER5MINROP,LOWERREGRRP,LOWERREGROP,RAISE1SECRRP,RAISE1SECROP,LOWER1SECRRP,LOWER1SECROP,PRICE_STATUS
D,TRADING,PRICE,3,"2025/05/26 12:15:00",1,SA1,147,-21,0,0,"2025/05/26 12:10:09",-21,0.01,0.01,0.01,0.01,0.01,0.01,10,10,0.14,0.14,0.86,0.86,0.01,0.01,0.01,0.01,0.04,0.04,0,0,FIRM
D,TRADING,PRICE,3,"2025/05/26 12:15:00",1,NSW1,147,110,0,0,"2025/05/26 12:10:09",110,0.01,0.01,0.01,0.01,0.01,0.01,10,10,0.14,0.14,0.86,0.86,0.01,0.01,0.01,0.01,0.04,0.04,0,0,FIRM
D,TRADING,PRICE,3,"2025/05/26 12:15:00",1,QLD1,147,57.37,0,0,"2025/05/26 12:10:09",57.37,0.01,0.01,0.01,0.01,0.01,0.01,10,10,0.14,0.14,0.86,0.86,0.01,0.01,0.01,0.01,0.04,0.04,0,0,FIRM
D,TRADING,PRICE,3,"2025/05/26 12:15:00",1,TAS1,147,11.25,0,0,"2025/05/26 12:10:09",11.25,0.38,0.38,0.38,0.38,0.38,0.38,8.8,8.8,0.14,0.14,0.38,0.38,0,0,3.55,3.55,0.04,0.04,0,0,FIRM
D,TRADING,PRICE,3,"2025/05/26 12:15:00",1,VIC1,147,-20.19,0,0,"2025/05/26 12:10:09",-20.19,0.01,0.01,0.01,0.01,0.01,0.01,10,10,0.14,0.14,0.86,0.86,0.01,0.01,0.01,0.01,0.04,0.04,0,0,FIRM
C,"END OF REPORT",15
