C,NEMP.WORLD,TRADINGIS,AEMO,PUBLIC,2025/05/27,19:35:11,0000000465142952,TRADINGIS,0000000465142951
I,TRADING,INTERCONNECTORRES,2,SETTLEMENTDATE,RUNNO,INTERCONNECTORID,PERIODID,METEREDMWFLOW,MWFLOW,MWLOSSES,LASTCHANGED
D,TRADING,INTERCONNECTORRES,2,"2025/05/27 19:40:00",1,N-Q-MNSP1,236,-0.2,-9,-0.16,"2025/05/27 19:35:03"
D,TRADING,INTERCONNECTORRES,2,"2025/05/27 19:40:00",1,NSW1-QLD1,236,-228.5,-326.62,-10.13,"2025/05/27 19:35:03"
D,TRADING,INTERCONNECTORRES,2,"2025/05/27 19:40:00",1,T-V-MNSP1,236,-362,-234.97,6.66,"2025/05/27 19:35:03"
D,TRADING,INTERCONNECTORRES,2,"2025/05/27 19:40:00",1,V-S-MNSP1,236,52,63,0.15,"2025/05/27 19:35:03"
D,TRADING,INTERCONNECTORRES,2,"2025/05/27 19:40:00",1,V-SA,236,152.25,290.6,11.34,"2025/05/27 19:35:03"
D,TRADING,INTERCONNECTORRES,2,"2025/05/27 19:40:00",1,VIC1-NSW1,236,-183.45,-227.65,3.7,"2025/05/27 19:35:03"
I,TRADING,PRICE,3,SETTLEMENTDATE,RUNNO,REGIONID,PERIODID,RRP,EEP,INVALIDFLAG,LASTCHANGED,ROP,RAISE6SECRRP,RAISE6SECROP,RAISE60SECRRP,RAISE60SECROP,RAISE5MINRRP,RAISE5MINROP,RAISEREGRRP,RAISEREGROP,LOWER6SECRRP,LOWER6SECROP,LOWER60SECRRP,LOWER60SECROP,LOWER5MINRRP,LOWER5MINROP,LOWERREGRRP,LOWERREGROP,RAISE1SECRRP,RAISE1SECROP,LOWER1SECRRP,LOWER1SECROP,PRICE_STATUS
D,TRADING,PRICE,3,"2025/05/27 19:40:00",1,SA1,236,120.7,0,0,"2025/05/27 19:35:03",120.7,0.37,0.37,0.1,0.1,0.1,0.1,0.1,0.1,0.01,0.01,0.15,0.15,0.1,0.1,3.49,3.49,0.04,0.04,0,0,FIRM
D,TRADING,PRICE,3,"2025/05/27 19:40:00",1,NSW1,236,98.52,0,0,"2025/05/27 19:35:03",98.52,0.37,0.37,0.1,0.1,0.1,0.1,0.1,0.1,0.01,0.01,0.15,0.15,0.1,0.1,3.49,3.49,0.04,0.04,0,0,FIRM
D,TRADING,PRICE,3,"2025/05/27 19:40:00",1,QLD1,236,98.45,0,0,"2025/05/27 19:35:03",98.45,0.37,0.37,0.1,0.1,0.1,0.1,0.1,0.1,0.01,0.01,0.15,0.15,0.1,0.1,3.49,3.49,0.04,0.04,0,0,FIRM
D,TRADING,PRICE,3,"2025/05/27 19:40:00",1,TAS1,236,116.48,0,0,"2025/05/27 19:35:03",116.48,0.37,0.37,0.36,0.36,0.1,0.1,7.4,7.4,0.01,0.01,0.15,0.15,0.1,0.1,3.48,3.48,0.04,0.04,0,0,FIRM
D,TRADING,PRICE,3,"2025/05/27 19:40:00",1,VIC1,236,112.18,0,0,"2025/05/27 19:35:03",112.18,0.37,0.37,0.1,0.1,0.1,0.1,0.1,0.1,0.01,0.01,0.15,0.15,0.1,0.1,3.49,3.49,0.04,0.04,0,0,FIRM
C,"END OF REPORT",15
