C,NEMP.WORLD,TRADINGIS,AEMO,PUBLIC,2025/05/29,08:05:11,0000000465358710,TRADINGIS,0000000465358709
I,TRADING,INTERCONNECTORRES,2,SETTLEMENTDATE,RUNNO,INTERCONNECTORID,PERIODID,METEREDMWFLOW,MWFLOW,MWLOSSES,LASTCHANGED
D,TRADING,INTERCONNECTORRES,2,"2025/05/29 08:10:00",1,N-Q-MNSP1,98,-22.8,-17,0.07,"2025/05/29 08:05:04"
D,TRADING,INTERCONNECTORRES,2,"2025/05/29 08:10:00",1,NSW1-QLD1,98,-406.1,-400.68,-2.24,"2025/05/29 08:05:04"
D,TRADING,INTERCONNECTORRES,2,"2025/05/29 08:10:00",1,T-V-MNSP1,98,-203.9,-58.67,0.59,"2025/05/29 08:05:04"
D,TRADING,INTERCONNECTORRES,2,"2025/05/29 08:10:00",1,V-S-MNSP1,98,9,17.12,-0.9,"2025/05/29 08:05:04"
D,TRADING,INTERCONNECTORRES,2,"2025/05/29 08:10:00",1,V-SA,98,-264.94,-170,3.38,"2025/05/29 08:05:04"
D,TRADING,INTERCONNECTORRES,2,"2025/05/29 08:10:00",1,VIC1-NSW1,98,248.42,248.39,8.52,"2025/05/29 08:05:04"
I,TRADING,PRICE,3,SETTLEMENTDATE,RUNNO,REGIONID,PERIODID,RRP,EEP,INVALIDFLAG,LASTCHANGED,ROP,RAISE6SECRRP,RAISE6SECROP,RAISE60SECRRP,RAISE60SECROP,RAISE5MINRRP,RAISE5MINROP,RAISEREGRRP,RAISEREGROP,LOWER6SECRRP,LOWER6SECROP,LOWER60SECRRP,LOWER60SECROP,LOWER5MINRRP,LOWER5MINROP,LOWERREGRRP,LOWERREGROP,RAISE1SECRRP,RAISE1SECROP,LOWER1SECRRP,LOWER1SECROP,PRICE_STATUS
D,TRADING,PRICE,3,"2025/05/29 08:10:00",1,SA1,98,163.33,0,0,"2025/05/29 08:05:04",163.33,1.84,1.84,0.38,0.38,0.38,0.38,5,5,0.01,0.01,0.1,0.1,0.1,0.1,1.49,1.49,0.77,0.77,0,0,FIRM
D,TRADING,PRICE,3,"2025/05/29 08:10:00",1,NSW1,98,180.26,0,0,"2025/05/29 08:05:04",180.26,1.84,1.84,0.38,0.38,0.38,0.38,5,5,0.01,0.01,0.1,0.1,0.1,0.1,1.49,1.49,0.77,0.77,0,0,FIRM
D,TRADING,PRICE,3,"2025/05/29 08:10:00",1,QLD1,98,174.63,0,0,"2025/05/29 08:05:04",174.63,1.84,1.84,0.38,0.38,0.38,0.38,5,5,0.01,0.01,0.1,0.1,0.1,0.1,1.49,1.49,0.77,0.77,0,0,FIRM
D,TRADING,PRICE,3,"2025/05/29 08:10:00",1,TAS1,98,160.28,0,0,"2025/05/29 08:05:04",160.28,1.75,1.75,0.38,0.38,0,0,7.76,7.76,1.59,1.59,0.38,0.38,0.38,0.38,2.46,2.46,0,0,0,0,FIRM
D,TRADING,PRICE,3,"2025/05/29 08:10:00",1,VIC1,98,170.23,0,0,"2025/05/29 08:05:04",170.23,1.84,1.84,0.38,0.38,0.38,0.38,5,5,0.01,0.01,0.1,0.1,0.1,0.1,1.49,1.49,0.77,0.77,0,0,FIRM
C,"END OF REPORT",15
