C,NEMP.WORLD,TRADINGIS,AEMO,PUBLIC,2025/05/28,23:10:11,0000000465308097,TRADINGIS,0000000465308096
I,TRADING,INTERCONNECTORRES,2,SETTLEMENTDATE,RUNNO,INTERCONNECTORID,PERIODID,METEREDMWFLOW,MWFLOW,MWLOSSES,LASTCHANGED
D,TRADING,INTERCONNECTORRES,2,"2025/05/28 23:15:00",1,N-Q-MNSP1,279,-16.5,-17,0.07,"2025/05/28 23:10:04"
D,TRADING,INTERCONNECTORRES,2,"2025/05/28 23:15:00",1,NSW1-QLD1,279,-293,-395.26,4.99,"2025/05/28 23:10:04"
D,TRADING,INTERCONNECTORRES,2,"2025/05/28 23:15:00",1,T-V-MNSP1,279,-445,-438,21.66,"2025/05/28 23:10:04"
D,TRADING,INTERCONNECTORRES,2,"2025/05/28 23:15:00",1,V-S-MNSP1,279,63,63,0.15,"2025/05/28 23:10:04"
D,TRADING,INTERCONNECTORRES,2,"2025/05/28 23:15:00",1,V-SA,279,293.96,323.72,12.33,"2025/05/28 23:10:04"
D,TRADING,INTERCONNECTORRES,2,"2025/05/28 23:15:00",1,VIC1-NSW1,279,292.67,211.3,9.51,"2025/05/28 23:10:04"
I,TRADING,PRICE,3,SETTLEMENTDATE,RUNNO,REGIONID,PERIODID,RRP,EEP,INVALIDFLAG,LASTCHANGED,ROP,RAISE6SECRRP,RAISE6SECROP,RAISE60SECRRP,RAISE60SECROP,RAISE5MINRRP,RAISE5MINROP,RAISEREGRRP,RAISEREGROP,LOWER6SECRRP,LOWER6SECROP,LOWER60SECRRP,LOWER60SECROP,LOWER5MINRRP,LOWER5MINROP,LOWERREGRRP,LOWERREGROP,RAISE1SECRRP,RAISE1SECROP,LOWER1SECRRP,LOWER1SECROP,PRICE_STATUS
D,TRADING,PRICE,3,"2025/05/28 23:15:00",1,SA1,279,108.4,0,0,"2025/05/28 23:10:04",108.4,0.37,0.37,0.1,0.1,0.1,0.1,9.89,9.89,0.1,0.1,0.45,0.45,0.1,0.1,3.7,3.7,0.81,0.81,0,0,FIRM
D,TRADING,PRICE,3,"2025/05/28 23:15:00",1,NSW1,279,107.02,0,0,"2025/05/28 23:10:04",107.02,0.37,0.37,0.1,0.1,0.1,0.1,9.89,9.89,0.1,0.1,0.45,0.45,0.1,0.1,3.7,3.7,0.81,0.81,0,0,FIRM
D,TRADING,PRICE,3,"2025/05/28 23:15:00",1,QLD1,279,101.73,0,0,"2025/05/28 23:10:04",101.73,0.37,0.37,0.1,0.1,0.1,0.1,9.89,9.89,0.1,0.1,0.45,0.45,0.1,0.1,3.7,3.7,0.81,0.81,0,0,FIRM
D,TRADING,PRICE,3,"2025/05/28 23:15:00",1,TAS1,279,150.24,0,0,"2025/05/28 23:10:04",150.24,0.38,0.38,0.38,0.38,0.36,0.36,8.4,8.4,0,0,0,0,0,0,2.48,2.48,0.81,0.81,0,0,FIRM
D,TRADING,PRICE,3,"2025/05/28 23:15:00",1,VIC1,279,100.45,0,0,"2025/05/28 23:10:04",100.45,0.37,0.37,0.1,0.1,0.1,0.1,9.89,9.89,0.1,0.1,0.45,0.45,0.1,0.1,3.7,3.7,0.81,0.81,0,0,FIRM
C,"END OF REPORT",15
