C,NEMP.WORLD,TRADINGIS,AEMO,PUBLIC,2025/05/29,21:20:11,0000000465441453,TRADINGIS,0000000465441452
I,TRADING,INTERCONNECTORRES,2,SETTLEMENTDATE,RUNNO,INTERCONNECTORID,PERIODID,METEREDMWFLOW,MWFLOW,MWLOSSES,LASTCHANGED
D,TRADING,INTERCONNECTORRES,2,"2025/05/29 21:25:00",1,N-Q-MNSP1,257,-7.9,-3.83,-0.07,"2025/05/29 21:20:03"
D,TRADING,INTERCONNECTORRES,2,"2025/05/29 21:25:00",1,NSW1-QLD1,257,-178.9,-153,-4.54,"2025/05/29 21:20:03"
D,TRADING,INTERCONNECTORRES,2,"2025/05/29 21:25:00",1,T-V-MNSP1,257,-299.1,-288.46,9.78,"2025/05/29 21:20:03"
D,TRADING,INTERCONNECTORRES,2,"2025/05/29 21:25:00",1,V-S-MNSP1,257,9,18,-0.93,"2025/05/29 21:20:03"
D,TRADING,INTERCONNECTORRES,2,"2025/05/29 21:25:00",1,V-SA,257,-249.64,-218.87,3.49,"2025/05/29 21:20:03"
D,TRADING,INTERCONNECTORRES,2,"2025/05/29 21:25:00",1,VIC1-NSW1,257,33.98,61.85,0.9,"2025/05/29 21:20:03"
I,TRADING,PRICE,3,SETTLEMENTDATE,RUNNO,REGIONID,PERIODID,RRP,EEP,INVALIDFLAG,LASTCHANGED,ROP,RAISE6SECRRP,RAISE6SECROP,RAISE60SECRRP,RAISE60SECROP,RAISE5MINRRP,RAISE5MINROP,RAISEREGRRP,RAISEREGROP,LOWER6SECRRP,LOWER6SECROP,LOWER60SECRRP,LOWER60SECROP,LOWER5MINRRP,LOWER5MINROP,LOWERREGRRP,LOWERREGROP,RAISE1SECRRP,RAISE1SECROP,LOWER1SECRRP,LOWER1SECROP,PRICE_STATUS
D,TRADING,PRICE,3,"2025/05/29 21:25:00",1,SA1,257,104.74,0,0,"2025/05/29 21:20:03",104.74,0.38,0.38,0.24,0.24,0.15,0.15,5.99,5.99,0.1,0.1,0.38,0.38,0.15,0.15,3.75,3.75,0.37,0.37,0,0,FIRM
D,TRADING,PRICE,3,"2025/05/29 21:25:00",1,NSW1,257,111.33,0,0,"2025/05/29 21:20:03",111.33,0.38,0.38,0.24,0.24,0.15,0.15,5.99,5.99,0.1,0.1,0.38,0.38,0.15,0.15,3.75,3.75,0.37,0.37,0,0,FIRM
D,TRADING,PRICE,3,"2025/05/29 21:25:00",1,QLD1,257,113.33,0,0,"2025/05/29 21:20:03",113.33,0.38,0.38,0.24,0.24,0.15,0.15,5.99,5.99,0.1,0.1,0.38,0.38,0.15,0.15,3.75,3.75,0.37,0.37,0,0,FIRM
D,TRADING,PRICE,3,"2025/05/29 21:25:00",1,TAS1,257,114.34,0,0,"2025/05/29 21:20:03",114.34,0.38,0.38,0.38,0.38,0.15,0.15,7.54,7.54,0.1,0.1,0.38,0.38,0.15,0.15,3.46,3.46,0.37,0.37,0,0,FIRM
D,TRADING,PRICE,3,"2025/05/29 21:25:00",1,VIC1,257,109,0,0,"2025/05/29 21:20:03",109,0.38,0.38,0.24,0.24,0.15,0.15,5.99,5.99,0.1,0.1,0.38,0.38,0.15,0.15,3.75,3.75,0.37,0.37,0,0,FIRM
C,"END OF REPORT",15
