C,NEMP.WORLD,TRADINGIS,AEMO,PUBLIC,2025/05/28,23:35:10,0000000465310421,TRADINGIS,0000000465310420
I,TRADING,INTERCONNECTORRES,2,SETTLEMENTDATE,RUNNO,INTERCONNECTORID,PERIODID,METEREDMWFLOW,MWFLOW,MWLOSSES,LASTCHANGED
D,TRADING,INTERCONNECTORRES,2,"2025/05/28 23:40:00",1,N-Q-MNSP1,284,-20.2,-17,0.07,"2025/05/28 23:35:03"
D,TRADING,INTERCONNECTORRES,2,"2025/05/28 23:40:00",1,NSW1-QLD1,284,-370.5,-329.9,4.22,"2025/05/28 23:35:03"
D,TRADING,INTERCONNECTORRES,2,"2025/05/28 23:40:00",1,T-V-MNSP1,284,-451.7,-438,21.66,"2025/05/28 23:35:03"
D,TRADING,INTERCONNECTORRES,2,"2025/05/28 23:40:00",1,V-S-MNSP1,284,63,72,0.95,"2025/05/28 23:35:03"
D,TRADING,INTERCONNECTORRES,2,"2025/05/28 23:40:00",1,V-SA,284,393.15,374.14,19.39,"2025/05/28 23:35:03"
D,TRADING,INTERCONNECTORRES,2,"2025/05/28 23:40:00",1,VIC1-NSW1,284,311.54,403.91,22.46,"2025/05/28 23:35:03"
I,TRADING,PRICE,3,SETTLEMENTDATE,RUNNO,REGIONID,PERIODID,RRP,EEP,INVALIDFLAG,LASTCHANGED,ROP,RAISE6SECRRP,RAISE6SECROP,RAISE60SECRRP,RAISE60SECROP,RAISE5MINRRP,RAISE5MINROP,RAISEREGRRP,RAISEREGROP,LOWER6SECRRP,LOWER6SECROP,LOWER60SECRRP,LOWER60SECROP,LOWER5MINRRP,LOWER5MINROP,LOWERREGRRP,LOWERREGROP,RAISE1SECRRP,RAISE1SECROP,LOWER1SECRRP,LOWER1SECROP,PRICE_STATUS
D,TRADING,PRICE,3,"2025/05/28 23:40:00",1,SA1,284,85.33,0,0,"2025/05/28 23:35:03",85.33,0.37,0.37,0.1,0.1,0.1,0.1,5.99,5.99,0.14,0.14,0.45,0.45,0,0,0,0,0.37,0.37,0,0,FIRM
D,TRADING,PRICE,3,"2025/05/28 23:40:00",1,NSW1,284,84.85,0,0,"2025/05/28 23:35:03",84.85,0.37,0.37,0.1,0.1,0.1,0.1,5.99,5.99,0.14,0.14,0.45,0.45,0,0,0,0,0.37,0.37,0,0,FIRM
D,TRADING,PRICE,3,"2025/05/28 23:40:00",1,QLD1,284,81.16,0,0,"2025/05/28 23:35:03",81.16,0.37,0.37,0.1,0.1,0.1,0.1,5.99,5.99,0.14,0.14,0.45,0.45,0,0,0,0,0.37,0.37,0,0,FIRM
D,TRADING,PRICE,3,"2025/05/28 23:40:00",1,TAS1,284,100.24,0,0,"2025/05/28 23:35:03",100.24,0.38,0.38,0.38,0.38,0.36,0.36,8.4,8.4,0,0,0,0,0,0,2.48,2.48,0.37,0.37,0,0,FIRM
D,TRADING,PRICE,3,"2025/05/28 23:40:00",1,VIC1,284,77.57,0,0,"2025/05/28 23:35:03",77.57,0.37,0.37,0.1,0.1,0.1,0.1,5.99,5.99,0.14,0.14,0.45,0.45,0,0,0,0,0.37,0.37,0,0,FIRM
C,"END OF REPORT",15
