C,NEMP.WORLD,TRADINGIS,AEMO,PUBLIC,2025/05/26,15:35:16,0000000464965318,TRADINGIS,0000000464965317
I,TRADING,INTERCONNECTORRES,2,SETTLEMENTDATE,RUNNO,INTERCONNECTORID,PERIODID,METEREDMWFLOW,MWFLOW,MWLOSSES,LASTCHANGED
D,TRADING,INTERCONNECTORRES,2,"2025/05/26 15:40:00",1,N-Q-MNSP1,188,-12.4,-9,-0.16,"2025/05/26 15:35:09"
D,TRADING,INTERCONNECTORRES,2,"2025/05/26 15:40:00",1,NSW1-QLD1,188,-282.1,-181.77,-4.39,"2025/05/26 15:35:09"
D,TRADING,INTERCONNECTORRES,2,"2025/05/26 15:40:00",1,T-V-MNSP1,188,-410.8,-438.13,21.67,"2025/05/26 15:35:09"
D,TRADING,INTERCONNECTORRES,2,"2025/05/26 15:40:00",1,V-S-MNSP1,188,39,14.59,-0.79,"2025/05/26 15:35:09"
D,TRADING,INTERCONNECTORRES,2,"2025/05/26 15:40:00",1,V-SA,188,-222.96,-371.38,13.66,"2025/05/26 15:35:09"
D,TRADING,INTERCONNECTORRES,2,"2025/05/26 15:40:00",1,VIC1-NSW1,188,816.95,895.75,96.04,"2025/05/26 15:35:09"
I,TRADING,PRICE,3,SETTLEMENTDATE,RUNNO,REGIONID,PERIODID,RRP,EEP,INVALIDFLAG,LASTCHANGED,ROP,RAISE6SECRRP,RAISE6SECROP,RAISE60SECRRP,RAISE60SECROP,RAISE5MINRRP,RAISE5MINROP,RAISEREGRRP,RAISEREGROP,LOWER6SECRRP,LOWER6SECROP,LOWER60SECRRP,LOWER60SECROP,LOWER5MINRRP,LOWER5MINROP,LOWERREGRRP,LOWERREGROP,RAISE1SECRRP,RAISE1SECROP,LOWER1SECRRP,LOWER1SECROP,PRICE_STATUS
D,TRADING,PRICE,3,"2025/05/26 15:40:00",1,SA1,188,-17.79,0,0,"2025/05/26 15:35:09",-17.79,0.23,0.23,0.1,0.1,0.1,0.1,10,10,0.38,0.38,0.38,0.38,0.38,0.38,1,1,0.36,0.36,0,0,FIRM
D,TRADING,PRICE,3,"2025/05/26 15:40:00",1,NSW1,188,77.95,0,0,"2025/05/26 15:35:09",77.95,0.23,0.23,0.1,0.1,0.1,0.1,10,10,0.38,0.38,0.38,0.38,0.38,0.38,1,1,0.36,0.36,0,0,FIRM
D,TRADING,PRICE,3,"2025/05/26 15:40:00",1,QLD1,188,78.73,0,0,"2025/05/26 15:35:09",78.73,0.23,0.23,0.1,0.1,0.1,0.1,10,10,0.38,0.38,0.38,0.38,0.38,0.38,1,1,0.36,0.36,0,0,FIRM
D,TRADING,PRICE,3,"2025/05/26 15:40:00",1,TAS1,188,11.25,0,0,"2025/05/26 15:35:09",11.25,0.38,0.38,0.38,0.38,0.1,0.1,8.8,8.8,0.38,0.38,0.38,0.38,0,0,2.55,2.55,0.36,0.36,0,0,FIRM
D,TRADING,PRICE,3,"2025/05/26 15:40:00",1,VIC1,188,-19.1,0,0,"2025/05/26 15:35:09",-19.1,0.23,0.23,0.1,0.1,0.1,0.1,10,10,0.38,0.38,0.38,0.38,0.38,0.38,1,1,0.36,0.36,0,0,FIRM
C,"END OF REPORT",15
