C,NEMP.WORLD,TRADINGIS,AEMO,PUBLIC,2025/05/28,00:40:11,0000000465172563,TRADINGIS,0000000465172562
I,TRADING,INTERCONNECTORRES,2,SETTLEMENTDATE,RUNNO,INTERCONNECTORID,PERIODID,METEREDMWFLOW,MWFLOW,MWLOSSES,LASTCHANGED
D,TRADING,INTERCONNECTORRES,2,"2025/05/28 00:45:00",1,N-Q-MNSP1,9,0.4,-9,-0.16,"2025/05/28 00:40:03"
D,TRADING,INTERCONNECTORRES,2,"2025/05/28 00:45:00",1,NSW1-QLD1,9,88.4,38.41,0.36,"2025/05/28 00:40:03"
D,TRADING,INTERCONNECTORRES,2,"2025/05/28 00:45:00",1,T-V-MNSP1,9,-429.1,-471.13,24.92,"2025/05/28 00:40:03"
D,TRADING,INTERCONNECTORRES,2,"2025/05/28 00:45:00",1,V-S-MNSP1,9,152,174.48,23.87,"2025/05/28 00:40:03"
D,TRADING,INTERCONNECTORRES,2,"2025/05/28 00:45:00",1,V-SA,9,604.26,575.79,47.16,"2025/05/28 00:40:03"
D,TRADING,INTERCONNECTORRES,2,"2025/05/28 00:45:00",1,VIC1-NSW1,9,694.79,699.12,54.54,"2025/05/28 00:40:03"
I,TRADING,PRICE,3,SETTLEMENTDATE,RUNNO,REGIONID,PERIODID,RRP,EEP,INVALIDFLAG,LASTCHANGED,ROP,RAISE6SECRRP,RAISE6SECROP,RAISE60SECRRP,RAISE60SECROP,RAISE5MINRRP,RAISE5MINROP,RAISEREGRRP,RAISEREGROP,LOWER6SECRRP,LOWER6SECROP,LOWER60SECRRP,LOWER60SECROP,LOWER5MINRRP,LOWER5MINROP,LOWERREGRRP,LOWERREGROP,RAISE1SECRRP,RAISE1SECROP,LOWER1SECRRP,LOWER1SECROP,PRICE_STATUS
D,TRADING,PRICE,3,"2025/05/28 00:45:00",1,SA1,9,51.58,0,0,"2025/05/28 00:40:03",51.58,0.1,0.1,0.1,0.1,0.1,0.1,0.1,0.1,0.1,0.1,0.39,0.39,0,0,0,0,0.1,0.1,0,0,FIRM
D,TRADING,PRICE,3,"2025/05/28 00:45:00",1,NSW1,9,56.98,0,0,"2025/05/28 00:40:03",56.98,0.1,0.1,0.1,0.1,0.1,0.1,0.1,0.1,0.1,0.1,0.39,0.39,0,0,0,0,0.1,0.1,0,0,FIRM
D,TRADING,PRICE,3,"2025/05/28 00:45:00",1,QLD1,9,57.68,0,0,"2025/05/28 00:40:03",57.68,0.1,0.1,0.1,0.1,0.1,0.1,0.1,0.1,0.1,0.1,0.39,0.39,0,0,0,0,0.1,0.1,0,0,FIRM
D,TRADING,PRICE,3,"2025/05/28 00:45:00",1,TAS1,9,35.02,0,0,"2025/05/28 00:40:03",35.02,0.38,0.38,0.38,0.38,0.36,0.36,7.4,7.4,0.1,0.1,0.38,0.38,0,0,3.48,3.48,0.1,0.1,0,0,FIRM
D,TRADING,PRICE,3,"2025/05/28 00:45:00",1,VIC1,9,8.95,0,0,"2025/05/28 00:40:03",8.95,0.1,0.1,0.1,0.1,0.1,0.1,0.1,0.1,0.1,0.1,0.39,0.39,0,0,0,0,0.1,0.1,0,0,FIRM
C,"END OF REPORT",15
