C,NEMP.WORLD,TRADINGIS,AEMO,PUBLIC,2025/05/28,10:15:16,0000000465228668,TRADINGIS,0000000465228667
I,TRADING,INTERCONNECTORRES,2,SETTLEMENTDATE,RUNNO,INTERCONNECTORID,PERIODID,METEREDMWFLOW,MWFLOW,MWLOSSES,LASTCHANGED
D,TRADING,INTERCONNECTORRES,2,"2025/05/28 10:20:00",1,N-Q-MNSP1,124,96.1,96.42,29.62,"2025/05/28 10:15:09"
D,TRADING,INTERCONNECTORRES,2,"2025/05/28 10:20:00",1,NSW1-QLD1,124,-493.3,-311.65,12.15,"2025/05/28 10:15:09"
D,TRADING,INTERCONNECTORRES,2,"2025/05/28 10:20:00",1,T-V-MNSP1,124,-432.2,-432.83,21.17,"2025/05/28 10:15:09"
D,TRADING,INTERCONNECTORRES,2,"2025/05/28 10:20:00",1,V-S-MNSP1,124,91,81,1.95,"2025/05/28 10:15:09"
D,TRADING,INTERCONNECTORRES,2,"2025/05/28 10:20:00",1,V-SA,124,574.27,565.69,34.23,"2025/05/28 10:15:09"
D,TRADING,INTERCONNECTORRES,2,"2025/05/28 10:20:00",1,VIC1-NSW1,124,-379.67,-280.26,-1.09,"2025/05/28 10:15:09"
I,TRADING,PRICE,3,SETTLEMENTDATE,RUNNO,REGIONID,PERIODID,RRP,EEP,INVALIDFLAG,LASTCHANGED,ROP,RAISE6SECRRP,RAISE6SECROP,RAISE60SECRRP,RAISE60SECROP,RAISE5MINRRP,RAISE5MINROP,RAISEREGRRP,RAISEREGROP,LOWER6SECRRP,LOWER6SECROP,LOWER60SECRRP,LOWER60SECROP,LOWER5MINRRP,LOWER5MINROP,LOWERREGRRP,LOWERREGROP,RAISE1SECRRP,RAISE1SECROP,LOWER1SECRRP,LOWER1SECROP,PRICE_STATUS
D,TRADING,PRICE,3,"2025/05/28 10:20:00",1,SA1,124,64.53,0,0,"2025/05/28 10:15:09",64.53,0.23,0.23,0.1,0.1,0.1,0.1,7.85,7.85,0.38,0.38,0.39,0.39,0.38,0.38,2,2,0.1,0.1,0,0,FIRM
D,TRADING,PRICE,3,"2025/05/28 10:20:00",1,NSW1,124,-18,0,0,"2025/05/28 10:15:09",-18,0.23,0.23,0.1,0.1,0.1,0.1,7.85,7.85,0.38,0.38,0.39,0.39,0.38,0.38,2,2,0.1,0.1,0,0,FIRM
D,TRADING,PRICE,3,"2025/05/28 10:20:00",1,QLD1,124,-31.49,0,0,"2025/05/28 10:15:09",-31.49,0.23,0.23,0.1,0.1,0.1,0.1,7.85,7.85,7.89,7.89,7.89,7.89,0.38,0.38,2,2,0.1,0.1,0,0,FIRM
D,TRADING,PRICE,3,"2025/05/28 10:20:00",1,TAS1,124,75.12,0,0,"2025/05/28 10:15:09",75.12,0.38,0.38,0.38,0.38,0.1,0.1,6.44,6.44,0.38,0.38,0.38,0.38,0,0,2.48,2.48,0.1,0.1,0,0,FIRM
D,TRADING,PRICE,3,"2025/05/28 10:20:00",1,VIC1,124,56.95,0,0,"2025/05/28 10:15:09",56.95,0.23,0.23,0.1,0.1,0.1,0.1,7.85,7.85,0.38,0.38,0.39,0.39,0.38,0.38,2,2,0.1,0.1,0,0,FIRM
C,"END OF REPORT",15
