C,NEMP.WORLD,TRADINGIS,AEMO,PUBLIC,2025/05/29,17:45:10,0000000465419626,TRADINGIS,0000000465419625
I,TRADING,INTERCONNECTORRES,2,SETTLEMENTDATE,RUNNO,INTERCONNECTORID,PERIODID,METEREDMWFLOW,MWFLOW,MWLOSSES,LASTCHANGED
D,TRADING,INTERCONNECTORRES,2,"2025/05/29 17:50:00",1,N-Q-MNSP1,214,-8.9,-9,-0.16,"2025/05/29 17:45:03"
D,TRADING,INTERCONNECTORRES,2,"2025/05/29 17:50:00",1,NSW1-QLD1,214,-644.7,-531.73,-11.49,"2025/05/29 17:45:03"
D,TRADING,INTERCONNECTORRES,2,"2025/05/29 17:50:00",1,T-V-MNSP1,214,403.5,396.97,14.83,"2025/05/29 17:45:03"
D,TRADING,INTERCONNECTORRES,2,"2025/05/29 17:50:00",1,V-S-MNSP1,214,27,27,-1.11,"2025/05/29 17:45:03"
D,TRADING,INTERCONNECTORRES,2,"2025/05/29 17:50:00",1,V-SA,214,-60.17,-22.59,0.2,"2025/05/29 17:45:03"
D,TRADING,INTERCONNECTORRES,2,"2025/05/29 17:50:00",1,VIC1-NSW1,214,245.55,205.43,6.51,"2025/05/29 17:45:03"
I,TRADING,PRICE,3,SETTLEMENTDATE,RUNNO,REGIONID,PERIODID,RRP,EEP,INVALIDFLAG,LASTCHANGED,ROP,RAISE6SECRRP,RAISE6SECROP,RAISE60SECRRP,RAISE60SECROP,RAISE5MINRRP,RAISE5MINROP,RAISEREGRRP,RAISEREGROP,LOWER6SECRRP,LOWER6SECROP,LOWER60SECRRP,LOWER60SECROP,LOWER5MINRRP,LOWER5MINROP,LOWERREGRRP,LOWERREGROP,RAISE1SECRRP,RAISE1SECROP,LOWER1SECRRP,LOWER1SECROP,PRICE_STATUS
D,TRADING,PRICE,3,"2025/05/29 17:50:00",1,SA1,214,209.14,0,0,"2025/05/29 17:45:03",209.14,0.39,0.39,0.38,0.38,0.23,0.23,5.99,5.99,0.38,0.38,0.38,0.38,0.38,0.38,8,8,0.04,0.04,0,0,FIRM
D,TRADING,PRICE,3,"2025/05/29 17:50:00",1,NSW1,214,303.48,0,0,"2025/05/29 17:45:03",303.48,0.39,0.39,0.38,0.38,0.23,0.23,5.99,5.99,0.38,0.38,0.38,0.38,0.38,0.38,8,8,0.04,0.04,0,0,FIRM
D,TRADING,PRICE,3,"2025/05/29 17:50:00",1,QLD1,214,295,0,0,"2025/05/29 17:45:03",295,0.39,0.39,0.38,0.38,0.23,0.23,5.99,5.99,0.38,0.38,0.38,0.38,0.38,0.38,8,8,0.04,0.04,0,0,FIRM
D,TRADING,PRICE,3,"2025/05/29 17:50:00",1,TAS1,214,191.86,0,0,"2025/05/29 17:45:03",191.86,0.39,0.39,0.38,0.38,0.23,0.23,7.54,7.54,0.38,0.38,0.38,0.38,0.38,0.38,2.46,2.46,0.04,0.04,0,0,FIRM
D,TRADING,PRICE,3,"2025/05/29 17:50:00",1,VIC1,214,211.65,0,0,"2025/05/29 17:45:03",211.65,0.39,0.39,0.38,0.38,0.23,0.23,5.99,5.99,0.38,0.38,0.38,0.38,0.38,0.38,8,8,0.04,0.04,0,0,FIRM
C,"END OF REPORT",15
