C,NEMP.WORLD,TRADINGIS,AEMO,PUBLIC,2025/05/29,06:50:12,0000000465351943,TRADINGIS,0000000465351942
I,TRADING,INTERCONNECTORRES,2,SETTLEMENTDATE,RUNNO,INTERCONNECTORID,PERIODID,METEREDMWFLOW,MWFLOW,MWLOSSES,LASTCHANGED
D,TRADING,INTERCONNECTORRES,2,"2025/05/29 06:55:00",1,N-Q-MNSP1,83,-17.1,-20.87,0.35,"2025/05/29 06:50:04"
D,TRADING,INTERCONNECTORRES,2,"2025/05/29 06:55:00",1,NSW1-QLD1,83,-502.8,-489,3.6,"2025/05/29 06:50:04"
D,TRADING,INTERCONNECTORRES,2,"2025/05/29 06:55:00",1,T-V-MNSP1,83,-444.4,-438,21.66,"2025/05/29 06:50:04"
D,TRADING,INTERCONNECTORRES,2,"2025/05/29 06:55:00",1,V-S-MNSP1,83,36,18,-0.93,"2025/05/29 06:50:04"
D,TRADING,INTERCONNECTORRES,2,"2025/05/29 06:55:00",1,V-SA,83,32.77,-104.53,1.53,"2025/05/29 06:50:04"
D,TRADING,INTERCONNECTORRES,2,"2025/05/29 06:55:00",1,VIC1-NSW1,83,-77.65,3.79,0.09,"2025/05/29 06:50:04"
I,TRADING,PRICE,3,SETTLEMENTDATE,RUNNO,REGIONID,PERIODID,RRP,EEP,INVALIDFLAG,LASTCHANGED,ROP,RAISE6SECRRP,RAISE6SECROP,RAISE60SECRRP,RAISE60SECROP,RAISE5MINRRP,RAISE5MINROP,RAISEREGRRP,RAISEREGROP,LOWER6SECRRP,LOWER6SECROP,LOWER60SECRRP,LOWER60SECROP,LOWER5MINRRP,LOWER5MINROP,LOWERREGRRP,LOWERREGROP,RAISE1SECRRP,RAISE1SECROP,LOWER1SECRRP,LOWER1SECROP,PRICE_STATUS
D,TRADING,PRICE,3,"2025/05/29 06:55:00",1,SA1,83,131.57,0,0,"2025/05/29 06:50:04",131.57,0.37,0.37,0.15,0.15,0.1,0.1,0.1,0.1,0.1,0.1,0.38,0.38,0.1,0.1,0.1,0.1,0.38,0.38,0,0,FIRM
D,TRADING,PRICE,3,"2025/05/29 06:55:00",1,NSW1,83,139.37,0,0,"2025/05/29 06:50:04",139.37,0.37,0.37,0.15,0.15,0.1,0.1,0.1,0.1,0.1,0.1,0.38,0.38,0.1,0.1,0.1,0.1,0.38,0.38,0,0,FIRM
D,TRADING,PRICE,3,"2025/05/29 06:55:00",1,QLD1,83,129.45,0,0,"2025/05/29 06:50:04",129.45,0.37,0.37,0.15,0.15,0.1,0.1,0.1,0.1,0.1,0.1,0.38,0.38,0.1,0.1,0.1,0.1,0.38,0.38,0,0,FIRM
D,TRADING,PRICE,3,"2025/05/29 06:55:00",1,TAS1,83,150.24,0,0,"2025/05/29 06:50:04",150.24,0.38,0.38,0.38,0.38,0.38,0.38,7.54,7.54,0,0,0,0,0,0,2.46,2.46,0.38,0.38,0,0,FIRM
D,TRADING,PRICE,3,"2025/05/29 06:55:00",1,VIC1,83,135.32,0,0,"2025/05/29 06:50:04",135.32,0.37,0.37,0.15,0.15,0.1,0.1,0.1,0.1,0.1,0.1,0.38,0.38,0.1,0.1,0.1,0.1,0.38,0.38,0,0,FIRM
C,"END OF REPORT",15
