C,NEMP.WORLD,TRADINGIS,AEMO,PUBLIC,2025/05/27,19:10:11,0000000465140375,TRADINGIS,0000000465140374
I,TRADING,INTERCONNECTORRES,2,SETTLEMENTDATE,RUNNO,INTERCONNECTORID,PERIODID,METEREDMWFLOW,MWFLOW,MWLOSSES,LASTCHANGED
D,TRADING,INTERCONNECTORRES,2,"2025/05/27 19:15:00",1,N-Q-MNSP1,231,-10.1,-9,-0.16,"2025/05/27 19:10:03"
D,TRADING,INTERCONNECTORRES,2,"2025/05/27 19:15:00",1,NSW1-QLD1,231,-299.9,-289,-11.36,"2025/05/27 19:10:03"
D,TRADING,INTERCONNECTORRES,2,"2025/05/27 19:15:00",1,T-V-MNSP1,231,-310.7,-271.23,8.71,"2025/05/27 19:10:03"
D,TRADING,INTERCONNECTORRES,2,"2025/05/27 19:15:00",1,V-S-MNSP1,231,63,54,-0.46,"2025/05/27 19:10:03"
D,TRADING,INTERCONNECTORRES,2,"2025/05/27 19:15:00",1,V-SA,231,239.16,271.05,9.49,"2025/05/27 19:10:03"
D,TRADING,INTERCONNECTORRES,2,"2025/05/27 19:15:00",1,VIC1-NSW1,231,-165.97,-254.25,4.56,"2025/05/27 19:10:03"
I,TRADING,PRICE,3,SETTLEMENTDATE,RUNNO,REGIONID,PERIODID,RRP,EEP,INVALIDFLAG,LASTCHANGED,ROP,RAISE6SECRRP,RAISE6SECROP,RAISE60SECRRP,RAISE60SECROP,RAISE5MINRRP,RAISE5MINROP,RAISEREGRRP,RAISEREGROP,LOWER6SECRRP,LOWER6SECROP,LOWER60SECRRP,LOWER60SECROP,LOWER5MINRRP,LOWER5MINROP,LOWERREGRRP,LOWERREGROP,RAISE1SECRRP,RAISE1SECROP,LOWER1SECRRP,LOWER1SECROP,PRICE_STATUS
D,TRADING,PRICE,3,"2025/05/27 19:15:00",1,SA1,231,124.46,0,0,"2025/05/27 19:10:03",124.46,0.38,0.38,0.15,0.15,0.15,0.15,6,6,0.1,0.1,0.38,0.38,0.1,0.1,1,1,0.1,0.1,0,0,FIRM
D,TRADING,PRICE,3,"2025/05/27 19:15:00",1,NSW1,231,112.34,0,0,"2025/05/27 19:10:03",112.34,0.38,0.38,0.15,0.15,0.15,0.15,6,6,0.1,0.1,0.38,0.38,0.1,0.1,1,1,0.1,0.1,0,0,FIRM
D,TRADING,PRICE,3,"2025/05/27 19:15:00",1,QLD1,231,113.83,0,0,"2025/05/27 19:10:03",113.83,0.38,0.38,0.15,0.15,0.15,0.15,6,6,0.1,0.1,0.38,0.38,0.1,0.1,1,1,0.1,0.1,0,0,FIRM
D,TRADING,PRICE,3,"2025/05/27 19:15:00",1,TAS1,231,121.87,0,0,"2025/05/27 19:10:03",121.87,0.38,0.38,0.36,0.36,0.15,0.15,7.4,7.4,0.1,0.1,0.38,0.38,0.1,0.1,2.48,2.48,0.1,0.1,0,0,FIRM
D,TRADING,PRICE,3,"2025/05/27 19:15:00",1,VIC1,231,116.78,0,0,"2025/05/27 19:10:03",116.78,0.38,0.38,0.15,0.15,0.15,0.15,6,6,0.1,0.1,0.38,0.38,0.1,0.1,1,1,0.1,0.1,0,0,FIRM
C,"END OF REPORT",15
