C,NEMP.WORLD,TRADINGIS,AEMO,PUBLIC,2025/05/29,18:45:10,0000000465426030,TRADINGIS,0000000465426029
I,TRADING,INTERCONNECTORRES,2,SETTLEMENTDATE,RUNNO,INTERCONNECTORID,PERIODID,METEREDMWFLOW,MWFLOW,MWLOSSES,LASTCHANGED
D,TRADING,INTERCONNECTORRES,2,"2025/05/29 18:50:00",1,N-Q-MNSP1,226,-8.4,-9,-0.16,"2025/05/29 18:45:03"
D,TRADING,INTERCONNECTORRES,2,"2025/05/29 18:50:00",1,NSW1-QLD1,226,-454.3,-478.82,-10.51,"2025/05/29 18:45:03"
D,TRADING,INTERCONNECTORRES,2,"2025/05/29 18:50:00",1,T-V-MNSP1,226,67.7,108.55,0.8,"2025/05/29 18:45:03"
D,TRADING,INTERCONNECTORRES,2,"2025/05/29 18:50:00",1,V-S-MNSP1,226,45,45,-0.87,"2025/05/29 18:45:03"
D,TRADING,INTERCONNECTORRES,2,"2025/05/29 18:50:00",1,V-SA,226,113.69,130.68,2.49,"2025/05/29 18:45:03"
D,TRADING,INTERCONNECTORRES,2,"2025/05/29 18:50:00",1,VIC1-NSW1,226,12.27,82.39,0.93,"2025/05/29 18:45:03"
I,TRADING,PRICE,3,SETTLEMENTDATE,RUNNO,REGIONID,PERIODID,RRP,EEP,INVALIDFLAG,LASTCHANGED,ROP,RAISE6SECRRP,RAISE6SECROP,RAISE60SECRRP,RAISE60SECROP,RAISE5MINRRP,RAISE5MINROP,RAISEREGRRP,RAISEREGROP,LOWER6SECRRP,LOWER6SECROP,LOWER60SECRRP,LOWER60SECROP,LOWER5MINRRP,LOWER5MINROP,LOWERREGRRP,LOWERREGROP,RAISE1SECRRP,RAISE1SECROP,LOWER1SECRRP,LOWER1SECROP,PRICE_STATUS
D,TRADING,PRICE,3,"2025/05/29 18:50:00",1,SA1,226,161.71,0,0,"2025/05/29 18:45:03",161.71,0.38,0.38,0.23,0.23,0.23,0.23,6,6,0.3,0.3,0.38,0.38,0.38,0.38,3.71,3.71,0.04,0.04,0,0,FIRM
D,TRADING,PRICE,3,"2025/05/29 18:50:00",1,NSW1,226,190.87,0,0,"2025/05/29 18:45:03",190.87,0.38,0.38,0.23,0.23,0.23,0.23,6,6,0.3,0.3,0.38,0.38,0.38,0.38,3.71,3.71,0.04,0.04,0,0,FIRM
D,TRADING,PRICE,3,"2025/05/29 18:50:00",1,QLD1,226,187,0,0,"2025/05/29 18:45:03",187,0.38,0.38,0.23,0.23,0.23,0.23,6,6,0.3,0.3,0.38,0.38,0.38,0.38,3.71,3.71,0.04,0.04,0,0,FIRM
D,TRADING,PRICE,3,"2025/05/29 18:50:00",1,TAS1,226,150.24,0,0,"2025/05/29 18:45:03",150.24,0.38,0.38,0.38,0.38,0.23,0.23,7.54,7.54,0.3,0.3,0.38,0.38,0.38,0.38,2.46,2.46,0.04,0.04,0,0,FIRM
D,TRADING,PRICE,3,"2025/05/29 18:50:00",1,VIC1,226,156.45,0,0,"2025/05/29 18:45:03",156.45,0.38,0.38,0.23,0.23,0.23,0.23,6,6,0.3,0.3,0.38,0.38,0.38,0.38,3.71,3.71,0.04,0.04,0,0,FIRM
C,"END OF REPORT",15
