C,NEMP.WORLD,TRADINGIS,AEMO,PUBLIC,2025/05/28,06:20:10,0000000465205848,TRADINGIS,0000000465205847
I,TRADING,INTERCONNECTORRES,2,SETTLEMENTDATE,RUNNO,INTERCONNECTORID,PERIODID,METEREDMWFLOW,MWFLOW,MWLOSSES,LASTCHANGED
D,TRADING,INTERCONNECTORRES,2,"2025/05/28 06:25:00",1,N-Q-MNSP1,77,7.3,9,0.6,"2025/05/28 06:20:03"
D,TRADING,INTERCONNECTORRES,2,"2025/05/28 06:25:00",1,NSW1-QLD1,77,281.5,221.18,11.03,"2025/05/28 06:20:03"
D,TRADING,INTERCONNECTORRES,2,"2025/05/28 06:25:00",1,T-V-MNSP1,77,-334.5,-381.41,16.62,"2025/05/28 06:20:03"
D,TRADING,INTERCONNECTORRES,2,"2025/05/28 06:25:00",1,V-S-MNSP1,77,126,111.5,6.8,"2025/05/28 06:20:03"
D,TRADING,INTERCONNECTORRES,2,"2025/05/28 06:25:00",1,V-SA,77,584.72,571.33,39.16,"2025/05/28 06:20:03"
D,TRADING,INTERCONNECTORRES,2,"2025/05/28 06:25:00",1,VIC1-NSW1,77,603.35,484.7,32.24,"2025/05/28 06:20:03"
I,TRADING,PRICE,3,SETTLEMENTDATE,RUNNO,REGIONID,PERIODID,RRP,EEP,INVALIDFLAG,LASTCHANGED,ROP,RAISE6SECRRP,RAISE6SECROP,RAISE60SECRRP,RAISE60SECROP,RAISE5MINRRP,RAISE5MINROP,RAISEREGRRP,RAISEREGROP,LOWER6SECRRP,LOWER6SECROP,LOWER60SECRRP,LOWER60SECROP,LOWER5MINRRP,LOWER5MINROP,LOWERREGRRP,LOWERREGROP,RAISE1SECRRP,RAISE1SECROP,LOWER1SECRRP,LOWER1SECROP,PRICE_STATUS
D,TRADING,PRICE,3,"2025/05/28 06:25:00",1,SA1,77,85.17,0,0,"2025/05/28 06:20:03",85.17,0.39,0.39,0.38,0.38,0.38,0.38,7.84,7.84,0.39,0.39,0.45,0.45,0.39,0.39,3.7,3.7,0.94,0.94,0,0,FIRM
D,TRADING,PRICE,3,"2025/05/28 06:25:00",1,NSW1,77,78.57,0,0,"2025/05/28 06:20:03",78.57,0.39,0.39,0.38,0.38,0.38,0.38,7.84,7.84,0.39,0.39,0.45,0.45,0.39,0.39,3.7,3.7,0.94,0.94,0,0,FIRM
D,TRADING,PRICE,3,"2025/05/28 06:25:00",1,QLD1,77,84.45,0,0,"2025/05/28 06:20:03",84.45,0.39,0.39,0.38,0.38,0.38,0.38,7.84,7.84,0.39,0.39,0.45,0.45,0.39,0.39,3.7,3.7,0.94,0.94,0,0,FIRM
D,TRADING,PRICE,3,"2025/05/28 06:25:00",1,TAS1,77,75.22,0,0,"2025/05/28 06:20:03",75.22,0.39,0.39,0.38,0.38,0.38,0.38,8.4,8.4,0.39,0.39,0.38,0.38,0.38,0.38,2.49,2.49,0.94,0.94,0,0,FIRM
D,TRADING,PRICE,3,"2025/05/28 06:25:00",1,VIC1,77,70.38,0,0,"2025/05/28 06:20:03",70.38,0.39,0.39,0.38,0.38,0.38,0.38,7.84,7.84,0.39,0.39,0.45,0.45,0.39,0.39,3.7,3.7,0.94,0.94,0,0,FIRM
C,"END OF REPORT",15
