C,NEMP.WORLD,TRADINGIS,AEMO,PUBLIC,2025/05/28,01:10:11,0000000465175636,TRADINGIS,0000000465175635
I,TRADING,INTERCONNECTORRES,2,SETTLEMENTDATE,RUNNO,INTERCONNECTORID,PERIODID,METEREDMWFLOW,MWFLOW,MWLOSSES,LASTCHANGED
D,TRADING,INTERCONNECTORRES,2,"2025/05/28 01:15:00",1,N-Q-MNSP1,15,-5.8,-9,-0.16,"2025/05/28 01:10:04"
D,TRADING,INTERCONNECTORRES,2,"2025/05/28 01:15:00",1,NSW1-QLD1,15,-69.1,-109.74,0.64,"2025/05/28 01:10:04"
D,TRADING,INTERCONNECTORRES,2,"2025/05/28 01:15:00",1,T-V-MNSP1,15,-402.9,-473.92,25.2,"2025/05/28 01:10:04"
D,TRADING,INTERCONNECTORRES,2,"2025/05/28 01:15:00",1,V-S-MNSP1,15,154,147.5,15.39,"2025/05/28 01:10:04"
D,TRADING,INTERCONNECTORRES,2,"2025/05/28 01:15:00",1,V-SA,15,565.97,571.82,46.25,"2025/05/28 01:10:04"
D,TRADING,INTERCONNECTORRES,2,"2025/05/28 01:15:00",1,VIC1-NSW1,15,653.99,637.12,47.97,"2025/05/28 01:10:04"
I,TRADING,PRICE,3,SETTLEMENTDATE,RUNNO,REGIONID,PERIODID,RRP,EEP,INVALIDFLAG,LASTCHANGED,ROP,RAISE6SECRRP,RAISE6SECROP,RAISE60SECRRP,RAISE60SECROP,RAISE5MINRRP,RAISE5MINROP,RAISEREGRRP,RAISEREGROP,LOWER6SECRRP,LOWER6SECROP,LOWER60SECRRP,LOWER60SECROP,LOWER5MINRRP,LOWER5MINROP,LOWERREGRRP,LOWERREGROP,RAISE1SECRRP,RAISE1SECROP,LOWER1SECRRP,LOWER1SECROP,PRICE_STATUS
D,TRADING,PRICE,3,"2025/05/28 01:15:00",1,SA1,15,11.73,0,0,"2025/05/28 01:10:04",11.73,0.1,0.1,0.1,0.1,0.1,0.1,9.54,9.54,0.01,0.01,0.1,0.1,0.01,0.01,0.93,0.93,0.04,0.04,0,0,FIRM
D,TRADING,PRICE,3,"2025/05/28 01:15:00",1,NSW1,15,56.98,0,0,"2025/05/28 01:10:04",56.98,0.1,0.1,0.1,0.1,0.1,0.1,9.54,9.54,0.01,0.01,0.1,0.1,0.01,0.01,0.93,0.93,0.04,0.04,0,0,FIRM
D,TRADING,PRICE,3,"2025/05/28 01:15:00",1,QLD1,15,56.17,0,0,"2025/05/28 01:10:04",56.17,0.1,0.1,0.1,0.1,0.1,0.1,9.54,9.54,0.01,0.01,0.1,0.1,0.01,0.01,0.93,0.93,0.04,0.04,0,0,FIRM
D,TRADING,PRICE,3,"2025/05/28 01:15:00",1,TAS1,15,35.02,0,0,"2025/05/28 01:10:04",35.02,0.38,0.38,0.38,0.38,0.36,0.36,7.4,7.4,0.01,0.01,0.1,0.1,0,0,3.48,3.48,0.04,0.04,0,0,FIRM
D,TRADING,PRICE,3,"2025/05/28 01:15:00",1,VIC1,15,8.95,0,0,"2025/05/28 01:10:04",8.95,0.1,0.1,0.1,0.1,0.1,0.1,9.54,9.54,0.01,0.01,0.1,0.1,0.01,0.01,0.93,0.93,0.04,0.04,0,0,FIRM
C,"END OF REPORT",15
