C,NEMP.WORLD,TRADINGIS,AEMO,PUBLIC,2025/05/26,14:25:16,0000000464957883,TRADINGIS,0000000464957882
I,TRADING,INTERCONNECTORRES,2,SETTLEMENTDATE,RUNNO,INTERCONNECTORID,PERIODID,METEREDMWFLOW,MWFLOW,MWLOSSES,LASTCHANGED
D,TRADING,INTERCONNECTORRES,2,"2025/05/26 14:30:00",1,N-Q-MNSP1,174,-24.8,-25,0.65,"2025/05/26 14:25:09"
D,TRADING,INTERCONNECTORRES,2,"2025/05/26 14:30:00",1,NSW1-QLD1,174,-655.1,-659.4,23.03,"2025/05/26 14:25:09"
D,TRADING,INTERCONNECTORRES,2,"2025/05/26 14:30:00",1,T-V-MNSP1,174,-423,-437.44,21.61,"2025/05/26 14:25:09"
D,TRADING,INTERCONNECTORRES,2,"2025/05/26 14:30:00",1,V-S-MNSP1,174,175,180.29,25.91,"2025/05/26 14:25:09"
D,TRADING,INTERCONNECTORRES,2,"2025/05/26 14:30:00",1,V-SA,174,223.47,195.02,9.96,"2025/05/26 14:25:09"
D,TRADING,INTERCONNECTORRES,2,"2025/05/26 14:30:00",1,VIC1-NSW1,174,561.79,546.87,35.69,"2025/05/26 14:25:09"
I,TRADING,PRICE,3,SETTLEMENTDATE,RUNNO,REGIONID,PERIODID,RRP,EEP,INVALIDFLAG,LASTCHANGED,ROP,RAISE6SECRRP,RAISE6SECROP,RAISE60SECRRP,RAISE60SECROP,RAISE5MINRRP,RAISE5MINROP,RAISEREGRRP,RAISEREGROP,LOWER6SECRRP,LOWER6SECROP,LOWER60SECRRP,LOWER60SECROP,LOWER5MINRRP,LOWER5MINROP,LOWERREGRRP,LOWERREGROP,RAISE1SECRRP,RAISE1SECROP,LOWER1SECRRP,LOWER1SECROP,PRICE_STATUS
D,TRADING,PRICE,3,"2025/05/26 14:30:00",1,SA1,174,-20.12,0,0,"2025/05/26 14:25:09",-20.12,0.1,0.1,0.04,0.04,0.04,0.04,9.24,9.24,0.38,0.38,1.83,1.83,0.38,0.38,1.49,1.49,0.36,0.36,0.01,0.01,FIRM
D,TRADING,PRICE,3,"2025/05/26 14:30:00",1,NSW1,174,82.98,0,0,"2025/05/26 14:25:09",82.98,0.1,0.1,0.04,0.04,0.04,0.04,9.24,9.24,0.38,0.38,1.83,1.83,0.38,0.38,1.49,1.49,0.36,0.36,0.01,0.01,FIRM
D,TRADING,PRICE,3,"2025/05/26 14:30:00",1,QLD1,174,75.63,0,0,"2025/05/26 14:25:09",75.63,0.1,0.1,0.04,0.04,0.04,0.04,9.24,9.24,0.38,0.38,1.83,1.83,0.38,0.38,1.49,1.49,0.36,0.36,0.01,0.01,FIRM
D,TRADING,PRICE,3,"2025/05/26 14:30:00",1,TAS1,174,11.25,0,0,"2025/05/26 14:25:09",11.25,0.38,0.38,0.38,0.38,0.04,0.04,8.8,8.8,0.38,0.38,1.33,1.33,0,0,2.55,2.55,0.36,0.36,0.01,0.01,FIRM
D,TRADING,PRICE,3,"2025/05/26 14:30:00",1,VIC1,174,-18.5,0,0,"2025/05/26 14:25:09",-18.5,0.1,0.1,0.04,0.04,0.04,0.04,9.24,9.24,0.38,0.38,1.83,1.83,0.38,0.38,1.49,1.49,0.36,0.36,0.01,0.01,FIRM
C,"END OF REPORT",15
