C,NEMP.WORLD,TRADINGIS,AEMO,PUBLIC,2025/05/29,16:05:11,0000000465409234,TRADINGIS,0000000465409233
I,TRADING,INTERCONNECTORRES,2,SETTLEMENTDATE,RUNNO,INTERCONNECTORID,PERIODID,METEREDMWFLOW,MWFLOW,MWLOSSES,LASTCHANGED
D,TRADING,INTERCONNECTORRES,2,"2025/05/29 16:10:00",1,N-Q-MNSP1,194,-10.3,-17,0.07,"2025/05/29 16:05:03"
D,TRADING,INTERCONNECTORRES,2,"2025/05/29 16:10:00",1,NSW1-QLD1,194,-542.9,-544.36,0.63,"2025/05/29 16:05:03"
D,TRADING,INTERCONNECTORRES,2,"2025/05/29 16:10:00",1,T-V-MNSP1,194,-313.7,-432.78,21.17,"2025/05/29 16:05:03"
D,TRADING,INTERCONNECTORRES,2,"2025/05/29 16:10:00",1,V-S-MNSP1,194,-2,18,-0.93,"2025/05/29 16:05:03"
D,TRADING,INTERCONNECTORRES,2,"2025/05/29 16:10:00",1,V-SA,194,71.93,-64.06,1.94,"2025/05/29 16:05:03"
D,TRADING,INTERCONNECTORRES,2,"2025/05/29 16:10:00",1,VIC1-NSW1,194,-710.76,-610.76,-0.95,"2025/05/29 16:05:03"
I,TRADING,PRICE,3,SETTLEMENTDATE,RUNNO,REGIONID,PERIODID,RRP,EEP,INVALIDFLAG,LASTCHANGED,ROP,RAISE6SECRRP,RAISE6SECROP,RAISE60SECRRP,RAISE60SECROP,RAISE5MINRRP,RAISE5MINROP,RAISEREGRRP,RAISEREGROP,LOWER6SECRRP,LOWER6SECROP,LOWER60SECRRP,LOWER60SECROP,LOWER5MINRRP,LOWER5MINROP,LOWERREGRRP,LOWERREGROP,RAISE1SECRRP,RAISE1SECROP,LOWER1SECRRP,LOWER1SECROP,PRICE_STATUS
D,TRADING,PRICE,3,"2025/05/29 16:10:00",1,SA1,194,61.69,0,0,"2025/05/29 16:05:03",61.69,0.38,0.38,0.15,0.15,0.15,0.15,5.99,5.99,0.38,0.38,0.38,0.38,0.39,0.39,5.9,5.9,0.37,0.37,0,0,FIRM
D,TRADING,PRICE,3,"2025/05/29 16:10:00",1,NSW1,194,171.97,0,0,"2025/05/29 16:05:03",171.97,0.38,0.38,0.15,0.15,0.15,0.15,5.99,5.99,0.38,0.38,0.38,0.38,0.39,0.39,5.9,5.9,0.37,0.37,0,0,FIRM
D,TRADING,PRICE,3,"2025/05/29 16:10:00",1,QLD1,194,163.55,0,0,"2025/05/29 16:05:03",163.55,0.38,0.38,0.15,0.15,0.15,0.15,5.99,5.99,0.38,0.38,0.38,0.38,0.39,0.39,5.9,5.9,0.37,0.37,0,0,FIRM
D,TRADING,PRICE,3,"2025/05/29 16:10:00",1,TAS1,194,75.24,0,0,"2025/05/29 16:05:03",75.24,0.38,0.38,0.38,0.38,0.36,0.36,7.54,7.54,0.38,0.38,0.38,0.38,0,0,2.46,2.46,0.37,0.37,0,0,FIRM
D,TRADING,PRICE,3,"2025/05/29 16:10:00",1,VIC1,194,64,0,0,"2025/05/29 16:05:03",64,0.38,0.38,0.15,0.15,0.15,0.15,5.99,5.99,0.38,0.38,0.38,0.38,0.39,0.39,5.9,5.9,0.37,0.37,0,0,FIRM
C,"END OF REPORT",15
