C,NEMP.WORLD,TRADINGIS,AEMO,PUBLIC,2025/05/27,15:35:14,0000000465116815,TRADINGIS,0000000465116814
I,TRADING,INTERCONNECTORRES,2,SETTLEMENTDATE,RUNNO,INTERCONNECTORID,PERIODID,METEREDMWFLOW,MWFLOW,MWLOSSES,LASTCHANGED
D,TRADING,INTERCONNECTORRES,2,"2025/05/27 15:40:00",1,N-Q-MNSP1,188,0.2,0,0,"2025/05/27 15:35:04"
D,TRADING,INTERCONNECTORRES,2,"2025/05/27 15:40:00",1,NSW1-QLD1,188,-75.1,-129,-3.74,"2025/05/27 15:35:04"
D,TRADING,INTERCONNECTORRES,2,"2025/05/27 15:40:00",1,T-V-MNSP1,188,-463.3,-478,25.62,"2025/05/27 15:35:04"
D,TRADING,INTERCONNECTORRES,2,"2025/05/27 15:40:00",1,V-S-MNSP1,188,151,153.15,17,"2025/05/27 15:35:04"
D,TRADING,INTERCONNECTORRES,2,"2025/05/27 15:40:00",1,V-SA,188,163.9,200.62,0.85,"2025/05/27 15:35:04"
D,TRADING,INTERCONNECTORRES,2,"2025/05/27 15:40:00",1,VIC1-NSW1,188,-114.43,-35.75,-1.29,"2025/05/27 15:35:04"
I,TRADING,PRICE,3,SETTLEMENTDATE,RUNNO,REGIONID,PERIODID,RRP,EEP,INVALIDFLAG,LASTCHANGED,ROP,RAISE6SECRRP,RAISE6SECROP,RAISE60SECRRP,RAISE60SECROP,RAISE5MINRRP,RAISE5MINROP,RAISEREGRRP,RAISEREGROP,LOWER6SECRRP,LOWER6SECROP,LOWER60SECRRP,LOWER60SECROP,LOWER5MINRRP,LOWER5MINROP,LOWERREGRRP,LOWERREGROP,RAISE1SECRRP,RAISE1SECROP,LOWER1SECRRP,LOWER1SECROP,PRICE_STATUS
D,TRADING,PRICE,3,"2025/05/27 15:40:00",1,SA1,188,-71.65,0,0,"2025/05/27 15:35:04",-71.65,0.23,0.23,0.1,0.1,0.24,0.24,5.99,5.99,0.1,0.1,0.38,0.38,0.38,0.38,3.59,3.59,0.81,0.81,0,0,FIRM
D,TRADING,PRICE,3,"2025/05/27 15:40:00",1,NSW1,188,-20.51,0,0,"2025/05/27 15:35:04",-20.51,0.23,0.23,0.1,0.1,0.24,0.24,5.99,5.99,0.1,0.1,0.38,0.38,0.38,0.38,3.59,3.59,0.81,0.81,0,0,FIRM
D,TRADING,PRICE,3,"2025/05/27 15:40:00",1,QLD1,188,128.73,0,0,"2025/05/27 15:35:04",128.73,2.5,2.5,2.5,2.5,0.24,0.24,5.99,5.99,0.1,0.1,0.38,0.38,0.38,0.38,3.59,3.59,0.81,0.81,0,0,FIRM
D,TRADING,PRICE,3,"2025/05/27 15:40:00",1,TAS1,188,35.24,0,0,"2025/05/27 15:35:04",35.24,0.38,0.38,0.38,0.38,0.36,0.36,7.4,7.4,0.1,0.1,0.38,0.38,0,0,2.48,2.48,0.81,0.81,0,0,FIRM
D,TRADING,PRICE,3,"2025/05/27 15:40:00",1,VIC1,188,19.93,0,0,"2025/05/27 15:35:04",19.93,0.23,0.23,0.1,0.1,0.24,0.24,5.99,5.99,0.1,0.1,0.38,0.38,0.38,0.38,3.59,3.59,0.81,0.81,0,0,FIRM
C,"END OF REPORT",15
