C,NEMP.WORLD,TRADINGIS,AEMO,PUBLIC,2025/05/27,22:30:11,0000000465159926,TRADINGIS,0000000465159925
I,TRADING,INTERCONNECTORRES,2,SETTLEMENTDATE,RUNNO,INTERCONNECTORID,PERIODID,METEREDMWFLOW,MWFLOW,MWLOSSES,LASTCHANGED
D,TRADING,INTERCONNECTORRES,2,"2025/05/27 22:35:00",1,N-Q-MNSP1,271,10.1,9,0.6,"2025/05/27 22:30:03"
D,TRADING,INTERCONNECTORRES,2,"2025/05/27 22:35:00",1,NSW1-QLD1,271,425.3,336.25,19.46,"2025/05/27 22:30:03"
D,TRADING,INTERCONNECTORRES,2,"2025/05/27 22:35:00",1,T-V-MNSP1,271,-466.4,-475.8,25.4,"2025/05/27 22:30:03"
D,TRADING,INTERCONNECTORRES,2,"2025/05/27 22:35:00",1,V-S-MNSP1,271,171,171.39,22.79,"2025/05/27 22:30:03"
D,TRADING,INTERCONNECTORRES,2,"2025/05/27 22:35:00",1,V-SA,271,539.72,570.71,42.24,"2025/05/27 22:30:03"
D,TRADING,INTERCONNECTORRES,2,"2025/05/27 22:35:00",1,VIC1-NSW1,271,187.64,189.14,6.62,"2025/05/27 22:30:03"
I,TRADING,PRICE,3,SETTLEMENTDATE,RUNNO,REGIONID,PERIODID,RRP,EEP,INVALIDFLAG,LASTCHANGED,ROP,RAISE6SECRRP,RAISE6SECROP,RAISE60SECRRP,RAISE60SECROP,RAISE5MINRRP,RAISE5MINROP,RAISEREGRRP,RAISEREGROP,LOWER6SECRRP,LOWER6SECROP,LOWER60SECRRP,LOWER60SECROP,LOWER5MINRRP,LOWER5MINROP,LOWERREGRRP,LOWERREGROP,RAISE1SECRRP,RAISE1SECROP,LOWER1SECRRP,LOWER1SECROP,PRICE_STATUS
D,TRADING,PRICE,3,"2025/05/27 22:35:00",1,SA1,271,91.44,0,0,"2025/05/27 22:30:03",91.44,0.01,0.01,0.01,0.01,0.01,0.01,11,11,0.1,0.1,0.45,0.45,0.01,0.01,1.49,1.49,0.04,0.04,0,0,FIRM
D,TRADING,PRICE,3,"2025/05/27 22:35:00",1,NSW1,271,65.01,0,0,"2025/05/27 22:30:03",65.01,0.01,0.01,0.01,0.01,0.01,0.01,11,11,0.1,0.1,0.45,0.45,0.01,0.01,1.49,1.49,0.04,0.04,0,0,FIRM
D,TRADING,PRICE,3,"2025/05/27 22:35:00",1,QLD1,271,70.97,0,0,"2025/05/27 22:30:03",70.97,0.01,0.01,0.01,0.01,0.01,0.01,11,11,0.1,0.1,0.45,0.45,0.01,0.01,1.49,1.49,0.04,0.04,0,0,FIRM
D,TRADING,PRICE,3,"2025/05/27 22:35:00",1,TAS1,271,75.02,0,0,"2025/05/27 22:30:03",75.02,0.38,0.38,0.38,0.38,0.36,0.36,7.4,7.4,0.1,0.1,0.38,0.38,0,0,3.48,3.48,0.04,0.04,0,0,FIRM
D,TRADING,PRICE,3,"2025/05/27 22:35:00",1,VIC1,271,62,0,0,"2025/05/27 22:30:03",62,0.01,0.01,0.01,0.01,0.01,0.01,11,11,0.1,0.1,0.45,0.45,0.01,0.01,1.49,1.49,0.04,0.04,0,0,FIRM
C,"END OF REPORT",15
