C,NEMP.WORLD,TRADINGIS,AEMO,PUBLIC,2025/05/29,12:45:11,0000000465387574,TRADINGIS,0000000465387573
I,TRADING,INTERCONNECTORRES,2,SETTLEMENTDATE,RUNNO,INTERCONNECTORID,PERIODID,METEREDMWFLOW,MWFLOW,MWLOSSES,LASTCHANGED
D,TRADING,INTERCONNECTORRES,2,"2025/05/29 12:50:00",1,N-Q-MNSP1,154,-9.7,-17,0.07,"2025/05/29 12:45:03"
D,TRADING,INTERCONNECTORRES,2,"2025/05/29 12:50:00",1,NSW1-QLD1,154,-259.5,-276.35,4.88,"2025/05/29 12:45:03"
D,TRADING,INTERCONNECTORRES,2,"2025/05/29 12:50:00",1,T-V-MNSP1,154,-450.5,-455.41,23.34,"2025/05/29 12:45:03"
D,TRADING,INTERCONNECTORRES,2,"2025/05/29 12:50:00",1,V-S-MNSP1,154,0,18,-0.93,"2025/05/29 12:45:03"
D,TRADING,INTERCONNECTORRES,2,"2025/05/29 12:50:00",1,V-SA,154,-135.63,41.58,-1.2,"2025/05/29 12:45:03"
D,TRADING,INTERCONNECTORRES,2,"2025/05/29 12:50:00",1,VIC1-NSW1,154,130.45,42.65,3.41,"2025/05/29 12:45:03"
I,TRADING,PRICE,3,SETTLEMENTDATE,RUNNO,REGIONID,PERIODID,RRP,EEP,INVALIDFLAG,LASTCHANGED,ROP,RAISE6SECRRP,RAISE6SECROP,RAISE60SECRRP,RAISE60SECROP,RAISE5MINRRP,RAISE5MINROP,RAISEREGRRP,RAISEREGROP,LOWER6SECRRP,LOWER6SECROP,LOWER60SECRRP,LOWER60SECROP,LOWER5MINRRP,LOWER5MINROP,LOWERREGRRP,LOWERREGROP,RAISE1SECRRP,RAISE1SECROP,LOWER1SECRRP,LOWER1SECROP,PRICE_STATUS
D,TRADING,PRICE,3,"2025/05/29 12:50:00",1,SA1,154,78.56,0,0,"2025/05/29 12:45:03",78.56,0.23,0.23,0.1,0.1,0.1,0.1,7.85,7.85,0.39,0.39,1.4,1.4,0.39,0.39,3.7,3.7,0.38,0.38,0,0,FIRM
D,TRADING,PRICE,3,"2025/05/29 12:50:00",1,NSW1,154,87.31,0,0,"2025/05/29 12:45:03",87.31,0.23,0.23,0.1,0.1,0.1,0.1,7.85,7.85,0.39,0.39,1.4,1.4,0.39,0.39,3.7,3.7,0.38,0.38,0,0,FIRM
D,TRADING,PRICE,3,"2025/05/29 12:50:00",1,QLD1,154,83.73,0,0,"2025/05/29 12:45:03",83.73,0.23,0.23,0.1,0.1,0.1,0.1,7.85,7.85,0.39,0.39,1.4,1.4,0.39,0.39,3.7,3.7,0.38,0.38,0,0,FIRM
D,TRADING,PRICE,3,"2025/05/29 12:50:00",1,TAS1,154,103,0,0,"2025/05/29 12:45:03",103,0.38,0.38,0.38,0.38,0.36,0.36,8.54,8.54,0.39,0.39,0.38,0.38,0,0,2.46,2.46,0.38,0.38,0,0,FIRM
D,TRADING,PRICE,3,"2025/05/29 12:50:00",1,VIC1,154,80.49,0,0,"2025/05/29 12:45:03",80.49,0.23,0.23,0.1,0.1,0.1,0.1,7.85,7.85,0.39,0.39,1.4,1.4,0.39,0.39,3.7,3.7,0.38,0.38,0,0,FIRM
C,"END OF REPORT",15
