C,NEMP.WORLD,TRADINGIS,AEMO,PUBLIC,2025/05/26,23:05:11,0000000465012762,TRADINGIS,0000000465012761
I,TRADING,INTERCONNECTORRES,2,SETTLEMENTDATE,RUNNO,INTERCONNECTORID,PERIODID,METEREDMWFLOW,MWFLOW,MWLOSSES,LASTCHANGED
D,TRADING,INTERCONNECTORRES,2,"2025/05/26 23:10:00",1,N-Q-MNSP1,278,6.2,9,0.6,"2025/05/26 23:05:04"
D,TRADING,INTERCONNECTORRES,2,"2025/05/26 23:10:00",1,NSW1-QLD1,278,324.2,357,18.7,"2025/05/26 23:05:04"
D,TRADING,INTERCONNECTORRES,2,"2025/05/26 23:10:00",1,T-V-MNSP1,278,-452.3,-453.11,23.12,"2025/05/26 23:05:04"
D,TRADING,INTERCONNECTORRES,2,"2025/05/26 23:10:00",1,V-S-MNSP1,278,-147,-146.51,36.67,"2025/05/26 23:05:04"
D,TRADING,INTERCONNECTORRES,2,"2025/05/26 23:10:00",1,V-SA,278,-325.33,-363.84,9.93,"2025/05/26 23:05:04"
D,TRADING,INTERCONNECTORRES,2,"2025/05/26 23:10:00",1,VIC1-NSW1,278,1003.85,1090.85,117.45,"2025/05/26 23:05:04"
I,TRADING,PRICE,3,SETTLEMENTDATE,RUNNO,REGIONID,PERIODID,RRP,EEP,INVALIDFLAG,LASTCHANGED,ROP,RAISE6SECRRP,RAISE6SECROP,RAISE60SECRRP,RAISE60SECROP,RAISE5MINRRP,RAISE5MINROP,RAISEREGRRP,RAISEREGROP,LOWER6SECRRP,LOWER6SECROP,LOWER60SECRRP,LOWER60SECROP,LOWER5MINRRP,LOWER5MINROP,LOWERREGRRP,LOWERREGROP,RAISE1SECRRP,RAISE1SECROP,LOWER1SECRRP,LOWER1SECROP,PRICE_STATUS
D,TRADING,PRICE,3,"2025/05/26 23:10:00",1,SA1,278,0,0,0,"2025/05/26 23:05:04",0,0.1,0.1,0.04,0.04,0.09,0.09,7.6,7.6,0.1,0.1,0.39,0.39,0,0,0,0,0.36,0.36,0,0,FIRM
D,TRADING,PRICE,3,"2025/05/26 23:10:00",1,NSW1,278,50.34,0,0,"2025/05/26 23:05:04",50.34,0.1,0.1,0.04,0.04,0.09,0.09,7.6,7.6,0.1,0.1,0.39,0.39,0,0,0,0,0.36,0.36,0,0,FIRM
D,TRADING,PRICE,3,"2025/05/26 23:10:00",1,QLD1,278,54.76,0,0,"2025/05/26 23:05:04",54.76,0.1,0.1,0.04,0.04,0.09,0.09,7.6,7.6,0.1,0.1,0.39,0.39,0,0,0,0,0.36,0.36,0,0,FIRM
D,TRADING,PRICE,3,"2025/05/26 23:10:00",1,TAS1,278,11.25,0,0,"2025/05/26 23:05:04",11.25,0.38,0.38,0.38,0.38,0.09,0.09,8.8,8.8,0.1,0.1,0.38,0.38,0,0,2.55,2.55,0.36,0.36,0,0,FIRM
D,TRADING,PRICE,3,"2025/05/26 23:10:00",1,VIC1,278,0,0,0,"2025/05/26 23:05:04",0,0.1,0.1,0.04,0.04,0.09,0.09,7.6,7.6,0.1,0.1,0.39,0.39,0,0,0,0,0.36,0.36,0,0,FIRM
C,"END OF REPORT",15
