C,NEMP.WORLD,TRADINGIS,AEMO,PUBLIC,2025/05/29,15:40:12,0000000465406482,TRADINGIS,0000000465406481
I,TRADING,INTERCONNECTORRES,2,SETTLEMENTDATE,RUNNO,INTERCONNECTORID,PERIODID,METEREDMWFLOW,MWFLOW,MWLOSSES,LASTCHANGED
D,TRADING,INTERCONNECTORRES,2,"2025/05/29 15:45:00",1,N-Q-MNSP1,189,-13.9,-9,-0.16,"2025/05/29 15:40:05"
D,TRADING,INTERCONNECTORRES,2,"2025/05/29 15:45:00",1,NSW1-QLD1,189,-147.9,-267.44,-4.32,"2025/05/29 15:40:05"
D,TRADING,INTERCONNECTORRES,2,"2025/05/29 15:45:00",1,T-V-MNSP1,189,-449.9,-478,25.62,"2025/05/29 15:40:05"
D,TRADING,INTERCONNECTORRES,2,"2025/05/29 15:45:00",1,V-S-MNSP1,189,-167,-143.37,35.33,"2025/05/29 15:40:05"
D,TRADING,INTERCONNECTORRES,2,"2025/05/29 15:45:00",1,V-SA,189,340.1,300.36,3.94,"2025/05/29 15:40:05"
D,TRADING,INTERCONNECTORRES,2,"2025/05/29 15:45:00",1,VIC1-NSW1,189,-1013.45,-956.48,22.1,"2025/05/29 15:40:05"
I,TRADING,PRICE,3,SETTLEMENTDATE,RUNNO,REGIONID,PERIODID,RRP,EEP,INVALIDFLAG,LASTCHANGED,ROP,RAISE6SECRRP,RAISE6SECROP,RAISE60SECRRP,RAISE60SECROP,RAISE5MINRRP,RAISE5MINROP,RAISEREGRRP,RAISEREGROP,LOWER6SECRRP,LOWER6SECROP,LOWER60SECRRP,LOWER60SECROP,LOWER5MINRRP,LOWER5MINROP,LOWERREGRRP,LOWERREGROP,RAISE1SECRRP,RAISE1SECROP,LOWER1SECRRP,LOWER1SECROP,PRICE_STATUS
D,TRADING,PRICE,3,"2025/05/29 15:45:00",1,SA1,189,-19.81,0,0,"2025/05/29 15:40:05",-19.81,0.1,0.1,0.1,0.1,0.1,0.1,5.99,5.99,0.38,0.38,0.39,0.39,0.38,0.38,3.75,3.75,0.1,0.1,0,0,FIRM
D,TRADING,PRICE,3,"2025/05/29 15:45:00",1,NSW1,189,130.57,0,0,"2025/05/29 15:40:05",130.57,0.1,0.1,0.1,0.1,0.1,0.1,5.99,5.99,0.38,0.38,0.39,0.39,0.38,0.38,3.75,3.75,0.1,0.1,0,0,FIRM
D,TRADING,PRICE,3,"2025/05/29 15:45:00",1,QLD1,189,129.45,0,0,"2025/05/29 15:40:05",129.45,0.1,0.1,0.1,0.1,0.1,0.1,5.99,5.99,0.38,0.38,0.39,0.39,0.38,0.38,3.75,3.75,0.1,0.1,0,0,FIRM
D,TRADING,PRICE,3,"2025/05/29 15:45:00",1,TAS1,189,11.1,0,0,"2025/05/29 15:40:05",11.1,0.38,0.38,0.38,0.38,0.38,0.38,7.54,7.54,0.38,0.38,0.38,0.38,0,0,2.46,2.46,0.1,0.1,0,0,FIRM
D,TRADING,PRICE,3,"2025/05/29 15:45:00",1,VIC1,189,-18.91,0,0,"2025/05/29 15:40:05",-18.91,0.1,0.1,0.1,0.1,0.1,0.1,5.99,5.99,0.38,0.38,0.39,0.39,0.38,0.38,3.75,3.75,0.1,0.1,0,0,FIRM
C,"END OF REPORT",15
