C,NEMP.WORLD,TRADINGIS,AEMO,PUBLIC,2025/05/29,02:05:10,0000000465324797,TRADINGIS,0000000465324796
I,TRADING,INTERCONNECTORRES,2,SETTLEMENTDATE,RUNNO,INTERCONNECTORID,PERIODID,METEREDMWFLOW,MWFLOW,MWLOSSES,LASTCHANGED
D,TRADING,INTERCONNECTORRES,2,"2025/05/29 02:10:00",1,N-Q-MNSP1,26,-24.8,-25,0.65,"2025/05/29 02:05:03"
D,TRADING,INTERCONNECTORRES,2,"2025/05/29 02:10:00",1,NSW1-QLD1,26,-551.7,-456.36,18.09,"2025/05/29 02:05:03"
D,TRADING,INTERCONNECTORRES,2,"2025/05/29 02:10:00",1,T-V-MNSP1,26,-385.8,-386.31,17.03,"2025/05/29 02:05:03"
D,TRADING,INTERCONNECTORRES,2,"2025/05/29 02:10:00",1,V-S-MNSP1,26,72,72,0.95,"2025/05/29 02:05:03"
D,TRADING,INTERCONNECTORRES,2,"2025/05/29 02:10:00",1,V-SA,26,348.26,360.2,19.94,"2025/05/29 02:05:03"
D,TRADING,INTERCONNECTORRES,2,"2025/05/29 02:10:00",1,VIC1-NSW1,26,469.09,458.43,29.46,"2025/05/29 02:05:03"
I,TRADING,PRICE,3,SETTLEMENTDATE,RUNNO,REGIONID,PERIODID,RRP,EEP,INVALIDFLAG,LASTCHANGED,ROP,RAISE6SECRRP,RAISE6SECROP,RAISE60SECRRP,RAISE60SECROP,RAISE5MINRRP,RAISE5MINROP,RAISEREGRRP,RAISEREGROP,LOWER6SECRRP,LOWER6SECROP,LOWER60SECRRP,LOWER60SECROP,LOWER5MINRRP,LOWER5MINROP,LOWERREGRRP,LOWERREGROP,RAISE1SECRRP,RAISE1SECROP,LOWER1SECRRP,LOWER1SECROP,PRICE_STATUS
D,TRADING,PRICE,3,"2025/05/29 02:10:00",1,SA1,26,77.31,0,0,"2025/05/29 02:05:03",77.31,0.37,0.37,0.1,0.1,0.04,0.04,0.04,0.04,0.14,0.14,0.38,0.38,0.1,0.1,1,1,0.38,0.38,0,0,FIRM
D,TRADING,PRICE,3,"2025/05/29 02:10:00",1,NSW1,26,77.74,0,0,"2025/05/29 02:05:03",77.74,0.37,0.37,0.1,0.1,0.04,0.04,0.04,0.04,0.14,0.14,0.38,0.38,0.1,0.1,1,1,0.38,0.38,0,0,FIRM
D,TRADING,PRICE,3,"2025/05/29 02:10:00",1,QLD1,26,71.85,0,0,"2025/05/29 02:05:03",71.85,0.37,0.37,0.1,0.1,0.04,0.04,0.04,0.04,0.14,0.14,0.38,0.38,0.1,0.1,1,1,0.38,0.38,0,0,FIRM
D,TRADING,PRICE,3,"2025/05/29 02:10:00",1,TAS1,26,75.24,0,0,"2025/05/29 02:05:03",75.24,0.38,0.38,0.38,0.38,0.04,0.04,8.4,8.4,0.14,0.14,0.38,0.38,0.1,0.1,2.48,2.48,0.38,0.38,0,0,FIRM
D,TRADING,PRICE,3,"2025/05/29 02:10:00",1,VIC1,26,70.2,0,0,"2025/05/29 02:05:03",70.2,0.37,0.37,0.1,0.1,0.04,0.04,0.04,0.04,0.14,0.14,0.38,0.38,0.1,0.1,1,1,0.38,0.38,0,0,FIRM
C,"END OF REPORT",15
