C,NEMP.WORLD,TRADINGIS,AEMO,PUBLIC,2025/05/28,16:35:11,0000000465269076,TRADINGIS,0000000465269075
I,TRADING,INTERCONNECTORRES,2,SETTLEMENTDATE,RUNNO,INTERCONNECTORID,PERIODID,METEREDMWFLOW,MWFLOW,MWLOSSES,LASTCHANGED
D,TRADING,INTERCONNECTORRES,2,"2025/05/28 16:40:00",1,N-Q-MNSP1,200,-25.8,-25,0.65,"2025/05/28 16:35:04"
D,TRADING,INTERCONNECTORRES,2,"2025/05/28 16:40:00",1,NSW1-QLD1,200,-687.2,-699.68,10.24,"2025/05/28 16:35:04"
D,TRADING,INTERCONNECTORRES,2,"2025/05/28 16:40:00",1,T-V-MNSP1,200,-171.5,-100,1.44,"2025/05/28 16:35:04"
D,TRADING,INTERCONNECTORRES,2,"2025/05/28 16:40:00",1,V-S-MNSP1,200,72,63,0.15,"2025/05/28 16:35:04"
D,TRADING,INTERCONNECTORRES,2,"2025/05/28 16:40:00",1,V-SA,200,445.38,431.08,13.81,"2025/05/28 16:35:04"
D,TRADING,INTERCONNECTORRES,2,"2025/05/28 16:40:00",1,VIC1-NSW1,200,-768.24,-668.24,16.76,"2025/05/28 16:35:04"
I,TRADING,PRICE,3,SETTLEMENTDATE,RUNNO,REGIONID,PERIODID,RRP,EEP,INVALIDFLAG,LASTCHANGED,ROP,RAISE6SECRRP,RAISE6SECROP,RAISE60SECRRP,RAISE60SECROP,RAISE5MINRRP,RAISE5MINROP,RAISEREGRRP,RAISEREGROP,LOWER6SECRRP,LOWER6SECROP,LOWER60SECRRP,LOWER60SECROP,LOWER5MINRRP,LOWER5MINROP,LOWERREGRRP,LOWERREGROP,RAISE1SECRRP,RAISE1SECROP,LOWER1SECRRP,LOWER1SECROP,PRICE_STATUS
D,TRADING,PRICE,3,"2025/05/28 16:40:00",1,SA1,200,170.44,0,0,"2025/05/28 16:35:04",170.44,0.38,0.38,0.36,0.36,0.23,0.23,11.68,11.68,0,0,0.03,0.03,0.2,0.2,6.32,6.32,0.38,0.38,0,0,FIRM
D,TRADING,PRICE,3,"2025/05/28 16:40:00",1,NSW1,200,207.93,0,0,"2025/05/28 16:35:04",207.93,0.38,0.38,0.36,0.36,0.23,0.23,11.68,11.68,0,0,0.03,0.03,0.2,0.2,6.32,6.32,0.38,0.38,0,0,FIRM
D,TRADING,PRICE,3,"2025/05/28 16:40:00",1,QLD1,200,98.45,0,0,"2025/05/28 16:35:04",98.45,0.38,0.38,0.36,0.36,0.23,0.23,11.68,11.68,62.5,62.5,32,32,1.83,1.83,7.95,7.95,0.38,0.38,0,0,FIRM
D,TRADING,PRICE,3,"2025/05/28 16:40:00",1,TAS1,200,150.24,0,0,"2025/05/28 16:35:04",150.24,0.38,0.38,0.38,0.38,0,0,8.4,8.4,0.38,0.38,0.38,0.38,0.2,0.2,3.48,3.48,0.36,0.36,0,0,FIRM
D,TRADING,PRICE,3,"2025/05/28 16:40:00",1,VIC1,200,157.17,0,0,"2025/05/28 16:35:04",157.17,0.38,0.38,0.36,0.36,0.23,0.23,11.68,11.68,0,0,0.03,0.03,0.2,0.2,6.32,6.32,0.38,0.38,0,0,FIRM
C,"END OF REPORT",15
