C,NEMP.WORLD,TRADINGIS,AEMO,PUBLIC,2025/05/29,16:35:16,0000000465412408,TRADINGIS,0000000465412407
I,TRADING,INTERCONNECTORRES,2,SETTLEMENTDATE,RUNNO,INTERCONNECTORID,PERIODID,METEREDMWFLOW,MWFLOW,MWLOSSES,LASTCHANGED
D,TRADING,INTERCONNECTORRES,2,"2025/05/29 16:40:00",1,N-Q-MNSP1,200,-28.3,-25,0.65,"2025/05/29 16:35:04"
D,TRADING,INTERCONNECTORRES,2,"2025/05/29 16:40:00",1,NSW1-QLD1,200,-852.2,-850.84,18.03,"2025/05/29 16:35:04"
D,TRADING,INTERCONNECTORRES,2,"2025/05/29 16:40:00",1,T-V-MNSP1,200,-129.4,-100,1.44,"2025/05/29 16:35:04"
D,TRADING,INTERCONNECTORRES,2,"2025/05/29 16:40:00",1,V-S-MNSP1,200,26,18,-0.93,"2025/05/29 16:35:04"
D,TRADING,INTERCONNECTORRES,2,"2025/05/29 16:40:00",1,V-SA,200,8.59,-18.57,0.36,"2025/05/29 16:35:04"
D,TRADING,INTERCONNECTORRES,2,"2025/05/29 16:40:00",1,VIC1-NSW1,200,-60.54,0,0,"2025/05/29 16:35:04"
I,TRADING,PRICE,3,SETTLEMENTDATE,RUNNO,REGIONID,PERIODID,RRP,EEP,INVALIDFLAG,LASTCHANGED,ROP,RAISE6SECRRP,RAISE6SECROP,RAISE60SECRRP,RAISE60SECROP,RAISE5MINRRP,RAISE5MINROP,RAISEREGRRP,RAISEREGROP,LOWER6SECRRP,LOWER6SECROP,LOWER60SECRRP,LOWER60SECROP,LOWER5MINRRP,LOWER5MINROP,LOWERREGRRP,LOWERREGROP,RAISE1SECRRP,RAISE1SECROP,LOWER1SECRRP,LOWER1SECROP,PRICE_STATUS
D,TRADING,PRICE,3,"2025/05/29 16:40:00",1,SA1,200,149,0,0,"2025/05/29 16:35:04",149,0.38,0.38,0.36,0.36,0.24,0.24,21,21,0.14,0.14,0.38,0.38,0.38,0.38,0.38,0.38,0.36,0.36,0,0,FIRM
D,TRADING,PRICE,3,"2025/05/29 16:40:00",1,NSW1,200,246.91,0,0,"2025/05/29 16:35:04",246.91,0.38,0.38,0.36,0.36,0.24,0.24,21,21,0.14,0.14,0.38,0.38,0.38,0.38,0.38,0.38,0.36,0.36,0,0,FIRM
D,TRADING,PRICE,3,"2025/05/29 16:40:00",1,QLD1,200,223.73,0,0,"2025/05/29 16:35:04",223.73,0.38,0.38,0.36,0.36,0.24,0.24,21,21,0.14,0.14,0.38,0.38,0.38,0.38,0.38,0.38,0.36,0.36,0,0,FIRM
D,TRADING,PRICE,3,"2025/05/29 16:40:00",1,TAS1,200,150.24,0,0,"2025/05/29 16:35:04",150.24,0.38,0.38,0.38,0.38,0,0,7.54,7.54,0.38,0.38,0.38,0.38,0.38,0.38,2.46,2.46,0.36,0.36,0,0,FIRM
D,TRADING,PRICE,3,"2025/05/29 16:40:00",1,VIC1,200,152.5,0,0,"2025/05/29 16:35:04",152.5,0.38,0.38,0.36,0.36,0.24,0.24,21,21,0.14,0.14,0.38,0.38,0.38,0.38,0.38,0.38,0.36,0.36,0,0,FIRM
C,"END OF REPORT",15
