C,NEMP.WORLD,TRADINGIS,AEMO,PUBLIC,2025/05/28,17:25:10,0000000465274291,TRADINGIS,0000000465274290
I,TRADING,INTERCONNECTORRES,2,SETTLEMENTDATE,RUNNO,INTERCONNECTORID,PERIODID,METEREDMWFLOW,MWFLOW,MWLOSSES,LASTCHANGED
D,TRADING,INTERCONNECTORRES,2,"2025/05/28 17:30:00",1,N-Q-MNSP1,210,-16,-17,0.07,"2025/05/28 17:25:03"
D,TRADING,INTERCONNECTORRES,2,"2025/05/28 17:30:00",1,NSW1-QLD1,210,-591.1,-607.34,-6.77,"2025/05/28 17:25:03"
D,TRADING,INTERCONNECTORRES,2,"2025/05/28 17:30:00",1,T-V-MNSP1,210,366.9,406.09,15.55,"2025/05/28 17:25:03"
D,TRADING,INTERCONNECTORRES,2,"2025/05/28 17:30:00",1,V-S-MNSP1,210,45,45,-0.87,"2025/05/28 17:25:03"
D,TRADING,INTERCONNECTORRES,2,"2025/05/28 17:30:00",1,V-SA,210,186.27,177.1,2.22,"2025/05/28 17:25:03"
D,TRADING,INTERCONNECTORRES,2,"2025/05/28 17:30:00",1,VIC1-NSW1,210,84.67,0,0,"2025/05/28 17:25:03"
I,TRADING,PRICE,3,SETTLEMENTDATE,RUNNO,REGIONID,PERIODID,RRP,EEP,INVALIDFLAG,LASTCHANGED,ROP,RAISE6SECRRP,RAISE6SECROP,RAISE60SECRRP,RAISE60SECROP,RAISE5MINRRP,RAISE5MINROP,RAISEREGRRP,RAISEREGROP,LOWER6SECRRP,LOWER6SECROP,LOWER60SECRRP,LOWER60SECROP,LOWER5MINRRP,LOWER5MINROP,LOWERREGRRP,LOWERREGROP,RAISE1SECRRP,RAISE1SECROP,LOWER1SECRRP,LOWER1SECROP,PRICE_STATUS
D,TRADING,PRICE,3,"2025/05/28 17:30:00",1,SA1,210,183.2,0,0,"2025/05/28 17:25:03",183.2,0.39,0.39,0.38,0.38,0.38,0.38,1.44,1.44,0.1,0.1,0.38,0.38,0.38,0.38,2,2,0.04,0.04,0,0,FIRM
D,TRADING,PRICE,3,"2025/05/28 17:30:00",1,NSW1,210,118.99,0,0,"2025/05/28 17:25:03",118.99,0.39,0.39,0.38,0.38,0.38,0.38,1.44,1.44,0.1,0.1,0.38,0.38,0.38,0.38,2,2,0.04,0.04,0,0,FIRM
D,TRADING,PRICE,3,"2025/05/28 17:30:00",1,QLD1,210,113.83,0,0,"2025/05/28 17:25:03",113.83,0.39,0.39,0.38,0.38,0.38,0.38,1.44,1.44,0.1,0.1,0.38,0.38,0.38,0.38,2,2,0.04,0.04,0,0,FIRM
D,TRADING,PRICE,3,"2025/05/28 17:30:00",1,TAS1,210,160.28,0,0,"2025/05/28 17:25:03",160.28,0.39,0.39,0.38,0.38,0.38,0.38,7.4,7.4,0.1,0.1,0.38,0.38,0.38,0.38,2.48,2.48,0.04,0.04,0,0,FIRM
D,TRADING,PRICE,3,"2025/05/28 17:30:00",1,VIC1,210,177.26,0,0,"2025/05/28 17:25:03",177.26,0.39,0.39,0.38,0.38,0.38,0.38,1.44,1.44,0.1,0.1,0.38,0.38,0.38,0.38,2,2,0.04,0.04,0,0,FIRM
C,"END OF REPORT",15
