C,NEMP.WORLD,TRADINGIS,AEMO,PUBLIC,2025/05/26,23:35:11,0000000465015709,TRADINGIS,0000000465015708
I,TRADING,INTERCONNECTORRES,2,SETTLEMENTDATE,RUNNO,INTERCONNECTORID,PERIODID,METEREDMWFLOW,MWFLOW,MWLOSSES,LASTCHANGED
D,TRADING,INTERCONNECTORRES,2,"2025/05/26 23:40:00",1,N-Q-MNSP1,284,5.5,9,0.6,"2025/05/26 23:35:04"
D,TRADING,INTERCONNECTORRES,2,"2025/05/26 23:40:00",1,NSW1-QLD1,284,544.4,431.31,23.09,"2025/05/26 23:35:04"
D,TRADING,INTERCONNECTORRES,2,"2025/05/26 23:40:00",1,T-V-MNSP1,284,-435.8,-451.07,22.92,"2025/05/26 23:35:04"
D,TRADING,INTERCONNECTORRES,2,"2025/05/26 23:40:00",1,V-S-MNSP1,284,-146,-144.47,35.79,"2025/05/26 23:35:04"
D,TRADING,INTERCONNECTORRES,2,"2025/05/26 23:40:00",1,V-SA,284,-341.38,-321.28,5.51,"2025/05/26 23:35:04"
D,TRADING,INTERCONNECTORRES,2,"2025/05/26 23:40:00",1,VIC1-NSW1,284,1161.75,1092.1,114.24,"2025/05/26 23:35:04"
I,TRADING,PRICE,3,SETTLEMENTDATE,RUNNO,REGIONID,PERIODID,RRP,EEP,INVALIDFLAG,LASTCHANGED,ROP,RAISE6SECRRP,RAISE6SECROP,RAISE60SECRRP,RAISE60SECROP,RAISE5MINRRP,RAISE5MINROP,RAISEREGRRP,RAISEREGROP,LOWER6SECRRP,LOWER6SECROP,LOWER60SECRRP,LOWER60SECROP,LOWER5MINRRP,LOWER5MINROP,LOWERREGRRP,LOWERREGROP,RAISE1SECRRP,RAISE1SECROP,LOWER1SECRRP,LOWER1SECROP,PRICE_STATUS
D,TRADING,PRICE,3,"2025/05/26 23:40:00",1,SA1,284,0,0,0,"2025/05/26 23:35:04",0,0.01,0.01,0,0,0.01,0.01,9.24,9.24,0.1,0.1,0.38,0.38,0.38,0.38,3.6,3.6,0.04,0.04,0,0,FIRM
D,TRADING,PRICE,3,"2025/05/26 23:40:00",1,NSW1,284,50.78,0,0,"2025/05/26 23:35:04",50.78,0.01,0.01,0,0,0.01,0.01,9.24,9.24,0.1,0.1,0.38,0.38,0.38,0.38,3.6,3.6,0.04,0.04,0,0,FIRM
D,TRADING,PRICE,3,"2025/05/26 23:40:00",1,QLD1,284,55.73,0,0,"2025/05/26 23:35:04",55.73,0.01,0.01,0,0,0.01,0.01,9.24,9.24,0.1,0.1,0.38,0.38,0.38,0.38,3.6,3.6,0.04,0.04,0,0,FIRM
D,TRADING,PRICE,3,"2025/05/26 23:40:00",1,TAS1,284,11.25,0,0,"2025/05/26 23:35:04",11.25,0.38,0.38,0.38,0.38,0.36,0.36,6.97,6.97,0.1,0.1,0.38,0.38,0,0,1.55,1.55,0.04,0.04,0,0,FIRM
D,TRADING,PRICE,3,"2025/05/26 23:40:00",1,VIC1,284,0,0,0,"2025/05/26 23:35:04",0,0.01,0.01,0,0,0.01,0.01,9.24,9.24,0.1,0.1,0.38,0.38,0.38,0.38,3.6,3.6,0.04,0.04,0,0,FIRM
C,"END OF REPORT",15
