C,NEMP.WORLD,TRADINGIS,AEMO,PUBLIC,2025/05/26,16:30:11,0000000464971544,TRADINGIS,0000000464971543
I,TRADING,INTERCONNECTORRES,2,SETTLEMENTDATE,RUNNO,INTERCONNECTORID,PERIODID,METEREDMWFLOW,MWFLOW,MWLOSSES,LASTCHANGED
D,TRADING,INTERCONNECTORRES,2,"2025/05/26 16:35:00",1,N-Q-MNSP1,199,-1.9,9,0.6,"2025/05/26 16:30:04"
D,TRADING,INTERCONNECTORRES,2,"2025/05/26 16:35:00",1,NSW1-QLD1,199,-58.1,88.85,5.94,"2025/05/26 16:30:04"
D,TRADING,INTERCONNECTORRES,2,"2025/05/26 16:35:00",1,T-V-MNSP1,199,-426.1,-448.11,22.63,"2025/05/26 16:30:04"
D,TRADING,INTERCONNECTORRES,2,"2025/05/26 16:35:00",1,V-S-MNSP1,199,170,169.94,22.31,"2025/05/26 16:30:04"
D,TRADING,INTERCONNECTORRES,2,"2025/05/26 16:35:00",1,V-SA,199,185.75,195.75,5.83,"2025/05/26 16:30:04"
D,TRADING,INTERCONNECTORRES,2,"2025/05/26 16:35:00",1,VIC1-NSW1,199,974.27,999.17,101.75,"2025/05/26 16:30:04"
I,TRADING,PRICE,3,SETTLEMENTDATE,RUNNO,REGIONID,PERIODID,RRP,EEP,INVALIDFLAG,LASTCHANGED,ROP,RAISE6SECRRP,RAISE6SECROP,RAISE60SECRRP,RAISE60SECROP,RAISE5MINRRP,RAISE5MINROP,RAISEREGRRP,RAISEREGROP,LOWER6SECRRP,LOWER6SECROP,LOWER60SECRRP,LOWER60SECROP,LOWER5MINRRP,LOWER5MINROP,LOWERREGRRP,LOWERREGROP,RAISE1SECRRP,RAISE1SECROP,LOWER1SECRRP,LOWER1SECROP,PRICE_STATUS
D,TRADING,PRICE,3,"2025/05/26 16:35:00",1,SA1,199,-21,0,0,"2025/05/26 16:30:04",-21,0.38,0.38,0.38,0.38,0.38,0.38,19.92,19.92,0.38,0.38,0.45,0.45,0.39,0.39,3.7,3.7,0.36,0.36,0,0,FIRM
D,TRADING,PRICE,3,"2025/05/26 16:35:00",1,NSW1,199,124.1,0,0,"2025/05/26 16:30:04",124.1,0.38,0.38,0.38,0.38,0.38,0.38,19.92,19.92,0.38,0.38,0.45,0.45,0.39,0.39,3.7,3.7,0.36,0.36,0,0,FIRM
D,TRADING,PRICE,3,"2025/05/26 16:35:00",1,QLD1,199,133.98,0,0,"2025/05/26 16:30:04",133.98,0.38,0.38,0.38,0.38,0.38,0.38,19.92,19.92,0.38,0.38,0.45,0.45,0.39,0.39,3.7,3.7,0.36,0.36,0,0,FIRM
D,TRADING,PRICE,3,"2025/05/26 16:35:00",1,TAS1,199,149.28,0,0,"2025/05/26 16:30:04",149.28,0.38,0.38,0.38,0.38,0.38,0.38,8.8,8.8,0.38,0.38,0.38,0.38,0,0,3.55,3.55,0.36,0.36,0,0,FIRM
D,TRADING,PRICE,3,"2025/05/26 16:35:00",1,VIC1,199,72.96,0,0,"2025/05/26 16:30:04",72.96,0.38,0.38,0.38,0.38,0.38,0.38,19.92,19.92,0.38,0.38,0.45,0.45,0.39,0.39,3.7,3.7,0.36,0.36,0,0,FIRM
C,"END OF REPORT",15
