C,NEMP.WORLD,TRADINGIS,AEMO,PUBLIC,2025/05/28,15:50:11,0000000465264331,TRADINGIS,0000000465264330
I,TRADING,INTERCONNECTORRES,2,SETTLEMENTDATE,RUNNO,INTERCONNECTORID,PERIODID,METEREDMWFLOW,MWFLOW,MWLOSSES,LASTCHANGED
D,TRADING,INTERCONNECTORRES,2,"2025/05/28 15:55:00",1,N-Q-MNSP1,191,-25.2,-17,0.07,"2025/05/28 15:50:03"
D,TRADING,INTERCONNECTORRES,2,"2025/05/28 15:55:00",1,NSW1-QLD1,191,-572.8,-531.2,10.88,"2025/05/28 15:50:03"
D,TRADING,INTERCONNECTORRES,2,"2025/05/28 15:55:00",1,T-V-MNSP1,191,-292.4,-222.35,6.01,"2025/05/28 15:50:03"
D,TRADING,INTERCONNECTORRES,2,"2025/05/28 15:55:00",1,V-S-MNSP1,191,63,63,0.15,"2025/05/28 15:50:03"
D,TRADING,INTERCONNECTORRES,2,"2025/05/28 15:55:00",1,V-SA,191,381.71,418.87,11.17,"2025/05/28 15:50:03"
D,TRADING,INTERCONNECTORRES,2,"2025/05/28 15:55:00",1,VIC1-NSW1,191,-101.99,10.86,0.46,"2025/05/28 15:50:03"
I,TRADING,PRICE,3,SETTLEMENTDATE,RUNNO,REGIONID,PERIODID,RRP,EEP,INVALIDFLAG,LASTCHANGED,ROP,RAISE6SECRRP,RAISE6SECROP,RAISE60SECRRP,RAISE60SECROP,RAISE5MINRRP,RAISE5MINROP,RAISEREGRRP,RAISEREGROP,LOWER6SECRRP,LOWER6SECROP,LOWER60SECRRP,LOWER60SECROP,LOWER5MINRRP,LOWER5MINROP,LOWERREGRRP,LOWERREGROP,RAISE1SECRRP,RAISE1SECROP,LOWER1SECRRP,LOWER1SECROP,PRICE_STATUS
D,TRADING,PRICE,3,"2025/05/28 15:55:00",1,SA1,191,149.58,0,0,"2025/05/28 15:50:03",149.58,0.38,0.38,0.15,0.15,0.1,0.1,5.99,5.99,0,0,0.15,0.15,0.38,0.38,2,2,0.38,0.38,0,0,FIRM
D,TRADING,PRICE,3,"2025/05/28 15:55:00",1,NSW1,191,145.3,0,0,"2025/05/28 15:50:03",145.3,0.38,0.38,0.15,0.15,0.1,0.1,5.99,5.99,0,0,0.15,0.15,0.38,0.38,2,2,0.38,0.38,0,0,FIRM
D,TRADING,PRICE,3,"2025/05/28 15:55:00",1,QLD1,191,100.83,0,0,"2025/05/28 15:50:03",100.83,0.38,0.38,0.15,0.15,0.1,0.1,5.99,5.99,7.89,7.89,7.89,7.89,20.15,20.15,21.77,21.77,0.38,0.38,0,0,FIRM
D,TRADING,PRICE,3,"2025/05/28 15:55:00",1,TAS1,191,143.96,0,0,"2025/05/28 15:50:03",143.96,0.38,0.38,0.38,0.38,0.1,0.1,8.4,8.4,0,0,0.15,0.15,0.38,0.38,3.48,3.48,0.38,0.38,0,0,FIRM
D,TRADING,PRICE,3,"2025/05/28 15:55:00",1,VIC1,191,139,0,0,"2025/05/28 15:50:03",139,0.38,0.38,0.15,0.15,0.1,0.1,5.99,5.99,0,0,0.15,0.15,0.38,0.38,2,2,0.38,0.38,0,0,FIRM
C,"END OF REPORT",15
