C,NEMP.WORLD,TRADINGIS,AEMO,PUBLIC,2025/05/29,00:45:10,0000000465317186,TRADINGIS,0000000465317185
I,TRADING,INTERCONNECTORRES,2,SETTLEMENTDATE,RUNNO,INTERCONNECTORID,PERIODID,METEREDMWFLOW,MWFLOW,MWLOSSES,LASTCHANGED
D,TRADING,INTERCONNECTORRES,2,"2025/05/29 00:50:00",1,N-Q-MNSP1,10,-16.2,-17,0.07,"2025/05/29 00:45:03"
D,TRADING,INTERCONNECTORRES,2,"2025/05/29 00:50:00",1,NSW1-QLD1,10,-326.5,-371.66,9.81,"2025/05/29 00:45:03"
D,TRADING,INTERCONNECTORRES,2,"2025/05/29 00:50:00",1,T-V-MNSP1,10,-412.6,-433.79,21.26,"2025/05/29 00:45:03"
D,TRADING,INTERCONNECTORRES,2,"2025/05/29 00:50:00",1,V-S-MNSP1,10,72,72,0.95,"2025/05/29 00:45:03"
D,TRADING,INTERCONNECTORRES,2,"2025/05/29 00:50:00",1,V-SA,10,386.79,391,22.86,"2025/05/29 00:45:03"
D,TRADING,INTERCONNECTORRES,2,"2025/05/29 00:50:00",1,VIC1-NSW1,10,299.4,275.06,12.42,"2025/05/29 00:45:03"
I,TRADING,PRICE,3,SETTLEMENTDATE,RUNNO,REGIONID,PERIODID,RRP,EEP,INVALIDFLAG,LASTCHANGED,ROP,RAISE6SECRRP,RAISE6SECROP,RAISE60SECRRP,RAISE60SECROP,RAISE5MINRRP,RAISE5MINROP,RAISEREGRRP,RAISEREGROP,LOWER6SECRRP,LOWER6SECROP,LOWER60SECRRP,LOWER60SECROP,LOWER5MINRRP,LOWER5MINROP,LOWERREGRRP,LOWERREGROP,RAISE1SECRRP,RAISE1SECROP,LOWER1SECRRP,LOWER1SECROP,PRICE_STATUS
D,TRADING,PRICE,3,"2025/05/29 00:50:00",1,SA1,10,80,0,0,"2025/05/29 00:45:03",80,0.23,0.23,0.1,0.1,0.1,0.1,5.99,5.99,0.39,0.39,1,1,0.1,0.1,1.2,1.2,0.36,0.36,0,0,FIRM
D,TRADING,PRICE,3,"2025/05/29 00:50:00",1,NSW1,10,77.29,0,0,"2025/05/29 00:45:03",77.29,0.23,0.23,0.1,0.1,0.1,0.1,5.99,5.99,0.39,0.39,1,1,0.1,0.1,1.2,1.2,0.36,0.36,0,0,FIRM
D,TRADING,PRICE,3,"2025/05/29 00:50:00",1,QLD1,10,72.75,0,0,"2025/05/29 00:45:03",72.75,0.23,0.23,0.1,0.1,0.1,0.1,5.99,5.99,0.39,0.39,1,1,0.1,0.1,1.2,1.2,0.36,0.36,0,0,FIRM
D,TRADING,PRICE,3,"2025/05/29 00:50:00",1,TAS1,10,80.55,0,0,"2025/05/29 00:45:03",80.55,0.38,0.38,0.38,0.38,0.38,0.38,8.4,8.4,0.38,0.38,0.38,0.38,0,0,2.48,2.48,0.36,0.36,0,0,FIRM
D,TRADING,PRICE,3,"2025/05/29 00:50:00",1,VIC1,10,72.35,0,0,"2025/05/29 00:45:03",72.35,0.23,0.23,0.1,0.1,0.1,0.1,5.99,5.99,0.39,0.39,1,1,0.1,0.1,1.2,1.2,0.36,0.36,0,0,FIRM
C,"END OF REPORT",15
