C,NEMP.WORLD,TRADINGIS,AEMO,PUBLIC,2025/05/27,08:10:10,0000000465067480,TRADINGIS,0000000465067479
I,TRADING,INTERCONNECTORRES,2,SETTLEMENTDATE,RUNNO,INTERCONNECTORID,PERIODID,METEREDMWFLOW,MWFLOW,MWLOSSES,LASTCHANGED
D,TRADING,INTERCONNECTORRES,2,"2025/05/27 08:15:00",1,N-Q-MNSP1,99,-16.3,-17,0.07,"2025/05/27 08:10:03"
D,TRADING,INTERCONNECTORRES,2,"2025/05/27 08:15:00",1,NSW1-QLD1,99,-288.9,-309.04,0.66,"2025/05/27 08:10:03"
D,TRADING,INTERCONNECTORRES,2,"2025/05/27 08:15:00",1,T-V-MNSP1,99,-440.7,-445.51,22.38,"2025/05/27 08:10:03"
D,TRADING,INTERCONNECTORRES,2,"2025/05/27 08:15:00",1,V-S-MNSP1,99,-77,-76.24,12.64,"2025/05/27 08:10:03"
D,TRADING,INTERCONNECTORRES,2,"2025/05/27 08:15:00",1,V-SA,99,213.6,209.25,5.97,"2025/05/27 08:10:03"
D,TRADING,INTERCONNECTORRES,2,"2025/05/27 08:15:00",1,VIC1-NSW1,99,755.46,634.6,37.72,"2025/05/27 08:10:03"
I,TRADING,PRICE,3,SETTLEMENTDATE,RUNNO,REGIONID,PERIODID,RRP,EEP,INVALIDFLAG,LASTCHANGED,ROP,RAISE6SECRRP,RAISE6SECROP,RAISE60SECRRP,RAISE60SECROP,RAISE5MINRRP,RAISE5MINROP,RAISEREGRRP,RAISEREGROP,LOWER6SECRRP,LOWER6SECROP,LOWER60SECRRP,LOWER60SECROP,LOWER5MINRRP,LOWER5MINROP,LOWERREGRRP,LOWERREGROP,RAISE1SECRRP,RAISE1SECROP,LOWER1SECRRP,LOWER1SECROP,PRICE_STATUS
D,TRADING,PRICE,3,"2025/05/27 08:15:00",1,SA1,99,79.82,0,0,"2025/05/27 08:10:03",79.82,0.37,0.37,0.1,0.1,0.1,0.1,10.98,10.98,0.03,0.03,0.15,0.15,0.01,0.01,3.49,3.49,0.81,0.81,0,0,FIRM
D,TRADING,PRICE,3,"2025/05/27 08:15:00",1,NSW1,99,84.85,0,0,"2025/05/27 08:10:03",84.85,0.37,0.37,0.1,0.1,0.1,0.1,10.98,10.98,0.03,0.03,0.15,0.15,0.01,0.01,3.49,3.49,0.81,0.81,0,0,FIRM
D,TRADING,PRICE,3,"2025/05/27 08:15:00",1,QLD1,99,82.39,0,0,"2025/05/27 08:10:03",82.39,0.37,0.37,0.1,0.1,0.1,0.1,10.98,10.98,0.03,0.03,0.15,0.15,0.01,0.01,3.49,3.49,0.81,0.81,0,0,FIRM
D,TRADING,PRICE,3,"2025/05/27 08:15:00",1,TAS1,99,85.62,0,0,"2025/05/27 08:10:03",85.62,0.38,0.38,0.38,0.38,0.1,0.1,8.4,8.4,0.03,0.03,0.15,0.15,0,0,2.48,2.48,0.81,0.81,0,0,FIRM
D,TRADING,PRICE,3,"2025/05/27 08:15:00",1,VIC1,99,75.71,0,0,"2025/05/27 08:10:03",75.71,0.37,0.37,0.1,0.1,0.1,0.1,10.98,10.98,0.03,0.03,0.15,0.15,0.01,0.01,3.49,3.49,0.81,0.81,0,0,FIRM
C,"END OF REPORT",15
