C,NEMP.WORLD,TRADINGIS,AEMO,PUBLIC,2025/05/28,17:45:10,0000000465276401,TRADINGIS,0000000465276400
I,TRADING,INTERCONNECTORRES,2,SETTLEMENTDATE,RUNNO,INTERCONNECTORID,PERIODID,METEREDMWFLOW,MWFLOW,MWLOSSES,LASTCHANGED
D,TRADING,INTERCONNECTORRES,2,"2025/05/28 17:50:00",1,N-Q-MNSP1,214,-17.5,-97.5,21.95,"2025/05/28 17:45:03"
D,TRADING,INTERCONNECTORRES,2,"2025/05/28 17:50:00",1,NSW1-QLD1,214,-609.6,-414.73,-13.26,"2025/05/28 17:45:03"
D,TRADING,INTERCONNECTORRES,2,"2025/05/28 17:50:00",1,T-V-MNSP1,214,275.3,455.9,19.82,"2025/05/28 17:45:03"
D,TRADING,INTERCONNECTORRES,2,"2025/05/28 17:50:00",1,V-S-MNSP1,214,27,45,-0.87,"2025/05/28 17:45:03"
D,TRADING,INTERCONNECTORRES,2,"2025/05/28 17:50:00",1,V-SA,214,162.56,208.34,4.19,"2025/05/28 17:45:03"
D,TRADING,INTERCONNECTORRES,2,"2025/05/28 17:50:00",1,VIC1-NSW1,214,-50.32,-50.32,-0.15,"2025/05/28 17:45:03"
I,TRADING,PRICE,3,SETTLEMENTDATE,RUNNO,REGIONID,PERIODID,RRP,EEP,INVALIDFLAG,LASTCHANGED,ROP,RAISE6SECRRP,RAISE6SECROP,RAISE60SECRRP,RAISE60SECROP,RAISE5MINRRP,RAISE5MINROP,RAISEREGRRP,RAISEREGROP,LOWER6SECRRP,LOWER6SECROP,LOWER60SECRRP,LOWER60SECROP,LOWER5MINRRP,LOWER5MINROP,LOWERREGRRP,LOWERREGROP,RAISE1SECRRP,RAISE1SECROP,LOWER1SECRRP,LOWER1SECROP,PRICE_STATUS
D,TRADING,PRICE,3,"2025/05/28 17:50:00",1,SA1,214,178.01,0,0,"2025/05/28 17:45:03",178.01,1.84,1.84,0.38,0.38,0.38,0.38,0.38,0.38,0,0,0.01,0.01,0,0,8.5,8.5,0.04,0.04,0,0,FIRM
D,TRADING,PRICE,3,"2025/05/28 17:50:00",1,NSW1,214,629.31,0,0,"2025/05/28 17:45:03",629.31,1.84,1.84,0.38,0.38,0.38,0.38,0.38,0.38,0,0,0.01,0.01,0,0,8.5,8.5,0.04,0.04,0,0,FIRM
D,TRADING,PRICE,3,"2025/05/28 17:50:00",1,QLD1,214,98.45,0,0,"2025/05/28 17:45:03",98.45,1.84,1.84,0.38,0.38,0.38,0.38,0.38,0.38,97.25,97.25,370.73,370.73,61.17,61.17,69.67,69.67,0.04,0.04,0,0,FIRM
D,TRADING,PRICE,3,"2025/05/28 17:50:00",1,TAS1,214,152.4,0,0,"2025/05/28 17:45:03",152.4,1.84,1.84,0.38,0.38,0.38,0.38,7.4,7.4,0,0,0.01,0.01,0,0,2.48,2.48,0.04,0.04,0,0,FIRM
D,TRADING,PRICE,3,"2025/05/28 17:50:00",1,VIC1,214,170.23,0,0,"2025/05/28 17:45:03",170.23,1.84,1.84,0.38,0.38,0.38,0.38,0.38,0.38,0,0,0.01,0.01,0,0,8.5,8.5,0.04,0.04,0,0,FIRM
C,"END OF REPORT",15
