C,NEMP.WORLD,TRADINGIS,AEMO,PUBLIC,2025/05/27,07:30:11,0000000465063534,TRADINGIS,0000000465063533
I,TRADING,INTERCONNECTORRES,2,SETTLEMENTDATE,RUNNO,INTERCONNECTORID,PERIODID,METEREDMWFLOW,MWFLOW,MWLOSSES,LASTCHANGED
D,TRADING,INTERCONNECTORRES,2,"2025/05/27 07:35:00",1,N-Q-MNSP1,91,-8.3,-9,-0.16,"2025/05/27 07:30:04"
D,TRADING,INTERCONNECTORRES,2,"2025/05/27 07:35:00",1,NSW1-QLD1,91,-218,-207.17,-2.66,"2025/05/27 07:30:04"
D,TRADING,INTERCONNECTORRES,2,"2025/05/27 07:35:00",1,T-V-MNSP1,91,-460.9,-456.32,23.43,"2025/05/27 07:30:04"
D,TRADING,INTERCONNECTORRES,2,"2025/05/27 07:35:00",1,V-S-MNSP1,91,-107,-107.61,21.88,"2025/05/27 07:30:04"
D,TRADING,INTERCONNECTORRES,2,"2025/05/27 07:35:00",1,V-SA,91,6.78,4.22,0,"2025/05/27 07:30:04"
D,TRADING,INTERCONNECTORRES,2,"2025/05/27 07:35:00",1,VIC1-NSW1,91,590.39,539.15,31.36,"2025/05/27 07:30:04"
I,TRADING,PRICE,3,SETTLEMENTDATE,RUNNO,REGIONID,PERIODID,RRP,EEP,INVALIDFLAG,LASTCHANGED,ROP,RAISE6SECRRP,RAISE6SECROP,RAISE60SECRRP,RAISE60SECROP,RAISE5MINRRP,RAISE5MINROP,RAISEREGRRP,RAISEREGROP,LOWER6SECRRP,LOWER6SECROP,LOWER60SECRRP,LOWER60SECROP,LOWER5MINRRP,LOWER5MINROP,LOWERREGRRP,LOWERREGROP,RAISE1SECRRP,RAISE1SECROP,LOWER1SECRRP,LOWER1SECROP,PRICE_STATUS
D,TRADING,PRICE,3,"2025/05/27 07:35:00",1,SA1,91,58.51,0,0,"2025/05/27 07:30:04",58.51,0.23,0.23,0.1,0.1,0.1,0.1,0.1,0.1,0.01,0.01,0.1,0.1,0.1,0.1,3.75,3.75,0.38,0.38,0,0,FIRM
D,TRADING,PRICE,3,"2025/05/27 07:35:00",1,NSW1,91,65.02,0,0,"2025/05/27 07:30:04",65.02,0.23,0.23,0.1,0.1,0.1,0.1,0.1,0.1,0.01,0.01,0.1,0.1,0.1,0.1,3.75,3.75,0.38,0.38,0,0,FIRM
D,TRADING,PRICE,3,"2025/05/27 07:35:00",1,QLD1,91,71.03,0,0,"2025/05/27 07:30:04",71.03,1.84,1.84,4.85,4.85,0.1,0.1,0.1,0.1,0.01,0.01,0.1,0.1,0.1,0.1,3.75,3.75,0.38,0.38,0,0,FIRM
D,TRADING,PRICE,3,"2025/05/27 07:35:00",1,TAS1,91,75.28,0,0,"2025/05/27 07:30:04",75.28,0.38,0.38,0.38,0.38,0.1,0.1,8.4,8.4,0.01,0.01,0.1,0.1,0,0,2.48,2.48,0.38,0.38,0,0,FIRM
D,TRADING,PRICE,3,"2025/05/27 07:35:00",1,VIC1,91,58.55,0,0,"2025/05/27 07:30:04",58.55,0.23,0.23,0.1,0.1,0.1,0.1,0.1,0.1,0.01,0.01,0.1,0.1,0.1,0.1,3.75,3.75,0.38,0.38,0,0,FIRM
C,"END OF REPORT",15
