C,NEMP.WORLD,TRADINGIS,AEMO,PUBLIC,2025/05/27,18:50:10,0000000465138378,TRADINGIS,0000000465138377
I,TRADING,INTERCONNECTORRES,2,SETTLEMENTDATE,RUNNO,INTERCONNECTORID,PERIODID,METEREDMWFLOW,MWFLOW,MWLOSSES,LASTCHANGED
D,TRADING,INTERCONNECTORRES,2,"2025/05/27 18:55:00",1,N-Q-MNSP1,227,-9.4,-9,-0.16,"2025/05/27 18:50:03"
D,TRADING,INTERCONNECTORRES,2,"2025/05/27 18:55:00",1,NSW1-QLD1,227,-446.3,-389.04,-12.74,"2025/05/27 18:50:03"
D,TRADING,INTERCONNECTORRES,2,"2025/05/27 18:55:00",1,T-V-MNSP1,227,-347.3,-343.13,13.59,"2025/05/27 18:50:03"
D,TRADING,INTERCONNECTORRES,2,"2025/05/27 18:55:00",1,V-S-MNSP1,227,54,54,-0.46,"2025/05/27 18:50:03"
D,TRADING,INTERCONNECTORRES,2,"2025/05/27 18:55:00",1,V-SA,227,240.59,227.37,6.58,"2025/05/27 18:50:03"
D,TRADING,INTERCONNECTORRES,2,"2025/05/27 18:55:00",1,VIC1-NSW1,227,-410.7,-393.99,11.96,"2025/05/27 18:50:03"
I,TRADING,PRICE,3,SETTLEMENTDATE,RUNNO,REGIONID,PERIODID,RRP,EEP,INVALIDFLAG,LASTCHANGED,ROP,RAISE6SECRRP,RAISE6SECROP,RAISE60SECRRP,RAISE60SECROP,RAISE5MINRRP,RAISE5MINROP,RAISEREGRRP,RAISEREGROP,LOWER6SECRRP,LOWER6SECROP,LOWER60SECRRP,LOWER60SECROP,LOWER5MINRRP,LOWER5MINROP,LOWERREGRRP,LOWERREGROP,RAISE1SECRRP,RAISE1SECROP,LOWER1SECRRP,LOWER1SECROP,PRICE_STATUS
D,TRADING,PRICE,3,"2025/05/27 18:55:00",1,SA1,227,132.6,0,0,"2025/05/27 18:50:03",132.6,0.38,0.38,0.23,0.23,0.1,0.1,0.1,0.1,0.01,0.01,0.1,0.1,0,0,0,0,0.3,0.3,0,0,FIRM
D,TRADING,PRICE,3,"2025/05/27 18:55:00",1,NSW1,227,104.58,0,0,"2025/05/27 18:50:03",104.58,0.38,0.38,0.23,0.23,0.1,0.1,0.1,0.1,0.01,0.01,0.1,0.1,0,0,0,0,0.3,0.3,0,0,FIRM
D,TRADING,PRICE,3,"2025/05/27 18:55:00",1,QLD1,227,104.64,0,0,"2025/05/27 18:50:03",104.64,0.38,0.38,0.23,0.23,0.1,0.1,0.1,0.1,0.01,0.01,0.1,0.1,0,0,0,0,0.3,0.3,0,0,FIRM
D,TRADING,PRICE,3,"2025/05/27 18:55:00",1,TAS1,227,132.98,0,0,"2025/05/27 18:50:03",132.98,0.38,0.38,0.36,0.36,0.1,0.1,7.4,7.4,0.01,0.01,0.1,0.1,0,0,2.48,2.48,0.3,0.3,0,0,FIRM
D,TRADING,PRICE,3,"2025/05/27 18:55:00",1,VIC1,227,125.5,0,0,"2025/05/27 18:50:03",125.5,0.38,0.38,0.23,0.23,0.1,0.1,0.1,0.1,0.01,0.01,0.1,0.1,0,0,0,0,0.3,0.3,0,0,FIRM
C,"END OF REPORT",15
