C,NEMP.WORLD,TRADINGIS,AEMO,PUBLIC,2025/05/29,06:35:12,0000000465350767,TRADINGIS,0000000465350766
I,TRADING,INTERCONNECTORRES,2,SETTLEMENTDATE,RUNNO,INTERCONNECTORID,PERIODID,METEREDMWFLOW,MWFLOW,MWLOSSES,LASTCHANGED
D,TRADING,INTERCONNECTORRES,2,"2025/05/29 06:40:00",1,N-Q-MNSP1,80,-15.7,-49,4.51,"2025/05/29 06:35:04"
D,TRADING,INTERCONNECTORRES,2,"2025/05/29 06:40:00",1,NSW1-QLD1,80,-534.5,-489,5.82,"2025/05/29 06:35:04"
D,TRADING,INTERCONNECTORRES,2,"2025/05/29 06:40:00",1,T-V-MNSP1,80,-409,-405.69,18.7,"2025/05/29 06:35:04"
D,TRADING,INTERCONNECTORRES,2,"2025/05/29 06:40:00",1,V-S-MNSP1,80,27,27,-1.11,"2025/05/29 06:35:04"
D,TRADING,INTERCONNECTORRES,2,"2025/05/29 06:40:00",1,V-SA,80,29.1,8.33,0,"2025/05/29 06:35:04"
D,TRADING,INTERCONNECTORRES,2,"2025/05/29 06:40:00",1,VIC1-NSW1,80,-153.94,-157.19,-2.34,"2025/05/29 06:35:04"
I,TRADING,PRICE,3,SETTLEMENTDATE,RUNNO,REGIONID,PERIODID,RRP,EEP,INVALIDFLAG,LASTCHANGED,ROP,RAISE6SECRRP,RAISE6SECROP,RAISE60SECRRP,RAISE60SECROP,RAISE5MINRRP,RAISE5MINROP,RAISEREGRRP,RAISEREGROP,LOWER6SECRRP,LOWER6SECROP,LOWER60SECRRP,LOWER60SECROP,LOWER5MINRRP,LOWER5MINROP,LOWERREGRRP,LOWERREGROP,RAISE1SECRRP,RAISE1SECROP,LOWER1SECRRP,LOWER1SECROP,PRICE_STATUS
D,TRADING,PRICE,3,"2025/05/29 06:40:00",1,SA1,80,125,0,0,"2025/05/29 06:35:04",125,0.38,0.38,0.15,0.15,0.15,0.15,9.55,9.55,0.1,0.1,0.38,0.38,0.1,0.1,0.1,0.1,0.38,0.38,0,0,FIRM
D,TRADING,PRICE,3,"2025/05/29 06:40:00",1,NSW1,80,125.25,0,0,"2025/05/29 06:35:04",125.25,0.38,0.38,0.15,0.15,0.15,0.15,9.55,9.55,0.1,0.1,0.38,0.38,0.1,0.1,0.1,0.1,0.38,0.38,0,0,FIRM
D,TRADING,PRICE,3,"2025/05/29 06:40:00",1,QLD1,80,100.83,0,0,"2025/05/29 06:35:04",100.83,0.38,0.38,0.15,0.15,0.15,0.15,9.55,9.55,0.1,0.1,0.38,0.38,0.1,0.1,0.1,0.1,0.38,0.38,0,0,FIRM
D,TRADING,PRICE,3,"2025/05/29 06:40:00",1,TAS1,80,134.51,0,0,"2025/05/29 06:35:04",134.51,0.38,0.38,0.38,0.38,0.15,0.15,7.54,7.54,0.1,0.1,0.38,0.38,0,0,2.46,2.46,0.38,0.38,0,0,FIRM
D,TRADING,PRICE,3,"2025/05/29 06:40:00",1,VIC1,80,125.06,0,0,"2025/05/29 06:35:04",125.06,0.38,0.38,0.15,0.15,0.15,0.15,9.55,9.55,0.1,0.1,0.38,0.38,0.1,0.1,0.1,0.1,0.38,0.38,0,0,FIRM
C,"END OF REPORT",15
