C,NEMP.WORLD,TRADINGIS,AEMO,PUBLIC,2025/05/28,17:30:11,0000000465274839,TRADINGIS,0000000465274838
I,TRADING,INTERCONNECTORRES,2,SETTLEMENTDATE,RUNNO,INTERCONNECTORID,PERIODID,METEREDMWFLOW,MWFLOW,MWLOSSES,LASTCHANGED
D,TRADING,INTERCONNECTORRES,2,"2025/05/28 17:35:00",1,N-Q-MNSP1,211,-18.8,-17,0.07,"2025/05/28 17:30:04"
D,TRADING,INTERCONNECTORRES,2,"2025/05/28 17:35:00",1,NSW1-QLD1,211,-507.7,-554.85,-9.5,"2025/05/28 17:30:04"
D,TRADING,INTERCONNECTORRES,2,"2025/05/28 17:35:00",1,T-V-MNSP1,211,406.5,254.89,5.76,"2025/05/28 17:30:04"
D,TRADING,INTERCONNECTORRES,2,"2025/05/28 17:35:00",1,V-S-MNSP1,211,45,45,-0.87,"2025/05/28 17:30:04"
D,TRADING,INTERCONNECTORRES,2,"2025/05/28 17:35:00",1,V-SA,211,145.91,183.29,2.3,"2025/05/28 17:30:04"
D,TRADING,INTERCONNECTORRES,2,"2025/05/28 17:35:00",1,VIC1-NSW1,211,82.29,0,0,"2025/05/28 17:30:04"
I,TRADING,PRICE,3,SETTLEMENTDATE,RUNNO,REGIONID,PERIODID,RRP,EEP,INVALIDFLAG,LASTCHANGED,ROP,RAISE6SECRRP,RAISE6SECROP,RAISE60SECRRP,RAISE60SECROP,RAISE5MINRRP,RAISE5MINROP,RAISEREGRRP,RAISEREGROP,LOWER6SECRRP,LOWER6SECROP,LOWER60SECRRP,LOWER60SECROP,LOWER5MINRRP,LOWER5MINROP,LOWERREGRRP,LOWERREGROP,RAISE1SECRRP,RAISE1SECROP,LOWER1SECRRP,LOWER1SECROP,PRICE_STATUS
D,TRADING,PRICE,3,"2025/05/28 17:35:00",1,SA1,211,166.47,0,0,"2025/05/28 17:30:04",166.47,4.61,4.61,0.38,0.38,0.38,0.38,10.94,10.94,0.38,0.38,0.38,0.38,0.38,0.38,3.49,3.49,0.04,0.04,0,0,FIRM
D,TRADING,PRICE,3,"2025/05/28 17:35:00",1,NSW1,211,111.5,0,0,"2025/05/28 17:30:04",111.5,4.61,4.61,0.38,0.38,0.38,0.38,10.94,10.94,0.38,0.38,0.38,0.38,0.38,0.38,3.49,3.49,0.04,0.04,0,0,FIRM
D,TRADING,PRICE,3,"2025/05/28 17:35:00",1,QLD1,211,108.12,0,0,"2025/05/28 17:30:04",108.12,4.61,4.61,0.38,0.38,0.38,0.38,10.94,10.94,0.38,0.38,0.38,0.38,0.38,0.38,3.49,3.49,0.04,0.04,0,0,FIRM
D,TRADING,PRICE,3,"2025/05/28 17:35:00",1,TAS1,211,150.24,0,0,"2025/05/28 17:30:04",150.24,4.61,4.61,0.38,0.38,0.38,0.38,7.4,7.4,0.38,0.38,0.38,0.38,0.38,0.38,2.48,2.48,0.04,0.04,0,0,FIRM
D,TRADING,PRICE,3,"2025/05/28 17:35:00",1,VIC1,211,161.17,0,0,"2025/05/28 17:30:04",161.17,4.61,4.61,0.38,0.38,0.38,0.38,10.94,10.94,0.38,0.38,0.38,0.38,0.38,0.38,3.49,3.49,0.04,0.04,0,0,FIRM
C,"END OF REPORT",15
