C,NEMP.WORLD,TRADINGIS,AEMO,PUBLIC,2025/05/27,01:55:14,0000000465029994,TRADINGIS,0000000465029993
I,TRADING,INTERCONNECTORRES,2,SETTLEMENTDATE,RUNNO,INTERCONNECTORID,PERIODID,METEREDMWFLOW,MWFLOW,MWLOSSES,LASTCHANGED
D,TRADING,INTERCONNECTORRES,2,"2025/05/27 02:00:00",1,N-Q-MNSP1,24,9.2,9,0.6,"2025/05/27 01:55:07"
D,TRADING,INTERCONNECTORRES,2,"2025/05/27 02:00:00",1,NSW1-QLD1,24,380.7,396.01,14.4,"2025/05/27 01:55:07"
D,TRADING,INTERCONNECTORRES,2,"2025/05/27 02:00:00",1,T-V-MNSP1,24,-467,-456.37,23.44,"2025/05/27 01:55:07"
D,TRADING,INTERCONNECTORRES,2,"2025/05/27 02:00:00",1,V-S-MNSP1,24,-146,-145.44,36.21,"2025/05/27 01:55:07"
D,TRADING,INTERCONNECTORRES,2,"2025/05/27 02:00:00",1,V-SA,24,-318.91,-318.57,4.89,"2025/05/27 01:55:07"
D,TRADING,INTERCONNECTORRES,2,"2025/05/27 02:00:00",1,VIC1-NSW1,24,882.47,939.73,93.02,"2025/05/27 01:55:07"
I,TRADING,PRICE,3,SETTLEMENTDATE,RUNNO,REGIONID,PERIODID,RRP,EEP,INVALIDFLAG,LASTCHANGED,ROP,RAISE6SECRRP,RAISE6SECROP,RAISE60SECRRP,RAISE60SECROP,RAISE5MINRRP,RAISE5MINROP,RAISEREGRRP,RAISEREGROP,LOWER6SECRRP,LOWER6SECROP,LOWER60SECRRP,LOWER60SECROP,LOWER5MINRRP,LOWER5MINROP,LOWERREGRRP,LOWERREGROP,RAISE1SECRRP,RAISE1SECROP,LOWER1SECRRP,LOWER1SECROP,PRICE_STATUS
D,TRADING,PRICE,3,"2025/05/27 02:00:00",1,SA1,24,-14.48,0,0,"2025/05/27 01:55:07",-14.48,0.01,0.01,0.01,0.01,0.01,0.01,7.6,7.6,0.39,0.39,1.44,1.44,0.39,0.39,0.7,0.7,0.04,0.04,0,0,FIRM
D,TRADING,PRICE,3,"2025/05/27 02:00:00",1,NSW1,24,47.16,0,0,"2025/05/27 01:55:07",47.16,0.01,0.01,0.01,0.01,0.01,0.01,7.6,7.6,0.39,0.39,1.44,1.44,0.39,0.39,0.7,0.7,0.04,0.04,0,0,FIRM
D,TRADING,PRICE,3,"2025/05/27 02:00:00",1,QLD1,24,50.75,0,0,"2025/05/27 01:55:07",50.75,0.01,0.01,0.01,0.01,0.01,0.01,7.6,7.6,0.39,0.39,1.44,1.44,0.39,0.39,0.7,0.7,0.04,0.04,0,0,FIRM
D,TRADING,PRICE,3,"2025/05/27 02:00:00",1,TAS1,24,35.28,0,0,"2025/05/27 01:55:07",35.28,0.38,0.38,0.38,0.38,0.01,0.01,8.8,8.8,0.38,0.38,0.38,0.38,0,0,1.55,1.55,0.04,0.04,0,0,FIRM
D,TRADING,PRICE,3,"2025/05/27 02:00:00",1,VIC1,24,-15.24,0,0,"2025/05/27 01:55:07",-15.24,0.01,0.01,0.01,0.01,0.01,0.01,7.6,7.6,0.39,0.39,1.44,1.44,0.39,0.39,0.7,0.7,0.04,0.04,0,0,FIRM
C,"END OF REPORT",15
