C,NEMP.WORLD,TRADINGIS,AEMO,PUBLIC,2025/05/29,09:05:10,0000000465364604,TRADINGIS,0000000465364603
I,TRADING,INTERCONNECTORRES,2,SETTLEMENTDATE,RUNNO,INTERCONNECTORID,PERIODID,METEREDMWFLOW,MWFLOW,MWLOSSES,LASTCHANGED
D,TRADING,INTERCONNECTORRES,2,"2025/05/29 09:10:00",1,N-Q-MNSP1,110,-20,-9,-0.16,"2025/05/29 09:05:03"
D,TRADING,INTERCONNECTORRES,2,"2025/05/29 09:10:00",1,NSW1-QLD1,110,-324.6,-289.52,-0.6,"2025/05/29 09:05:03"
D,TRADING,INTERCONNECTORRES,2,"2025/05/29 09:10:00",1,T-V-MNSP1,110,-173.9,-26.14,0.17,"2025/05/29 09:05:03"
D,TRADING,INTERCONNECTORRES,2,"2025/05/29 09:10:00",1,V-S-MNSP1,110,36,36,-1.09,"2025/05/29 09:05:03"
D,TRADING,INTERCONNECTORRES,2,"2025/05/29 09:10:00",1,V-SA,110,71.44,99.96,0.09,"2025/05/29 09:05:03"
D,TRADING,INTERCONNECTORRES,2,"2025/05/29 09:10:00",1,VIC1-NSW1,110,-182.91,-144.77,-2.29,"2025/05/29 09:05:03"
I,TRADING,PRICE,3,SETTLEMENTDATE,RUNNO,REGIONID,PERIODID,RRP,EEP,INVALIDFLAG,LASTCHANGED,ROP,RAISE6SECRRP,RAISE6SECROP,RAISE60SECRRP,RAISE60SECROP,RAISE5MINRRP,RAISE5MINROP,RAISEREGRRP,RAISEREGROP,LOWER6SECRRP,LOWER6SECROP,LOWER60SECRRP,LOWER60SECROP,LOWER5MINRRP,LOWER5MINROP,LOWERREGRRP,LOWERREGROP,RAISE1SECRRP,RAISE1SECROP,LOWER1SECRRP,LOWER1SECROP,PRICE_STATUS
D,TRADING,PRICE,3,"2025/05/29 09:10:00",1,SA1,110,162.46,0,0,"2025/05/29 09:05:03",162.46,0.39,0.39,0.39,0.39,0.39,0.39,9.89,9.89,0.01,0.01,0.37,0.37,0.01,0.01,4.65,4.65,0.94,0.94,0,0,FIRM
D,TRADING,PRICE,3,"2025/05/29 09:10:00",1,NSW1,110,160.91,0,0,"2025/05/29 09:05:03",160.91,0.39,0.39,0.39,0.39,0.39,0.39,9.89,9.89,0.01,0.01,0.37,0.37,0.01,0.01,4.65,4.65,0.94,0.94,0,0,FIRM
D,TRADING,PRICE,3,"2025/05/29 09:10:00",1,QLD1,110,162.73,0,0,"2025/05/29 09:05:03",162.73,2.5,2.5,4.45,4.45,0.39,0.39,9.89,9.89,0.01,0.01,0.37,0.37,0.01,0.01,4.65,4.65,0.94,0.94,0,0,FIRM
D,TRADING,PRICE,3,"2025/05/29 09:10:00",1,TAS1,110,160.02,0,0,"2025/05/29 09:05:03",160.02,0.38,0.38,0.38,0.38,0.38,0.38,8.54,8.54,0.38,0.38,0.38,0.38,0.38,0.38,2.46,2.46,0,0,0,0,FIRM
D,TRADING,PRICE,3,"2025/05/29 09:10:00",1,VIC1,110,160.71,0,0,"2025/05/29 09:05:03",160.71,0.39,0.39,0.39,0.39,0.39,0.39,9.89,9.89,0.01,0.01,0.37,0.37,0.01,0.01,4.65,4.65,0.94,0.94,0,0,FIRM
C,"END OF REPORT",15
