C,NEMP.WORLD,TRADINGIS,AEMO,PUBLIC,2025/05/26,22:35:15,0000000465009806,TRADINGIS,0000000465009805
I,TRADING,INTERCONNECTORRES,2,SETTLEMENTDATE,RUNNO,INTERCONNECTORID,PERIODID,METEREDMWFLOW,MWFLOW,MWLOSSES,LASTCHANGED
D,TRADING,INTERCONNECTORRES,2,"2025/05/26 22:40:00",1,N-Q-MNSP1,272,9.5,9,0.6,"2025/05/26 22:35:07"
D,TRADING,INTERCONNECTORRES,2,"2025/05/26 22:40:00",1,NSW1-QLD1,272,372.2,282,14.06,"2025/05/26 22:35:07"
D,TRADING,INTERCONNECTORRES,2,"2025/05/26 22:40:00",1,T-V-MNSP1,272,-465.2,-453.01,23.11,"2025/05/26 22:35:07"
D,TRADING,INTERCONNECTORRES,2,"2025/05/26 22:40:00",1,V-S-MNSP1,272,-150,-146.4,36.63,"2025/05/26 22:35:07"
D,TRADING,INTERCONNECTORRES,2,"2025/05/26 22:40:00",1,V-SA,272,-243.27,-285.17,3.25,"2025/05/26 22:35:07"
D,TRADING,INTERCONNECTORRES,2,"2025/05/26 22:40:00",1,VIC1-NSW1,272,1157.44,1109.1,115.61,"2025/05/26 22:35:07"
I,TRADING,PRICE,3,SETTLEMENTDATE,RUNNO,REGIONID,PERIODID,RRP,EEP,INVALIDFLAG,LASTCHANGED,ROP,RAISE6SECRRP,RAISE6SECROP,RAISE60SECRRP,RAISE60SECROP,RAISE5MINRRP,RAISE5MINROP,RAISEREGRRP,RAISEREGROP,LOWER6SECRRP,LOWER6SECROP,LOWER60SECRRP,LOWER60SECROP,LOWER5MINRRP,LOWER5MINROP,LOWERREGRRP,LOWERREGROP,RAISE1SECRRP,RAISE1SECROP,LOWER1SECRRP,LOWER1SECROP,PRICE_STATUS
D,TRADING,PRICE,3,"2025/05/26 22:40:00",1,SA1,272,-7.98,0,0,"2025/05/26 22:35:07",-7.98,0.1,0.1,0.1,0.1,0.1,0.1,3.99,3.99,0.1,0.1,0.39,0.39,0,0,0,0,0.38,0.38,0,0,FIRM
D,TRADING,PRICE,3,"2025/05/26 22:40:00",1,NSW1,272,56.61,0,0,"2025/05/26 22:35:07",56.61,0.1,0.1,0.1,0.1,0.1,0.1,3.99,3.99,0.1,0.1,0.39,0.39,0,0,0,0,0.38,0.38,0,0,FIRM
D,TRADING,PRICE,3,"2025/05/26 22:40:00",1,QLD1,272,60.88,0,0,"2025/05/26 22:35:07",60.88,0.1,0.1,0.1,0.1,0.1,0.1,3.99,3.99,0.1,0.1,0.39,0.39,0,0,0,0,0.38,0.38,0,0,FIRM
D,TRADING,PRICE,3,"2025/05/26 22:40:00",1,TAS1,272,55.24,0,0,"2025/05/26 22:35:07",55.24,0.38,0.38,0.38,0.38,0.1,0.1,8.8,8.8,0.1,0.1,0.38,0.38,0,0,2.55,2.55,0.38,0.38,0,0,FIRM
D,TRADING,PRICE,3,"2025/05/26 22:40:00",1,VIC1,272,-8.33,0,0,"2025/05/26 22:35:07",-8.33,0.1,0.1,0.1,0.1,0.1,0.1,3.99,3.99,0.1,0.1,0.39,0.39,0,0,0,0,0.38,0.38,0,0,FIRM
C,"END OF REPORT",15
