C,NEMP.WORLD,TRADINGIS,AEMO,PUBLIC,2025/05/27,20:40:11,0000000465149193,TRADINGIS,0000000465149192
I,TRADING,INTERCONNECTORRES,2,SETTLEMENTDATE,RUNNO,INTERCONNECTORID,PERIODID,METEREDMWFLOW,MWFLOW,MWLOSSES,LASTCHANGED
D,TRADING,INTERCONNECTORRES,2,"2025/05/27 20:45:00",1,N-Q-MNSP1,249,-8.5,-9,-0.16,"2025/05/27 20:40:03"
D,TRADING,INTERCONNECTORRES,2,"2025/05/27 20:45:00",1,NSW1-QLD1,249,-289.9,-252.73,-7.31,"2025/05/27 20:40:03"
D,TRADING,INTERCONNECTORRES,2,"2025/05/27 20:45:00",1,T-V-MNSP1,249,-275.3,-326.4,12.35,"2025/05/27 20:40:03"
D,TRADING,INTERCONNECTORRES,2,"2025/05/27 20:45:00",1,V-S-MNSP1,249,81,81,1.95,"2025/05/27 20:40:03"
D,TRADING,INTERCONNECTORRES,2,"2025/05/27 20:45:00",1,V-SA,249,510.61,512.85,35.19,"2025/05/27 20:40:03"
D,TRADING,INTERCONNECTORRES,2,"2025/05/27 20:45:00",1,VIC1-NSW1,249,-180.49,-200.17,2.28,"2025/05/27 20:40:03"
I,TRADING,PRICE,3,SETTLEMENTDATE,RUNNO,REGIONID,PERIODID,RRP,EEP,INVALIDFLAG,LASTCHANGED,ROP,RAISE6SECRRP,RAISE6SECROP,RAISE60SECRRP,RAISE60SECROP,RAISE5MINRRP,RAISE5MINROP,RAISEREGRRP,RAISEREGROP,LOWER6SECRRP,LOWER6SECROP,LOWER60SECRRP,LOWER60SECROP,LOWER5MINRRP,LOWER5MINROP,LOWERREGRRP,LOWERREGROP,RAISE1SECRRP,RAISE1SECROP,LOWER1SECRRP,LOWER1SECROP,PRICE_STATUS
D,TRADING,PRICE,3,"2025/05/27 20:45:00",1,SA1,249,107.46,0,0,"2025/05/27 20:40:03",107.46,0.38,0.38,0.1,0.1,0.1,0.1,17.53,17.53,0,0,0.03,0.03,0.01,0.01,3.75,3.75,0.36,0.36,0,0,FIRM
D,TRADING,PRICE,3,"2025/05/27 20:45:00",1,NSW1,249,91.97,0,0,"2025/05/27 20:40:03",91.97,0.38,0.38,0.1,0.1,0.1,0.1,17.53,17.53,0,0,0.03,0.03,0.01,0.01,3.75,3.75,0.36,0.36,0,0,FIRM
D,TRADING,PRICE,3,"2025/05/27 20:45:00",1,QLD1,249,92.79,0,0,"2025/05/27 20:40:03",92.79,0.38,0.38,0.1,0.1,0.1,0.1,17.53,17.53,0,0,0.03,0.03,0.01,0.01,3.75,3.75,0.36,0.36,0,0,FIRM
D,TRADING,PRICE,3,"2025/05/27 20:45:00",1,TAS1,249,100.07,0,0,"2025/05/27 20:40:03",100.07,0.38,0.38,0.36,0.36,0.1,0.1,6.4,6.4,0,0,0.03,0.03,0.01,0.01,3.48,3.48,0.36,0.36,0,0,FIRM
D,TRADING,PRICE,3,"2025/05/27 20:45:00",1,VIC1,249,94.68,0,0,"2025/05/27 20:40:03",94.68,0.38,0.38,0.1,0.1,0.1,0.1,17.53,17.53,0,0,0.03,0.03,0.01,0.01,3.75,3.75,0.36,0.36,0,0,FIRM
C,"END OF REPORT",15
