C,NEMP.WORLD,TRADINGIS,AEMO,PUBLIC,2025/05/28,08:15:10,0000000465216515,TRADINGIS,0000000465216514
I,TRADING,INTERCONNECTORRES,2,SETTLEMENTDATE,RUNNO,INTERCONNECTORID,PERIODID,METEREDMWFLOW,MWFLOW,MWLOSSES,LASTCHANGED
D,TRADING,INTERCONNECTORRES,2,"2025/05/28 08:20:00",1,N-Q-MNSP1,100,-23.1,-17,0.07,"2025/05/28 08:15:03"
D,TRADING,INTERCONNECTORRES,2,"2025/05/28 08:20:00",1,NSW1-QLD1,100,-559.7,-452.56,9.16,"2025/05/28 08:15:03"
D,TRADING,INTERCONNECTORRES,2,"2025/05/28 08:20:00",1,T-V-MNSP1,100,-461.5,-439.59,21.81,"2025/05/28 08:15:03"
D,TRADING,INTERCONNECTORRES,2,"2025/05/28 08:20:00",1,V-S-MNSP1,100,81,81,1.95,"2025/05/28 08:15:03"
D,TRADING,INTERCONNECTORRES,2,"2025/05/28 08:20:00",1,V-SA,100,553.18,520.79,32.62,"2025/05/28 08:15:03"
D,TRADING,INTERCONNECTORRES,2,"2025/05/28 08:20:00",1,VIC1-NSW1,100,-573.62,-523.23,17.09,"2025/05/28 08:15:03"
I,TRADING,PRICE,3,SETTLEMENTDATE,RUNNO,REGIONID,PERIODID,RRP,EEP,INVALIDFLAG,LASTCHANGED,ROP,RAISE6SECRRP,RAISE6SECROP,RAISE60SECRRP,RAISE60SECROP,RAISE5MINRRP,RAISE5MINROP,RAISEREGRRP,RAISEREGROP,LOWER6SECRRP,LOWER6SECROP,LOWER60SECRRP,LOWER60SECROP,LOWER5MINRRP,LOWER5MINROP,LOWERREGRRP,LOWERREGROP,RAISE1SECRRP,RAISE1SECROP,LOWER1SECRRP,LOWER1SECROP,PRICE_STATUS
D,TRADING,PRICE,3,"2025/05/28 08:20:00",1,SA1,100,138,0,0,"2025/05/28 08:15:03",138,0.39,0.39,0.15,0.15,0.1,0.1,0.1,0.1,0.38,0.38,0.45,0.45,0.39,0.39,8.5,8.5,3.65,3.65,0,0,FIRM
D,TRADING,PRICE,3,"2025/05/28 08:20:00",1,NSW1,100,56.98,0,0,"2025/05/28 08:15:03",56.98,0.39,0.39,0.15,0.15,0.1,0.1,0.1,0.1,0.38,0.38,0.45,0.45,0.39,0.39,8.5,8.5,3.65,3.65,0,0,FIRM
D,TRADING,PRICE,3,"2025/05/28 08:20:00",1,QLD1,100,-18.51,0,0,"2025/05/28 08:15:03",-18.51,0.39,0.39,0.15,0.15,0.1,0.1,0.1,0.1,42.61,42.61,32,32,0.39,0.39,8.5,8.5,3.65,3.65,0,0,FIRM
D,TRADING,PRICE,3,"2025/05/28 08:20:00",1,TAS1,100,150.17,0,0,"2025/05/28 08:15:03",150.17,0.39,0.39,0.38,0.38,0.1,0.1,8.4,8.4,0.38,0.38,0.45,0.45,0,0,2.48,2.48,3.65,3.65,0,0,FIRM
D,TRADING,PRICE,3,"2025/05/28 08:20:00",1,VIC1,100,122.4,0,0,"2025/05/28 08:15:03",122.4,0.39,0.39,0.15,0.15,0.1,0.1,0.1,0.1,0.38,0.38,0.45,0.45,0.39,0.39,8.5,8.5,3.65,3.65,0,0,FIRM
C,"END OF REPORT",15
