C,NEMP.WORLD,TRADINGIS,AEMO,PUBLIC,2025/05/28,11:55:15,0000000465238868,TRADINGIS,0000000465238867
I,TRADING,INTERCONNECTORRES,2,SETTLEMENTDATE,RUNNO,INTERCONNECTORID,PERIODID,METEREDMWFLOW,MWFLOW,MWLOSSES,LASTCHANGED
D,TRADING,INTERCONNECTORRES,2,"2025/05/28 12:00:00",1,N-Q-MNSP1,144,94.8,96.77,29.81,"2025/05/28 11:55:08"
D,TRADING,INTERCONNECTORRES,2,"2025/05/28 12:00:00",1,NSW1-QLD1,144,-366,-384.6,20.44,"2025/05/28 11:55:08"
D,TRADING,INTERCONNECTORRES,2,"2025/05/28 12:00:00",1,T-V-MNSP1,144,-406.5,-409.01,18.99,"2025/05/28 11:55:08"
D,TRADING,INTERCONNECTORRES,2,"2025/05/28 12:00:00",1,V-S-MNSP1,144,162,158.53,18.65,"2025/05/28 11:55:08"
D,TRADING,INTERCONNECTORRES,2,"2025/05/28 12:00:00",1,V-SA,144,589.23,600.49,34.97,"2025/05/28 11:55:08"
D,TRADING,INTERCONNECTORRES,2,"2025/05/28 12:00:00",1,VIC1-NSW1,144,-121.19,-34.18,-1.32,"2025/05/28 11:55:08"
I,TRADING,PRICE,3,SETTLEMENTDATE,RUNNO,REGIONID,PERIODID,RRP,EEP,INVALIDFLAG,LASTCHANGED,ROP,RAISE6SECRRP,RAISE6SECROP,RAISE60SECRRP,RAISE60SECROP,RAISE5MINRRP,RAISE5MINROP,RAISEREGRRP,RAISEREGROP,LOWER6SECRRP,LOWER6SECROP,LOWER60SECRRP,LOWER60SECROP,LOWER5MINRRP,LOWER5MINROP,LOWERREGRRP,LOWERREGROP,RAISE1SECRRP,RAISE1SECROP,LOWER1SECRRP,LOWER1SECROP,PRICE_STATUS
D,TRADING,PRICE,3,"2025/05/28 12:00:00",1,SA1,144,47.36,0,0,"2025/05/28 11:55:08",47.36,0.37,0.37,0.38,0.38,0.32,0.32,7.85,7.85,0.01,0.01,1.37,1.37,0.38,0.38,0.38,0.38,0.04,0.04,0,0,FIRM
D,TRADING,PRICE,3,"2025/05/28 12:00:00",1,NSW1,144,-20.51,0,0,"2025/05/28 11:55:08",-20.51,0.37,0.37,0.38,0.38,0.32,0.32,7.85,7.85,0.01,0.01,1.37,1.37,0.38,0.38,0.38,0.38,0.04,0.04,0,0,FIRM
D,TRADING,PRICE,3,"2025/05/28 12:00:00",1,QLD1,144,-29.86,0,0,"2025/05/28 11:55:08",-29.86,0.37,0.37,0.38,0.38,0.32,0.32,7.85,7.85,4.89,4.89,7.89,7.89,0.38,0.38,0.38,0.38,0.04,0.04,0,0,FIRM
D,TRADING,PRICE,3,"2025/05/28 12:00:00",1,TAS1,144,35.08,0,0,"2025/05/28 11:55:08",35.08,0.38,0.38,0.38,0.38,0.32,0.32,7.4,7.4,0.01,0.01,1.37,1.37,0.38,0.38,2.52,2.52,0.04,0.04,0,0,FIRM
D,TRADING,PRICE,3,"2025/05/28 12:00:00",1,VIC1,144,20.01,0,0,"2025/05/28 11:55:08",20.01,0.37,0.37,0.38,0.38,0.32,0.32,7.85,7.85,0.01,0.01,1.37,1.37,0.38,0.38,0.38,0.38,0.04,0.04,0,0,FIRM
C,"END OF REPORT",15
