C,NEMP.WORLD,TRADINGIS,AEMO,PUBLIC,2025/05/28,05:10:10,0000000465199205,TRADINGIS,0000000465199204
I,TRADING,INTERCONNECTORRES,2,SETTLEMENTDATE,RUNNO,INTERCONNECTORID,PERIODID,METEREDMWFLOW,MWFLOW,MWLOSSES,LASTCHANGED
D,TRADING,INTERCONNECTORRES,2,"2025/05/28 05:15:00",1,N-Q-MNSP1,63,-1.8,0,0,"2025/05/28 05:10:03"
D,TRADING,INTERCONNECTORRES,2,"2025/05/28 05:15:00",1,NSW1-QLD1,63,221,212.09,5.94,"2025/05/28 05:10:03"
D,TRADING,INTERCONNECTORRES,2,"2025/05/28 05:15:00",1,T-V-MNSP1,63,-396.8,-438.34,21.69,"2025/05/28 05:10:03"
D,TRADING,INTERCONNECTORRES,2,"2025/05/28 05:15:00",1,V-S-MNSP1,63,112,169.23,22.08,"2025/05/28 05:10:03"
D,TRADING,INTERCONNECTORRES,2,"2025/05/28 05:15:00",1,V-SA,63,573.35,565.74,41.41,"2025/05/28 05:10:03"
D,TRADING,INTERCONNECTORRES,2,"2025/05/28 05:15:00",1,VIC1-NSW1,63,768.06,714.98,65.03,"2025/05/28 05:10:03"
I,TRADING,PRICE,3,SETTLEMENTDATE,RUNNO,REGIONID,PERIODID,RRP,EEP,INVALIDFLAG,LASTCHANGED,ROP,RAISE6SECRRP,RAISE6SECROP,RAISE60SECRRP,RAISE60SECROP,RAISE5MINRRP,RAISE5MINROP,RAISEREGRRP,RAISEREGROP,LOWER6SECRRP,LOWER6SECROP,LOWER60SECRRP,LOWER60SECROP,LOWER5MINRRP,LOWER5MINROP,LOWERREGRRP,LOWERREGROP,RAISE1SECRRP,RAISE1SECROP,LOWER1SECRRP,LOWER1SECROP,PRICE_STATUS
D,TRADING,PRICE,3,"2025/05/28 05:15:00",1,SA1,63,100,0,0,"2025/05/28 05:10:03",100,0.38,0.38,0.24,0.24,0.23,0.23,4.02,4.02,0.1,0.1,0.38,0.38,0.01,0.01,0.01,0.01,0.38,0.38,0,0,FIRM
D,TRADING,PRICE,3,"2025/05/28 05:15:00",1,NSW1,63,72.47,0,0,"2025/05/28 05:10:03",72.47,0.38,0.38,0.24,0.24,0.23,0.23,4.02,4.02,0.1,0.1,0.38,0.38,0.01,0.01,0.01,0.01,0.38,0.38,0,0,FIRM
D,TRADING,PRICE,3,"2025/05/28 05:15:00",1,QLD1,63,75.83,0,0,"2025/05/28 05:10:03",75.83,0.38,0.38,0.24,0.24,0.23,0.23,4.02,4.02,0.1,0.1,0.38,0.38,0.01,0.01,0.01,0.01,0.38,0.38,0,0,FIRM
D,TRADING,PRICE,3,"2025/05/28 05:15:00",1,TAS1,63,35.1,0,0,"2025/05/28 05:10:03",35.1,0.38,0.38,0.38,0.38,0.23,0.23,7.4,7.4,0.1,0.1,0.38,0.38,0,0,3.48,3.48,0.38,0.38,0,0,FIRM
D,TRADING,PRICE,3,"2025/05/28 05:15:00",1,VIC1,63,20.04,0,0,"2025/05/28 05:10:03",20.04,0.38,0.38,0.24,0.24,0.23,0.23,4.02,4.02,0.1,0.1,0.38,0.38,0.01,0.01,0.01,0.01,0.38,0.38,0,0,FIRM
C,"END OF REPORT",15
