C,NEMP.WORLD,TRADINGIS,AEMO,PUBLIC,2025/05/27,10:35:16,0000000465082403,TRADINGIS,0000000465082402
I,TRADING,INTERCONNECTORRES,2,SETTLEMENTDATE,RUNNO,INTERCONNECTORID,PERIODID,METEREDMWFLOW,MWFLOW,MWLOSSES,LASTCHANGED
D,TRADING,INTERCONNECTORRES,2,"2025/05/27 10:40:00",1,N-Q-MNSP1,128,-13.1,-9,-0.16,"2025/05/27 10:35:08"
D,TRADING,INTERCONNECTORRES,2,"2025/05/27 10:40:00",1,NSW1-QLD1,128,-126.2,-141.92,1.72,"2025/05/27 10:35:08"
D,TRADING,INTERCONNECTORRES,2,"2025/05/27 10:40:00",1,T-V-MNSP1,128,-412.6,-454.86,23.29,"2025/05/27 10:35:08"
D,TRADING,INTERCONNECTORRES,2,"2025/05/27 10:40:00",1,V-S-MNSP1,128,137,151.33,16.48,"2025/05/27 10:35:08"
D,TRADING,INTERCONNECTORRES,2,"2025/05/27 10:40:00",1,V-SA,128,-461.18,-546.91,36.33,"2025/05/27 10:35:08"
D,TRADING,INTERCONNECTORRES,2,"2025/05/27 10:40:00",1,VIC1-NSW1,128,579.96,384.48,24.69,"2025/05/27 10:35:08"
I,TRADING,PRICE,3,SETTLEMENTDATE,RUNNO,REGIONID,PERIODID,RRP,EEP,INVALIDFLAG,LASTCHANGED,ROP,RAISE6SECRRP,RAISE6SECROP,RAISE60SECRRP,RAISE60SECROP,RAISE5MINRRP,RAISE5MINROP,RAISEREGRRP,RAISEREGROP,LOWER6SECRRP,LOWER6SECROP,LOWER60SECRRP,LOWER60SECROP,LOWER5MINRRP,LOWER5MINROP,LOWERREGRRP,LOWERREGROP,RAISE1SECRRP,RAISE1SECROP,LOWER1SECRRP,LOWER1SECROP,PRICE_STATUS
D,TRADING,PRICE,3,"2025/05/27 10:40:00",1,SA1,128,-3.89,0,0,"2025/05/27 10:35:08",-3.89,0,0,0,0,0.01,0.01,9.24,9.24,0.1,0.1,0.86,0.86,0.37,0.37,0.7,0.7,0.04,0.04,0,0,FIRM
D,TRADING,PRICE,3,"2025/05/27 10:40:00",1,NSW1,128,45,0,0,"2025/05/27 10:35:08",45,0,0,0,0,0.01,0.01,9.24,9.24,0.1,0.1,0.86,0.86,0.37,0.37,0.7,0.7,0.04,0.04,0,0,FIRM
D,TRADING,PRICE,3,"2025/05/27 10:40:00",1,QLD1,128,50.62,0,0,"2025/05/27 10:35:08",50.62,4.85,4.85,0.1,0.1,1.8,1.8,11.03,11.03,0.1,0.1,0.86,0.86,0.37,0.37,0.7,0.7,0.04,0.04,0,0,FIRM
D,TRADING,PRICE,3,"2025/05/27 10:40:00",1,TAS1,128,35.24,0,0,"2025/05/27 10:35:08",35.24,0.38,0.38,0.38,0.38,0.01,0.01,7.4,7.4,0.1,0.1,0.86,0.86,0,0,2.48,2.48,0.04,0.04,0,0,FIRM
D,TRADING,PRICE,3,"2025/05/27 10:40:00",1,VIC1,128,-13.91,0,0,"2025/05/27 10:35:08",-13.91,0,0,0,0,0.01,0.01,9.24,9.24,0.1,0.1,0.86,0.86,0.37,0.37,0.7,0.7,0.04,0.04,0,0,FIRM
C,"END OF REPORT",15
