C,NEMP.WORLD,TRADINGIS,AEMO,PUBLIC,2025/05/27,06:25:11,0000000465057711,TRADINGIS,0000000465057710
I,TRADING,INTERCONNECTORRES,2,SETTLEMENTDATE,RUNNO,INTERCONNECTORID,PERIODID,METEREDMWFLOW,MWFLOW,MWLOSSES,LASTCHANGED
D,TRADING,INTERCONNECTORRES,2,"2025/05/27 06:30:00",1,N-Q-MNSP1,78,16.2,9,0.6,"2025/05/27 06:25:04"
D,TRADING,INTERCONNECTORRES,2,"2025/05/27 06:30:00",1,NSW1-QLD1,78,520.6,424.33,27.94,"2025/05/27 06:25:04"
D,TRADING,INTERCONNECTORRES,2,"2025/05/27 06:30:00",1,T-V-MNSP1,78,-457.8,-451.46,22.96,"2025/05/27 06:25:04"
D,TRADING,INTERCONNECTORRES,2,"2025/05/27 06:30:00",1,V-S-MNSP1,78,-150,-149.53,37.98,"2025/05/27 06:25:04"
D,TRADING,INTERCONNECTORRES,2,"2025/05/27 06:30:00",1,V-SA,78,-199.68,-217.37,4.89,"2025/05/27 06:25:04"
D,TRADING,INTERCONNECTORRES,2,"2025/05/27 06:30:00",1,VIC1-NSW1,78,1023.36,1048,114.46,"2025/05/27 06:25:04"
I,TRADING,PRICE,3,SETTLEMENTDATE,RUNNO,REGIONID,PERIODID,RRP,EEP,INVALIDFLAG,LASTCHANGED,ROP,RAISE6SECRRP,RAISE6SECROP,RAISE60SECRRP,RAISE60SECROP,RAISE5MINRRP,RAISE5MINROP,RAISEREGRRP,RAISEREGROP,LOWER6SECRRP,LOWER6SECROP,LOWER60SECRRP,LOWER60SECROP,LOWER5MINRRP,LOWER5MINROP,LOWERREGRRP,LOWERREGROP,RAISE1SECRRP,RAISE1SECROP,LOWER1SECRRP,LOWER1SECROP,PRICE_STATUS
D,TRADING,PRICE,3,"2025/05/27 06:30:00",1,SA1,78,50.6,0,0,"2025/05/27 06:25:04",50.6,0.36,0.36,0.1,0.1,0.1,0.1,0.1,0.1,0.01,0.01,0.1,0.1,0.07,0.07,2,2,0.38,0.38,0,0,FIRM
D,TRADING,PRICE,3,"2025/05/27 06:30:00",1,NSW1,78,65.01,0,0,"2025/05/27 06:25:04",65.01,0.36,0.36,0.1,0.1,0.1,0.1,0.1,0.1,0.01,0.01,0.1,0.1,0.07,0.07,2,2,0.38,0.38,0,0,FIRM
D,TRADING,PRICE,3,"2025/05/27 06:30:00",1,QLD1,78,90,0,0,"2025/05/27 06:25:04",90,0.36,0.36,0.1,0.1,0.1,0.1,0.1,0.1,0.01,0.01,0.1,0.1,0.07,0.07,2,2,0.38,0.38,0,0,FIRM
D,TRADING,PRICE,3,"2025/05/27 06:30:00",1,TAS1,78,59.62,0,0,"2025/05/27 06:25:04",59.62,0.38,0.38,0.38,0.38,0.1,0.1,8.4,8.4,0.01,0.01,0.1,0.1,0,0,3.48,3.48,0.38,0.38,0,0,FIRM
D,TRADING,PRICE,3,"2025/05/27 06:30:00",1,VIC1,78,53.02,0,0,"2025/05/27 06:25:04",53.02,0.36,0.36,0.1,0.1,0.1,0.1,0.1,0.1,0.01,0.01,0.1,0.1,0.07,0.07,2,2,0.38,0.38,0,0,FIRM
C,"END OF REPORT",15
