C,NEMP.WORLD,TRADINGIS,AEMO,PUBLIC,2025/05/26,23:00:12,0000000465012290,TRADINGIS,0000000465012289
I,TRADING,INTERCONNECTORRES,2,SETTLEMENTDATE,RUNNO,INTERCONNECTORID,PERIODID,METEREDMWFLOW,MWFLOW,MWLOSSES,LASTCHANGED
D,TRADING,INTERCONNECTORRES,2,"2025/05/26 23:05:00",1,N-Q-MNSP1,277,9.7,9,0.6,"2025/05/26 23:00:03"
D,TRADING,INTERCONNECTORRES,2,"2025/05/26 23:05:00",1,NSW1-QLD1,277,332.6,330.97,16.9,"2025/05/26 23:00:03"
D,TRADING,INTERCONNECTORRES,2,"2025/05/26 23:05:00",1,T-V-MNSP1,277,-452.9,-453.29,23.13,"2025/05/26 23:00:03"
D,TRADING,INTERCONNECTORRES,2,"2025/05/26 23:05:00",1,V-S-MNSP1,277,-146,-147.08,36.92,"2025/05/26 23:00:03"
D,TRADING,INTERCONNECTORRES,2,"2025/05/26 23:05:00",1,V-SA,277,-304.11,-355.58,8.66,"2025/05/26 23:00:03"
D,TRADING,INTERCONNECTORRES,2,"2025/05/26 23:05:00",1,VIC1-NSW1,277,1089.63,1092.78,117.36,"2025/05/26 23:00:03"
I,TRADING,PRICE,3,SETTLEMENTDATE,RUNNO,REGIONID,PERIODID,RRP,EEP,INVALIDFLAG,LASTCHANGED,ROP,RAISE6SECRRP,RAISE6SECROP,RAISE60SECRRP,RAISE60SECROP,RAISE5MINRRP,RAISE5MINROP,RAISEREGRRP,RAISEREGROP,LOWER6SECRRP,LOWER6SECROP,LOWER60SECRRP,LOWER60SECROP,LOWER5MINRRP,LOWER5MINROP,LOWERREGRRP,LOWERREGROP,RAISE1SECRRP,RAISE1SECROP,LOWER1SECRRP,LOWER1SECROP,PRICE_STATUS
D,TRADING,PRICE,3,"2025/05/26 23:05:00",1,SA1,277,0,0,0,"2025/05/26 23:00:03",0,0.1,0.1,0.1,0.1,0.1,0.1,3.99,3.99,0.1,0.1,0.39,0.39,0.1,0.1,2.08,2.08,0.38,0.38,0,0,FIRM
D,TRADING,PRICE,3,"2025/05/26 23:05:00",1,NSW1,277,50.47,0,0,"2025/05/26 23:00:03",50.47,0.1,0.1,0.1,0.1,0.1,0.1,3.99,3.99,0.1,0.1,0.39,0.39,0.1,0.1,2.08,2.08,0.38,0.38,0,0,FIRM
D,TRADING,PRICE,3,"2025/05/26 23:05:00",1,QLD1,277,54.76,0,0,"2025/05/26 23:00:03",54.76,0.1,0.1,0.1,0.1,0.1,0.1,3.99,3.99,0.1,0.1,0.39,0.39,0.1,0.1,2.08,2.08,0.38,0.38,0,0,FIRM
D,TRADING,PRICE,3,"2025/05/26 23:05:00",1,TAS1,277,11.25,0,0,"2025/05/26 23:00:03",11.25,0.38,0.38,0.38,0.38,0.1,0.1,8.8,8.8,0.1,0.1,0.38,0.38,0,0,2.55,2.55,0.38,0.38,0,0,FIRM
D,TRADING,PRICE,3,"2025/05/26 23:05:00",1,VIC1,277,0,0,0,"2025/05/26 23:00:03",0,0.1,0.1,0.1,0.1,0.1,0.1,3.99,3.99,0.1,0.1,0.39,0.39,0.1,0.1,2.08,2.08,0.38,0.38,0,0,FIRM
C,"END OF REPORT",15
