C,NEMP.WORLD,TRADINGIS,AEMO,PUBLIC,2025/05/28,11:30:15,0000000465236146,TRADINGIS,0000000465236145
I,TRADING,INTERCONNECTORRES,2,SETTLEMENTDATE,RUNNO,INTERCONNECTORID,PERIODID,METEREDMWFLOW,MWFLOW,MWLOSSES,LASTCHANGED
D,TRADING,INTERCONNECTORRES,2,"2025/05/28 11:35:00",1,N-Q-MNSP1,139,97.6,96.97,29.92,"2025/05/28 11:30:08"
D,TRADING,INTERCONNECTORRES,2,"2025/05/28 11:35:00",1,NSW1-QLD1,139,-270.4,-382.81,20.39,"2025/05/28 11:30:08"
D,TRADING,INTERCONNECTORRES,2,"2025/05/28 11:35:00",1,T-V-MNSP1,139,-387.6,-408.99,18.99,"2025/05/28 11:30:08"
D,TRADING,INTERCONNECTORRES,2,"2025/05/28 11:35:00",1,V-S-MNSP1,139,169,168.86,21.96,"2025/05/28 11:30:08"
D,TRADING,INTERCONNECTORRES,2,"2025/05/28 11:35:00",1,V-SA,139,618.24,593.6,34.44,"2025/05/28 11:30:08"
D,TRADING,INTERCONNECTORRES,2,"2025/05/28 11:35:00",1,VIC1-NSW1,139,-108.93,-94.05,-2.89,"2025/05/28 11:30:08"
I,TRADING,PRICE,3,SETTLEMENTDATE,RUNNO,REGIONID,PERIODID,RRP,EEP,INVALIDFLAG,LASTCHANGED,ROP,RAISE6SECRRP,RAISE6SECROP,RAISE60SECRRP,RAISE60SECROP,RAISE5MINRRP,RAISE5MINROP,RAISEREGRRP,RAISEREGROP,LOWER6SECRRP,LOWER6SECROP,LOWER60SECRRP,LOWER60SECROP,LOWER5MINRRP,LOWER5MINROP,LOWERREGRRP,LOWERREGROP,RAISE1SECRRP,RAISE1SECROP,LOWER1SECRRP,LOWER1SECROP,PRICE_STATUS
D,TRADING,PRICE,3,"2025/05/28 11:35:00",1,SA1,139,47.36,0,0,"2025/05/28 11:30:08",47.36,0.37,0.37,0.36,0.36,0.1,0.1,5,5,0.1,0.1,0.39,0.39,0.38,0.38,0.38,0.38,0.1,0.1,0.01,0.01,FIRM
D,TRADING,PRICE,3,"2025/05/28 11:35:00",1,NSW1,139,-20.51,0,0,"2025/05/28 11:30:08",-20.51,0.37,0.37,0.36,0.36,0.1,0.1,5,5,0.1,0.1,0.39,0.39,0.38,0.38,0.38,0.38,0.1,0.1,0.01,0.01,FIRM
D,TRADING,PRICE,3,"2025/05/28 11:35:00",1,QLD1,139,-22.01,0,0,"2025/05/28 11:30:08",-22.01,0.37,0.37,0.36,0.36,0.1,0.1,5,5,1.83,1.83,1.97,1.97,0.38,0.38,0.38,0.38,0.1,0.1,0.01,0.01,FIRM
D,TRADING,PRICE,3,"2025/05/28 11:35:00",1,TAS1,139,35.08,0,0,"2025/05/28 11:30:08",35.08,0.38,0.38,0.38,0.38,0.1,0.1,7.4,7.4,0.1,0.1,0.39,0.39,0.38,0.38,2.52,2.52,0.1,0.1,0.01,0.01,FIRM
D,TRADING,PRICE,3,"2025/05/28 11:35:00",1,VIC1,139,8.95,0,0,"2025/05/28 11:30:08",8.95,0.37,0.37,0.36,0.36,0.1,0.1,5,5,0.1,0.1,0.39,0.39,0.38,0.38,0.38,0.38,0.1,0.1,0.01,0.01,FIRM
C,"END OF REPORT",15
