C,NEMP.WORLD,TRADINGIS,AEMO,PUBLIC,2025/05/26,21:10:10,0000000465001301,TRADINGIS,0000000465001300
I,TRADING,INTERCONNECTORRES,2,SETTLEMENTDATE,RUNNO,INTERCONNECTORID,PERIODID,METEREDMWFLOW,MWFLOW,MWLOSSES,LASTCHANGED
D,TRADING,INTERCONNECTORRES,2,"2025/05/26 21:15:00",1,N-Q-MNSP1,255,9.2,9,0.6,"2025/05/26 21:10:03"
D,TRADING,INTERCONNECTORRES,2,"2025/05/26 21:15:00",1,NSW1-QLD1,255,264,240.58,14.83,"2025/05/26 21:10:03"
D,TRADING,INTERCONNECTORRES,2,"2025/05/26 21:15:00",1,T-V-MNSP1,255,-451.1,-455.09,23.31,"2025/05/26 21:10:03"
D,TRADING,INTERCONNECTORRES,2,"2025/05/26 21:15:00",1,V-S-MNSP1,255,-61,-141,34.36,"2025/05/26 21:10:03"
D,TRADING,INTERCONNECTORRES,2,"2025/05/26 21:15:00",1,V-SA,255,-123.11,-72.23,-1.18,"2025/05/26 21:10:03"
D,TRADING,INTERCONNECTORRES,2,"2025/05/26 21:15:00",1,VIC1-NSW1,255,1062.92,1114.73,103.57,"2025/05/26 21:10:03"
I,TRADING,PRICE,3,SETTLEMENTDATE,RUNNO,REGIONID,PERIODID,RRP,EEP,INVALIDFLAG,LASTCHANGED,ROP,RAISE6SECRRP,RAISE6SECROP,RAISE60SECRRP,RAISE60SECROP,RAISE5MINRRP,RAISE5MINROP,RAISEREGRRP,RAISEREGROP,LOWER6SECRRP,LOWER6SECROP,LOWER60SECRRP,LOWER60SECROP,LOWER5MINRRP,LOWER5MINROP,LOWERREGRRP,LOWERREGROP,RAISE1SECRRP,RAISE1SECROP,LOWER1SECRRP,LOWER1SECROP,PRICE_STATUS
D,TRADING,PRICE,3,"2025/05/26 21:15:00",1,SA1,255,0.25,0,0,"2025/05/26 21:10:03",0.25,0.1,0.1,0.1,0.1,0.15,0.15,5.73,5.73,0.1,0.1,0.38,0.38,0,0,0,0,0.36,0.36,0,0,FIRM
D,TRADING,PRICE,3,"2025/05/26 21:15:00",1,NSW1,255,57.01,0,0,"2025/05/26 21:10:03",57.01,0.1,0.1,0.1,0.1,0.15,0.15,5.73,5.73,0.1,0.1,0.38,0.38,0,0,0,0,0.36,0.36,0,0,FIRM
D,TRADING,PRICE,3,"2025/05/26 21:15:00",1,QLD1,255,61.88,0,0,"2025/05/26 21:10:03",61.88,0.1,0.1,0.1,0.1,0.15,0.15,5.73,5.73,0.1,0.1,0.38,0.38,0,0,0,0,0.36,0.36,0,0,FIRM
D,TRADING,PRICE,3,"2025/05/26 21:15:00",1,TAS1,255,35.24,0,0,"2025/05/26 21:10:03",35.24,0.38,0.38,0.38,0.38,0.15,0.15,8.8,8.8,0.1,0.1,0.38,0.38,0,0,2.55,2.55,0.36,0.36,0,0,FIRM
D,TRADING,PRICE,3,"2025/05/26 21:15:00",1,VIC1,255,0.25,0,0,"2025/05/26 21:10:03",0.25,0.1,0.1,0.1,0.1,0.15,0.15,5.73,5.73,0.1,0.1,0.38,0.38,0,0,0,0,0.36,0.36,0,0,FIRM
C,"END OF REPORT",15
