C,NEMP.WORLD,TRADINGIS,AEMO,PUBLIC,2025/05/26,23:40:11,0000000465016172,TRADINGIS,0000000465016171
I,TRADING,INTERCONNECTORRES,2,SETTLEMENTDATE,RUNNO,INTERCONNECTORID,PERIODID,METEREDMWFLOW,MWFLOW,MWLOSSES,LASTCHANGED
D,TRADING,INTERCONNECTORRES,2,"2025/05/26 23:45:00",1,N-Q-MNSP1,285,9.6,9,0.6,"2025/05/26 23:40:04"
D,TRADING,INTERCONNECTORRES,2,"2025/05/26 23:45:00",1,NSW1-QLD1,285,439.2,423.84,22.03,"2025/05/26 23:40:04"
D,TRADING,INTERCONNECTORRES,2,"2025/05/26 23:45:00",1,T-V-MNSP1,285,-434.6,-451.73,22.98,"2025/05/26 23:40:04"
D,TRADING,INTERCONNECTORRES,2,"2025/05/26 23:45:00",1,V-S-MNSP1,285,-144,-144.71,35.9,"2025/05/26 23:40:04"
D,TRADING,INTERCONNECTORRES,2,"2025/05/26 23:45:00",1,V-SA,285,-356.12,-363.67,9.32,"2025/05/26 23:40:04"
D,TRADING,INTERCONNECTORRES,2,"2025/05/26 23:45:00",1,VIC1-NSW1,285,1089.96,1092.66,117.72,"2025/05/26 23:40:04"
I,TRADING,PRICE,3,SETTLEMENTDATE,RUNNO,REGIONID,PERIODID,RRP,EEP,INVALIDFLAG,LASTCHANGED,ROP,RAISE6SECRRP,RAISE6SECROP,RAISE60SECRRP,RAISE60SECROP,RAISE5MINRRP,RAISE5MINROP,RAISEREGRRP,RAISEREGROP,LOWER6SECRRP,LOWER6SECROP,LOWER60SECRRP,LOWER60SECROP,LOWER5MINRRP,LOWER5MINROP,LOWERREGRRP,LOWERREGROP,RAISE1SECRRP,RAISE1SECROP,LOWER1SECRRP,LOWER1SECROP,PRICE_STATUS
D,TRADING,PRICE,3,"2025/05/26 23:45:00",1,SA1,285,0.01,0,0,"2025/05/26 23:40:04",0.01,0.01,0.01,0.01,0.01,0.01,0.01,5,5,0.1,0.1,0.38,0.38,0.1,0.1,1,1,0.04,0.04,0,0,FIRM
D,TRADING,PRICE,3,"2025/05/26 23:45:00",1,NSW1,285,50.24,0,0,"2025/05/26 23:40:04",50.24,0.01,0.01,0.01,0.01,0.01,0.01,5,5,0.1,0.1,0.38,0.38,0.1,0.1,1,1,0.04,0.04,0,0,FIRM
D,TRADING,PRICE,3,"2025/05/26 23:45:00",1,QLD1,285,54.76,0,0,"2025/05/26 23:40:04",54.76,0.01,0.01,0.01,0.01,0.01,0.01,5,5,0.1,0.1,0.38,0.38,0.1,0.1,1,1,0.04,0.04,0,0,FIRM
D,TRADING,PRICE,3,"2025/05/26 23:45:00",1,TAS1,285,11.2,0,0,"2025/05/26 23:40:04",11.2,0.38,0.38,0.38,0.38,0.36,0.36,6.92,6.92,0.1,0.1,0.38,0.38,0,0,1.6,1.6,0.04,0.04,0,0,FIRM
D,TRADING,PRICE,3,"2025/05/26 23:45:00",1,VIC1,285,0.01,0,0,"2025/05/26 23:40:04",0.01,0.01,0.01,0.01,0.01,0.01,0.01,5,5,0.1,0.1,0.38,0.38,0.1,0.1,1,1,0.04,0.04,0,0,FIRM
C,"END OF REPORT",15
