C,NEMP.WORLD,TRADINGIS,AEMO,PUBLIC,2025/05/29,14:40:11,0000000465399986,TRADINGIS,0000000465399985
I,TRADING,INTERCONNECTORRES,2,SETTLEMENTDATE,RUNNO,INTERCONNECTORID,PERIODID,METEREDMWFLOW,MWFLOW,MWLOSSES,LASTCHANGED
D,TRADING,INTERCONNECTORRES,2,"2025/05/29 14:45:00",1,N-Q-MNSP1,177,-11.7,-9,-0.16,"2025/05/29 14:40:03"
D,TRADING,INTERCONNECTORRES,2,"2025/05/29 14:45:00",1,NSW1-QLD1,177,-83,-136.67,-2.62,"2025/05/29 14:40:03"
D,TRADING,INTERCONNECTORRES,2,"2025/05/29 14:45:00",1,T-V-MNSP1,177,-435.2,-478,25.62,"2025/05/29 14:40:03"
D,TRADING,INTERCONNECTORRES,2,"2025/05/29 14:45:00",1,V-S-MNSP1,177,1,0,0,"2025/05/29 14:40:03"
D,TRADING,INTERCONNECTORRES,2,"2025/05/29 14:45:00",1,V-SA,177,-165.89,-156.73,7.75,"2025/05/29 14:40:03"
D,TRADING,INTERCONNECTORRES,2,"2025/05/29 14:45:00",1,VIC1-NSW1,177,585.78,484.21,54.97,"2025/05/29 14:40:03"
I,TRADING,PRICE,3,SETTLEMENTDATE,RUNNO,REGIONID,PERIODID,RRP,EEP,INVALIDFLAG,LASTCHANGED,ROP,RAISE6SECRRP,RAISE6SECROP,RAISE60SECRRP,RAISE60SECROP,RAISE5MINRRP,RAISE5MINROP,RAISEREGRRP,RAISEREGROP,LOWER6SECRRP,LOWER6SECROP,LOWER60SECRRP,LOWER60SECROP,LOWER5MINRRP,LOWER5MINROP,LOWERREGRRP,LOWERREGROP,RAISE1SECRRP,RAISE1SECROP,LOWER1SECRRP,LOWER1SECROP,PRICE_STATUS
D,TRADING,PRICE,3,"2025/05/29 14:45:00",1,SA1,177,0.01,0,0,"2025/05/29 14:40:03",0.01,0.23,0.23,0.1,0.1,0.1,0.1,20.68,20.68,0.34,0.34,0.38,0.38,0.2,0.2,0.2,0.2,0.38,0.38,0,0,FIRM
D,TRADING,PRICE,3,"2025/05/29 14:45:00",1,NSW1,177,101.02,0,0,"2025/05/29 14:40:03",101.02,0.23,0.23,0.1,0.1,0.1,0.1,20.68,20.68,0.34,0.34,0.38,0.38,0.2,0.2,0.2,0.2,0.38,0.38,0,0,FIRM
D,TRADING,PRICE,3,"2025/05/29 14:45:00",1,QLD1,177,101.73,0,0,"2025/05/29 14:40:03",101.73,0.23,0.23,0.1,0.1,0.1,0.1,20.68,20.68,0.34,0.34,0.38,0.38,0.2,0.2,0.2,0.2,0.38,0.38,0,0,FIRM
D,TRADING,PRICE,3,"2025/05/29 14:45:00",1,TAS1,177,75.13,0,0,"2025/05/29 14:40:03",75.13,0.38,0.38,0.38,0.38,0.38,0.38,7.54,7.54,0.34,0.34,0.38,0.38,0,0,2.46,2.46,0.38,0.38,0,0,FIRM
D,TRADING,PRICE,3,"2025/05/29 14:45:00",1,VIC1,177,0.01,0,0,"2025/05/29 14:40:03",0.01,0.23,0.23,0.1,0.1,0.1,0.1,20.68,20.68,0.34,0.34,0.38,0.38,0.2,0.2,0.2,0.2,0.38,0.38,0,0,FIRM
C,"END OF REPORT",15
