C,NEMP.WORLD,TRADINGIS,AEMO,PUBLIC,2025/05/27,08:45:11,0000000465070787,TRADINGIS,0000000465070786
I,TRADING,INTERCONNECTORRES,2,SETTLEMENTDATE,RUNNO,INTERCONNECTORID,PERIODID,METEREDMWFLOW,MWFLOW,MWLOSSES,LASTCHANGED
D,TRADING,INTERCONNECTORRES,2,"2025/05/27 08:50:00",1,N-Q-MNSP1,106,-17.7,-17,0.07,"2025/05/27 08:45:04"
D,TRADING,INTERCONNECTORRES,2,"2025/05/27 08:50:00",1,NSW1-QLD1,106,-299.7,-302.86,2.12,"2025/05/27 08:45:04"
D,TRADING,INTERCONNECTORRES,2,"2025/05/27 08:50:00",1,T-V-MNSP1,106,-436.5,-439.14,21.77,"2025/05/27 08:45:04"
D,TRADING,INTERCONNECTORRES,2,"2025/05/27 08:50:00",1,V-S-MNSP1,106,-86,-29.39,3.22,"2025/05/27 08:45:04"
D,TRADING,INTERCONNECTORRES,2,"2025/05/27 08:50:00",1,V-SA,106,151.03,186.49,4.77,"2025/05/27 08:45:04"
D,TRADING,INTERCONNECTORRES,2,"2025/05/27 08:50:00",1,VIC1-NSW1,106,640.15,668.02,44.24,"2025/05/27 08:45:04"
I,TRADING,PRICE,3,SETTLEMENTDATE,RUNNO,REGIONID,PERIODID,RRP,EEP,INVALIDFLAG,LASTCHANGED,ROP,RAISE6SECRRP,RAISE6SECROP,RAISE60SECRRP,RAISE60SECROP,RAISE5MINRRP,RAISE5MINROP,RAISEREGRRP,RAISEREGROP,LOWER6SECRRP,LOWER6SECROP,LOWER60SECRRP,LOWER60SECROP,LOWER5MINRRP,LOWER5MINROP,LOWERREGRRP,LOWERREGROP,RAISE1SECRRP,RAISE1SECROP,LOWER1SECRRP,LOWER1SECROP,PRICE_STATUS
D,TRADING,PRICE,3,"2025/05/27 08:50:00",1,SA1,106,55.33,0,0,"2025/05/27 08:45:04",55.33,0.1,0.1,0.1,0.1,0.1,0.1,5.99,5.99,0.01,0.01,0.1,0.1,0.01,0.01,3.99,3.99,0.36,0.36,0,0,FIRM
D,TRADING,PRICE,3,"2025/05/27 08:50:00",1,NSW1,106,60.02,0,0,"2025/05/27 08:45:04",60.02,0.1,0.1,0.1,0.1,0.1,0.1,5.99,5.99,0.01,0.01,0.1,0.1,0.01,0.01,3.99,3.99,0.36,0.36,0,0,FIRM
D,TRADING,PRICE,3,"2025/05/27 08:50:00",1,QLD1,106,57.96,0,0,"2025/05/27 08:45:04",57.96,0.1,0.1,0.1,0.1,0.1,0.1,5.99,5.99,0.01,0.01,0.1,0.1,0.01,0.01,3.99,3.99,0.36,0.36,0,0,FIRM
D,TRADING,PRICE,3,"2025/05/27 08:50:00",1,TAS1,106,61.59,0,0,"2025/05/27 08:45:04",61.59,0.38,0.38,0.38,0.38,0.1,0.1,8.4,8.4,0.01,0.01,0.1,0.1,0,0,2.48,2.48,0.36,0.36,0,0,FIRM
D,TRADING,PRICE,3,"2025/05/27 08:50:00",1,VIC1,106,52.9,0,0,"2025/05/27 08:45:04",52.9,0.1,0.1,0.1,0.1,0.1,0.1,5.99,5.99,0.01,0.01,0.1,0.1,0.01,0.01,3.99,3.99,0.36,0.36,0,0,FIRM
C,"END OF REPORT",15
