C,NEMP.WORLD,TRADINGIS,AEMO,PUBLIC,2025/05/27,10:30:16,0000000465081913,TRADINGIS,0000000465081912
I,TRADING,INTERCONNECTORRES,2,SETTLEMENTDATE,RUNNO,INTERCONNECTORID,PERIODID,METEREDMWFLOW,MWFLOW,MWLOSSES,LASTCHANGED
D,TRADING,INTERCONNECTORRES,2,"2025/05/27 10:35:00",1,N-Q-MNSP1,127,-6.8,-9,-0.16,"2025/05/27 10:30:08"
D,TRADING,INTERCONNECTORRES,2,"2025/05/27 10:35:00",1,NSW1-QLD1,127,-57.6,-76.86,0.55,"2025/05/27 10:30:08"
D,TRADING,INTERCONNECTORRES,2,"2025/05/27 10:35:00",1,T-V-MNSP1,127,-429.7,-455.28,23.33,"2025/05/27 10:30:08"
D,TRADING,INTERCONNECTORRES,2,"2025/05/27 10:35:00",1,V-S-MNSP1,127,116,137.82,12.77,"2025/05/27 10:30:08"
D,TRADING,INTERCONNECTORRES,2,"2025/05/27 10:35:00",1,V-SA,127,-468.25,-556.81,38.09,"2025/05/27 10:30:08"
D,TRADING,INTERCONNECTORRES,2,"2025/05/27 10:35:00",1,VIC1-NSW1,127,692.63,587.95,47.72,"2025/05/27 10:30:08"
I,TRADING,PRICE,3,SETTLEMENTDATE,RUNNO,REGIONID,PERIODID,RRP,EEP,INVALIDFLAG,LASTCHANGED,ROP,RAISE6SECRRP,RAISE6SECROP,RAISE60SECRRP,RAISE60SECROP,RAISE5MINRRP,RAISE5MINROP,RAISEREGRRP,RAISEREGROP,LOWER6SECRRP,LOWER6SECROP,LOWER60SECRRP,LOWER60SECROP,LOWER5MINRRP,LOWER5MINROP,LOWERREGRRP,LOWERREGROP,RAISE1SECRRP,RAISE1SECROP,LOWER1SECRRP,LOWER1SECROP,PRICE_STATUS
D,TRADING,PRICE,3,"2025/05/27 10:35:00",1,SA1,127,2.14,0,0,"2025/05/27 10:30:08",2.14,0,0,0,0,0.01,0.01,7.85,7.85,0.37,0.37,1.44,1.44,0.38,0.38,1,1,0.1,0.1,0,0,FIRM
D,TRADING,PRICE,3,"2025/05/27 10:35:00",1,NSW1,127,8.44,0,0,"2025/05/27 10:30:08",8.44,0,0,0,0,0.01,0.01,7.85,7.85,0.37,0.37,1.44,1.44,0.38,0.38,1,1,0.1,0.1,0,0,FIRM
D,TRADING,PRICE,3,"2025/05/27 10:35:00",1,QLD1,127,34.75,0,0,"2025/05/27 10:30:08",34.75,19.9,19.9,1.8,1.8,4.85,4.85,12.69,12.69,0.37,0.37,1.44,1.44,0.38,0.38,1,1,0.1,0.1,0,0,FIRM
D,TRADING,PRICE,3,"2025/05/27 10:35:00",1,TAS1,127,35.24,0,0,"2025/05/27 10:30:08",35.24,0.38,0.38,0.38,0.38,0.01,0.01,7.4,7.4,0.37,0.37,1.37,1.37,0,0,2.48,2.48,0.1,0.1,0,0,FIRM
D,TRADING,PRICE,3,"2025/05/27 10:35:00",1,VIC1,127,-10.1,0,0,"2025/05/27 10:30:08",-10.1,0,0,0,0,0.01,0.01,7.85,7.85,0.37,0.37,1.44,1.44,0.38,0.38,1,1,0.1,0.1,0,0,FIRM
C,"END OF REPORT",15
