C,NEMP.WORLD,TRADINGIS,AEMO,PUBLIC,2025/05/29,14:00:11,0000000465395864,TRADINGIS,0000000465395863
I,TRADING,INTERCONNECTORRES,2,SETTLEMENTDATE,RUNNO,INTERCONNECTORID,PERIODID,METEREDMWFLOW,MWFLOW,MWLOSSES,LASTCHANGED
D,TRADING,INTERCONNECTORRES,2,"2025/05/29 14:05:00",1,N-Q-MNSP1,169,-10.2,-9,-0.16,"2025/05/29 14:00:04"
D,TRADING,INTERCONNECTORRES,2,"2025/05/29 14:05:00",1,NSW1-QLD1,169,-264.4,-178.25,-1.26,"2025/05/29 14:00:04"
D,TRADING,INTERCONNECTORRES,2,"2025/05/29 14:05:00",1,T-V-MNSP1,169,-470.6,-477.41,25.56,"2025/05/29 14:00:04"
D,TRADING,INTERCONNECTORRES,2,"2025/05/29 14:05:00",1,V-S-MNSP1,169,0,-9.52,0.82,"2025/05/29 14:00:04"
D,TRADING,INTERCONNECTORRES,2,"2025/05/29 14:05:00",1,V-SA,169,-137.51,-170,9.17,"2025/05/29 14:00:04"
D,TRADING,INTERCONNECTORRES,2,"2025/05/29 14:05:00",1,VIC1-NSW1,169,534.79,634.48,83.4,"2025/05/29 14:00:04"
I,TRADING,PRICE,3,SETTLEMENTDATE,RUNNO,REGIONID,PERIODID,RRP,EEP,INVALIDFLAG,LASTCHANGED,ROP,RAISE6SECRRP,RAISE6SECROP,RAISE60SECRRP,RAISE60SECROP,RAISE5MINRRP,RAISE5MINROP,RAISEREGRRP,RAISEREGROP,LOWER6SECRRP,LOWER6SECROP,LOWER60SECRRP,LOWER60SECROP,LOWER5MINRRP,LOWER5MINROP,LOWERREGRRP,LOWERREGROP,RAISE1SECRRP,RAISE1SECROP,LOWER1SECRRP,LOWER1SECROP,PRICE_STATUS
D,TRADING,PRICE,3,"2025/05/29 14:05:00",1,SA1,169,43,0,0,"2025/05/29 14:00:04",43,0.1,0.1,0.1,0.1,0.1,0.1,5.99,5.99,0.39,0.39,1,1,0.1,0.1,0.1,0.1,0.38,0.38,0,0,FIRM
D,TRADING,PRICE,3,"2025/05/29 14:05:00",1,NSW1,169,64.89,0,0,"2025/05/29 14:00:04",64.89,0.1,0.1,0.1,0.1,0.1,0.1,5.99,5.99,0.39,0.39,1,1,0.1,0.1,0.1,0.1,0.38,0.38,0,0,FIRM
D,TRADING,PRICE,3,"2025/05/29 14:05:00",1,QLD1,169,72.75,0,0,"2025/05/29 14:00:04",72.75,3.72,3.72,4.85,4.85,0.1,0.1,5.99,5.99,0.39,0.39,1,1,0.1,0.1,0.1,0.1,0.38,0.38,0,0,FIRM
D,TRADING,PRICE,3,"2025/05/29 14:05:00",1,TAS1,169,75.13,0,0,"2025/05/29 14:00:04",75.13,0.38,0.38,0.38,0.38,0.38,0.38,7.54,7.54,0.38,0.38,1,1,0,0,2.46,2.46,0.38,0.38,0,0,FIRM
D,TRADING,PRICE,3,"2025/05/29 14:05:00",1,VIC1,169,46.29,0,0,"2025/05/29 14:00:04",46.29,0.1,0.1,0.1,0.1,0.1,0.1,5.99,5.99,0.39,0.39,1,1,0.1,0.1,0.1,0.1,0.38,0.38,0,0,FIRM
C,"END OF REPORT",15
