C,NEMP.WORLD,TRADINGIS,AEMO,PUBLIC,2025/05/29,01:10:11,0000000465319610,TRADINGIS,0000000465319609
I,TRADING,INTERCONNECTORRES,2,SETTLEMENTDATE,RUNNO,INTERCONNECTORID,PERIODID,METEREDMWFLOW,MWFLOW,MWLOSSES,LASTCHANGED
D,TRADING,INTERCONNECTORRES,2,"2025/05/29 01:15:00",1,N-Q-MNSP1,15,-24.1,-17,0.07,"2025/05/29 01:10:03"
D,TRADING,INTERCONNECTORRES,2,"2025/05/29 01:15:00",1,NSW1-QLD1,15,-404.5,-354.51,9.59,"2025/05/29 01:10:03"
D,TRADING,INTERCONNECTORRES,2,"2025/05/29 01:15:00",1,T-V-MNSP1,15,-426.1,-438,21.66,"2025/05/29 01:10:03"
D,TRADING,INTERCONNECTORRES,2,"2025/05/29 01:15:00",1,V-S-MNSP1,15,72,72,0.95,"2025/05/29 01:10:03"
D,TRADING,INTERCONNECTORRES,2,"2025/05/29 01:15:00",1,V-SA,15,328.31,324.14,16.69,"2025/05/29 01:10:03"
D,TRADING,INTERCONNECTORRES,2,"2025/05/29 01:15:00",1,VIC1-NSW1,15,262.5,282.89,13.22,"2025/05/29 01:10:03"
I,TRADING,PRICE,3,SETTLEMENTDATE,RUNNO,REGIONID,PERIODID,RRP,EEP,INVALIDFLAG,LASTCHANGED,ROP,RAISE6SECRRP,RAISE6SECROP,RAISE60SECRRP,RAISE60SECROP,RAISE5MINRRP,RAISE5MINROP,RAISEREGRRP,RAISEREGROP,LOWER6SECRRP,LOWER6SECROP,LOWER60SECRRP,LOWER60SECROP,LOWER5MINRRP,LOWER5MINROP,LOWERREGRRP,LOWERREGROP,RAISE1SECRRP,RAISE1SECROP,LOWER1SECRRP,LOWER1SECROP,PRICE_STATUS
D,TRADING,PRICE,3,"2025/05/29 01:15:00",1,SA1,15,78.51,0,0,"2025/05/29 01:10:03",78.51,0.1,0.1,0.04,0.04,0.1,0.1,9.89,9.89,0.1,0.1,0.38,0.38,0.1,0.1,3.65,3.65,0.36,0.36,0,0,FIRM
D,TRADING,PRICE,3,"2025/05/29 01:15:00",1,NSW1,15,76.8,0,0,"2025/05/29 01:10:03",76.8,0.1,0.1,0.04,0.04,0.1,0.1,9.89,9.89,0.1,0.1,0.38,0.38,0.1,0.1,3.65,3.65,0.36,0.36,0,0,FIRM
D,TRADING,PRICE,3,"2025/05/29 01:15:00",1,QLD1,15,72.57,0,0,"2025/05/29 01:10:03",72.57,0.1,0.1,0.04,0.04,0.1,0.1,9.89,9.89,0.1,0.1,0.38,0.38,0.1,0.1,3.65,3.65,0.36,0.36,0,0,FIRM
D,TRADING,PRICE,3,"2025/05/29 01:15:00",1,TAS1,15,100.24,0,0,"2025/05/29 01:10:03",100.24,0.38,0.38,0.38,0.38,0.38,0.38,8.4,8.4,0.1,0.1,0.38,0.38,0,0,2.48,2.48,0.36,0.36,0,0,FIRM
D,TRADING,PRICE,3,"2025/05/29 01:15:00",1,VIC1,15,71.81,0,0,"2025/05/29 01:10:03",71.81,0.1,0.1,0.04,0.04,0.1,0.1,9.89,9.89,0.1,0.1,0.38,0.38,0.1,0.1,3.65,3.65,0.36,0.36,0,0,FIRM
C,"END OF REPORT",15
