C,NEMP.WORLD,TRADINGIS,AEMO,PUBLIC,2025/05/26,20:35:10,0000000464997773,TRADINGIS,0000000464997772
I,TRADING,INTERCONNECTORRES,2,SETTLEMENTDATE,RUNNO,INTERCONNECTORID,PERIODID,METEREDMWFLOW,MWFLOW,MWLOSSES,LASTCHANGED
D,TRADING,INTERCONNECTORRES,2,"2025/05/26 20:40:00",1,N-Q-MNSP1,248,9.9,9,0.6,"2025/05/26 20:35:03"
D,TRADING,INTERCONNECTORRES,2,"2025/05/26 20:40:00",1,NSW1-QLD1,248,137.1,131.37,7.67,"2025/05/26 20:35:03"
D,TRADING,INTERCONNECTORRES,2,"2025/05/26 20:40:00",1,T-V-MNSP1,248,-463.3,-451.24,22.93,"2025/05/26 20:35:03"
D,TRADING,INTERCONNECTORRES,2,"2025/05/26 20:40:00",1,V-S-MNSP1,248,176,176.34,24.53,"2025/05/26 20:35:03"
D,TRADING,INTERCONNECTORRES,2,"2025/05/26 20:40:00",1,V-SA,248,135.36,147.9,5.91,"2025/05/26 20:35:03"
D,TRADING,INTERCONNECTORRES,2,"2025/05/26 20:40:00",1,VIC1-NSW1,248,979.36,1035.51,87.11,"2025/05/26 20:35:03"
I,TRADING,PRICE,3,SETTLEMENTDATE,RUNNO,REGIONID,PERIODID,RRP,EEP,INVALIDFLAG,LASTCHANGED,ROP,RAISE6SECRRP,RAISE6SECROP,RAISE60SECRRP,RAISE60SECROP,RAISE5MINRRP,RAISE5MINROP,RAISEREGRRP,RAISEREGROP,LOWER6SECRRP,LOWER6SECROP,LOWER60SECRRP,LOWER60SECROP,LOWER5MINRRP,LOWER5MINROP,LOWERREGRRP,LOWERREGROP,RAISE1SECRRP,RAISE1SECROP,LOWER1SECRRP,LOWER1SECROP,PRICE_STATUS
D,TRADING,PRICE,3,"2025/05/26 20:40:00",1,SA1,248,-21.26,0,0,"2025/05/26 20:35:03",-21.26,0.23,0.23,0.23,0.23,0.15,0.15,0.15,0.15,0.01,0.01,0.37,0.37,0.1,0.1,3.6,3.6,0.04,0.04,0,0,FIRM
D,TRADING,PRICE,3,"2025/05/26 20:40:00",1,NSW1,248,65.01,0,0,"2025/05/26 20:35:03",65.01,0.23,0.23,0.23,0.23,0.15,0.15,0.15,0.15,0.01,0.01,0.37,0.37,0.1,0.1,3.6,3.6,0.04,0.04,0,0,FIRM
D,TRADING,PRICE,3,"2025/05/26 20:40:00",1,QLD1,248,69.75,0,0,"2025/05/26 20:35:03",69.75,0.23,0.23,0.23,0.23,0.15,0.15,0.15,0.15,0.01,0.01,0.37,0.37,0.1,0.1,3.6,3.6,0.04,0.04,0,0,FIRM
D,TRADING,PRICE,3,"2025/05/26 20:40:00",1,TAS1,248,35.24,0,0,"2025/05/26 20:35:03",35.24,0.38,0.38,0.38,0.38,0.15,0.15,8.8,8.8,0.01,0.01,0.37,0.37,0,0,2.55,2.55,0.04,0.04,0,0,FIRM
D,TRADING,PRICE,3,"2025/05/26 20:40:00",1,VIC1,248,19.01,0,0,"2025/05/26 20:35:03",19.01,0.23,0.23,0.23,0.23,0.15,0.15,0.15,0.15,0.01,0.01,0.37,0.37,0.1,0.1,3.6,3.6,0.04,0.04,0,0,FIRM
C,"END OF REPORT",15
