C,NEMP.WORLD,TRADINGIS,AEMO,PUBLIC,2025/05/26,13:05:15,0000000464949669,TRADINGIS,0000000464949668
I,TRADING,INTERCONNECTORRES,2,SETTLEMENTDATE,RUNNO,INTERCONNECTORID,PERIODID,METEREDMWFLOW,MWFLOW,MWLOSSES,LASTCHANGED
D,TRADING,INTERCONNECTORRES,2,"2025/05/26 13:10:00",1,N-Q-MNSP1,158,-5.4,-34.15,1.77,"2025/05/26 13:05:08"
D,TRADING,INTERCONNECTORRES,2,"2025/05/26 13:10:00",1,NSW1-QLD1,158,-825.9,-873.51,64.84,"2025/05/26 13:05:08"
D,TRADING,INTERCONNECTORRES,2,"2025/05/26 13:10:00",1,T-V-MNSP1,158,-419.4,-441.83,22.02,"2025/05/26 13:05:08"
D,TRADING,INTERCONNECTORRES,2,"2025/05/26 13:10:00",1,V-S-MNSP1,158,163,163.73,20.27,"2025/05/26 13:05:08"
D,TRADING,INTERCONNECTORRES,2,"2025/05/26 13:10:00",1,V-SA,158,261.11,250.1,17.64,"2025/05/26 13:05:08"
D,TRADING,INTERCONNECTORRES,2,"2025/05/26 13:10:00",1,VIC1-NSW1,158,152.97,116.92,2.42,"2025/05/26 13:05:08"
I,TRADING,PRICE,3,SETTLEMENTDATE,RUNNO,REGIONID,PERIODID,RRP,EEP,INVALIDFLAG,LASTCHANGED,ROP,RAISE6SECRRP,RAISE6SECROP,RAISE60SECRRP,RAISE60SECROP,RAISE5MINRRP,RAISE5MINROP,RAISEREGRRP,RAISEREGROP,LOWER6SECRRP,LOWER6SECROP,LOWER60SECRRP,LOWER60SECROP,LOWER5MINRRP,LOWER5MINROP,LOWERREGRRP,LOWERREGROP,RAISE1SECRRP,RAISE1SECROP,LOWER1SECRRP,LOWER1SECROP,PRICE_STATUS
D,TRADING,PRICE,3,"2025/05/26 13:10:00",1,SA1,158,-20.1,0,0,"2025/05/26 13:05:08",-20.1,0.1,0.1,0.1,0.1,0.1,0.1,8,8,0.38,0.38,0.86,0.86,0,0,0,0,0.37,0.37,0,0,FIRM
D,TRADING,PRICE,3,"2025/05/26 13:10:00",1,NSW1,158,76.07,0,0,"2025/05/26 13:05:08",76.07,0.1,0.1,0.1,0.1,0.1,0.1,8,8,0.38,0.38,0.86,0.86,0,0,0,0,0.37,0.37,0,0,FIRM
D,TRADING,PRICE,3,"2025/05/26 13:10:00",1,QLD1,158,50.75,0,0,"2025/05/26 13:05:08",50.75,0.1,0.1,0.1,0.1,0.1,0.1,8,8,0.38,0.38,0.86,0.86,0,0,0,0,0.37,0.37,0,0,FIRM
D,TRADING,PRICE,3,"2025/05/26 13:10:00",1,TAS1,158,11.25,0,0,"2025/05/26 13:05:08",11.25,0.38,0.38,0.38,0.38,0.1,0.1,8.8,8.8,0.38,0.38,0.86,0.86,0,0,3.55,3.55,0.37,0.37,0,0,FIRM
D,TRADING,PRICE,3,"2025/05/26 13:10:00",1,VIC1,158,-27.8,0,0,"2025/05/26 13:05:08",-27.8,0.1,0.1,0.1,0.1,0.1,0.1,8,8,0.38,0.38,0.86,0.86,0,0,0,0,0.37,0.37,0,0,FIRM
C,"END OF REPORT",15
