C,NEMP.WORLD,TRADINGIS,AEMO,PUBLIC,2025/05/29,01:15:11,0000000465320106,TRADINGIS,0000000465320105
I,TRADING,INTERCONNECTORRES,2,SETTLEMENTDATE,RUNNO,INTERCONNECTORID,PERIODID,METEREDMWFLOW,MWFLOW,MWLOSSES,LASTCHANGED
D,TRADING,INTERCONNECTORRES,2,"2025/05/29 01:20:00",1,N-Q-MNSP1,16,-17.1,-17,0.07,"2025/05/29 01:15:04"
D,TRADING,INTERCONNECTORRES,2,"2025/05/29 01:20:00",1,NSW1-QLD1,16,-352,-355.74,9.98,"2025/05/29 01:15:04"
D,TRADING,INTERCONNECTORRES,2,"2025/05/29 01:20:00",1,T-V-MNSP1,16,-424.9,-438,21.66,"2025/05/29 01:15:04"
D,TRADING,INTERCONNECTORRES,2,"2025/05/29 01:20:00",1,V-S-MNSP1,16,72,63,0.15,"2025/05/29 01:15:04"
D,TRADING,INTERCONNECTORRES,2,"2025/05/29 01:20:00",1,V-SA,16,296.92,316.41,15.5,"2025/05/29 01:15:04"
D,TRADING,INTERCONNECTORRES,2,"2025/05/29 01:20:00",1,VIC1-NSW1,16,292.24,319.97,16.33,"2025/05/29 01:15:04"
I,TRADING,PRICE,3,SETTLEMENTDATE,RUNNO,REGIONID,PERIODID,RRP,EEP,INVALIDFLAG,LASTCHANGED,ROP,RAISE6SECRRP,RAISE6SECROP,RAISE60SECRRP,RAISE60SECROP,RAISE5MINRRP,RAISE5MINROP,RAISEREGRRP,RAISEREGROP,LOWER6SECRRP,LOWER6SECROP,LOWER60SECRRP,LOWER60SECROP,LOWER5MINRRP,LOWER5MINROP,LOWERREGRRP,LOWERREGROP,RAISE1SECRRP,RAISE1SECROP,LOWER1SECRRP,LOWER1SECROP,PRICE_STATUS
D,TRADING,PRICE,3,"2025/05/29 01:20:00",1,SA1,16,77.64,0,0,"2025/05/29 01:15:04",77.64,0.23,0.23,0.1,0.1,0.1,0.1,9.89,9.89,0.39,0.39,0.77,0.77,0,0,0,0,0.38,0.38,0,0,FIRM
D,TRADING,PRICE,3,"2025/05/29 01:20:00",1,NSW1,16,77.06,0,0,"2025/05/29 01:15:04",77.06,0.23,0.23,0.1,0.1,0.1,0.1,9.89,9.89,0.39,0.39,0.77,0.77,0,0,0,0,0.38,0.38,0,0,FIRM
D,TRADING,PRICE,3,"2025/05/29 01:20:00",1,QLD1,16,72.75,0,0,"2025/05/29 01:15:04",72.75,0.23,0.23,0.1,0.1,0.1,0.1,9.89,9.89,0.39,0.39,0.77,0.77,0,0,0,0,0.38,0.38,0,0,FIRM
D,TRADING,PRICE,3,"2025/05/29 01:20:00",1,TAS1,16,100.24,0,0,"2025/05/29 01:15:04",100.24,0.38,0.38,0.38,0.38,0.38,0.38,8.4,8.4,0.38,0.38,0.38,0.38,0,0,2.48,2.48,0.38,0.38,0,0,FIRM
D,TRADING,PRICE,3,"2025/05/29 01:20:00",1,VIC1,16,71.41,0,0,"2025/05/29 01:15:04",71.41,0.23,0.23,0.1,0.1,0.1,0.1,9.89,9.89,0.39,0.39,0.77,0.77,0,0,0,0,0.38,0.38,0,0,FIRM
C,"END OF REPORT",15
