C,NEMP.WORLD,TRADINGIS,AEMO,PUBLIC,2025/05/27,07:55:10,0000000465065900,TRADINGIS,0000000465065899
I,TRADING,INTERCONNECTORRES,2,SETTLEMENTDATE,RUNNO,INTERCONNECTORID,PERIODID,METEREDMWFLOW,MWFLOW,MWLOSSES,LASTCHANGED
D,TRADING,INTERCONNECTORRES,2,"2025/05/27 08:00:00",1,N-Q-MNSP1,96,-6.3,-9,-0.16,"2025/05/27 07:55:03"
D,TRADING,INTERCONNECTORRES,2,"2025/05/27 08:00:00",1,NSW1-QLD1,96,-171.3,-222.54,-1.37,"2025/05/27 07:55:03"
D,TRADING,INTERCONNECTORRES,2,"2025/05/27 08:00:00",1,T-V-MNSP1,96,-435.8,-458.78,23.68,"2025/05/27 07:55:03"
D,TRADING,INTERCONNECTORRES,2,"2025/05/27 08:00:00",1,V-S-MNSP1,96,-81,-68.3,10.67,"2025/05/27 07:55:03"
D,TRADING,INTERCONNECTORRES,2,"2025/05/27 08:00:00",1,V-SA,96,188.63,151.63,3.06,"2025/05/27 07:55:03"
D,TRADING,INTERCONNECTORRES,2,"2025/05/27 08:00:00",1,VIC1-NSW1,96,737.16,734.46,50.06,"2025/05/27 07:55:03"
I,TRADING,PRICE,3,SETTLEMENTDATE,RUNNO,REGIONID,PERIODID,RRP,EEP,INVALIDFLAG,LASTCHANGED,ROP,RAISE6SECRRP,RAISE6SECROP,RAISE60SECRRP,RAISE60SECROP,RAISE5MINRRP,RAISE5MINROP,RAISEREGRRP,RAISEREGROP,LOWER6SECRRP,LOWER6SECROP,LOWER60SECRRP,LOWER60SECROP,LOWER5MINRRP,LOWER5MINROP,LOWERREGRRP,LOWERREGROP,RAISE1SECRRP,RAISE1SECROP,LOWER1SECRRP,LOWER1SECROP,PRICE_STATUS
D,TRADING,PRICE,3,"2025/05/27 08:00:00",1,SA1,96,66.33,0,0,"2025/05/27 07:55:03",66.33,0.38,0.38,0.1,0.1,0.1,0.1,5,5,0.01,0.01,0.1,0.1,0.01,0.01,4.99,4.99,0.38,0.38,0,0,FIRM
D,TRADING,PRICE,3,"2025/05/27 08:00:00",1,NSW1,96,72.93,0,0,"2025/05/27 07:55:03",72.93,0.38,0.38,0.1,0.1,0.1,0.1,5,5,0.01,0.01,0.1,0.1,0.01,0.01,4.99,4.99,0.38,0.38,0,0,FIRM
D,TRADING,PRICE,3,"2025/05/27 08:00:00",1,QLD1,96,74.9,0,0,"2025/05/27 07:55:03",74.9,1.84,1.84,1.84,1.84,0.1,0.1,5,5,0.01,0.01,0.1,0.1,0.01,0.01,4.99,4.99,0.38,0.38,0,0,FIRM
D,TRADING,PRICE,3,"2025/05/27 08:00:00",1,TAS1,96,74.62,0,0,"2025/05/27 07:55:03",74.62,0.38,0.38,0.38,0.38,0.1,0.1,8.4,8.4,0.01,0.01,0.1,0.1,0,0,3.48,3.48,0.38,0.38,0,0,FIRM
D,TRADING,PRICE,3,"2025/05/27 08:00:00",1,VIC1,96,64,0,0,"2025/05/27 07:55:03",64,0.38,0.38,0.1,0.1,0.1,0.1,5,5,0.01,0.01,0.1,0.1,0.01,0.01,4.99,4.99,0.38,0.38,0,0,FIRM
C,"END OF REPORT",15
