C,NEMP.WORLD,TRADINGIS,AEMO,PUBLIC,2025/05/26,18:40:11,0000000464985906,TRADINGIS,0000000464985905
I,TRADING,INTERCONNECTORRES,2,SETTLEMENTDATE,RUNNO,INTERCONNECTORID,PERIODID,METEREDMWFLOW,MWFLOW,MWLOSSES,LASTCHANGED
D,TRADING,INTERCONNECTORRES,2,"2025/05/26 18:45:00",1,N-Q-MNSP1,225,8.5,9,0.6,"2025/05/26 18:40:03"
D,TRADING,INTERCONNECTORRES,2,"2025/05/26 18:45:00",1,NSW1-QLD1,225,126.5,194.05,16.94,"2025/05/26 18:40:03"
D,TRADING,INTERCONNECTORRES,2,"2025/05/26 18:45:00",1,T-V-MNSP1,225,-426.1,-457.94,23.59,"2025/05/26 18:40:03"
D,TRADING,INTERCONNECTORRES,2,"2025/05/26 18:45:00",1,V-S-MNSP1,225,53,133,11.55,"2025/05/26 18:40:03"
D,TRADING,INTERCONNECTORRES,2,"2025/05/26 18:45:00",1,V-SA,225,167.44,218.75,11.73,"2025/05/26 18:40:03"
D,TRADING,INTERCONNECTORRES,2,"2025/05/26 18:45:00",1,VIC1-NSW1,225,-128.89,43.06,-0.29,"2025/05/26 18:40:03"
I,TRADING,PRICE,3,SETTLEMENTDATE,RUNNO,REGIONID,PERIODID,RRP,EEP,INVALIDFLAG,LASTCHANGED,ROP,RAISE6SECRRP,RAISE6SECROP,RAISE60SECRRP,RAISE60SECROP,RAISE5MINRRP,RAISE5MINROP,RAISEREGRRP,RAISEREGROP,LOWER6SECRRP,LOWER6SECROP,LOWER60SECRRP,LOWER60SECROP,LOWER5MINRRP,LOWER5MINROP,LOWERREGRRP,LOWERREGROP,RAISE1SECRRP,RAISE1SECROP,LOWER1SECRRP,LOWER1SECROP,PRICE_STATUS
D,TRADING,PRICE,3,"2025/05/26 18:45:00",1,SA1,225,-20,0,0,"2025/05/26 18:40:03",-20,0.38,0.38,0.38,0.38,0.38,0.38,6,6,0.2,0.2,0.38,0.38,0.38,0.38,3.6,3.6,0.38,0.38,0,0,FIRM
D,TRADING,PRICE,3,"2025/05/26 18:45:00",1,NSW1,225,87.98,0,0,"2025/05/26 18:40:03",87.98,0.38,0.38,0.38,0.38,0.38,0.38,6,6,0.2,0.2,0.38,0.38,0.38,0.38,3.6,3.6,0.38,0.38,0,0,FIRM
D,TRADING,PRICE,3,"2025/05/26 18:45:00",1,QLD1,225,97.73,0,0,"2025/05/26 18:40:03",97.73,0.38,0.38,0.38,0.38,0.38,0.38,6,6,0.2,0.2,0.38,0.38,0.38,0.38,3.6,3.6,0.38,0.38,0,0,FIRM
D,TRADING,PRICE,3,"2025/05/26 18:45:00",1,TAS1,225,55.24,0,0,"2025/05/26 18:40:03",55.24,0.38,0.38,0.38,0.38,0.38,0.38,8.8,8.8,0.2,0.2,0.38,0.38,0,0,2.55,2.55,0.38,0.38,0,0,FIRM
D,TRADING,PRICE,3,"2025/05/26 18:45:00",1,VIC1,225,20.01,0,0,"2025/05/26 18:40:03",20.01,0.38,0.38,0.38,0.38,0.38,0.38,6,6,0.2,0.2,0.38,0.38,0.38,0.38,3.6,3.6,0.38,0.38,0,0,FIRM
C,"END OF REPORT",15
