C,NEMP.WORLD,TRADINGIS,AEMO,PUBLIC,2025/05/26,18:50:11,0000000464986949,TRADINGIS,0000000464986948
I,TRADING,INTERCONNECTORRES,2,SETTLEMENTDATE,RUNNO,INTERCONNECTORID,PERIODID,METEREDMWFLOW,MWFLOW,MWLOSSES,LASTCHANGED
D,TRADING,INTERCONNECTORRES,2,"2025/05/26 18:55:00",1,N-Q-MNSP1,227,10.4,9,0.6,"2025/05/26 18:50:03"
D,TRADING,INTERCONNECTORRES,2,"2025/05/26 18:55:00",1,NSW1-QLD1,227,-25.3,206.82,17.8,"2025/05/26 18:50:03"
D,TRADING,INTERCONNECTORRES,2,"2025/05/26 18:55:00",1,T-V-MNSP1,227,-442.6,-457.97,23.6,"2025/05/26 18:50:03"
D,TRADING,INTERCONNECTORRES,2,"2025/05/26 18:55:00",1,V-S-MNSP1,227,124,132.18,11.35,"2025/05/26 18:50:03"
D,TRADING,INTERCONNECTORRES,2,"2025/05/26 18:55:00",1,V-SA,227,269.02,74.97,2.85,"2025/05/26 18:50:03"
D,TRADING,INTERCONNECTORRES,2,"2025/05/26 18:55:00",1,VIC1-NSW1,227,-146,160.86,0.21,"2025/05/26 18:50:03"
I,TRADING,PRICE,3,SETTLEMENTDATE,RUNNO,REGIONID,PERIODID,RRP,EEP,INVALIDFLAG,LASTCHANGED,ROP,RAISE6SECRRP,RAISE6SECROP,RAISE60SECRRP,RAISE60SECROP,RAISE5MINRRP,RAISE5MINROP,RAISEREGRRP,RAISEREGROP,LOWER6SECRRP,LOWER6SECROP,LOWER60SECRRP,LOWER60SECROP,LOWER5MINRRP,LOWER5MINROP,LOWERREGRRP,LOWERREGROP,RAISE1SECRRP,RAISE1SECROP,LOWER1SECRRP,LOWER1SECROP,PRICE_STATUS
D,TRADING,PRICE,3,"2025/05/26 18:55:00",1,SA1,227,3.44,0,0,"2025/05/26 18:50:03",3.44,0.37,0.37,0.36,0.36,0.32,0.32,0.32,0.32,0.38,0.38,0.39,0.39,0,0,0,0,0.36,0.36,0,0,FIRM
D,TRADING,PRICE,3,"2025/05/26 18:55:00",1,NSW1,227,76.2,0,0,"2025/05/26 18:50:03",76.2,0.37,0.37,0.36,0.36,0.32,0.32,0.32,0.32,0.38,0.38,0.39,0.39,0,0,0,0,0.36,0.36,0,0,FIRM
D,TRADING,PRICE,3,"2025/05/26 18:55:00",1,QLD1,227,84.45,0,0,"2025/05/26 18:50:03",84.45,0.37,0.37,0.36,0.36,0.32,0.32,0.32,0.32,0.38,0.38,0.39,0.39,0,0,0,0,0.36,0.36,0,0,FIRM
D,TRADING,PRICE,3,"2025/05/26 18:55:00",1,TAS1,227,100.28,0,0,"2025/05/26 18:50:03",100.28,0.38,0.38,0.38,0.38,0.36,0.36,8.8,8.8,0.38,0.38,0.38,0.38,0,0,2.55,2.55,0.36,0.36,0,0,FIRM
D,TRADING,PRICE,3,"2025/05/26 18:55:00",1,VIC1,227,20.01,0,0,"2025/05/26 18:50:03",20.01,0.37,0.37,0.36,0.36,0.32,0.32,0.32,0.32,0.38,0.38,0.39,0.39,0,0,0,0,0.36,0.36,0,0,FIRM
C,"END OF REPORT",15
