C,NEMP.WORLD,TRADINGIS,AEMO,PUBLIC,2025/05/26,14:10:14,0000000464956388,TRADINGIS,0000000464956387
I,TRADING,INTERCONNECTORRES,2,SETTLEMENTDATE,RUNNO,INTERCONNECTORID,PERIODID,METEREDMWFLOW,MWFLOW,MWLOSSES,LASTCHANGED
D,TRADING,INTERCONNECTORRES,2,"2025/05/26 14:15:00",1,N-Q-MNSP1,171,-32.8,-33,1.59,"2025/05/26 14:10:06"
D,TRADING,INTERCONNECTORRES,2,"2025/05/26 14:15:00",1,NSW1-QLD1,171,-843.6,-915.92,57.7,"2025/05/26 14:10:06"
D,TRADING,INTERCONNECTORRES,2,"2025/05/26 14:15:00",1,T-V-MNSP1,171,-412.6,-438.52,21.71,"2025/05/26 14:10:06"
D,TRADING,INTERCONNECTORRES,2,"2025/05/26 14:15:00",1,V-S-MNSP1,171,171,172.75,23.27,"2025/05/26 14:10:06"
D,TRADING,INTERCONNECTORRES,2,"2025/05/26 14:15:00",1,V-SA,171,210.77,250.1,11.39,"2025/05/26 14:10:06"
D,TRADING,INTERCONNECTORRES,2,"2025/05/26 14:15:00",1,VIC1-NSW1,171,217.36,181.65,8.82,"2025/05/26 14:10:06"
I,TRADING,PRICE,3,SETTLEMENTDATE,RUNNO,REGIONID,PERIODID,RRP,EEP,INVALIDFLAG,LASTCHANGED,ROP,RAISE6SECRRP,RAISE6SECROP,RAISE60SECRRP,RAISE60SECROP,RAISE5MINRRP,RAISE5MINROP,RAISEREGRRP,RAISEREGROP,LOWER6SECRRP,LOWER6SECROP,LOWER60SECRRP,LOWER60SECROP,LOWER5MINRRP,LOWER5MINROP,LOWERREGRRP,LOWERREGROP,RAISE1SECRRP,RAISE1SECROP,LOWER1SECRRP,LOWER1SECROP,PRICE_STATUS
D,TRADING,PRICE,3,"2025/05/26 14:15:00",1,SA1,171,-21.26,0,0,"2025/05/26 14:10:06",-21.26,0.1,0.1,0.1,0.1,0.1,0.1,11.68,11.68,0.38,0.38,1.83,1.83,0.38,0.38,3.59,3.59,0.36,0.36,0.01,0.01,FIRM
D,TRADING,PRICE,3,"2025/05/26 14:15:00",1,NSW1,171,70.79,0,0,"2025/05/26 14:10:06",70.79,0.1,0.1,0.1,0.1,0.1,0.1,11.68,11.68,0.38,0.38,1.83,1.83,0.38,0.38,3.59,3.59,0.36,0.36,0.01,0.01,FIRM
D,TRADING,PRICE,3,"2025/05/26 14:15:00",1,QLD1,171,61.02,0,0,"2025/05/26 14:10:06",61.02,0.1,0.1,0.1,0.1,0.1,0.1,11.68,11.68,0.38,0.38,1.83,1.83,0.38,0.38,3.59,3.59,0.36,0.36,0.01,0.01,FIRM
D,TRADING,PRICE,3,"2025/05/26 14:15:00",1,TAS1,171,11.25,0,0,"2025/05/26 14:10:06",11.25,0.38,0.38,0.38,0.38,0.1,0.1,8.8,8.8,0.38,0.38,1.33,1.33,0,0,2.55,2.55,0.36,0.36,0.01,0.01,FIRM
D,TRADING,PRICE,3,"2025/05/26 14:15:00",1,VIC1,171,-27.8,0,0,"2025/05/26 14:10:06",-27.8,0.1,0.1,0.1,0.1,0.1,0.1,11.68,11.68,0.38,0.38,1.83,1.83,0.38,0.38,3.59,3.59,0.36,0.36,0.01,0.01,FIRM
C,"END OF REPORT",15
