C,NEMP.WORLD,TRADINGIS,AEMO,PUBLIC,2025/05/28,13:35:16,0000000465250506,TRADINGIS,0000000465250505
I,TRADING,INTERCONNECTORRES,2,SETTLEMENTDATE,RUNNO,INTERCONNECTORID,PERIODID,METEREDMWFLOW,MWFLOW,MWLOSSES,LASTCHANGED
D,TRADING,INTERCONNECTORRES,2,"2025/05/28 13:40:00",1,N-Q-MNSP1,164,96.5,96.03,29.41,"2025/05/28 13:35:08"
D,TRADING,INTERCONNECTORRES,2,"2025/05/28 13:40:00",1,NSW1-QLD1,164,-420.5,-393.71,20.43,"2025/05/28 13:35:08"
D,TRADING,INTERCONNECTORRES,2,"2025/05/28 13:40:00",1,T-V-MNSP1,164,-426.1,-433.57,21.24,"2025/05/28 13:35:08"
D,TRADING,INTERCONNECTORRES,2,"2025/05/28 13:40:00",1,V-S-MNSP1,164,147,149.25,15.89,"2025/05/28 13:35:08"
D,TRADING,INTERCONNECTORRES,2,"2025/05/28 13:40:00",1,V-SA,164,524.87,523.15,20.82,"2025/05/28 13:35:08"
D,TRADING,INTERCONNECTORRES,2,"2025/05/28 13:40:00",1,VIC1-NSW1,164,-405.57,-371.6,-7.28,"2025/05/28 13:35:08"
I,TRADING,PRICE,3,SETTLEMENTDATE,RUNNO,REGIONID,PERIODID,RRP,EEP,INVALIDFLAG,LASTCHANGED,ROP,RAISE6SECRRP,RAISE6SECROP,RAISE60SECRRP,RAISE60SECROP,RAISE5MINRRP,RAISE5MINROP,RAISEREGRRP,RAISEREGROP,LOWER6SECRRP,LOWER6SECROP,LOWER60SECRRP,LOWER60SECROP,LOWER5MINRRP,LOWER5MINROP,LOWERREGRRP,LOWERREGROP,RAISE1SECRRP,RAISE1SECROP,LOWER1SECRRP,LOWER1SECROP,PRICE_STATUS
D,TRADING,PRICE,3,"2025/05/28 13:40:00",1,SA1,164,70.44,0,0,"2025/05/28 13:35:08",70.44,0.1,0.1,0.1,0.1,0.1,0.1,9.92,9.92,0,0,0.01,0.01,0.1,0.1,2,2,0.01,0.01,0,0,FIRM
D,TRADING,PRICE,3,"2025/05/28 13:40:00",1,NSW1,164,-6.62,0,0,"2025/05/28 13:35:08",-6.62,0.1,0.1,0.1,0.1,0.1,0.1,9.92,9.92,0,0,0.01,0.01,0.1,0.1,2,2,0.01,0.01,0,0,FIRM
D,TRADING,PRICE,3,"2025/05/28 13:40:00",1,QLD1,164,-21.5,0,0,"2025/05/28 13:35:08",-21.5,0.1,0.1,0.1,0.1,0.1,0.1,9.92,9.92,7.89,7.89,7.89,7.89,0.3,0.3,2.2,2.2,0.01,0.01,0,0,FIRM
D,TRADING,PRICE,3,"2025/05/28 13:40:00",1,TAS1,164,35.06,0,0,"2025/05/28 13:35:08",35.06,0.38,0.38,0.38,0.38,0.1,0.1,6.4,6.4,0,0,0.01,0.01,0,0,2.54,2.54,0.01,0.01,0,0,FIRM
D,TRADING,PRICE,3,"2025/05/28 13:40:00",1,VIC1,164,8.95,0,0,"2025/05/28 13:35:08",8.95,0.1,0.1,0.1,0.1,0.1,0.1,9.92,9.92,0,0,0.01,0.01,0.1,0.1,2,2,0.01,0.01,0,0,FIRM
C,"END OF REPORT",15
