C,NEMP.WORLD,TRADINGIS,AEMO,PUBLIC,2025/05/28,21:35:10,0000000465299140,TRADINGIS,0000000465299139
I,TRADING,INTERCONNECTORRES,2,SETTLEMENTDATE,RUNNO,INTERCONNECTORID,PERIODID,METEREDMWFLOW,MWFLOW,MWLOSSES,LASTCHANGED
D,TRADING,INTERCONNECTORRES,2,"2025/05/28 21:40:00",1,N-Q-MNSP1,260,-30.8,-33,1.59,"2025/05/28 21:35:03"
D,TRADING,INTERCONNECTORRES,2,"2025/05/28 21:40:00",1,NSW1-QLD1,260,-1125.8,-929.95,42.2,"2025/05/28 21:35:03"
D,TRADING,INTERCONNECTORRES,2,"2025/05/28 21:40:00",1,T-V-MNSP1,260,-465.2,-438,21.66,"2025/05/28 21:35:03"
D,TRADING,INTERCONNECTORRES,2,"2025/05/28 21:40:00",1,V-S-MNSP1,260,63,63,0.15,"2025/05/28 21:35:03"
D,TRADING,INTERCONNECTORRES,2,"2025/05/28 21:40:00",1,V-SA,260,296.81,286.54,12.04,"2025/05/28 21:35:03"
D,TRADING,INTERCONNECTORRES,2,"2025/05/28 21:40:00",1,VIC1-NSW1,260,-172.19,-64.5,-0.44,"2025/05/28 21:35:03"
I,TRADING,PRICE,3,SETTLEMENTDATE,RUNNO,REGIONID,PERIODID,RRP,EEP,INVALIDFLAG,LASTCHANGED,ROP,RAISE6SECRRP,RAISE6SECROP,RAISE60SECRRP,RAISE60SECROP,RAISE5MINRRP,RAISE5MINROP,RAISEREGRRP,RAISEREGROP,LOWER6SECRRP,LOWER6SECROP,LOWER60SECRRP,LOWER60SECROP,LOWER5MINRRP,LOWER5MINROP,LOWERREGRRP,LOWERREGROP,RAISE1SECRRP,RAISE1SECROP,LOWER1SECRRP,LOWER1SECROP,PRICE_STATUS
D,TRADING,PRICE,3,"2025/05/28 21:40:00",1,SA1,260,138,0,0,"2025/05/28 21:35:03",138,0.37,0.37,0.15,0.15,0.15,0.15,19.92,19.92,0.1,0.1,0.39,0.39,0,0,0,0,0.36,0.36,0,0,FIRM
D,TRADING,PRICE,3,"2025/05/28 21:40:00",1,NSW1,260,96.06,0,0,"2025/05/28 21:35:03",96.06,0.37,0.37,0.15,0.15,0.15,0.15,19.92,19.92,0.1,0.1,0.39,0.39,0,0,0,0,0.36,0.36,0,0,FIRM
D,TRADING,PRICE,3,"2025/05/28 21:40:00",1,QLD1,260,84.45,0,0,"2025/05/28 21:35:03",84.45,0.37,0.37,0.15,0.15,0.15,0.15,19.92,19.92,0.1,0.1,0.39,0.39,0,0,0,0,0.36,0.36,0,0,FIRM
D,TRADING,PRICE,3,"2025/05/28 21:40:00",1,TAS1,260,150.24,0,0,"2025/05/28 21:35:03",150.24,0.38,0.38,0.38,0.38,0.38,0.38,8.4,8.4,0,0,0,0,0,0,2.48,2.48,0.36,0.36,0,0,FIRM
D,TRADING,PRICE,3,"2025/05/28 21:40:00",1,VIC1,260,128.33,0,0,"2025/05/28 21:35:03",128.33,0.37,0.37,0.15,0.15,0.15,0.15,19.92,19.92,0.1,0.1,0.39,0.39,0,0,0,0,0.36,0.36,0,0,FIRM
C,"END OF REPORT",15
