C,NEMP.WORLD,TRADINGIS,AEMO,PUBLIC,2025/05/28,09:00:11,0000000465221150,TRADINGIS,0000000465221149
I,TRADING,INTERCONNECTORRES,2,SETTLEMENTDATE,RUNNO,INTERCONNECTORID,PERIODID,METEREDMWFLOW,MWFLOW,MWLOSSES,LASTCHANGED
D,TRADING,INTERCONNECTORRES,2,"2025/05/28 09:05:00",1,N-Q-MNSP1,109,97.3,17.3,1.56,"2025/05/28 09:00:03"
D,TRADING,INTERCONNECTORRES,2,"2025/05/28 09:05:00",1,NSW1-QLD1,109,-490,-459.92,17.24,"2025/05/28 09:00:03"
D,TRADING,INTERCONNECTORRES,2,"2025/05/28 09:05:00",1,T-V-MNSP1,109,-431.6,-374.46,16.04,"2025/05/28 09:00:03"
D,TRADING,INTERCONNECTORRES,2,"2025/05/28 09:05:00",1,V-S-MNSP1,109,135,166.07,21.04,"2025/05/28 09:00:03"
D,TRADING,INTERCONNECTORRES,2,"2025/05/28 09:05:00",1,V-SA,109,429.75,427.6,22.22,"2025/05/28 09:00:03"
D,TRADING,INTERCONNECTORRES,2,"2025/05/28 09:05:00",1,VIC1-NSW1,109,-321.48,-358.31,6.08,"2025/05/28 09:00:03"
I,TRADING,PRICE,3,SETTLEMENTDATE,RUNNO,REGIONID,PERIODID,RRP,EEP,INVALIDFLAG,LASTCHANGED,ROP,RAISE6SECRRP,RAISE6SECROP,RAISE60SECRRP,RAISE60SECROP,RAISE5MINRRP,RAISE5MINROP,RAISEREGRRP,RAISEREGROP,LOWER6SECRRP,LOWER6SECROP,LOWER60SECRRP,LOWER60SECROP,LOWER5MINRRP,LOWER5MINROP,LOWERREGRRP,LOWERREGROP,RAISE1SECRRP,RAISE1SECROP,LOWER1SECRRP,LOWER1SECROP,PRICE_STATUS
D,TRADING,PRICE,3,"2025/05/28 09:05:00",1,SA1,109,180.96,0,0,"2025/05/28 09:00:03",180.96,0.37,0.37,0.15,0.15,0.15,0.15,5.99,5.99,0,0,0.38,0.38,0.38,0.38,3.75,3.75,0.38,0.38,0,0,FIRM
D,TRADING,PRICE,3,"2025/05/28 09:05:00",1,NSW1,109,19.68,0,0,"2025/05/28 09:00:03",19.68,0.37,0.37,0.15,0.15,0.15,0.15,5.99,5.99,0,0,0.38,0.38,0.38,0.38,3.75,3.75,0.38,0.38,0,0,FIRM
D,TRADING,PRICE,3,"2025/05/28 09:05:00",1,QLD1,109,-20.23,0,0,"2025/05/28 09:00:03",-20.23,0.37,0.37,0.15,0.15,0.15,0.15,5.99,5.99,32,32,7.89,7.89,0.38,0.38,3.75,3.75,0.38,0.38,0,0,FIRM
D,TRADING,PRICE,3,"2025/05/28 09:05:00",1,TAS1,109,141.34,0,0,"2025/05/28 09:00:03",141.34,0.38,0.38,0.38,0.38,0.15,0.15,7.4,7.4,0,0,0.38,0.38,0.38,0.38,2.48,2.48,0.38,0.38,0,0,FIRM
D,TRADING,PRICE,3,"2025/05/28 09:05:00",1,VIC1,109,132.72,0,0,"2025/05/28 09:00:03",132.72,0.37,0.37,0.15,0.15,0.15,0.15,5.99,5.99,0,0,0.38,0.38,0.38,0.38,3.75,3.75,0.38,0.38,0,0,FIRM
C,"END OF REPORT",15
