C,NEMP.WORLD,TRADINGIS,AEMO,PUBLIC,2025/05/29,02:25:10,0000000465326699,TRADINGIS,0000000465326698
I,TRADING,INTERCONNECTORRES,2,SETTLEMENTDATE,RUNNO,INTERCONNECTORID,PERIODID,METEREDMWFLOW,MWFLOW,MWLOSSES,LASTCHANGED
D,TRADING,INTERCONNECTORRES,2,"2025/05/29 02:30:00",1,N-Q-MNSP1,30,-17,-25,0.65,"2025/05/29 02:25:03"
D,TRADING,INTERCONNECTORRES,2,"2025/05/29 02:30:00",1,NSW1-QLD1,30,-456.8,-422.36,16.43,"2025/05/29 02:25:03"
D,TRADING,INTERCONNECTORRES,2,"2025/05/29 02:30:00",1,T-V-MNSP1,30,-413.3,-438,21.66,"2025/05/29 02:25:03"
D,TRADING,INTERCONNECTORRES,2,"2025/05/29 02:30:00",1,V-S-MNSP1,30,72,63,0.15,"2025/05/29 02:25:03"
D,TRADING,INTERCONNECTORRES,2,"2025/05/29 02:30:00",1,V-SA,30,324.45,332.31,16.76,"2025/05/29 02:25:03"
D,TRADING,INTERCONNECTORRES,2,"2025/05/29 02:30:00",1,VIC1-NSW1,30,468.94,448.46,29.67,"2025/05/29 02:25:03"
I,TRADING,PRICE,3,SETTLEMENTDATE,RUNNO,REGIONID,PERIODID,RRP,EEP,INVALIDFLAG,LASTCHANGED,ROP,RAISE6SECRRP,RAISE6SECROP,RAISE60SECRRP,RAISE60SECROP,RAISE5MINRRP,RAISE5MINROP,RAISEREGRRP,RAISEREGROP,LOWER6SECRRP,LOWER6SECROP,LOWER60SECRRP,LOWER60SECROP,LOWER5MINRRP,LOWER5MINROP,LOWERREGRRP,LOWERREGROP,RAISE1SECRRP,RAISE1SECROP,LOWER1SECRRP,LOWER1SECROP,PRICE_STATUS
D,TRADING,PRICE,3,"2025/05/29 02:30:00",1,SA1,30,75.46,0,0,"2025/05/29 02:25:03",75.46,0.36,0.36,0.1,0.1,0.1,0.1,5.99,5.99,0.39,0.39,1.44,1.44,0,0,0,0,0.81,0.81,0,0,FIRM
D,TRADING,PRICE,3,"2025/05/29 02:30:00",1,NSW1,30,76.8,0,0,"2025/05/29 02:25:03",76.8,0.36,0.36,0.1,0.1,0.1,0.1,5.99,5.99,0.39,0.39,1.44,1.44,0,0,0,0,0.81,0.81,0,0,FIRM
D,TRADING,PRICE,3,"2025/05/29 02:30:00",1,QLD1,30,71.25,0,0,"2025/05/29 02:25:03",71.25,0.36,0.36,0.1,0.1,0.1,0.1,5.99,5.99,0.39,0.39,1.44,1.44,0,0,0,0,0.81,0.81,0,0,FIRM
D,TRADING,PRICE,3,"2025/05/29 02:30:00",1,TAS1,30,100.24,0,0,"2025/05/29 02:25:03",100.24,0.38,0.38,0.38,0.38,0.38,0.38,8.4,8.4,0.38,0.38,0.38,0.38,0,0,2.48,2.48,0.81,0.81,0,0,FIRM
D,TRADING,PRICE,3,"2025/05/29 02:30:00",1,VIC1,30,69.16,0,0,"2025/05/29 02:25:03",69.16,0.36,0.36,0.1,0.1,0.1,0.1,5.99,5.99,0.39,0.39,1.44,1.44,0,0,0,0,0.81,0.81,0,0,FIRM
C,"END OF REPORT",15
