C,NEMP.WORLD,TRADINGIS,AEMO,PUBLIC,2025/06/09,17:00:11,0000000466970517,TRADINGIS,0000000466970516
I,TRADING,INTERCONNECTORRES,2,SETTLEMENTDATE,RUNNO,INTERCONNECTORID,PERIODID,METEREDMWFLOW,MWFLOW,MWLOSSES,LASTCHANGED
D,TRADING,INTERCONNECTORRES,2,"2025/06/09 17:05:00",1,N-Q-MNSP1,205,-34.8,-25,0.65,"2025/06/09 17:00:03"
D,TRADING,INTERCONNECTORRES,2,"2025/06/09 17:05:00",1,NSW1-QLD1,205,-1089.1,-1037.83,11.89,"2025/06/09 17:00:03"
D,TRADING,INTERCONNECTORRES,2,"2025/06/09 17:05:00",1,T-V-MNSP1,205,470.6,417.5,16.48,"2025/06/09 17:00:03"
D,TRADING,INTERCONNECTORRES,2,"2025/06/09 17:05:00",1,V-S-MNSP1,205,15,18,-0.93,"2025/06/09 17:00:03"
D,TRADING,INTERCONNECTORRES,2,"2025/06/09 17:05:00",1,V-SA,205,-155.35,-170,3.89,"2025/06/09 17:00:03"
D,TRADING,INTERCONNECTORRES,2,"2025/06/09 17:05:00",1,VIC1-NSW1,205,-90.19,-43.79,-0.59,"2025/06/09 17:00:03"
I,TRADING,PRICE,3,SETTLEMENTDATE,RUNNO,REGIONID,PERIODID,RRP,EEP,INVALIDFLAG,LASTCHANGED,ROP,RAISE6SECRRP,RAISE6SECROP,RAISE60SECRRP,RAISE60SECROP,RAISE5MINRRP,RAISE5MINROP,RAISEREGRRP,RAISEREGROP,LOWER6SECRRP,LOWER6SECROP,LOWER60SECRRP,LOWER60SECROP,LOWER5MINRRP,LOWER5MINROP,LOWERREGRRP,LOWERREGROP,RAISE1SECRRP,RAISE1SECROP,LOWER1SECRRP,LOWER1SECROP,PRICE_STATUS
D,TRADING,PRICE,3,"2025/06/09 17:05:00",1,SA1,205,170.44,0,0,"2025/06/09 17:00:03",170.44,0.37,0.37,0.1,0.1,0.1,0.1,19.92,19.92,0.38,0.38,0.38,0.38,0.38,0.38,3.7,3.7,0.01,0.01,0,0,FIRM
D,TRADING,PRICE,3,"2025/06/09 17:05:00",1,NSW1,205,180.02,0,0,"2025/06/09 17:00:03",180.02,0.37,0.37,0.1,0.1,0.1,0.1,19.92,19.92,0.38,0.38,0.38,0.38,0.38,0.38,3.7,3.7,0.01,0.01,0,0,FIRM
D,TRADING,PRICE,3,"2025/06/09 17:05:00",1,QLD1,205,161.44,0,0,"2025/06/09 17:00:03",161.44,0.37,0.37,0.1,0.1,0.1,0.1,19.92,19.92,0.38,0.38,0.38,0.38,0.38,0.38,3.7,3.7,0.01,0.01,0,0,FIRM
D,TRADING,PRICE,3,"2025/06/09 17:05:00",1,TAS1,205,160.18,0,0,"2025/06/09 17:00:03",160.18,0.37,0.37,0.1,0.1,0.1,0.1,6.16,6.16,0.38,0.38,0.38,0.38,0.38,0.38,2.74,2.74,0.01,0.01,0,0,FIRM
D,TRADING,PRICE,3,"2025/06/09 17:05:00",1,VIC1,205,177.59,0,0,"2025/06/09 17:00:03",177.59,0.37,0.37,0.1,0.1,0.1,0.1,19.92,19.92,0.38,0.38,0.38,0.38,0.38,0.38,3.7,3.7,0.01,0.01,0,0,FIRM
C,"END OF REPORT",15
