C,NEMP.WORLD,TRADINGIS,AEMO,PUBLIC,2025/05/26,18:20:11,0000000464983711,TRADINGIS,0000000464983710
I,TRADING,INTERCONNECTORRES,2,SETTLEMENTDATE,RUNNO,INTERCONNECTORID,PERIODID,METEREDMWFLOW,MWFLOW,MWLOSSES,LASTCHANGED
D,TRADING,INTERCONNECTORRES,2,"2025/05/26 18:25:00",1,N-Q-MNSP1,221,10.7,9,0.6,"2025/05/26 18:20:04"
D,TRADING,INTERCONNECTORRES,2,"2025/05/26 18:25:00",1,NSW1-QLD1,221,-38.7,160.2,13.88,"2025/05/26 18:20:04"
D,TRADING,INTERCONNECTORRES,2,"2025/05/26 18:25:00",1,T-V-MNSP1,221,-459.7,-458.46,23.65,"2025/05/26 18:20:04"
D,TRADING,INTERCONNECTORRES,2,"2025/05/26 18:25:00",1,V-S-MNSP1,221,-89,-47.5,6.24,"2025/05/26 18:20:04"
D,TRADING,INTERCONNECTORRES,2,"2025/05/26 18:25:00",1,V-SA,221,149.13,135.65,6.36,"2025/05/26 18:20:04"
D,TRADING,INTERCONNECTORRES,2,"2025/05/26 18:25:00",1,VIC1-NSW1,221,-206.2,-17.65,0.32,"2025/05/26 18:20:04"
I,TRADING,PRICE,3,SETTLEMENTDATE,RUNNO,REGIONID,PERIODID,RRP,EEP,INVALIDFLAG,LASTCHANGED,ROP,RAISE6SECRRP,RAISE6SECROP,RAISE60SECRRP,RAISE60SECROP,RAISE5MINRRP,RAISE5MINROP,RAISEREGRRP,RAISEREGROP,LOWER6SECRRP,LOWER6SECROP,LOWER60SECRRP,LOWER60SECROP,LOWER5MINRRP,LOWER5MINROP,LOWERREGRRP,LOWERREGROP,RAISE1SECRRP,RAISE1SECROP,LOWER1SECRRP,LOWER1SECROP,PRICE_STATUS
D,TRADING,PRICE,3,"2025/05/26 18:25:00",1,SA1,221,11.04,0,0,"2025/05/26 18:20:04",11.04,0.38,0.38,0.23,0.23,0.36,0.36,0.61,0.61,0.1,0.1,0.38,0.38,0.38,0.38,2.26,2.26,0.86,0.86,0,0,FIRM
D,TRADING,PRICE,3,"2025/05/26 18:25:00",1,NSW1,221,88.3,0,0,"2025/05/26 18:20:04",88.3,0.38,0.38,0.23,0.23,0.36,0.36,0.61,0.61,0.1,0.1,0.38,0.38,0.38,0.38,2.26,2.26,0.86,0.86,0,0,FIRM
D,TRADING,PRICE,3,"2025/05/26 18:25:00",1,QLD1,221,97.73,0,0,"2025/05/26 18:20:04",97.73,0.38,0.38,0.23,0.23,0.36,0.36,0.61,0.61,0.1,0.1,0.38,0.38,0.38,0.38,2.26,2.26,0.86,0.86,0,0,FIRM
D,TRADING,PRICE,3,"2025/05/26 18:25:00",1,TAS1,221,55.24,0,0,"2025/05/26 18:20:04",55.24,0.38,0.38,0.38,0.38,0.36,0.36,8.8,8.8,0.1,0.1,0.38,0.38,0,0,2.55,2.55,0.86,0.86,0,0,FIRM
D,TRADING,PRICE,3,"2025/05/26 18:25:00",1,VIC1,221,8.95,0,0,"2025/05/26 18:20:04",8.95,0.38,0.38,0.23,0.23,0.36,0.36,0.61,0.61,0.1,0.1,0.38,0.38,0.38,0.38,2.26,2.26,0.86,0.86,0,0,FIRM
C,"END OF REPORT",15
