C,NEMP.WORLD,TRADINGIS,AEMO,PUBLIC,2025/05/26,18:35:11,0000000464985395,TRADINGIS,0000000464985394
I,TRADING,INTERCONNECTORRES,2,SETTLEMENTDATE,RUNNO,INTERCONNECTORID,PERIODID,METEREDMWFLOW,MWFLOW,MWLOSSES,LASTCHANGED
D,TRADING,INTERCONNECTORRES,2,"2025/05/26 18:40:00",1,N-Q-MNSP1,224,14.4,9,0.6,"2025/05/26 18:35:04"
D,TRADING,INTERCONNECTORRES,2,"2025/05/26 18:40:00",1,NSW1-QLD1,224,190.1,253.94,23.51,"2025/05/26 18:35:04"
D,TRADING,INTERCONNECTORRES,2,"2025/05/26 18:40:00",1,T-V-MNSP1,224,-470,-457.6,23.56,"2025/05/26 18:35:04"
D,TRADING,INTERCONNECTORRES,2,"2025/05/26 18:40:00",1,V-S-MNSP1,224,-13,67,0.5,"2025/05/26 18:35:04"
D,TRADING,INTERCONNECTORRES,2,"2025/05/26 18:40:00",1,V-SA,224,42.34,210.85,11.54,"2025/05/26 18:35:04"
D,TRADING,INTERCONNECTORRES,2,"2025/05/26 18:40:00",1,VIC1-NSW1,224,70.57,72.34,-0.39,"2025/05/26 18:35:04"
I,TRADING,PRICE,3,SETTLEMENTDATE,RUNNO,REGIONID,PERIODID,RRP,EEP,INVALIDFLAG,LASTCHANGED,ROP,RAISE6SECRRP,RAISE6SECROP,RAISE60SECRRP,RAISE60SECROP,RAISE5MINRRP,RAISE5MINROP,RAISEREGRRP,RAISEREGROP,LOWER6SECRRP,LOWER6SECROP,LOWER60SECRRP,LOWER60SECROP,LOWER5MINRRP,LOWER5MINROP,LOWERREGRRP,LOWERREGROP,RAISE1SECRRP,RAISE1SECROP,LOWER1SECRRP,LOWER1SECROP,PRICE_STATUS
D,TRADING,PRICE,3,"2025/05/26 18:40:00",1,SA1,224,-20,0,0,"2025/05/26 18:35:04",-20,0.38,0.38,0.38,0.38,0.38,0.38,0.38,0.38,0.14,0.14,0.38,0.38,0.38,0.38,3.49,3.49,0.37,0.37,0,0,FIRM
D,TRADING,PRICE,3,"2025/05/26 18:40:00",1,NSW1,224,80.54,0,0,"2025/05/26 18:35:04",80.54,0.38,0.38,0.38,0.38,0.38,0.38,0.38,0.38,0.14,0.14,0.38,0.38,0.38,0.38,3.49,3.49,0.37,0.37,0,0,FIRM
D,TRADING,PRICE,3,"2025/05/26 18:40:00",1,QLD1,224,90,0,0,"2025/05/26 18:35:04",90,0.38,0.38,0.38,0.38,0.38,0.38,0.38,0.38,0.14,0.14,0.38,0.38,0.38,0.38,3.49,3.49,0.37,0.37,0,0,FIRM
D,TRADING,PRICE,3,"2025/05/26 18:40:00",1,TAS1,224,55.24,0,0,"2025/05/26 18:35:04",55.24,0.38,0.38,0.38,0.38,0.38,0.38,8.8,8.8,0.14,0.14,0.38,0.38,0,0,2.55,2.55,0.37,0.37,0,0,FIRM
D,TRADING,PRICE,3,"2025/05/26 18:40:00",1,VIC1,224,19.01,0,0,"2025/05/26 18:35:04",19.01,0.38,0.38,0.38,0.38,0.38,0.38,0.38,0.38,0.14,0.14,0.38,0.38,0.38,0.38,3.49,3.49,0.37,0.37,0,0,FIRM
C,"END OF REPORT",15
