C,NEMP.WORLD,TRADINGIS,AEMO,PUBLIC,2025/05/28,14:40:11,0000000465256969,TRADINGIS,0000000465256968
I,TRADING,INTERCONNECTORRES,2,SETTLEMENTDATE,RUNNO,INTERCONNECTORID,PERIODID,METEREDMWFLOW,MWFLOW,MWLOSSES,LASTCHANGED
D,TRADING,INTERCONNECTORRES,2,"2025/05/28 14:45:00",1,N-Q-MNSP1,177,-18.8,-17,0.07,"2025/05/28 14:40:03"
D,TRADING,INTERCONNECTORRES,2,"2025/05/28 14:45:00",1,NSW1-QLD1,177,-258.2,-371.26,10.19,"2025/05/28 14:40:03"
D,TRADING,INTERCONNECTORRES,2,"2025/05/28 14:45:00",1,T-V-MNSP1,177,-400.4,-433.28,21.21,"2025/05/28 14:40:03"
D,TRADING,INTERCONNECTORRES,2,"2025/05/28 14:45:00",1,V-S-MNSP1,177,120,155.02,17.57,"2025/05/28 14:40:03"
D,TRADING,INTERCONNECTORRES,2,"2025/05/28 14:45:00",1,V-SA,177,594.66,568.88,27.72,"2025/05/28 14:40:03"
D,TRADING,INTERCONNECTORRES,2,"2025/05/28 14:45:00",1,VIC1-NSW1,177,-345.27,-329.53,-5.02,"2025/05/28 14:40:03"
I,TRADING,PRICE,3,SETTLEMENTDATE,RUNNO,REGIONID,PERIODID,RRP,EEP,INVALIDFLAG,LASTCHANGED,ROP,RAISE6SECRRP,RAISE6SECROP,RAISE60SECRRP,RAISE60SECROP,RAISE5MINRRP,RAISE5MINROP,RAISEREGRRP,RAISEREGROP,LOWER6SECRRP,LOWER6SECROP,LOWER60SECRRP,LOWER60SECROP,LOWER5MINRRP,LOWER5MINROP,LOWERREGRRP,LOWERREGROP,RAISE1SECRRP,RAISE1SECROP,LOWER1SECRRP,LOWER1SECROP,PRICE_STATUS
D,TRADING,PRICE,3,"2025/05/28 14:45:00",1,SA1,177,117.3,0,0,"2025/05/28 14:40:03",117.3,0.1,0.1,0.1,0.1,0.1,0.1,9.24,9.24,0.01,0.01,0.39,0.39,0.38,0.38,3.7,3.7,0.3,0.3,0,0,FIRM
D,TRADING,PRICE,3,"2025/05/28 14:45:00",1,NSW1,177,62.03,0,0,"2025/05/28 14:40:03",62.03,0.1,0.1,0.1,0.1,0.1,0.1,9.24,9.24,0.01,0.01,0.39,0.39,0.38,0.38,3.7,3.7,0.3,0.3,0,0,FIRM
D,TRADING,PRICE,3,"2025/05/28 14:45:00",1,QLD1,177,44.94,0,0,"2025/05/28 14:40:03",44.94,0.1,0.1,0.1,0.1,0.1,0.1,9.24,9.24,8.46,8.46,5.62,5.62,0.38,0.38,3.7,3.7,0.3,0.3,0,0,FIRM
D,TRADING,PRICE,3,"2025/05/28 14:45:00",1,TAS1,177,75.08,0,0,"2025/05/28 14:40:03",75.08,0.38,0.38,0.38,0.38,0.1,0.1,6.4,6.4,0.01,0.01,0.38,0.38,0,0,2.52,2.52,0.3,0.3,0,0,FIRM
D,TRADING,PRICE,3,"2025/05/28 14:45:00",1,VIC1,177,62.98,0,0,"2025/05/28 14:40:03",62.98,0.1,0.1,0.1,0.1,0.1,0.1,9.24,9.24,0.01,0.01,0.39,0.39,0.38,0.38,3.7,3.7,0.3,0.3,0,0,FIRM
C,"END OF REPORT",15
