C,NEMP.WORLD,TRADINGIS,AEMO,PUBLIC,2025/05/26,12:05:13,0000000464942317,TRADINGIS,0000000464942316
I,TRADING,INTERCONNECTORRES,2,SETTLEMENTDATE,RUNNO,INTERCONNECTORID,PERIODID,METEREDMWFLOW,MWFLOW,MWLOSSES,LASTCHANGED
D,TRADING,INTERCONNECTORRES,2,"2025/05/26 12:10:00",1,N-Q-MNSP1,146,-37.5,-41,2.87,"2025/05/26 12:05:06"
D,TRADING,INTERCONNECTORRES,2,"2025/05/26 12:10:00",1,NSW1-QLD1,146,-936.2,-975.9,83.11,"2025/05/26 12:05:06"
D,TRADING,INTERCONNECTORRES,2,"2025/05/26 12:10:00",1,T-V-MNSP1,146,-424.2,-453.26,23.13,"2025/05/26 12:05:06"
D,TRADING,INTERCONNECTORRES,2,"2025/05/26 12:10:00",1,V-S-MNSP1,146,96,100.81,4.85,"2025/05/26 12:05:06"
D,TRADING,INTERCONNECTORRES,2,"2025/05/26 12:10:00",1,V-SA,146,174.24,248.25,19.65,"2025/05/26 12:05:06"
D,TRADING,INTERCONNECTORRES,2,"2025/05/26 12:10:00",1,VIC1-NSW1,146,989.5,903.94,69.83,"2025/05/26 12:05:06"
I,TRADING,PRICE,3,SETTLEMENTDATE,RUNNO,REGIONID,PERIODID,RRP,EEP,INVALIDFLAG,LASTCHANGED,ROP,RAISE6SECRRP,RAISE6SECROP,RAISE60SECRRP,RAISE60SECROP,RAISE5MINRRP,RAISE5MINROP,RAISEREGRRP,RAISEREGROP,LOWER6SECRRP,LOWER6SECROP,LOWER60SECRRP,LOWER60SECROP,LOWER5MINRRP,LOWER5MINROP,LOWERREGRRP,LOWERREGROP,RAISE1SECRRP,RAISE1SECROP,LOWER1SECRRP,LOWER1SECROP,PRICE_STATUS
D,TRADING,PRICE,3,"2025/05/26 12:10:00",1,SA1,146,-20.79,0,0,"2025/05/26 12:05:06",-20.79,0.01,0.01,0.01,0.01,0.04,0.04,9,9,0.1,0.1,0.39,0.39,0.1,0.1,0.1,0.1,0.17,0.17,0,0,FIRM
D,TRADING,PRICE,3,"2025/05/26 12:10:00",1,NSW1,146,65.01,0,0,"2025/05/26 12:05:06",65.01,0.01,0.01,0.01,0.01,0.04,0.04,9,9,0.1,0.1,0.39,0.39,0.1,0.1,0.1,0.1,0.17,0.17,0,0,FIRM
D,TRADING,PRICE,3,"2025/05/26 12:10:00",1,QLD1,146,54.36,0,0,"2025/05/26 12:05:06",54.36,0.01,0.01,0.01,0.01,0.04,0.04,9,9,0.1,0.1,0.39,0.39,0.1,0.1,0.1,0.1,0.17,0.17,0,0,FIRM
D,TRADING,PRICE,3,"2025/05/26 12:10:00",1,TAS1,146,15.48,0,0,"2025/05/26 12:05:06",15.48,0.38,0.38,4.61,4.61,0.36,0.36,8.8,8.8,0.1,0.1,0.38,0.38,0,0,2.55,2.55,0.17,0.17,0,0,FIRM
D,TRADING,PRICE,3,"2025/05/26 12:10:00",1,VIC1,146,-18.5,0,0,"2025/05/26 12:05:06",-18.5,0.01,0.01,0.01,0.01,0.04,0.04,9,9,0.1,0.1,0.39,0.39,0.1,0.1,0.1,0.1,0.17,0.17,0,0,FIRM
C,"END OF REPORT",15
