C,NEMP.WORLD,TRADINGIS,AEMO,PUBLIC,2025/05/27,20:45:10,0000000465149654,TRADINGIS,0000000465149653
I,TRADING,INTERCONNECTORRES,2,SETTLEMENTDATE,RUNNO,INTERCONNECTORID,PERIODID,METEREDMWFLOW,MWFLOW,MWLOSSES,LASTCHANGED
D,TRADING,INTERCONNECTORRES,2,"2025/05/27 20:50:00",1,N-Q-MNSP1,250,-9.2,-9,-0.16,"2025/05/27 20:45:03"
D,TRADING,INTERCONNECTORRES,2,"2025/05/27 20:50:00",1,NSW1-QLD1,250,-307.3,-279.22,-7.03,"2025/05/27 20:45:03"
D,TRADING,INTERCONNECTORRES,2,"2025/05/27 20:50:00",1,T-V-MNSP1,250,-356.5,-276.9,9.06,"2025/05/27 20:45:03"
D,TRADING,INTERCONNECTORRES,2,"2025/05/27 20:50:00",1,V-S-MNSP1,250,81,81,1.95,"2025/05/27 20:45:03"
D,TRADING,INTERCONNECTORRES,2,"2025/05/27 20:50:00",1,V-SA,250,496.29,521.73,35.65,"2025/05/27 20:45:03"
D,TRADING,INTERCONNECTORRES,2,"2025/05/27 20:50:00",1,VIC1-NSW1,250,-262.26,-244.09,3.47,"2025/05/27 20:45:03"
I,TRADING,PRICE,3,SETTLEMENTDATE,RUNNO,REGIONID,PERIODID,RRP,EEP,INVALIDFLAG,LASTCHANGED,ROP,RAISE6SECRRP,RAISE6SECROP,RAISE60SECRRP,RAISE60SECROP,RAISE5MINRRP,RAISE5MINROP,RAISEREGRRP,RAISEREGROP,LOWER6SECRRP,LOWER6SECROP,LOWER60SECRRP,LOWER60SECROP,LOWER5MINRRP,LOWER5MINROP,LOWERREGRRP,LOWERREGROP,RAISE1SECRRP,RAISE1SECROP,LOWER1SECRRP,LOWER1SECROP,PRICE_STATUS
D,TRADING,PRICE,3,"2025/05/27 20:50:00",1,SA1,250,111.46,0,0,"2025/05/27 20:45:03",111.46,0.38,0.38,0.15,0.15,0.15,0.15,3.49,3.49,0.01,0.01,0.1,0.1,0,0,0,0,0.37,0.37,0,0,FIRM
D,TRADING,PRICE,3,"2025/05/27 20:50:00",1,NSW1,250,94.86,0,0,"2025/05/27 20:45:03",94.86,0.38,0.38,0.15,0.15,0.15,0.15,3.49,3.49,0.01,0.01,0.1,0.1,0,0,0,0,0.37,0.37,0,0,FIRM
D,TRADING,PRICE,3,"2025/05/27 20:50:00",1,QLD1,250,95,0,0,"2025/05/27 20:45:03",95,0.38,0.38,0.15,0.15,0.15,0.15,3.49,3.49,0.01,0.01,0.1,0.1,0,0,0,0,0.37,0.37,0,0,FIRM
D,TRADING,PRICE,3,"2025/05/27 20:50:00",1,TAS1,250,102.88,0,0,"2025/05/27 20:45:03",102.88,0.38,0.38,0.36,0.36,0.15,0.15,8.4,8.4,0.01,0.01,0.1,0.1,0,0,2.48,2.48,0.37,0.37,0,0,FIRM
D,TRADING,PRICE,3,"2025/05/27 20:50:00",1,VIC1,250,98.33,0,0,"2025/05/27 20:45:03",98.33,0.38,0.38,0.15,0.15,0.15,0.15,3.49,3.49,0.01,0.01,0.1,0.1,0,0,0,0,0.37,0.37,0,0,FIRM
C,"END OF REPORT",15
