C,NEMP.WORLD,TRADINGIS,AEMO,PUBLIC,2025/05/27,23:45:10,0000000465167111,TRADINGIS,0000000465167110
I,TRADING,INTERCONNECTORRES,2,SETTLEMENTDATE,RUNNO,INTERCONNECTORID,PERIODID,METEREDMWFLOW,MWFLOW,MWLOSSES,LASTCHANGED
D,TRADING,INTERCONNECTORRES,2,"2025/05/27 23:50:00",1,N-Q-MNSP1,286,-8.1,-9,-0.16,"2025/05/27 23:45:03"
D,TRADING,INTERCONNECTORRES,2,"2025/05/27 23:50:00",1,NSW1-QLD1,286,-42.4,-54.58,-0.55,"2025/05/27 23:45:03"
D,TRADING,INTERCONNECTORRES,2,"2025/05/27 23:50:00",1,T-V-MNSP1,286,-471.9,-469.88,24.79,"2025/05/27 23:45:03"
D,TRADING,INTERCONNECTORRES,2,"2025/05/27 23:50:00",1,V-S-MNSP1,286,110,146.63,15.14,"2025/05/27 23:45:03"
D,TRADING,INTERCONNECTORRES,2,"2025/05/27 23:50:00",1,V-SA,286,565.43,570.74,42.2,"2025/05/27 23:45:03"
D,TRADING,INTERCONNECTORRES,2,"2025/05/27 23:50:00",1,VIC1-NSW1,286,658.49,696.61,55.54,"2025/05/27 23:45:03"
I,TRADING,PRICE,3,SETTLEMENTDATE,RUNNO,REGIONID,PERIODID,RRP,EEP,INVALIDFLAG,LASTCHANGED,ROP,RAISE6SECRRP,RAISE6SECROP,RAISE60SECRRP,RAISE60SECROP,RAISE5MINRRP,RAISE5MINROP,RAISEREGRRP,RAISEREGROP,LOWER6SECRRP,LOWER6SECROP,LOWER60SECRRP,LOWER60SECROP,LOWER5MINRRP,LOWER5MINROP,LOWERREGRRP,LOWERREGROP,RAISE1SECRRP,RAISE1SECROP,LOWER1SECRRP,LOWER1SECROP,PRICE_STATUS
D,TRADING,PRICE,3,"2025/05/27 23:50:00",1,SA1,286,26.26,0,0,"2025/05/27 23:45:03",26.26,0.01,0.01,0.01,0.01,0.01,0.01,0.01,0.01,0.01,0.01,0.38,0.38,0,0,0,0,0.04,0.04,0,0,FIRM
D,TRADING,PRICE,3,"2025/05/27 23:50:00",1,NSW1,286,57.01,0,0,"2025/05/27 23:45:03",57.01,0.01,0.01,0.01,0.01,0.01,0.01,0.01,0.01,0.01,0.01,0.38,0.38,0,0,0,0,0.04,0.04,0,0,FIRM
D,TRADING,PRICE,3,"2025/05/27 23:50:00",1,QLD1,286,57.15,0,0,"2025/05/27 23:45:03",57.15,0.01,0.01,0.01,0.01,0.01,0.01,0.01,0.01,0.01,0.01,0.38,0.38,0,0,0,0,0.04,0.04,0,0,FIRM
D,TRADING,PRICE,3,"2025/05/27 23:50:00",1,TAS1,286,100.24,0,0,"2025/05/27 23:45:03",100.24,0.38,0.38,0.38,0.38,0.36,0.36,8.4,8.4,0.01,0.01,0.38,0.38,0,0,2.48,2.48,0.04,0.04,0,0,FIRM
D,TRADING,PRICE,3,"2025/05/27 23:50:00",1,VIC1,286,20.03,0,0,"2025/05/27 23:45:03",20.03,0.01,0.01,0.01,0.01,0.01,0.01,0.01,0.01,0.01,0.01,0.38,0.38,0,0,0,0,0.04,0.04,0,0,FIRM
C,"END OF REPORT",15
