C,NEMP.WORLD,TRADINGIS,AEMO,PUBLIC,2025/05/29,22:00:11,0000000465445431,TRADINGIS,0000000465445430
I,TRADING,INTERCONNECTORRES,2,SETTLEMENTDATE,RUNNO,INTERCONNECTORID,PERIODID,METEREDMWFLOW,MWFLOW,MWLOSSES,LASTCHANGED
D,TRADING,INTERCONNECTORRES,2,"2025/05/29 22:05:00",1,N-Q-MNSP1,265,-7.8,0,0,"2025/05/29 22:00:03"
D,TRADING,INTERCONNECTORRES,2,"2025/05/29 22:05:00",1,NSW1-QLD1,265,-130.3,-72.75,-1.96,"2025/05/29 22:00:03"
D,TRADING,INTERCONNECTORRES,2,"2025/05/29 22:05:00",1,T-V-MNSP1,265,-465.2,-478,25.62,"2025/05/29 22:00:03"
D,TRADING,INTERCONNECTORRES,2,"2025/05/29 22:05:00",1,V-S-MNSP1,265,0,0,0,"2025/05/29 22:00:03"
D,TRADING,INTERCONNECTORRES,2,"2025/05/29 22:05:00",1,V-SA,265,-394.23,-399.01,14.21,"2025/05/29 22:00:03"
D,TRADING,INTERCONNECTORRES,2,"2025/05/29 22:05:00",1,VIC1-NSW1,265,182.36,207.31,6.21,"2025/05/29 22:00:03"
I,TRADING,PRICE,3,SETTLEMENTDATE,RUNNO,REGIONID,PERIODID,RRP,EEP,INVALIDFLAG,LASTCHANGED,ROP,RAISE6SECRRP,RAISE6SECROP,RAISE60SECRRP,RAISE60SECROP,RAISE5MINRRP,RAISE5MINROP,RAISEREGRRP,RAISEREGROP,LOWER6SECRRP,LOWER6SECROP,LOWER60SECRRP,LOWER60SECROP,LOWER5MINRRP,LOWER5MINROP,LOWERREGRRP,LOWERREGROP,RAISE1SECRRP,RAISE1SECROP,LOWER1SECRRP,LOWER1SECROP,PRICE_STATUS
D,TRADING,PRICE,3,"2025/05/29 22:05:00",1,SA1,265,80.44,0,0,"2025/05/29 22:00:03",80.44,0.38,0.38,0.15,0.15,0.15,0.15,14.71,14.71,0.37,0.37,0.45,0.45,0.1,0.1,0.1,0.1,0.38,0.38,0,0,FIRM
D,TRADING,PRICE,3,"2025/05/29 22:05:00",1,NSW1,265,105.85,0,0,"2025/05/29 22:00:03",105.85,0.38,0.38,0.15,0.15,0.15,0.15,14.71,14.71,0.37,0.37,0.45,0.45,0.1,0.1,0.1,0.1,0.38,0.38,0,0,FIRM
D,TRADING,PRICE,3,"2025/05/29 22:05:00",1,QLD1,265,108.12,0,0,"2025/05/29 22:00:03",108.12,0.38,0.38,0.15,0.15,0.15,0.15,14.71,14.71,0.37,0.37,0.45,0.45,0.1,0.1,0.1,0.1,0.38,0.38,0,0,FIRM
D,TRADING,PRICE,3,"2025/05/29 22:05:00",1,TAS1,265,150.07,0,0,"2025/05/29 22:00:03",150.07,0.38,0.38,0.38,0.38,0.36,0.36,7.54,7.54,0.37,0.37,0.38,0.38,0,0,2.47,2.47,0.38,0.38,0,0,FIRM
D,TRADING,PRICE,3,"2025/05/29 22:05:00",1,VIC1,265,87.38,0,0,"2025/05/29 22:00:03",87.38,0.38,0.38,0.15,0.15,0.15,0.15,14.71,14.71,0.37,0.37,0.45,0.45,0.1,0.1,0.1,0.1,0.38,0.38,0,0,FIRM
C,"END OF REPORT",15
