C,NEMP.WORLD,TRADINGIS,AEMO,PUBLIC,2025/05/27,09:55:10,0000000465078258,TRADINGIS,0000000465078257
I,TRADING,INTERCONNECTORRES,2,SETTLEMENTDATE,RUNNO,INTERCONNECTORID,PERIODID,METEREDMWFLOW,MWFLOW,MWLOSSES,LASTCHANGED
D,TRADING,INTERCONNECTORRES,2,"2025/05/27 10:00:00",1,N-Q-MNSP1,120,-18.2,-17,0.07,"2025/05/27 09:55:03"
D,TRADING,INTERCONNECTORRES,2,"2025/05/27 10:00:00",1,NSW1-QLD1,120,-337.2,-275.69,6.04,"2025/05/27 09:55:03"
D,TRADING,INTERCONNECTORRES,2,"2025/05/27 10:00:00",1,T-V-MNSP1,120,-467.6,-462.6,24.06,"2025/05/27 09:55:03"
D,TRADING,INTERCONNECTORRES,2,"2025/05/27 10:00:00",1,V-S-MNSP1,120,-6,-86,15.27,"2025/05/27 09:55:03"
D,TRADING,INTERCONNECTORRES,2,"2025/05/27 10:00:00",1,V-SA,120,-197.47,-212.19,4.39,"2025/05/27 09:55:03"
D,TRADING,INTERCONNECTORRES,2,"2025/05/27 10:00:00",1,VIC1-NSW1,120,657.68,779.21,66.98,"2025/05/27 09:55:03"
I,TRADING,PRICE,3,SETTLEMENTDATE,RUNNO,REGIONID,PERIODID,RRP,EEP,INVALIDFLAG,LASTCHANGED,ROP,RAISE6SECRRP,RAISE6SECROP,RAISE60SECRRP,RAISE60SECROP,RAISE5MINRRP,RAISE5MINROP,RAISEREGRRP,RAISEREGROP,LOWER6SECRRP,LOWER6SECROP,LOWER60SECRRP,LOWER60SECROP,LOWER5MINRRP,LOWER5MINROP,LOWERREGRRP,LOWERREGROP,RAISE1SECRRP,RAISE1SECROP,LOWER1SECRRP,LOWER1SECROP,PRICE_STATUS
D,TRADING,PRICE,3,"2025/05/27 10:00:00",1,SA1,120,8.55,0,0,"2025/05/27 09:55:03",8.55,0.01,0.01,0.01,0.01,0.1,0.1,7.85,7.85,0.1,0.1,0.38,0.38,0.1,0.1,3.75,3.75,0.36,0.36,0,0,FIRM
D,TRADING,PRICE,3,"2025/05/27 10:00:00",1,NSW1,120,35.88,0,0,"2025/05/27 09:55:03",35.88,0.01,0.01,0.01,0.01,0.1,0.1,7.85,7.85,0.1,0.1,0.38,0.38,0.1,0.1,3.75,3.75,0.36,0.36,0,0,FIRM
D,TRADING,PRICE,3,"2025/05/27 10:00:00",1,QLD1,120,34.26,0,0,"2025/05/27 09:55:03",34.26,0.01,0.01,0.01,0.01,0.1,0.1,7.85,7.85,0.1,0.1,0.38,0.38,0.1,0.1,3.75,3.75,0.36,0.36,0,0,FIRM
D,TRADING,PRICE,3,"2025/05/27 10:00:00",1,TAS1,120,35.24,0,0,"2025/05/27 09:55:03",35.24,0.38,0.38,0.38,0.38,0.1,0.1,7.4,7.4,0.1,0.1,0.38,0.38,0,0,2.48,2.48,0.36,0.36,0,0,FIRM
D,TRADING,PRICE,3,"2025/05/27 10:00:00",1,VIC1,120,8.95,0,0,"2025/05/27 09:55:03",8.95,0.01,0.01,0.01,0.01,0.1,0.1,7.85,7.85,0.1,0.1,0.38,0.38,0.1,0.1,3.75,3.75,0.36,0.36,0,0,FIRM
C,"END OF REPORT",15
