C,NEMP.WORLD,TRADINGIS,AEMO,PUBLIC,2025/05/29,09:35:10,0000000465367476,TRADINGIS,0000000465367475
I,TRADING,INTERCONNECTORRES,2,SETTLEMENTDATE,RUNNO,INTERCONNECTORID,PERIODID,METEREDMWFLOW,MWFLOW,MWLOSSES,LASTCHANGED
D,TRADING,INTERCONNECTORRES,2,"2025/05/29 09:40:00",1,N-Q-MNSP1,116,-13,-17,0.07,"2025/05/29 09:35:03"
D,TRADING,INTERCONNECTORRES,2,"2025/05/29 09:40:00",1,NSW1-QLD1,116,-480.3,-344.77,3.66,"2025/05/29 09:35:03"
D,TRADING,INTERCONNECTORRES,2,"2025/05/29 09:40:00",1,T-V-MNSP1,116,-384.6,-392.38,17.54,"2025/05/29 09:35:03"
D,TRADING,INTERCONNECTORRES,2,"2025/05/29 09:40:00",1,V-S-MNSP1,116,36,29.39,-1.1,"2025/05/29 09:35:03"
D,TRADING,INTERCONNECTORRES,2,"2025/05/29 09:40:00",1,V-SA,116,80.3,68,-0.33,"2025/05/29 09:35:03"
D,TRADING,INTERCONNECTORRES,2,"2025/05/29 09:40:00",1,VIC1-NSW1,116,-478,-385.98,-1.03,"2025/05/29 09:35:03"
I,TRADING,PRICE,3,SETTLEMENTDATE,RUNNO,REGIONID,PERIODID,RRP,EEP,INVALIDFLAG,LASTCHANGED,ROP,RAISE6SECRRP,RAISE6SECROP,RAISE60SECRRP,RAISE60SECROP,RAISE5MINRRP,RAISE5MINROP,RAISEREGRRP,RAISEREGROP,LOWER6SECRRP,LOWER6SECROP,LOWER60SECRRP,LOWER60SECROP,LOWER5MINRRP,LOWER5MINROP,LOWERREGRRP,LOWERREGROP,RAISE1SECRRP,RAISE1SECROP,LOWER1SECRRP,LOWER1SECROP,PRICE_STATUS
D,TRADING,PRICE,3,"2025/05/29 09:40:00",1,SA1,116,139.32,0,0,"2025/05/29 09:35:03",139.32,0.38,0.38,0.24,0.24,0.38,0.38,20.01,20.01,0.1,0.1,0.38,0.38,0.1,0.1,3.49,3.49,0.94,0.94,0,0,FIRM
D,TRADING,PRICE,3,"2025/05/29 09:40:00",1,NSW1,116,134.81,0,0,"2025/05/29 09:35:03",134.81,0.38,0.38,0.24,0.24,0.38,0.38,20.01,20.01,0.1,0.1,0.38,0.38,0.1,0.1,3.49,3.49,0.94,0.94,0,0,FIRM
D,TRADING,PRICE,3,"2025/05/29 09:40:00",1,QLD1,116,129.41,0,0,"2025/05/29 09:35:03",129.41,0.38,0.38,0.24,0.24,0.38,0.38,20.01,20.01,0.1,0.1,0.38,0.38,0.1,0.1,3.49,3.49,0.94,0.94,0,0,FIRM
D,TRADING,PRICE,3,"2025/05/29 09:40:00",1,TAS1,116,150.16,0,0,"2025/05/29 09:35:03",150.16,0.38,0.38,0.38,0.38,0.38,0.38,6.58,6.58,0.1,0.1,0.38,0.38,0,0,2.46,2.46,0.94,0.94,0,0,FIRM
D,TRADING,PRICE,3,"2025/05/29 09:40:00",1,VIC1,116,139,0,0,"2025/05/29 09:35:03",139,0.38,0.38,0.24,0.24,0.38,0.38,20.01,20.01,0.1,0.1,0.38,0.38,0.1,0.1,3.49,3.49,0.94,0.94,0,0,FIRM
C,"END OF REPORT",15
