C,NEMP.WORLD,TRADINGIS,AEMO,PUBLIC,2025/05/29,22:05:10,0000000465446008,TRADINGIS,0000000465446007
I,TRADING,INTERCONNECTORRES,2,SETTLEMENTDATE,RUNNO,INTERCONNECTORID,PERIODID,METEREDMWFLOW,MWFLOW,MWLOSSES,LASTCHANGED
D,TRADING,INTERCONNECTORRES,2,"2025/05/29 22:10:00",1,N-Q-MNSP1,266,-1.4,-1.05,-0.02,"2025/05/29 22:05:03"
D,TRADING,INTERCONNECTORRES,2,"2025/05/29 22:10:00",1,NSW1-QLD1,266,-18.7,-85,-2.27,"2025/05/29 22:05:03"
D,TRADING,INTERCONNECTORRES,2,"2025/05/29 22:10:00",1,T-V-MNSP1,266,-479.2,-478,25.62,"2025/05/29 22:05:03"
D,TRADING,INTERCONNECTORRES,2,"2025/05/29 22:10:00",1,V-S-MNSP1,266,0,-10.1,0.88,"2025/05/29 22:05:03"
D,TRADING,INTERCONNECTORRES,2,"2025/05/29 22:10:00",1,V-SA,266,-448.17,-465.15,21.02,"2025/05/29 22:05:03"
D,TRADING,INTERCONNECTORRES,2,"2025/05/29 22:10:00",1,VIC1-NSW1,266,249.9,304.81,12.33,"2025/05/29 22:05:03"
I,TRADING,PRICE,3,SETTLEMENTDATE,RUNNO,REGIONID,PERIODID,RRP,EEP,INVALIDFLAG,LASTCHANGED,ROP,RAISE6SECRRP,RAISE6SECROP,RAISE60SECRRP,RAISE60SECROP,RAISE5MINRRP,RAISE5MINROP,RAISEREGRRP,RAISEREGROP,LOWER6SECRRP,LOWER6SECROP,LOWER60SECRRP,LOWER60SECROP,LOWER5MINRRP,LOWER5MINROP,LOWERREGRRP,LOWERREGROP,RAISE1SECRRP,RAISE1SECROP,LOWER1SECRRP,LOWER1SECROP,PRICE_STATUS
D,TRADING,PRICE,3,"2025/05/29 22:10:00",1,SA1,266,80.44,0,0,"2025/05/29 22:05:03",80.44,0.23,0.23,0.1,0.1,0.1,0.1,0.1,0.1,0.14,0.14,0.39,0.39,0.1,0.1,0.1,0.1,0.3,0.3,0,0,FIRM
D,TRADING,PRICE,3,"2025/05/29 22:10:00",1,NSW1,266,127.17,0,0,"2025/05/29 22:05:03",127.17,0.23,0.23,0.1,0.1,0.1,0.1,0.1,0.1,0.14,0.14,0.39,0.39,0.1,0.1,0.1,0.1,0.3,0.3,0,0,FIRM
D,TRADING,PRICE,3,"2025/05/29 22:10:00",1,QLD1,266,129.45,0,0,"2025/05/29 22:05:03",129.45,0.23,0.23,0.1,0.1,0.1,0.1,0.1,0.1,0.14,0.14,0.39,0.39,0.1,0.1,0.1,0.1,0.3,0.3,0,0,FIRM
D,TRADING,PRICE,3,"2025/05/29 22:10:00",1,TAS1,266,150.07,0,0,"2025/05/29 22:05:03",150.07,0.38,0.38,0.38,0.38,0.36,0.36,7.54,7.54,0.14,0.14,0.38,0.38,0,0,2.47,2.47,0.3,0.3,0,0,FIRM
D,TRADING,PRICE,3,"2025/05/29 22:10:00",1,VIC1,266,89.56,0,0,"2025/05/29 22:05:03",89.56,0.23,0.23,0.1,0.1,0.1,0.1,0.1,0.1,0.14,0.14,0.39,0.39,0.1,0.1,0.1,0.1,0.3,0.3,0,0,FIRM
C,"END OF REPORT",15
