C,NEMP.WORLD,TRADINGIS,AEMO,PUBLIC,2025/06/02,05:35:11,0000000465913974,TRADINGIS,0000000465913973
I,TRADING,INTERCONNECTORRES,2,SETTLEMENTDATE,RUNNO,INTERCONNECTORID,PERIODID,METEREDMWFLOW,MWFLOW,MWLOSSES,LASTCHANGED
D,TRADING,INTERCONNECTORRES,2,"2025/06/02 05:40:00",1,N-Q-MNSP1,68,-41.3,-41,2.87,"2025/06/02 05:35:04"
D,TRADING,INTERCONNECTORRES,2,"2025/06/02 05:40:00",1,NSW1-QLD1,68,-1137.8,-1082.58,90.25,"2025/06/02 05:35:04"
D,TRADING,INTERCONNECTORRES,2,"2025/06/02 05:40:00",1,T-V-MNSP1,68,-450.5,-478,25.62,"2025/06/02 05:35:04"
D,TRADING,INTERCONNECTORRES,2,"2025/06/02 05:40:00",1,V-S-MNSP1,68,35,36.06,-1.09,"2025/06/02 05:35:04"
D,TRADING,INTERCONNECTORRES,2,"2025/06/02 05:40:00",1,V-SA,68,580.99,565.97,39,"2025/06/02 05:35:04"
D,TRADING,INTERCONNECTORRES,2,"2025/06/02 05:40:00",1,VIC1-NSW1,68,-213.09,-177.57,-3.16,"2025/06/02 05:35:04"
I,TRADING,PRICE,3,SETTLEMENTDATE,RUNNO,REGIONID,PERIODID,RRP,EEP,INVALIDFLAG,LASTCHANGED,ROP,RAISE6SECRRP,RAISE6SECROP,RAISE60SECRRP,RAISE60SECROP,RAISE5MINRRP,RAISE5MINROP,RAISEREGRRP,RAISEREGROP,LOWER6SECRRP,LOWER6SECROP,LOWER60SECRRP,LOWER60SECROP,LOWER5MINRRP,LOWER5MINROP,LOWERREGRRP,LOWERREGROP,RAISE1SECRRP,RAISE1SECROP,LOWER1SECRRP,LOWER1SECROP,PRICE_STATUS
D,TRADING,PRICE,3,"2025/06/02 05:40:00",1,SA1,68,153.63,0,0,"2025/06/02 05:35:04",153.63,0.37,0.37,0.1,0.1,0.1,0.1,5.99,5.99,0.38,0.38,0.38,0.38,0.38,0.38,2,2,0.81,0.81,0,0,FIRM
D,TRADING,PRICE,3,"2025/06/02 05:40:00",1,NSW1,68,120.71,0,0,"2025/06/02 05:35:04",120.71,0.37,0.37,0.1,0.1,0.1,0.1,5.99,5.99,0.38,0.38,0.38,0.38,0.38,0.38,2,2,0.81,0.81,0,0,FIRM
D,TRADING,PRICE,3,"2025/06/02 05:40:00",1,QLD1,68,100.2,0,0,"2025/06/02 05:35:04",100.2,0.37,0.37,0.1,0.1,0.1,0.1,5.99,5.99,0.38,0.38,0.38,0.38,0.38,0.38,2,2,0.81,0.81,0,0,FIRM
D,TRADING,PRICE,3,"2025/06/02 05:40:00",1,TAS1,68,150.24,0,0,"2025/06/02 05:35:04",150.24,0.38,0.38,0.38,0.38,0.36,0.36,7.92,7.92,0.38,0.38,0.38,0.38,0,0,2.95,2.95,0.81,0.81,0,0,FIRM
D,TRADING,PRICE,3,"2025/06/02 05:40:00",1,VIC1,68,120,0,0,"2025/06/02 05:35:04",120,0.37,0.37,0.1,0.1,0.1,0.1,5.99,5.99,0.38,0.38,0.38,0.38,0.38,0.38,2,2,0.81,0.81,0,0,FIRM
C,"END OF REPORT",15
