C,NEMP.WORLD,TRADINGIS,AEMO,PUBLIC,2025/05/26,12:25:16,0000000464945271,TRADINGIS,0000000464945270
I,TRADING,INTERCONNECTORRES,2,SETTLEMENTDATE,RUNNO,INTERCONNECTORID,PERIODID,METEREDMWFLOW,MWFLOW,MWLOSSES,LASTCHANGED
D,TRADING,INTERCONNECTORRES,2,"2025/05/26 12:30:00",1,N-Q-MNSP1,150,-34.9,-33,1.59,"2025/05/26 12:25:09"
D,TRADING,INTERCONNECTORRES,2,"2025/05/26 12:30:00",1,NSW1-QLD1,150,-869.8,-729.5,49.14,"2025/05/26 12:25:09"
D,TRADING,INTERCONNECTORRES,2,"2025/05/26 12:30:00",1,T-V-MNSP1,150,-427.9,-441.14,21.96,"2025/05/26 12:25:09"
D,TRADING,INTERCONNECTORRES,2,"2025/05/26 12:30:00",1,V-S-MNSP1,150,148,154.77,17.5,"2025/05/26 12:25:09"
D,TRADING,INTERCONNECTORRES,2,"2025/05/26 12:30:00",1,V-SA,150,216.07,197.68,14.82,"2025/05/26 12:25:09"
D,TRADING,INTERCONNECTORRES,2,"2025/05/26 12:30:00",1,VIC1-NSW1,150,750.14,824.65,56.8,"2025/05/26 12:25:09"
I,TRADING,PRICE,3,SETTLEMENTDATE,RUNNO,REGIONID,PERIODID,RRP,EEP,INVALIDFLAG,LASTCHANGED,ROP,RAISE6SECRRP,RAISE6SECROP,RAISE60SECRRP,RAISE60SECROP,RAISE5MINRRP,RAISE5MINROP,RAISEREGRRP,RAISEREGROP,LOWER6SECRRP,LOWER6SECROP,LOWER60SECRRP,LOWER60SECROP,LOWER5MINRRP,LOWER5MINROP,LOWERREGRRP,LOWERREGROP,RAISE1SECRRP,RAISE1SECROP,LOWER1SECRRP,LOWER1SECROP,PRICE_STATUS
D,TRADING,PRICE,3,"2025/05/26 12:30:00",1,SA1,150,-13.55,0,0,"2025/05/26 12:25:09",-13.55,0.1,0.1,0.04,0.04,0.1,0.1,5.46,5.46,0.38,0.38,0.86,0.86,0.38,0.38,2.08,2.08,0.36,0.36,0,0,FIRM
D,TRADING,PRICE,3,"2025/05/26 12:30:00",1,NSW1,150,31.85,0,0,"2025/05/26 12:25:09",31.85,0.1,0.1,0.04,0.04,0.1,0.1,5.46,5.46,0.38,0.38,0.86,0.86,0.38,0.38,2.08,2.08,0.36,0.36,0,0,FIRM
D,TRADING,PRICE,3,"2025/05/26 12:30:00",1,QLD1,150,27.9,0,0,"2025/05/26 12:25:09",27.9,0.1,0.1,0.04,0.04,0.1,0.1,5.46,5.46,0.38,0.38,0.86,0.86,0.38,0.38,2.08,2.08,0.36,0.36,0,0,FIRM
D,TRADING,PRICE,3,"2025/05/26 12:30:00",1,TAS1,150,11.25,0,0,"2025/05/26 12:25:09",11.25,0.38,0.38,0.38,0.38,0.1,0.1,8.8,8.8,0.38,0.38,0.38,0.38,0,0,3.55,3.55,0.36,0.36,0,0,FIRM
D,TRADING,PRICE,3,"2025/05/26 12:30:00",1,VIC1,150,-10.9,0,0,"2025/05/26 12:25:09",-10.9,0.1,0.1,0.04,0.04,0.1,0.1,5.46,5.46,0.38,0.38,0.86,0.86,0.38,0.38,2.08,2.08,0.36,0.36,0,0,FIRM
C,"END OF REPORT",15
