C,NEMP.WORLD,TRADINGIS,AEMO,PUBLIC,2025/05/29,10:25:11,0000000465371904,TRADINGIS,0000000465371903
I,TRADING,INTERCONNECTORRES,2,SETTLEMENTDATE,RUNNO,INTERCONNECTORID,PERIODID,METEREDMWFLOW,MWFLOW,MWLOSSES,LASTCHANGED
D,TRADING,INTERCONNECTORRES,2,"2025/05/29 10:30:00",1,N-Q-MNSP1,126,-15.5,-17,0.07,"2025/05/29 10:25:04"
D,TRADING,INTERCONNECTORRES,2,"2025/05/29 10:30:00",1,NSW1-QLD1,126,-484.2,-472.71,12.68,"2025/05/29 10:25:04"
D,TRADING,INTERCONNECTORRES,2,"2025/05/29 10:30:00",1,T-V-MNSP1,126,-463.9,-470.29,24.83,"2025/05/29 10:25:04"
D,TRADING,INTERCONNECTORRES,2,"2025/05/29 10:30:00",1,V-S-MNSP1,126,36,36,-1.09,"2025/05/29 10:25:04"
D,TRADING,INTERCONNECTORRES,2,"2025/05/29 10:30:00",1,V-SA,126,110.28,87.6,-0.35,"2025/05/29 10:25:04"
D,TRADING,INTERCONNECTORRES,2,"2025/05/29 10:30:00",1,VIC1-NSW1,126,-189.38,-186.78,-5.26,"2025/05/29 10:25:04"
I,TRADING,PRICE,3,SETTLEMENTDATE,RUNNO,REGIONID,PERIODID,RRP,EEP,INVALIDFLAG,LASTCHANGED,ROP,RAISE6SECRRP,RAISE6SECROP,RAISE60SECRRP,RAISE60SECROP,RAISE5MINRRP,RAISE5MINROP,RAISEREGRRP,RAISEREGROP,LOWER6SECRRP,LOWER6SECROP,LOWER60SECRRP,LOWER60SECROP,LOWER5MINRRP,LOWER5MINROP,LOWERREGRRP,LOWERREGROP,RAISE1SECRRP,RAISE1SECROP,LOWER1SECRRP,LOWER1SECROP,PRICE_STATUS
D,TRADING,PRICE,3,"2025/05/29 10:30:00",1,SA1,126,108.69,0,0,"2025/05/29 10:25:04",108.69,0.38,0.38,0.1,0.1,0.24,0.24,9.89,9.89,0,0,0.01,0.01,0.1,0.1,3.7,3.7,0.86,0.86,0,0,FIRM
D,TRADING,PRICE,3,"2025/05/29 10:30:00",1,NSW1,126,108.89,0,0,"2025/05/29 10:25:04",108.89,0.38,0.38,0.1,0.1,0.24,0.24,9.89,9.89,0,0,0.01,0.01,0.1,0.1,3.7,3.7,0.86,0.86,0,0,FIRM
D,TRADING,PRICE,3,"2025/05/29 10:30:00",1,QLD1,126,87.73,0,0,"2025/05/29 10:25:04",87.73,0.38,0.38,0.1,0.1,0.24,0.24,9.89,9.89,6.23,6.23,7.89,7.89,0.1,0.1,3.7,3.7,0.86,0.86,0,0,FIRM
D,TRADING,PRICE,3,"2025/05/29 10:30:00",1,TAS1,126,150.07,0,0,"2025/05/29 10:25:04",150.07,0.38,0.38,0.38,0.38,0.36,0.36,6.54,6.54,0,0,0.01,0.01,0,0,2.46,2.46,0.86,0.86,0,0,FIRM
D,TRADING,PRICE,3,"2025/05/29 10:30:00",1,VIC1,126,107.89,0,0,"2025/05/29 10:25:04",107.89,0.38,0.38,0.1,0.1,0.24,0.24,9.89,9.89,0,0,0.01,0.01,0.1,0.1,3.7,3.7,0.86,0.86,0,0,FIRM
C,"END OF REPORT",15
