C,NEMP.WORLD,TRADINGIS,AEMO,PUBLIC,2025/05/26,20:45:16,0000000464998802,TRADINGIS,0000000464998801
I,TRADING,INTERCONNECTORRES,2,SETTLEMENTDATE,RUNNO,INTERCONNECTORID,PERIODID,METEREDMWFLOW,MWFLOW,MWLOSSES,LASTCHANGED
D,TRADING,INTERCONNECTORRES,2,"2025/05/26 20:50:00",1,N-Q-MNSP1,250,10.6,9,0.6,"2025/05/26 20:45:08"
D,TRADING,INTERCONNECTORRES,2,"2025/05/26 20:50:00",1,NSW1-QLD1,250,158.8,364.99,28.6,"2025/05/26 20:45:08"
D,TRADING,INTERCONNECTORRES,2,"2025/05/26 20:50:00",1,T-V-MNSP1,250,-467.6,-451.78,22.99,"2025/05/26 20:45:08"
D,TRADING,INTERCONNECTORRES,2,"2025/05/26 20:50:00",1,V-S-MNSP1,250,175,176.3,24.51,"2025/05/26 20:45:08"
D,TRADING,INTERCONNECTORRES,2,"2025/05/26 20:50:00",1,V-SA,250,50.45,-102.25,-1.3,"2025/05/26 20:45:08"
D,TRADING,INTERCONNECTORRES,2,"2025/05/26 20:50:00",1,VIC1-NSW1,250,1037.23,1043.74,88.04,"2025/05/26 20:45:08"
I,TRADING,PRICE,3,SETTLEMENTDATE,RUNNO,REGIONID,PERIODID,RRP,EEP,INVALIDFLAG,LASTCHANGED,ROP,RAISE6SECRRP,RAISE6SECROP,RAISE60SECRRP,RAISE60SECROP,RAISE5MINRRP,RAISE5MINROP,RAISEREGRRP,RAISEREGROP,LOWER6SECRRP,LOWER6SECROP,LOWER60SECRRP,LOWER60SECROP,LOWER5MINRRP,LOWER5MINROP,LOWERREGRRP,LOWERREGROP,RAISE1SECRRP,RAISE1SECROP,LOWER1SECRRP,LOWER1SECROP,PRICE_STATUS
D,TRADING,PRICE,3,"2025/05/26 20:50:00",1,SA1,250,-20,0,0,"2025/05/26 20:45:08",-20,0.37,0.37,0.36,0.36,0.38,0.38,1.5,1.5,0.03,0.03,0.15,0.15,0.1,0.1,3.75,3.75,0.36,0.36,0,0,FIRM
D,TRADING,PRICE,3,"2025/05/26 20:50:00",1,NSW1,250,65.01,0,0,"2025/05/26 20:45:08",65.01,0.37,0.37,0.36,0.36,0.38,0.38,1.5,1.5,0.03,0.03,0.15,0.15,0.1,0.1,3.75,3.75,0.36,0.36,0,0,FIRM
D,TRADING,PRICE,3,"2025/05/26 20:50:00",1,QLD1,250,72.66,0,0,"2025/05/26 20:45:08",72.66,0.37,0.37,0.36,0.36,0.38,0.38,1.5,1.5,0.03,0.03,0.15,0.15,0.1,0.1,3.75,3.75,0.36,0.36,0,0,FIRM
D,TRADING,PRICE,3,"2025/05/26 20:50:00",1,TAS1,250,55.28,0,0,"2025/05/26 20:45:08",55.28,0.38,0.38,0.38,0.38,0.38,0.38,8.8,8.8,0.03,0.03,0.15,0.15,0,0,2.55,2.55,0.36,0.36,0,0,FIRM
D,TRADING,PRICE,3,"2025/05/26 20:50:00",1,VIC1,250,-3.74,0,0,"2025/05/26 20:45:08",-3.74,0.37,0.37,0.36,0.36,0.38,0.38,1.5,1.5,0.03,0.03,0.15,0.15,0.1,0.1,3.75,3.75,0.36,0.36,0,0,FIRM
C,"END OF REPORT",15
