C,NEMP.WORLD,TRADINGIS,AEMO,PUBLIC,2025/05/28,03:05:14,0000000465186596,TRADINGIS,0000000465186595
I,TRADING,INTERCONNECTORRES,2,SETTLEMENTDATE,RUNNO,INTERCONNECTORID,PERIODID,METEREDMWFLOW,MWFLOW,MWLOSSES,LASTCHANGED
D,TRADING,INTERCONNECTORRES,2,"2025/05/28 03:10:00",1,N-Q-MNSP1,38,-0.7,0,0,"2025/05/28 03:05:04"
D,TRADING,INTERCONNECTORRES,2,"2025/05/28 03:10:00",1,NSW1-QLD1,38,186.7,269,5.77,"2025/05/28 03:05:04"
D,TRADING,INTERCONNECTORRES,2,"2025/05/28 03:10:00",1,T-V-MNSP1,38,-434.6,-477.91,25.61,"2025/05/28 03:05:04"
D,TRADING,INTERCONNECTORRES,2,"2025/05/28 03:10:00",1,V-S-MNSP1,38,166,167.1,21.38,"2025/05/28 03:05:04"
D,TRADING,INTERCONNECTORRES,2,"2025/05/28 03:10:00",1,V-SA,38,557.04,566.34,43.88,"2025/05/28 03:05:04"
D,TRADING,INTERCONNECTORRES,2,"2025/05/28 03:10:00",1,VIC1-NSW1,38,615.84,620.78,50.68,"2025/05/28 03:05:04"
I,TRADING,PRICE,3,SETTLEMENTDATE,RUNNO,REGIONID,PERIODID,RRP,EEP,INVALIDFLAG,LASTCHANGED,ROP,RAISE6SECRRP,RAISE6SECROP,RAISE60SECRRP,RAISE60SECROP,RAISE5MINRRP,RAISE5MINROP,RAISEREGRRP,RAISEREGROP,LOWER6SECRRP,LOWER6SECROP,LOWER60SECRRP,LOWER60SECROP,LOWER5MINRRP,LOWER5MINROP,LOWERREGRRP,LOWERREGROP,RAISE1SECRRP,RAISE1SECROP,LOWER1SECRRP,LOWER1SECROP,PRICE_STATUS
D,TRADING,PRICE,3,"2025/05/28 03:10:00",1,SA1,38,91.44,0,0,"2025/05/28 03:05:04",91.44,0.37,0.37,0.23,0.23,0.1,0.1,0.1,0.1,0.1,0.1,0.38,0.38,0.01,0.01,3.59,3.59,0.3,0.3,0,0,FIRM
D,TRADING,PRICE,3,"2025/05/28 03:10:00",1,NSW1,38,57.01,0,0,"2025/05/28 03:05:04",57.01,0.37,0.37,0.23,0.23,0.1,0.1,0.1,0.1,0.1,0.1,0.38,0.38,0.01,0.01,3.59,3.59,0.3,0.3,0,0,FIRM
D,TRADING,PRICE,3,"2025/05/28 03:10:00",1,QLD1,38,59.68,0,0,"2025/05/28 03:05:04",59.68,0.37,0.37,0.23,0.23,0.1,0.1,0.1,0.1,0.1,0.1,0.38,0.38,0.01,0.01,3.59,3.59,0.3,0.3,0,0,FIRM
D,TRADING,PRICE,3,"2025/05/28 03:10:00",1,TAS1,38,35.02,0,0,"2025/05/28 03:05:04",35.02,0.38,0.38,0.38,0.38,0.38,0.38,7.4,7.4,0.1,0.1,0.38,0.38,0,0,2.48,2.48,0.3,0.3,0,0,FIRM
D,TRADING,PRICE,3,"2025/05/28 03:10:00",1,VIC1,38,8.95,0,0,"2025/05/28 03:05:04",8.95,0.37,0.37,0.23,0.23,0.1,0.1,0.1,0.1,0.1,0.1,0.38,0.38,0.01,0.01,3.59,3.59,0.3,0.3,0,0,FIRM
C,"END OF REPORT",15
