C,NEMP.WORLD,TRADINGIS,AEMO,PUBLIC,2025/05/29,02:00:11,0000000465324307,TRADINGIS,0000000465324306
I,TRADING,INTERCONNECTORRES,2,SETTLEMENTDATE,RUNNO,INTERCONNECTORID,PERIODID,METEREDMWFLOW,MWFLOW,MWLOSSES,LASTCHANGED
D,TRADING,INTERCONNECTORRES,2,"2025/05/29 02:05:00",1,N-Q-MNSP1,25,-17.5,-25,0.65,"2025/05/29 02:00:04"
D,TRADING,INTERCONNECTORRES,2,"2025/05/29 02:05:00",1,NSW1-QLD1,25,-449.3,-463.03,18.84,"2025/05/29 02:00:04"
D,TRADING,INTERCONNECTORRES,2,"2025/05/29 02:05:00",1,T-V-MNSP1,25,-421.2,-410.51,19.13,"2025/05/29 02:00:04"
D,TRADING,INTERCONNECTORRES,2,"2025/05/29 02:05:00",1,V-S-MNSP1,25,72,72,0.95,"2025/05/29 02:00:04"
D,TRADING,INTERCONNECTORRES,2,"2025/05/29 02:05:00",1,V-SA,25,381.87,356.98,20.31,"2025/05/29 02:00:04"
D,TRADING,INTERCONNECTORRES,2,"2025/05/29 02:05:00",1,VIC1-NSW1,25,396.97,431.58,25.89,"2025/05/29 02:00:04"
I,TRADING,PRICE,3,SETTLEMENTDATE,RUNNO,REGIONID,PERIODID,RRP,EEP,INVALIDFLAG,LASTCHANGED,ROP,RAISE6SECRRP,RAISE6SECROP,RAISE60SECRRP,RAISE60SECROP,RAISE5MINRRP,RAISE5MINROP,RAISEREGRRP,RAISEREGROP,LOWER6SECRRP,LOWER6SECROP,LOWER60SECRRP,LOWER60SECROP,LOWER5MINRRP,LOWER5MINROP,LOWERREGRRP,LOWERREGROP,RAISE1SECRRP,RAISE1SECROP,LOWER1SECRRP,LOWER1SECROP,PRICE_STATUS
D,TRADING,PRICE,3,"2025/05/29 02:05:00",1,SA1,25,75.48,0,0,"2025/05/29 02:00:04",75.48,0.37,0.37,0.1,0.1,0.09,0.09,0.09,0.09,0.38,0.38,0.38,0.38,0.1,0.1,1,1,0.38,0.38,0,0,FIRM
D,TRADING,PRICE,3,"2025/05/29 02:05:00",1,NSW1,25,75.88,0,0,"2025/05/29 02:00:04",75.88,0.37,0.37,0.1,0.1,0.09,0.09,0.09,0.09,0.38,0.38,0.38,0.38,0.1,0.1,1,1,0.38,0.38,0,0,FIRM
D,TRADING,PRICE,3,"2025/05/29 02:05:00",1,QLD1,25,69.67,0,0,"2025/05/29 02:00:04",69.67,0.37,0.37,0.1,0.1,0.09,0.09,0.09,0.09,0.38,0.38,0.38,0.38,0.1,0.1,1,1,0.38,0.38,0,0,FIRM
D,TRADING,PRICE,3,"2025/05/29 02:05:00",1,TAS1,25,75.24,0,0,"2025/05/29 02:00:04",75.24,0.38,0.38,0.38,0.38,0.36,0.36,8.4,8.4,0.38,0.38,0.38,0.38,0,0,2.48,2.48,0.38,0.38,0,0,FIRM
D,TRADING,PRICE,3,"2025/05/29 02:05:00",1,VIC1,25,68.67,0,0,"2025/05/29 02:00:04",68.67,0.37,0.37,0.1,0.1,0.09,0.09,0.09,0.09,0.38,0.38,0.38,0.38,0.1,0.1,1,1,0.38,0.38,0,0,FIRM
C,"END OF REPORT",15
