C,NEMP.WORLD,TRADINGIS,AEMO,PUBLIC,2025/05/27,09:10:11,0000000465073553,TRADINGIS,0000000465073552
I,TRADING,INTERCONNECTORRES,2,SETTLEMENTDATE,RUNNO,INTERCONNECTORID,PERIODID,METEREDMWFLOW,MWFLOW,MWLOSSES,LASTCHANGED
D,TRADING,INTERCONNECTORRES,2,"2025/05/27 09:15:00",1,N-Q-MNSP1,111,-16.6,-17,0.07,"2025/05/27 09:10:04"
D,TRADING,INTERCONNECTORRES,2,"2025/05/27 09:15:00",1,NSW1-QLD1,111,-272.5,-323,4.32,"2025/05/27 09:10:04"
D,TRADING,INTERCONNECTORRES,2,"2025/05/27 09:15:00",1,T-V-MNSP1,111,-359.5,-457.82,23.58,"2025/05/27 09:10:04"
D,TRADING,INTERCONNECTORRES,2,"2025/05/27 09:15:00",1,V-S-MNSP1,111,18,-12.61,1.14,"2025/05/27 09:10:04"
D,TRADING,INTERCONNECTORRES,2,"2025/05/27 09:15:00",1,V-SA,111,188.88,181.15,4.34,"2025/05/27 09:10:04"
D,TRADING,INTERCONNECTORRES,2,"2025/05/27 09:15:00",1,VIC1-NSW1,111,923.43,830.6,69.94,"2025/05/27 09:10:04"
I,TRADING,PRICE,3,SETTLEMENTDATE,RUNNO,REGIONID,PERIODID,RRP,EEP,INVALIDFLAG,LASTCHANGED,ROP,RAISE6SECRRP,RAISE6SECROP,RAISE60SECRRP,RAISE60SECROP,RAISE5MINRRP,RAISE5MINROP,RAISEREGRRP,RAISEREGROP,LOWER6SECRRP,LOWER6SECROP,LOWER60SECRRP,LOWER60SECROP,LOWER5MINRRP,LOWER5MINROP,LOWERREGRRP,LOWERREGROP,RAISE1SECRRP,RAISE1SECROP,LOWER1SECRRP,LOWER1SECROP,PRICE_STATUS
D,TRADING,PRICE,3,"2025/05/27 09:15:00",1,SA1,111,20.05,0,0,"2025/05/27 09:10:04",20.05,0.01,0.01,0.01,0.01,0.04,0.04,9.26,9.26,0.01,0.01,0.38,0.38,0.1,0.1,3.59,3.59,0.36,0.36,0,0,FIRM
D,TRADING,PRICE,3,"2025/05/27 09:15:00",1,NSW1,111,56.98,0,0,"2025/05/27 09:10:04",56.98,0.01,0.01,0.01,0.01,0.04,0.04,9.26,9.26,0.01,0.01,0.38,0.38,0.1,0.1,3.59,3.59,0.36,0.36,0,0,FIRM
D,TRADING,PRICE,3,"2025/05/27 09:15:00",1,QLD1,111,54.76,0,0,"2025/05/27 09:10:04",54.76,0.01,0.01,0.01,0.01,0.04,0.04,9.26,9.26,0.01,0.01,0.38,0.38,0.1,0.1,3.59,3.59,0.36,0.36,0,0,FIRM
D,TRADING,PRICE,3,"2025/05/27 09:15:00",1,TAS1,111,35.24,0,0,"2025/05/27 09:10:04",35.24,0.38,0.38,0.38,0.38,0.04,0.04,8.4,8.4,0.01,0.01,0.38,0.38,0,0,2.48,2.48,0.36,0.36,0,0,FIRM
D,TRADING,PRICE,3,"2025/05/27 09:15:00",1,VIC1,111,19.19,0,0,"2025/05/27 09:10:04",19.19,0.01,0.01,0.01,0.01,0.04,0.04,9.26,9.26,0.01,0.01,0.38,0.38,0.1,0.1,3.59,3.59,0.36,0.36,0,0,FIRM
C,"END OF REPORT",15
