C,NEMP.WORLD,TRADINGIS,AEMO,PUBLIC,2025/05/29,06:45:11,0000000465351602,TRADINGIS,0000000465351601
I,TRADING,INTERCONNECTORRES,2,SETTLEMENTDATE,RUNNO,INTERCONNECTORID,PERIODID,METEREDMWFLOW,MWFLOW,MWLOSSES,LASTCHANGED
D,TRADING,INTERCONNECTORRES,2,"2025/05/29 06:50:00",1,N-Q-MNSP1,82,-18.2,-17,0.07,"2025/05/29 06:45:04"
D,TRADING,INTERCONNECTORRES,2,"2025/05/29 06:50:00",1,NSW1-QLD1,82,-414.9,-459,2.47,"2025/05/29 06:45:04"
D,TRADING,INTERCONNECTORRES,2,"2025/05/29 06:50:00",1,T-V-MNSP1,82,-429.1,-436.62,21.53,"2025/05/29 06:45:04"
D,TRADING,INTERCONNECTORRES,2,"2025/05/29 06:50:00",1,V-S-MNSP1,82,27,36,-1.09,"2025/05/29 06:45:04"
D,TRADING,INTERCONNECTORRES,2,"2025/05/29 06:50:00",1,V-SA,82,-24,33.46,0.05,"2025/05/29 06:45:04"
D,TRADING,INTERCONNECTORRES,2,"2025/05/29 06:50:00",1,VIC1-NSW1,82,-19.64,-69.66,-1.39,"2025/05/29 06:45:04"
I,TRADING,PRICE,3,SETTLEMENTDATE,RUNNO,REGIONID,PERIODID,RRP,EEP,INVALIDFLAG,LASTCHANGED,ROP,RAISE6SECRRP,RAISE6SECROP,RAISE60SECRRP,RAISE60SECROP,RAISE5MINRRP,RAISE5MINROP,RAISEREGRRP,RAISEREGROP,LOWER6SECRRP,LOWER6SECROP,LOWER60SECRRP,LOWER60SECROP,LOWER5MINRRP,LOWER5MINROP,LOWERREGRRP,LOWERREGROP,RAISE1SECRRP,RAISE1SECROP,LOWER1SECRRP,LOWER1SECROP,PRICE_STATUS
D,TRADING,PRICE,3,"2025/05/29 06:50:00",1,SA1,82,133.18,0,0,"2025/05/29 06:45:04",133.18,0.37,0.37,0.1,0.1,0.1,0.1,9.25,9.25,0.1,0.1,0.38,0.38,0.1,0.1,3.49,3.49,0.38,0.38,0,0,FIRM
D,TRADING,PRICE,3,"2025/05/29 06:50:00",1,NSW1,82,134.74,0,0,"2025/05/29 06:45:04",134.74,0.37,0.37,0.1,0.1,0.1,0.1,9.25,9.25,0.1,0.1,0.38,0.38,0.1,0.1,3.49,3.49,0.38,0.38,0,0,FIRM
D,TRADING,PRICE,3,"2025/05/29 06:50:00",1,QLD1,82,128.73,0,0,"2025/05/29 06:45:04",128.73,0.37,0.37,0.1,0.1,0.1,0.1,9.25,9.25,0.1,0.1,0.38,0.38,0.1,0.1,3.49,3.49,0.38,0.38,0,0,FIRM
D,TRADING,PRICE,3,"2025/05/29 06:50:00",1,TAS1,82,147.16,0,0,"2025/05/29 06:45:04",147.16,0.38,0.38,0.38,0.38,0.38,0.38,7.54,7.54,0.1,0.1,0.38,0.38,0,0,2.46,2.46,0.38,0.38,0,0,FIRM
D,TRADING,PRICE,3,"2025/05/29 06:50:00",1,VIC1,82,132.72,0,0,"2025/05/29 06:45:04",132.72,0.37,0.37,0.1,0.1,0.1,0.1,9.25,9.25,0.1,0.1,0.38,0.38,0.1,0.1,3.49,3.49,0.38,0.38,0,0,FIRM
C,"END OF REPORT",15
