C,NEMP.WORLD,TRADINGIS,AEMO,PUBLIC,2025/05/27,19:00:12,0000000465139355,TRADINGIS,0000000465139354
I,TRADING,INTERCONNECTORRES,2,SETTLEMENTDATE,RUNNO,INTERCONNECTORID,PERIODID,METEREDMWFLOW,MWFLOW,MWLOSSES,LASTCHANGED
D,TRADING,INTERCONNECTORRES,2,"2025/05/27 19:05:00",1,N-Q-MNSP1,229,-8,-8.09,-0.14,"2025/05/27 19:00:03"
D,TRADING,INTERCONNECTORRES,2,"2025/05/27 19:05:00",1,NSW1-QLD1,229,-351.2,-289,-11.84,"2025/05/27 19:00:03"
D,TRADING,INTERCONNECTORRES,2,"2025/05/27 19:05:00",1,T-V-MNSP1,229,-321.7,-314.56,11.52,"2025/05/27 19:00:03"
D,TRADING,INTERCONNECTORRES,2,"2025/05/27 19:05:00",1,V-S-MNSP1,229,54,54,-0.46,"2025/05/27 19:00:03"
D,TRADING,INTERCONNECTORRES,2,"2025/05/27 19:05:00",1,V-SA,229,247.1,226.7,6.9,"2025/05/27 19:00:03"
D,TRADING,INTERCONNECTORRES,2,"2025/05/27 19:05:00",1,VIC1-NSW1,229,-206.75,-301.4,7.12,"2025/05/27 19:00:03"
I,TRADING,PRICE,3,SETTLEMENTDATE,RUNNO,REGIONID,PERIODID,RRP,EEP,INVALIDFLAG,LASTCHANGED,ROP,RAISE6SECRRP,RAISE6SECROP,RAISE60SECRRP,RAISE60SECROP,RAISE5MINRRP,RAISE5MINROP,RAISEREGRRP,RAISEREGROP,LOWER6SECRRP,LOWER6SECROP,LOWER60SECRRP,LOWER60SECROP,LOWER5MINRRP,LOWER5MINROP,LOWERREGRRP,LOWERREGROP,RAISE1SECRRP,RAISE1SECROP,LOWER1SECRRP,LOWER1SECROP,PRICE_STATUS
D,TRADING,PRICE,3,"2025/05/27 19:05:00",1,SA1,229,134.24,0,0,"2025/05/27 19:00:03",134.24,0.38,0.38,0.23,0.23,0.15,0.15,0.15,0.15,0.03,0.03,0.15,0.15,0.38,0.38,11.89,11.89,0.36,0.36,0,0,FIRM
D,TRADING,PRICE,3,"2025/05/27 19:05:00",1,NSW1,229,120.89,0,0,"2025/05/27 19:00:03",120.89,0.38,0.38,0.23,0.23,0.15,0.15,0.15,0.15,0.03,0.03,0.15,0.15,0.38,0.38,11.89,11.89,0.36,0.36,0,0,FIRM
D,TRADING,PRICE,3,"2025/05/27 19:05:00",1,QLD1,229,123.05,0,0,"2025/05/27 19:00:03",123.05,0.38,0.38,0.23,0.23,0.15,0.15,0.15,0.15,0.03,0.03,0.15,0.15,0.38,0.38,11.89,11.89,0.36,0.36,0,0,FIRM
D,TRADING,PRICE,3,"2025/05/27 19:05:00",1,TAS1,229,133.74,0,0,"2025/05/27 19:00:03",133.74,0.38,0.38,0.36,0.36,0.15,0.15,7.4,7.4,0.03,0.03,0.15,0.15,0.38,0.38,3.48,3.48,0.36,0.36,0,0,FIRM
D,TRADING,PRICE,3,"2025/05/27 19:05:00",1,VIC1,229,126.85,0,0,"2025/05/27 19:00:03",126.85,0.38,0.38,0.23,0.23,0.15,0.15,0.15,0.15,0.03,0.03,0.15,0.15,0.38,0.38,11.89,11.89,0.36,0.36,0,0,FIRM
C,"END OF REPORT",15
