C,NEMP.WORLD,TRADINGIS,AEMO,PUBLIC,2025/05/26,22:50:12,0000000465011288,TRADINGIS,0000000465011287
I,TRADING,INTERCONNECTORRES,2,SETTLEMENTDATE,RUNNO,INTERCONNECTORID,PERIODID,METEREDMWFLOW,MWFLOW,MWLOSSES,LASTCHANGED
D,TRADING,INTERCONNECTORRES,2,"2025/05/26 22:55:00",1,N-Q-MNSP1,275,9.9,9,0.6,"2025/05/26 22:50:04"
D,TRADING,INTERCONNECTORRES,2,"2025/05/26 22:55:00",1,NSW1-QLD1,275,285.8,331.44,17.21,"2025/05/26 22:50:04"
D,TRADING,INTERCONNECTORRES,2,"2025/05/26 22:55:00",1,T-V-MNSP1,275,-451.7,-452.83,23.09,"2025/05/26 22:50:04"
D,TRADING,INTERCONNECTORRES,2,"2025/05/26 22:55:00",1,V-S-MNSP1,275,-146,-146.12,36.51,"2025/05/26 22:50:04"
D,TRADING,INTERCONNECTORRES,2,"2025/05/26 22:55:00",1,V-SA,275,-307.23,-363.35,9.15,"2025/05/26 22:50:04"
D,TRADING,INTERCONNECTORRES,2,"2025/05/26 22:55:00",1,VIC1-NSW1,275,1024.77,1091.09,117.24,"2025/05/26 22:50:04"
I,TRADING,PRICE,3,SETTLEMENTDATE,RUNNO,REGIONID,PERIODID,RRP,EEP,INVALIDFLAG,LASTCHANGED,ROP,RAISE6SECRRP,RAISE6SECROP,RAISE60SECRRP,RAISE60SECROP,RAISE5MINRRP,RAISE5MINROP,RAISEREGRRP,RAISEREGROP,LOWER6SECRRP,LOWER6SECROP,LOWER60SECRRP,LOWER60SECROP,LOWER5MINRRP,LOWER5MINROP,LOWERREGRRP,LOWERREGROP,RAISE1SECRRP,RAISE1SECROP,LOWER1SECRRP,LOWER1SECROP,PRICE_STATUS
D,TRADING,PRICE,3,"2025/05/26 22:55:00",1,SA1,275,0,0,0,"2025/05/26 22:50:04",0,0.01,0.01,0.01,0.01,0.04,0.04,3.99,3.99,0.14,0.14,0.95,0.95,0.15,0.15,3.23,3.23,0.3,0.3,0,0,FIRM
D,TRADING,PRICE,3,"2025/05/26 22:55:00",1,NSW1,275,41.39,0,0,"2025/05/26 22:50:04",41.39,0.01,0.01,0.01,0.01,0.04,0.04,3.99,3.99,0.14,0.14,0.95,0.95,0.15,0.15,3.23,3.23,0.3,0.3,0,0,FIRM
D,TRADING,PRICE,3,"2025/05/26 22:55:00",1,QLD1,275,44.94,0,0,"2025/05/26 22:50:04",44.94,0.01,0.01,0.01,0.01,0.04,0.04,3.99,3.99,0.14,0.14,0.95,0.95,0.15,0.15,3.23,3.23,0.3,0.3,0,0,FIRM
D,TRADING,PRICE,3,"2025/05/26 22:55:00",1,TAS1,275,55.24,0,0,"2025/05/26 22:50:04",55.24,0.38,0.38,0.38,0.38,0.04,0.04,8.8,8.8,0.14,0.14,0.38,0.38,0,0,2.55,2.55,0.3,0.3,0,0,FIRM
D,TRADING,PRICE,3,"2025/05/26 22:55:00",1,VIC1,275,0,0,0,"2025/05/26 22:50:04",0,0.01,0.01,0.01,0.01,0.04,0.04,3.99,3.99,0.14,0.14,0.95,0.95,0.15,0.15,3.23,3.23,0.3,0.3,0,0,FIRM
C,"END OF REPORT",15
