C,NEMP.WORLD,TRADINGIS,AEMO,PUBLIC,2025/05/27,00:20:15,0000000465020411,TRADINGIS,0000000465020410
I,TRADING,INTERCONNECTORRES,2,SETTLEMENTDATE,RUNNO,INTERCONNECTORID,PERIODID,METEREDMWFLOW,MWFLOW,MWLOSSES,LASTCHANGED
D,TRADING,INTERCONNECTORRES,2,"2025/05/27 00:25:00",1,N-Q-MNSP1,5,8.4,9,0.6,"2025/05/27 00:20:08"
D,TRADING,INTERCONNECTORRES,2,"2025/05/27 00:25:00",1,NSW1-QLD1,5,441.1,498.69,27.08,"2025/05/27 00:20:08"
D,TRADING,INTERCONNECTORRES,2,"2025/05/27 00:25:00",1,T-V-MNSP1,5,-459.7,-455.82,23.38,"2025/05/27 00:20:08"
D,TRADING,INTERCONNECTORRES,2,"2025/05/27 00:25:00",1,V-S-MNSP1,5,-144,-144.19,35.67,"2025/05/27 00:20:08"
D,TRADING,INTERCONNECTORRES,2,"2025/05/27 00:25:00",1,V-SA,5,-281.84,-328.34,5.75,"2025/05/27 00:20:08"
D,TRADING,INTERCONNECTORRES,2,"2025/05/27 00:25:00",1,VIC1-NSW1,5,1013.59,1055.45,108.74,"2025/05/27 00:20:08"
I,TRADING,PRICE,3,SETTLEMENTDATE,RUNNO,REGIONID,PERIODID,RRP,EEP,INVALIDFLAG,LASTCHANGED,ROP,RAISE6SECRRP,RAISE6SECROP,RAISE60SECRRP,RAISE60SECROP,RAISE5MINRRP,RAISE5MINROP,RAISEREGRRP,RAISEREGROP,LOWER6SECRRP,LOWER6SECROP,LOWER60SECRRP,LOWER60SECROP,LOWER5MINRRP,LOWER5MINROP,LOWERREGRRP,LOWERREGROP,RAISE1SECRRP,RAISE1SECROP,LOWER1SECRRP,LOWER1SECROP,PRICE_STATUS
D,TRADING,PRICE,3,"2025/05/27 00:25:00",1,SA1,5,-9.27,0,0,"2025/05/27 00:20:08",-9.27,0.01,0.01,0.01,0.01,0.01,0.01,9.24,9.24,0.38,0.38,0.38,0.38,0.38,0.38,3.65,3.65,0.1,0.1,0,0,FIRM
D,TRADING,PRICE,3,"2025/05/27 00:25:00",1,NSW1,5,40.67,0,0,"2025/05/27 00:20:08",40.67,0.01,0.01,0.01,0.01,0.01,0.01,9.24,9.24,0.38,0.38,0.38,0.38,0.38,0.38,3.65,3.65,0.1,0.1,0,0,FIRM
D,TRADING,PRICE,3,"2025/05/27 00:25:00",1,QLD1,5,44.94,0,0,"2025/05/27 00:20:08",44.94,0.01,0.01,0.01,0.01,0.01,0.01,9.24,9.24,0.38,0.38,0.38,0.38,0.38,0.38,3.65,3.65,0.1,0.1,0,0,FIRM
D,TRADING,PRICE,3,"2025/05/27 00:25:00",1,TAS1,5,11.25,0,0,"2025/05/27 00:20:08",11.25,0.38,0.38,0.38,0.38,0.01,0.01,7.97,7.97,0.38,0.38,0.38,0.38,0,0,1.55,1.55,0.1,0.1,0,0,FIRM
D,TRADING,PRICE,3,"2025/05/27 00:25:00",1,VIC1,5,-9.81,0,0,"2025/05/27 00:20:08",-9.81,0.01,0.01,0.01,0.01,0.01,0.01,9.24,9.24,0.38,0.38,0.38,0.38,0.38,0.38,3.65,3.65,0.1,0.1,0,0,FIRM
C,"END OF REPORT",15
