C,NEMP.WORLD,TRADINGIS,AEMO,PUBLIC,2025/05/29,01:45:10,0000000465322929,TRADINGIS,0000000465322928
I,TRADING,INTERCONNECTORRES,2,SETTLEMENTDATE,RUNNO,INTERCONNECTORID,PERIODID,METEREDMWFLOW,MWFLOW,MWLOSSES,LASTCHANGED
D,TRADING,INTERCONNECTORRES,2,"2025/05/29 01:50:00",1,N-Q-MNSP1,22,-24.6,-17,0.07,"2025/05/29 01:45:03"
D,TRADING,INTERCONNECTORRES,2,"2025/05/29 01:50:00",1,NSW1-QLD1,22,-410.3,-424.13,15.12,"2025/05/29 01:45:03"
D,TRADING,INTERCONNECTORRES,2,"2025/05/29 01:50:00",1,T-V-MNSP1,22,-432.8,-438,21.66,"2025/05/29 01:45:03"
D,TRADING,INTERCONNECTORRES,2,"2025/05/29 01:50:00",1,V-S-MNSP1,22,72,72,0.95,"2025/05/29 01:45:03"
D,TRADING,INTERCONNECTORRES,2,"2025/05/29 01:50:00",1,V-SA,22,374.11,357,19.76,"2025/05/29 01:45:03"
D,TRADING,INTERCONNECTORRES,2,"2025/05/29 01:50:00",1,VIC1-NSW1,22,429.49,443.44,27.34,"2025/05/29 01:45:03"
I,TRADING,PRICE,3,SETTLEMENTDATE,RUNNO,REGIONID,PERIODID,RRP,EEP,INVALIDFLAG,LASTCHANGED,ROP,RAISE6SECRRP,RAISE6SECROP,RAISE60SECRRP,RAISE60SECROP,RAISE5MINRRP,RAISE5MINROP,RAISEREGRRP,RAISEREGROP,LOWER6SECRRP,LOWER6SECROP,LOWER60SECRRP,LOWER60SECROP,LOWER5MINRRP,LOWER5MINROP,LOWERREGRRP,LOWERREGROP,RAISE1SECRRP,RAISE1SECROP,LOWER1SECRRP,LOWER1SECROP,PRICE_STATUS
D,TRADING,PRICE,3,"2025/05/29 01:50:00",1,SA1,22,70.44,0,0,"2025/05/29 01:45:03",70.44,0.37,0.37,0.1,0.1,0.1,0.1,5,5,0.38,0.38,0.38,0.38,0.1,0.1,1.2,1.2,0.81,0.81,0,0,FIRM
D,TRADING,PRICE,3,"2025/05/29 01:50:00",1,NSW1,22,70.77,0,0,"2025/05/29 01:45:03",70.77,0.37,0.37,0.1,0.1,0.1,0.1,5,5,0.38,0.38,0.38,0.38,0.1,0.1,1.2,1.2,0.81,0.81,0,0,FIRM
D,TRADING,PRICE,3,"2025/05/29 01:50:00",1,QLD1,22,65.89,0,0,"2025/05/29 01:45:03",65.89,0.37,0.37,0.1,0.1,0.1,0.1,5,5,0.38,0.38,0.38,0.38,0.1,0.1,1.2,1.2,0.81,0.81,0,0,FIRM
D,TRADING,PRICE,3,"2025/05/29 01:50:00",1,TAS1,22,100.24,0,0,"2025/05/29 01:45:03",100.24,0.38,0.38,0.38,0.38,0.38,0.38,8.4,8.4,0.38,0.38,0.38,0.38,0,0,2.48,2.48,0.81,0.81,0,0,FIRM
D,TRADING,PRICE,3,"2025/05/29 01:50:00",1,VIC1,22,64,0,0,"2025/05/29 01:45:03",64,0.37,0.37,0.1,0.1,0.1,0.1,5,5,0.38,0.38,0.38,0.38,0.1,0.1,1.2,1.2,0.81,0.81,0,0,FIRM
C,"END OF REPORT",15
