C,NEMP.WORLD,TRADINGIS,AEMO,PUBLIC,2025/06/10,05:00:13,0000000467038463,TRADINGIS,0000000467038462
I,TRADING,INTERCONNECTORRES,2,SETTLEMENTDATE,RUNNO,INTERCONNECTORID,PERIODID,METEREDMWFLOW,MWFLOW,MWLOSSES,LASTCHANGED
D,TRADING,INTERCONNECTORRES,2,"2025/06/10 05:05:00",1,N-Q-MNSP1,61,-18.2,-17,0.07,"2025/06/10 05:00:04"
D,TRADING,INTERCONNECTORRES,2,"2025/06/10 05:05:00",1,NSW1-QLD1,61,-339.4,-323.22,3.63,"2025/06/10 05:00:04"
D,TRADING,INTERCONNECTORRES,2,"2025/06/10 05:05:00",1,T-V-MNSP1,61,-478.6,-478,25.62,"2025/06/10 05:00:04"
D,TRADING,INTERCONNECTORRES,2,"2025/06/10 05:05:00",1,V-S-MNSP1,61,45,45,-0.87,"2025/06/10 05:00:04"
D,TRADING,INTERCONNECTORRES,2,"2025/06/10 05:05:00",1,V-SA,61,-56,-48.26,0.04,"2025/06/10 05:00:04"
D,TRADING,INTERCONNECTORRES,2,"2025/06/10 05:05:00",1,VIC1-NSW1,61,-433.38,-444.06,1.6,"2025/06/10 05:00:04"
I,TRADING,PRICE,3,SETTLEMENTDATE,RUNNO,REGIONID,PERIODID,RRP,EEP,INVALIDFLAG,LASTCHANGED,ROP,RAISE6SECRRP,RAISE6SECROP,RAISE60SECRRP,RAISE60SECROP,RAISE5MINRRP,RAISE5MINROP,RAISEREGRRP,RAISEREGROP,LOWER6SECRRP,LOWER6SECROP,LOWER60SECRRP,LOWER60SECROP,LOWER5MINRRP,LOWER5MINROP,LOWERREGRRP,LOWERREGROP,RAISE1SECRRP,RAISE1SECROP,LOWER1SECRRP,LOWER1SECROP,PRICE_STATUS
D,TRADING,PRICE,3,"2025/06/10 05:05:00",1,SA1,61,137.29,0,0,"2025/06/10 05:00:04",137.29,0.23,0.23,0.1,0.1,0.1,0.1,9.89,9.89,0.38,0.38,0.38,0.38,0.2,0.2,1,1,0.36,0.36,0,0,FIRM
D,TRADING,PRICE,3,"2025/06/10 05:05:00",1,NSW1,61,85.69,0,0,"2025/06/10 05:00:04",85.69,0.23,0.23,0.1,0.1,0.1,0.1,9.89,9.89,0.38,0.38,0.38,0.38,0.2,0.2,1,1,0.36,0.36,0,0,FIRM
D,TRADING,PRICE,3,"2025/06/10 05:05:00",1,QLD1,61,82.04,0,0,"2025/06/10 05:00:04",82.04,0.23,0.23,0.1,0.1,0.1,0.1,9.89,9.89,0.38,0.38,0.38,0.38,0.2,0.2,1,1,0.36,0.36,0,0,FIRM
D,TRADING,PRICE,3,"2025/06/10 05:05:00",1,TAS1,61,160.28,0,0,"2025/06/10 05:00:04",160.28,0.38,0.38,0.38,0.38,0.36,0.36,7.28,7.28,0.38,0.38,0.38,0.38,0,0,2.84,2.84,0.36,0.36,0,0,FIRM
D,TRADING,PRICE,3,"2025/06/10 05:05:00",1,VIC1,61,137.96,0,0,"2025/06/10 05:00:04",137.96,0.23,0.23,0.1,0.1,0.1,0.1,9.89,9.89,0.38,0.38,0.38,0.38,0.2,0.2,1,1,0.36,0.36,0,0,FIRM
C,"END OF REPORT",15
