C,NEMP.WORLD,TRADINGIS,AEMO,PUBLIC,2025/05/28,10:00:15,0000000465227170,TRADINGIS,0000000465227169
I,TRADING,INTERCONNECTORRES,2,SETTLEMENTDATE,RUNNO,INTERCONNECTORID,PERIODID,METEREDMWFLOW,MWFLOW,MWLOSSES,LASTCHANGED
D,TRADING,INTERCONNECTORRES,2,"2025/05/28 10:05:00",1,N-Q-MNSP1,121,98.2,96.67,29.76,"2025/05/28 10:00:08"
D,TRADING,INTERCONNECTORRES,2,"2025/05/28 10:05:00",1,NSW1-QLD1,121,-330.8,-329.48,13.19,"2025/05/28 10:00:08"
D,TRADING,INTERCONNECTORRES,2,"2025/05/28 10:05:00",1,T-V-MNSP1,121,-435.8,-432.19,21.11,"2025/05/28 10:00:08"
D,TRADING,INTERCONNECTORRES,2,"2025/05/28 10:05:00",1,V-S-MNSP1,121,175,137.8,12.77,"2025/05/28 10:00:08"
D,TRADING,INTERCONNECTORRES,2,"2025/05/28 10:05:00",1,V-SA,121,590.62,606.47,40.38,"2025/05/28 10:00:08"
D,TRADING,INTERCONNECTORRES,2,"2025/05/28 10:05:00",1,VIC1-NSW1,121,-308.05,-314.12,0.51,"2025/05/28 10:00:08"
I,TRADING,PRICE,3,SETTLEMENTDATE,RUNNO,REGIONID,PERIODID,RRP,EEP,INVALIDFLAG,LASTCHANGED,ROP,RAISE6SECRRP,RAISE6SECROP,RAISE60SECRRP,RAISE60SECROP,RAISE5MINRRP,RAISE5MINROP,RAISEREGRRP,RAISEREGROP,LOWER6SECRRP,LOWER6SECROP,LOWER60SECRRP,LOWER60SECROP,LOWER5MINRRP,LOWER5MINROP,LOWERREGRRP,LOWERREGROP,RAISE1SECRRP,RAISE1SECROP,LOWER1SECRRP,LOWER1SECROP,PRICE_STATUS
D,TRADING,PRICE,3,"2025/05/28 10:05:00",1,SA1,121,73.19,0,0,"2025/05/28 10:00:08",73.19,0.23,0.23,0.1,0.1,0.1,0.1,5.46,5.46,0.38,0.38,1,1,0.38,0.38,3.65,3.65,0.3,0.3,0,0,FIRM
D,TRADING,PRICE,3,"2025/05/28 10:05:00",1,NSW1,121,-18.64,0,0,"2025/05/28 10:00:08",-18.64,0.23,0.23,0.1,0.1,0.1,0.1,5.46,5.46,0.38,0.38,1,1,0.38,0.38,3.65,3.65,0.3,0.3,0,0,FIRM
D,TRADING,PRICE,3,"2025/05/28 10:05:00",1,QLD1,121,-31.11,0,0,"2025/05/28 10:00:08",-31.11,0.23,0.23,0.1,0.1,0.1,0.1,5.46,5.46,7.89,7.89,7.62,7.62,0.38,0.38,3.65,3.65,0.3,0.3,0,0,FIRM
D,TRADING,PRICE,3,"2025/05/28 10:05:00",1,TAS1,121,75.12,0,0,"2025/05/28 10:00:08",75.12,0.38,0.38,0.38,0.38,0.1,0.1,6.44,6.44,0.38,0.38,0.38,0.38,0.38,0.38,2.48,2.48,0.3,0.3,0,0,FIRM
D,TRADING,PRICE,3,"2025/05/28 10:05:00",1,VIC1,121,56.95,0,0,"2025/05/28 10:00:08",56.95,0.23,0.23,0.1,0.1,0.1,0.1,5.46,5.46,0.38,0.38,1,1,0.38,0.38,3.65,3.65,0.3,0.3,0,0,FIRM
C,"END OF REPORT",15
