C,NEMP.WORLD,TRADINGIS,AEMO,PUBLIC,2025/05/30,20:40:11,0000000465581452,TRADINGIS,0000000465581451
I,TRADING,INTERCONNECTORRES,2,SETTLEMENTDATE,RUNNO,INTERCONNECTORID,PERIODID,METEREDMWFLOW,MWFLOW,MWLOSSES,LASTCHANGED
D,TRADING,INTERCONNECTORRES,2,"2025/05/30 20:45:00",1,N-Q-MNSP1,249,-24,-25,0.65,"2025/05/30 20:40:03"
D,TRADING,INTERCONNECTORRES,2,"2025/05/30 20:45:00",1,NSW1-QLD1,249,-810.9,-791.17,19.25,"2025/05/30 20:40:03"
D,TRADING,INTERCONNECTORRES,2,"2025/05/30 20:45:00",1,T-V-MNSP1,249,225.2,221,4.21,"2025/05/30 20:40:03"
D,TRADING,INTERCONNECTORRES,2,"2025/05/30 20:45:00",1,V-S-MNSP1,249,26,27,-1.11,"2025/05/30 20:40:03"
D,TRADING,INTERCONNECTORRES,2,"2025/05/30 20:45:00",1,V-SA,249,-84.24,-102.41,0.57,"2025/05/30 20:40:03"
D,TRADING,INTERCONNECTORRES,2,"2025/05/30 20:45:00",1,VIC1-NSW1,249,639.35,614,36.69,"2025/05/30 20:40:03"
I,TRADING,PRICE,3,SETTLEMENTDATE,RUNNO,REGIONID,PERIODID,RRP,EEP,INVALIDFLAG,LASTCHANGED,ROP,RAISE6SECRRP,RAISE6SECROP,RAISE60SECRRP,RAISE60SECROP,RAISE5MINRRP,RAISE5MINROP,RAISEREGRRP,RAISEREGROP,LOWER6SECRRP,LOWER6SECROP,LOWER60SECRRP,LOWER60SECROP,LOWER5MINRRP,LOWER5MINROP,LOWERREGRRP,LOWERREGROP,RAISE1SECRRP,RAISE1SECROP,LOWER1SECRRP,LOWER1SECROP,PRICE_STATUS
D,TRADING,PRICE,3,"2025/05/30 20:45:00",1,SA1,249,156.95,0,0,"2025/05/30 20:40:03",156.95,0.38,0.38,0.36,0.36,0.1,0.1,0.1,0.1,0.1,0.1,0.38,0.38,0.2,0.2,15.17,15.17,0.04,0.04,0,0,FIRM
D,TRADING,PRICE,3,"2025/05/30 20:45:00",1,NSW1,249,178.91,0,0,"2025/05/30 20:40:03",178.91,0.38,0.38,0.36,0.36,0.1,0.1,0.1,0.1,0.1,0.1,0.38,0.38,0.2,0.2,15.17,15.17,0.04,0.04,0,0,FIRM
D,TRADING,PRICE,3,"2025/05/30 20:45:00",1,QLD1,249,162.73,0,0,"2025/05/30 20:40:03",162.73,0.38,0.38,0.36,0.36,0.1,0.1,0.1,0.1,0.1,0.1,0.38,0.38,0.2,0.2,15.17,15.17,0.04,0.04,0,0,FIRM
D,TRADING,PRICE,3,"2025/05/30 20:45:00",1,TAS1,249,150.24,0,0,"2025/05/30 20:40:03",150.24,0.38,0.38,0.36,0.36,0.1,0.1,7.24,7.24,0.1,0.1,0.38,0.38,0.2,0.2,3.48,3.48,0.04,0.04,0,0,FIRM
D,TRADING,PRICE,3,"2025/05/30 20:45:00",1,VIC1,249,160,0,0,"2025/05/30 20:40:03",160,0.38,0.38,0.36,0.36,0.1,0.1,0.1,0.1,0.1,0.1,0.38,0.38,0.2,0.2,15.17,15.17,0.04,0.04,0,0,FIRM
C,"END OF REPORT",15
