C,NEMP.WORLD,TRADINGIS,AEMO,PUBLIC,2025/05/26,14:05:14,0000000464955921,TRADINGIS,0000000464955920
I,TRADING,INTERCONNECTORRES,2,SETTLEMENTDATE,RUNNO,INTERCONNECTORID,PERIODID,METEREDMWFLOW,MWFLOW,MWLOSSES,LASTCHANGED
D,TRADING,INTERCONNECTORRES,2,"2025/05/26 14:10:00",1,N-Q-MNSP1,170,-33.3,-33,1.59,"2025/05/26 14:05:07"
D,TRADING,INTERCONNECTORRES,2,"2025/05/26 14:10:00",1,NSW1-QLD1,170,-887.7,-933.95,62.12,"2025/05/26 14:05:07"
D,TRADING,INTERCONNECTORRES,2,"2025/05/26 14:10:00",1,T-V-MNSP1,170,-448.7,-441.24,21.97,"2025/05/26 14:05:07"
D,TRADING,INTERCONNECTORRES,2,"2025/05/26 14:10:00",1,V-S-MNSP1,170,168,171.69,22.9,"2025/05/26 14:05:07"
D,TRADING,INTERCONNECTORRES,2,"2025/05/26 14:10:00",1,V-SA,170,232.1,250.1,11.06,"2025/05/26 14:05:07"
D,TRADING,INTERCONNECTORRES,2,"2025/05/26 14:10:00",1,VIC1-NSW1,170,186.77,181.4,9.14,"2025/05/26 14:05:07"
I,TRADING,PRICE,3,SETTLEMENTDATE,RUNNO,REGIONID,PERIODID,RRP,EEP,INVALIDFLAG,LASTCHANGED,ROP,RAISE6SECRRP,RAISE6SECROP,RAISE60SECRRP,RAISE60SECROP,RAISE5MINRRP,RAISE5MINROP,RAISEREGRRP,RAISEREGROP,LOWER6SECRRP,LOWER6SECROP,LOWER60SECRRP,LOWER60SECROP,LOWER5MINRRP,LOWER5MINROP,LOWERREGRRP,LOWERREGROP,RAISE1SECRRP,RAISE1SECROP,LOWER1SECRRP,LOWER1SECROP,PRICE_STATUS
D,TRADING,PRICE,3,"2025/05/26 14:10:00",1,SA1,170,-21.26,0,0,"2025/05/26 14:05:07",-21.26,0.1,0.1,0.1,0.1,0.1,0.1,11,11,0.39,0.39,4.88,4.88,0.1,0.1,0.1,0.1,0.36,0.36,0.01,0.01,FIRM
D,TRADING,PRICE,3,"2025/05/26 14:10:00",1,NSW1,170,76.59,0,0,"2025/05/26 14:05:07",76.59,0.1,0.1,0.1,0.1,0.1,0.1,11,11,0.39,0.39,4.88,4.88,0.1,0.1,0.1,0.1,0.36,0.36,0.01,0.01,FIRM
D,TRADING,PRICE,3,"2025/05/26 14:10:00",1,QLD1,170,65.89,0,0,"2025/05/26 14:05:07",65.89,0.1,0.1,0.1,0.1,0.1,0.1,11,11,0.39,0.39,4.88,4.88,0.1,0.1,0.1,0.1,0.36,0.36,0.01,0.01,FIRM
D,TRADING,PRICE,3,"2025/05/26 14:10:00",1,TAS1,170,11.25,0,0,"2025/05/26 14:05:07",11.25,0.38,0.38,0.38,0.38,0.1,0.1,8.8,8.8,0.38,0.38,1.33,1.33,0,0,2.55,2.55,0.36,0.36,0.01,0.01,FIRM
D,TRADING,PRICE,3,"2025/05/26 14:10:00",1,VIC1,170,-42.93,0,0,"2025/05/26 14:05:07",-42.93,0.1,0.1,0.1,0.1,0.1,0.1,11,11,0.39,0.39,4.88,4.88,0.1,0.1,0.1,0.1,0.36,0.36,0.01,0.01,FIRM
C,"END OF REPORT",15
