C,NEMP.WORLD,TRADINGIS,AEMO,PUBLIC,2025/05/29,03:50:11,0000000465334635,TRADINGIS,0000000465334634
I,TRADING,INTERCONNECTORRES,2,SETTLEMENTDATE,RUNNO,INTERCONNECTORID,PERIODID,METEREDMWFLOW,MWFLOW,MWLOSSES,LASTCHANGED
D,TRADING,INTERCONNECTORRES,2,"2025/05/29 03:55:00",1,N-Q-MNSP1,47,-17.5,-17,0.07,"2025/05/29 03:50:03"
D,TRADING,INTERCONNECTORRES,2,"2025/05/29 03:55:00",1,NSW1-QLD1,47,-385.2,-357.38,12.14,"2025/05/29 03:50:03"
D,TRADING,INTERCONNECTORRES,2,"2025/05/29 03:55:00",1,T-V-MNSP1,47,-420,-438,21.66,"2025/05/29 03:50:03"
D,TRADING,INTERCONNECTORRES,2,"2025/05/29 03:55:00",1,V-S-MNSP1,47,63,63,0.15,"2025/05/29 03:50:03"
D,TRADING,INTERCONNECTORRES,2,"2025/05/29 03:55:00",1,V-SA,47,312.68,314.08,15.4,"2025/05/29 03:50:03"
D,TRADING,INTERCONNECTORRES,2,"2025/05/29 03:55:00",1,VIC1-NSW1,47,393.56,393.99,24.33,"2025/05/29 03:50:03"
I,TRADING,PRICE,3,SETTLEMENTDATE,RUNNO,REGIONID,PERIODID,RRP,EEP,INVALIDFLAG,LASTCHANGED,ROP,RAISE6SECRRP,RAISE6SECROP,RAISE60SECRRP,RAISE60SECROP,RAISE5MINRRP,RAISE5MINROP,RAISEREGRRP,RAISEREGROP,LOWER6SECRRP,LOWER6SECROP,LOWER60SECRRP,LOWER60SECROP,LOWER5MINRRP,LOWER5MINROP,LOWERREGRRP,LOWERREGROP,RAISE1SECRRP,RAISE1SECROP,LOWER1SECRRP,LOWER1SECROP,PRICE_STATUS
D,TRADING,PRICE,3,"2025/05/29 03:55:00",1,SA1,47,66.4,0,0,"2025/05/29 03:50:03",66.4,0.37,0.37,0.1,0.1,0.1,0.1,14.89,14.89,0.38,0.38,0.39,0.39,0.1,0.1,0.1,0.1,0.38,0.38,0,0,FIRM
D,TRADING,PRICE,3,"2025/05/29 03:55:00",1,NSW1,47,67.26,0,0,"2025/05/29 03:50:03",67.26,0.37,0.37,0.1,0.1,0.1,0.1,14.89,14.89,0.38,0.38,0.39,0.39,0.1,0.1,0.1,0.1,0.38,0.38,0,0,FIRM
D,TRADING,PRICE,3,"2025/05/29 03:55:00",1,QLD1,47,62.73,0,0,"2025/05/29 03:50:03",62.73,0.37,0.37,0.1,0.1,0.1,0.1,14.89,14.89,0.38,0.38,0.39,0.39,0.1,0.1,0.1,0.1,0.38,0.38,0,0,FIRM
D,TRADING,PRICE,3,"2025/05/29 03:55:00",1,TAS1,47,100.24,0,0,"2025/05/29 03:50:03",100.24,0.38,0.38,0.38,0.38,0.38,0.38,8.4,8.4,0.38,0.38,0.38,0.38,0,0,2.48,2.48,0.38,0.38,0,0,FIRM
D,TRADING,PRICE,3,"2025/05/29 03:55:00",1,VIC1,47,61.05,0,0,"2025/05/29 03:50:03",61.05,0.37,0.37,0.1,0.1,0.1,0.1,14.89,14.89,0.38,0.38,0.39,0.39,0.1,0.1,0.1,0.1,0.38,0.38,0,0,FIRM
C,"END OF REPORT",15
