C,NEMP.WORLD,TRADINGIS,AEMO,PUBLIC,2025/05/28,04:25:11,0000000465194716,TRADINGIS,0000000465194715
I,TRADING,INTERCONNECTORRES,2,SETTLEMENTDATE,RUNNO,INTERCONNECTORID,PERIODID,METEREDMWFLOW,MWFLOW,MWLOSSES,LASTCHANGED
D,TRADING,INTERCONNECTORRES,2,"2025/05/28 04:30:00",1,N-Q-MNSP1,54,-0.2,0,0,"2025/05/28 04:25:03"
D,TRADING,INTERCONNECTORRES,2,"2025/05/28 04:30:00",1,NSW1-QLD1,54,114.5,141.77,1.96,"2025/05/28 04:25:03"
D,TRADING,INTERCONNECTORRES,2,"2025/05/28 04:30:00",1,T-V-MNSP1,54,-404.7,-430.63,20.96,"2025/05/28 04:25:03"
D,TRADING,INTERCONNECTORRES,2,"2025/05/28 04:30:00",1,V-S-MNSP1,54,166,166.04,21.03,"2025/05/28 04:25:03"
D,TRADING,INTERCONNECTORRES,2,"2025/05/28 04:30:00",1,V-SA,54,568.57,566.14,44.49,"2025/05/28 04:25:03"
D,TRADING,INTERCONNECTORRES,2,"2025/05/28 04:30:00",1,VIC1-NSW1,54,660.97,669.83,56.84,"2025/05/28 04:25:03"
I,TRADING,PRICE,3,SETTLEMENTDATE,RUNNO,REGIONID,PERIODID,RRP,EEP,INVALIDFLAG,LASTCHANGED,ROP,RAISE6SECRRP,RAISE6SECROP,RAISE60SECRRP,RAISE60SECROP,RAISE5MINRRP,RAISE5MINROP,RAISEREGRRP,RAISEREGROP,LOWER6SECRRP,LOWER6SECROP,LOWER60SECRRP,LOWER60SECROP,LOWER5MINRRP,LOWER5MINROP,LOWERREGRRP,LOWERREGROP,RAISE1SECRRP,RAISE1SECROP,LOWER1SECRRP,LOWER1SECROP,PRICE_STATUS
D,TRADING,PRICE,3,"2025/05/28 04:30:00",1,SA1,54,83.44,0,0,"2025/05/28 04:25:03",83.44,0.38,0.38,0.36,0.36,0.32,0.32,2.64,2.64,0.1,0.1,0.38,0.38,0.1,0.1,1.48,1.48,0.1,0.1,0,0,FIRM
D,TRADING,PRICE,3,"2025/05/28 04:30:00",1,NSW1,54,73.73,0,0,"2025/05/28 04:25:03",73.73,0.38,0.38,0.36,0.36,0.32,0.32,2.64,2.64,0.1,0.1,0.38,0.38,0.1,0.1,1.48,1.48,0.1,0.1,0,0,FIRM
D,TRADING,PRICE,3,"2025/05/28 04:30:00",1,QLD1,54,75.63,0,0,"2025/05/28 04:25:03",75.63,0.38,0.38,0.36,0.36,0.32,0.32,2.64,2.64,0.1,0.1,0.38,0.38,0.1,0.1,1.48,1.48,0.1,0.1,0,0,FIRM
D,TRADING,PRICE,3,"2025/05/28 04:30:00",1,TAS1,54,35.1,0,0,"2025/05/28 04:25:03",35.1,0.38,0.38,0.38,0.38,0.32,0.32,7.4,7.4,0.1,0.1,0.38,0.38,0.1,0.1,2.48,2.48,0.1,0.1,0,0,FIRM
D,TRADING,PRICE,3,"2025/05/28 04:30:00",1,VIC1,54,21.37,0,0,"2025/05/28 04:25:03",21.37,0.38,0.38,0.36,0.36,0.32,0.32,2.64,2.64,0.1,0.1,0.38,0.38,0.1,0.1,1.48,1.48,0.1,0.1,0,0,FIRM
C,"END OF REPORT",15
