C,NEMP.WORLD,TRADINGIS,AEMO,PUBLIC,2025/05/27,07:35:10,0000000465064006,TRADINGIS,0000000465064005
I,TRADING,INTERCONNECTORRES,2,SETTLEMENTDATE,RUNNO,INTERCONNECTORID,PERIODID,METEREDMWFLOW,MWFLOW,MWLOSSES,LASTCHANGED
D,TRADING,INTERCONNECTORRES,2,"2025/05/27 07:40:00",1,N-Q-MNSP1,92,-7.7,-9,-0.16,"2025/05/27 07:35:03"
D,TRADING,INTERCONNECTORRES,2,"2025/05/27 07:40:00",1,NSW1-QLD1,92,-210.5,-212.63,-2.65,"2025/05/27 07:35:03"
D,TRADING,INTERCONNECTORRES,2,"2025/05/27 07:40:00",1,T-V-MNSP1,92,-448.7,-446.78,22.5,"2025/05/27 07:35:03"
D,TRADING,INTERCONNECTORRES,2,"2025/05/27 07:40:00",1,V-S-MNSP1,92,-107,-103.99,20.71,"2025/05/27 07:35:03"
D,TRADING,INTERCONNECTORRES,2,"2025/05/27 07:40:00",1,V-SA,92,31.38,15.01,0.03,"2025/05/27 07:35:03"
D,TRADING,INTERCONNECTORRES,2,"2025/05/27 07:40:00",1,VIC1-NSW1,92,587.51,556.99,32.01,"2025/05/27 07:35:03"
I,TRADING,PRICE,3,SETTLEMENTDATE,RUNNO,REGIONID,PERIODID,RRP,EEP,INVALIDFLAG,LASTCHANGED,ROP,RAISE6SECRRP,RAISE6SECROP,RAISE60SECRRP,RAISE60SECROP,RAISE5MINRRP,RAISE5MINROP,RAISEREGRRP,RAISEREGROP,LOWER6SECRRP,LOWER6SECROP,LOWER60SECRRP,LOWER60SECROP,LOWER5MINRRP,LOWER5MINROP,LOWERREGRRP,LOWERREGROP,RAISE1SECRRP,RAISE1SECROP,LOWER1SECRRP,LOWER1SECROP,PRICE_STATUS
D,TRADING,PRICE,3,"2025/05/27 07:40:00",1,SA1,92,65.54,0,0,"2025/05/27 07:35:03",65.54,0.1,0.1,0.01,0.01,0.04,0.04,9.25,9.25,0.01,0.01,0.1,0.1,0.04,0.04,3.27,3.27,0.1,0.1,0,0,FIRM
D,TRADING,PRICE,3,"2025/05/27 07:40:00",1,NSW1,92,72.47,0,0,"2025/05/27 07:35:03",72.47,0.1,0.1,0.01,0.01,0.04,0.04,9.25,9.25,0.01,0.01,0.1,0.1,0.04,0.04,3.27,3.27,0.1,0.1,0,0,FIRM
D,TRADING,PRICE,3,"2025/05/27 07:40:00",1,QLD1,92,75.63,0,0,"2025/05/27 07:35:03",75.63,1.8,1.8,1.84,1.84,0.04,0.04,9.25,9.25,0.01,0.01,0.1,0.1,0.04,0.04,3.27,3.27,0.1,0.1,0,0,FIRM
D,TRADING,PRICE,3,"2025/05/27 07:40:00",1,TAS1,92,74.62,0,0,"2025/05/27 07:35:03",74.62,0.38,0.38,0.38,0.38,0.04,0.04,8.4,8.4,0.01,0.01,0.1,0.1,0,0,3.48,3.48,0.1,0.1,0,0,FIRM
D,TRADING,PRICE,3,"2025/05/27 07:40:00",1,VIC1,92,65.41,0,0,"2025/05/27 07:35:03",65.41,0.1,0.1,0.01,0.01,0.04,0.04,9.25,9.25,0.01,0.01,0.1,0.1,0.04,0.04,3.27,3.27,0.1,0.1,0,0,FIRM
C,"END OF REPORT",15
