C,NEMP.WORLD,TRADINGIS,AEMO,PUBLIC,2025/05/27,13:05:11,0000000465100093,TRADINGIS,0000000465100092
I,TRADING,INTERCONNECTORRES,2,SETTLEMENTDATE,RUNNO,INTERCONNECTORID,PERIODID,METEREDMWFLOW,MWFLOW,MWLOSSES,LASTCHANGED
D,TRADING,INTERCONNECTORRES,2,"2025/05/27 13:10:00",1,N-Q-MNSP1,158,-4.7,-9,-0.16,"2025/05/27 13:05:04"
D,TRADING,INTERCONNECTORRES,2,"2025/05/27 13:10:00",1,NSW1-QLD1,158,-146.4,-30.99,-0.12,"2025/05/27 13:05:04"
D,TRADING,INTERCONNECTORRES,2,"2025/05/27 13:10:00",1,T-V-MNSP1,158,-331.5,-236.92,6.77,"2025/05/27 13:05:04"
D,TRADING,INTERCONNECTORRES,2,"2025/05/27 13:10:00",1,V-S-MNSP1,158,168,167.66,21.56,"2025/05/27 13:05:04"
D,TRADING,INTERCONNECTORRES,2,"2025/05/27 13:10:00",1,V-SA,158,89.65,41.5,-1.28,"2025/05/27 13:05:04"
D,TRADING,INTERCONNECTORRES,2,"2025/05/27 13:10:00",1,VIC1-NSW1,158,-297.16,23.55,1.52,"2025/05/27 13:05:04"
I,TRADING,PRICE,3,SETTLEMENTDATE,RUNNO,REGIONID,PERIODID,RRP,EEP,INVALIDFLAG,LASTCHANGED,ROP,RAISE6SECRRP,RAISE6SECROP,RAISE60SECRRP,RAISE60SECROP,RAISE5MINRRP,RAISE5MINROP,RAISEREGRRP,RAISEREGROP,LOWER6SECRRP,LOWER6SECROP,LOWER60SECRRP,LOWER60SECROP,LOWER5MINRRP,LOWER5MINROP,LOWERREGRRP,LOWERREGROP,RAISE1SECRRP,RAISE1SECROP,LOWER1SECRRP,LOWER1SECROP,PRICE_STATUS
D,TRADING,PRICE,3,"2025/05/27 13:10:00",1,SA1,158,-52.82,0,0,"2025/05/27 13:05:04",-52.82,0.1,0.1,0.1,0.1,0.1,0.1,5.99,5.99,0.38,0.38,1.37,1.37,0.38,0.38,3.7,3.7,0.3,0.3,0,0,FIRM
D,TRADING,PRICE,3,"2025/05/27 13:10:00",1,NSW1,158,35.88,0,0,"2025/05/27 13:05:04",35.88,0.1,0.1,0.1,0.1,0.1,0.1,5.99,5.99,0.38,0.38,1.37,1.37,0.38,0.38,3.7,3.7,0.3,0.3,0,0,FIRM
D,TRADING,PRICE,3,"2025/05/27 13:10:00",1,QLD1,158,35.9,0,0,"2025/05/27 13:05:04",35.9,0.1,0.1,0.1,0.1,0.1,0.1,5.99,5.99,0.38,0.38,1.37,1.37,0.38,0.38,3.7,3.7,0.3,0.3,0,0,FIRM
D,TRADING,PRICE,3,"2025/05/27 13:10:00",1,TAS1,158,75.28,0,0,"2025/05/27 13:05:04",75.28,0.36,0.36,0.36,0.36,0.1,0.1,8.4,8.4,0.38,0.38,1.37,1.37,0.38,0.38,1.48,1.48,0.3,0.3,0,0,FIRM
D,TRADING,PRICE,3,"2025/05/27 13:10:00",1,VIC1,158,72.5,0,0,"2025/05/27 13:05:04",72.5,0.1,0.1,0.1,0.1,0.1,0.1,5.99,5.99,0.38,0.38,1.37,1.37,0.38,0.38,3.7,3.7,0.3,0.3,0,0,FIRM
C,"END OF REPORT",15
