C,NEMP.WORLD,TRADINGIS,AEMO,PUBLIC,2025/05/28,19:40:11,0000000465288057,TRADINGIS,0000000465288056
I,TRADING,INTERCONNECTORRES,2,SETTLEMENTDATE,RUNNO,INTERCONNECTORID,PERIODID,METEREDMWFLOW,MWFLOW,MWLOSSES,LASTCHANGED
D,TRADING,INTERCONNECTORRES,2,"2025/05/28 19:45:00",1,N-Q-MNSP1,237,-31.3,-33,1.59,"2025/05/28 19:40:03"
D,TRADING,INTERCONNECTORRES,2,"2025/05/28 19:45:00",1,NSW1-QLD1,237,-1054.7,-1104.96,47.15,"2025/05/28 19:40:03"
D,TRADING,INTERCONNECTORRES,2,"2025/05/28 19:45:00",1,T-V-MNSP1,237,103.1,104.13,0.72,"2025/05/28 19:40:03"
D,TRADING,INTERCONNECTORRES,2,"2025/05/28 19:45:00",1,V-S-MNSP1,237,54,54,-0.46,"2025/05/28 19:40:03"
D,TRADING,INTERCONNECTORRES,2,"2025/05/28 19:45:00",1,V-SA,237,192.37,221,7.59,"2025/05/28 19:40:03"
D,TRADING,INTERCONNECTORRES,2,"2025/05/28 19:45:00",1,VIC1-NSW1,237,137.17,111.58,1.24,"2025/05/28 19:40:03"
I,TRADING,PRICE,3,SETTLEMENTDATE,RUNNO,REGIONID,PERIODID,RRP,EEP,INVALIDFLAG,LASTCHANGED,ROP,RAISE6SECRRP,RAISE6SECROP,RAISE60SECRRP,RAISE60SECROP,RAISE5MINRRP,RAISE5MINROP,RAISEREGRRP,RAISEREGROP,LOWER6SECRRP,LOWER6SECROP,LOWER60SECRRP,LOWER60SECROP,LOWER5MINRRP,LOWER5MINROP,LOWERREGRRP,LOWERREGROP,RAISE1SECRRP,RAISE1SECROP,LOWER1SECRRP,LOWER1SECROP,PRICE_STATUS
D,TRADING,PRICE,3,"2025/05/28 19:45:00",1,SA1,237,138.04,0,0,"2025/05/28 19:40:03",138.04,0.39,0.39,0.23,0.23,0.23,0.23,7.84,7.84,0.1,0.1,0.38,0.38,0.2,0.2,0.72,0.72,0.37,0.37,0,0,FIRM
D,TRADING,PRICE,3,"2025/05/28 19:45:00",1,NSW1,237,133.17,0,0,"2025/05/28 19:40:03",133.17,0.39,0.39,0.23,0.23,0.23,0.23,7.84,7.84,0.1,0.1,0.38,0.38,0.2,0.2,0.72,0.72,0.37,0.37,0,0,FIRM
D,TRADING,PRICE,3,"2025/05/28 19:45:00",1,QLD1,237,115.61,0,0,"2025/05/28 19:40:03",115.61,0.39,0.39,0.23,0.23,0.23,0.23,7.84,7.84,0.1,0.1,0.38,0.38,0.2,0.2,0.72,0.72,0.37,0.37,0,0,FIRM
D,TRADING,PRICE,3,"2025/05/28 19:45:00",1,TAS1,237,125.3,0,0,"2025/05/28 19:40:03",125.3,0.39,0.39,0.38,0.38,0.36,0.36,9.4,9.4,0.1,0.1,0.38,0.38,0.2,0.2,3.48,3.48,0.37,0.37,0,0,FIRM
D,TRADING,PRICE,3,"2025/05/28 19:45:00",1,VIC1,237,130.33,0,0,"2025/05/28 19:40:03",130.33,0.39,0.39,0.23,0.23,0.23,0.23,7.84,7.84,0.1,0.1,0.38,0.38,0.2,0.2,0.72,0.72,0.37,0.37,0,0,FIRM
C,"END OF REPORT",15
