C,NEMP.WORLD,TRADINGIS,AEMO,PUBLIC,2025/05/29,18:00:11,0000000465421181,TRADINGIS,0000000465421180
I,TRADING,INTERCONNECTORRES,2,SETTLEMENTDATE,RUNNO,INTERCONNECTORID,PERIODID,METEREDMWFLOW,MWFLOW,MWLOSSES,LASTCHANGED
D,TRADING,INTERCONNECTORRES,2,"2025/05/29 18:05:00",1,N-Q-MNSP1,217,-9.1,-17,0.07,"2025/05/29 18:00:03"
D,TRADING,INTERCONNECTORRES,2,"2025/05/29 18:05:00",1,NSW1-QLD1,217,-487.2,-587.89,-9.63,"2025/05/29 18:00:03"
D,TRADING,INTERCONNECTORRES,2,"2025/05/29 18:05:00",1,T-V-MNSP1,217,448.7,464.26,20.58,"2025/05/29 18:00:03"
D,TRADING,INTERCONNECTORRES,2,"2025/05/29 18:05:00",1,V-S-MNSP1,217,27,36,-1.09,"2025/05/29 18:00:03"
D,TRADING,INTERCONNECTORRES,2,"2025/05/29 18:05:00",1,V-SA,217,-25.06,41.65,0.19,"2025/05/29 18:00:03"
D,TRADING,INTERCONNECTORRES,2,"2025/05/29 18:05:00",1,VIC1-NSW1,217,402.97,279.44,8.91,"2025/05/29 18:00:03"
I,TRADING,PRICE,3,SETTLEMENTDATE,RUNNO,REGIONID,PERIODID,RRP,EEP,INVALIDFLAG,LASTCHANGED,ROP,RAISE6SECRRP,RAISE6SECROP,RAISE60SECRRP,RAISE60SECROP,RAISE5MINRRP,RAISE5MINROP,RAISEREGRRP,RAISEREGROP,LOWER6SECRRP,LOWER6SECROP,LOWER60SECRRP,LOWER60SECROP,LOWER5MINRRP,LOWER5MINROP,LOWERREGRRP,LOWERREGROP,RAISE1SECRRP,RAISE1SECROP,LOWER1SECRRP,LOWER1SECROP,PRICE_STATUS
D,TRADING,PRICE,3,"2025/05/29 18:05:00",1,SA1,217,213.64,0,0,"2025/05/29 18:00:03",213.64,0.39,0.39,0.36,0.36,0.23,0.23,5.99,5.99,0.14,0.14,0.38,0.38,0.38,0.38,6,6,0.04,0.04,0,0,FIRM
D,TRADING,PRICE,3,"2025/05/29 18:05:00",1,NSW1,217,286.77,0,0,"2025/05/29 18:00:03",286.77,0.39,0.39,0.36,0.36,0.23,0.23,5.99,5.99,0.14,0.14,0.38,0.38,0.38,0.38,6,6,0.04,0.04,0,0,FIRM
D,TRADING,PRICE,3,"2025/05/29 18:05:00",1,QLD1,217,277,0,0,"2025/05/29 18:00:03",277,0.39,0.39,0.36,0.36,0.23,0.23,5.99,5.99,0.14,0.14,0.38,0.38,0.38,0.38,6,6,0.04,0.04,0,0,FIRM
D,TRADING,PRICE,3,"2025/05/29 18:05:00",1,TAS1,217,189.27,0,0,"2025/05/29 18:00:03",189.27,0.39,0.39,0.36,0.36,0.23,0.23,34.73,34.73,0.38,0.38,0.38,0.38,0.38,0.38,2.46,2.46,0.04,0.04,0,0,FIRM
D,TRADING,PRICE,3,"2025/05/29 18:05:00",1,VIC1,217,211.65,0,0,"2025/05/29 18:00:03",211.65,0.39,0.39,0.36,0.36,0.23,0.23,5.99,5.99,0.14,0.14,0.38,0.38,0.38,0.38,6,6,0.04,0.04,0,0,FIRM
C,"END OF REPORT",15
