C,NEMP.WORLD,TRADINGIS,AEMO,PUBLIC,2025/05/28,06:30:11,0000000465206725,TRADINGIS,0000000465206724
I,TRADING,INTERCONNECTORRES,2,SETTLEMENTDATE,RUNNO,INTERCONNECTORID,PERIODID,METEREDMWFLOW,MWFLOW,MWLOSSES,LASTCHANGED
D,TRADING,INTERCONNECTORRES,2,"2025/05/28 06:35:00",1,N-Q-MNSP1,79,-0.1,9,0.6,"2025/05/28 06:30:03"
D,TRADING,INTERCONNECTORRES,2,"2025/05/28 06:35:00",1,NSW1-QLD1,79,237.7,86.8,3.56,"2025/05/28 06:30:03"
D,TRADING,INTERCONNECTORRES,2,"2025/05/28 06:35:00",1,T-V-MNSP1,79,-372.4,-438.98,21.75,"2025/05/28 06:30:03"
D,TRADING,INTERCONNECTORRES,2,"2025/05/28 06:35:00",1,V-S-MNSP1,79,128,164.94,20.67,"2025/05/28 06:30:03"
D,TRADING,INTERCONNECTORRES,2,"2025/05/28 06:35:00",1,V-SA,79,595.7,572.98,38.14,"2025/05/28 06:30:03"
D,TRADING,INTERCONNECTORRES,2,"2025/05/28 06:35:00",1,VIC1-NSW1,79,449.19,406.11,24.46,"2025/05/28 06:30:03"
I,TRADING,PRICE,3,SETTLEMENTDATE,RUNNO,REGIONID,PERIODID,RRP,EEP,INVALIDFLAG,LASTCHANGED,ROP,RAISE6SECRRP,RAISE6SECROP,RAISE60SECRRP,RAISE60SECROP,RAISE5MINRRP,RAISE5MINROP,RAISEREGRRP,RAISEREGROP,LOWER6SECRRP,LOWER6SECROP,LOWER60SECRRP,LOWER60SECROP,LOWER5MINRRP,LOWER5MINROP,LOWERREGRRP,LOWERREGROP,RAISE1SECRRP,RAISE1SECROP,LOWER1SECRRP,LOWER1SECROP,PRICE_STATUS
D,TRADING,PRICE,3,"2025/05/28 06:35:00",1,SA1,79,87.26,0,0,"2025/05/28 06:30:03",87.26,0.38,0.38,0.38,0.38,0.32,0.32,11.68,11.68,0.38,0.38,0.45,0.45,0.39,0.39,3.49,3.49,0.89,0.89,0,0,FIRM
D,TRADING,PRICE,3,"2025/05/28 06:35:00",1,NSW1,79,76.58,0,0,"2025/05/28 06:30:03",76.58,0.38,0.38,0.38,0.38,0.32,0.32,11.68,11.68,0.38,0.38,0.45,0.45,0.39,0.39,3.49,3.49,0.89,0.89,0,0,FIRM
D,TRADING,PRICE,3,"2025/05/28 06:35:00",1,QLD1,79,115.63,0,0,"2025/05/28 06:30:03",115.63,0.38,0.38,0.38,0.38,0.32,0.32,11.68,11.68,0.38,0.38,0.45,0.45,0.39,0.39,3.49,3.49,0.89,0.89,0,0,FIRM
D,TRADING,PRICE,3,"2025/05/28 06:35:00",1,TAS1,79,75.1,0,0,"2025/05/28 06:30:03",75.1,0.38,0.38,0.38,0.38,0.36,0.36,7.4,7.4,0.38,0.38,0.38,0.38,0,0,2.48,2.48,0.89,0.89,0,0,FIRM
D,TRADING,PRICE,3,"2025/05/28 06:35:00",1,VIC1,79,64,0,0,"2025/05/28 06:30:03",64,0.38,0.38,0.38,0.38,0.32,0.32,11.68,11.68,0.38,0.38,0.45,0.45,0.39,0.39,3.49,3.49,0.89,0.89,0,0,FIRM
C,"END OF REPORT",15
