C,NEMP.WORLD,TRADINGIS,AEMO,PUBLIC,2025/05/27,22:15:10,0000000465158467,TRADINGIS,0000000465158466
I,TRADING,INTERCONNECTORRES,2,SETTLEMENTDATE,RUNNO,INTERCONNECTORID,PERIODID,METEREDMWFLOW,MWFLOW,MWLOSSES,LASTCHANGED
D,TRADING,INTERCONNECTORRES,2,"2025/05/27 22:20:00",1,N-Q-MNSP1,268,9.4,9,0.6,"2025/05/27 22:15:03"
D,TRADING,INTERCONNECTORRES,2,"2025/05/27 22:20:00",1,NSW1-QLD1,268,450.1,448.63,32.65,"2025/05/27 22:15:03"
D,TRADING,INTERCONNECTORRES,2,"2025/05/27 22:20:00",1,T-V-MNSP1,268,-462.7,-471.88,25,"2025/05/27 22:15:03"
D,TRADING,INTERCONNECTORRES,2,"2025/05/27 22:20:00",1,V-S-MNSP1,268,172,172.78,23.28,"2025/05/27 22:15:03"
D,TRADING,INTERCONNECTORRES,2,"2025/05/27 22:20:00",1,V-SA,268,581.8,569.32,42.25,"2025/05/27 22:15:03"
D,TRADING,INTERCONNECTORRES,2,"2025/05/27 22:20:00",1,VIC1-NSW1,268,235.29,229.93,8.29,"2025/05/27 22:15:03"
I,TRADING,PRICE,3,SETTLEMENTDATE,RUNNO,REGIONID,PERIODID,RRP,EEP,INVALIDFLAG,LASTCHANGED,ROP,RAISE6SECRRP,RAISE6SECROP,RAISE60SECRRP,RAISE60SECROP,RAISE5MINRRP,RAISE5MINROP,RAISEREGRRP,RAISEREGROP,LOWER6SECRRP,LOWER6SECROP,LOWER60SECRRP,LOWER60SECROP,LOWER5MINRRP,LOWER5MINROP,LOWERREGRRP,LOWERREGROP,RAISE1SECRRP,RAISE1SECROP,LOWER1SECRRP,LOWER1SECROP,PRICE_STATUS
D,TRADING,PRICE,3,"2025/05/27 22:20:00",1,SA1,268,91.44,0,0,"2025/05/27 22:15:03",91.44,0.1,0.1,0.04,0.04,0.09,0.09,5.99,5.99,0.01,0.01,0.38,0.38,0.01,0.01,15,15,0.3,0.3,0,0,FIRM
D,TRADING,PRICE,3,"2025/05/27 22:20:00",1,NSW1,268,67.47,0,0,"2025/05/27 22:15:03",67.47,0.1,0.1,0.04,0.04,0.09,0.09,5.99,5.99,0.01,0.01,0.38,0.38,0.01,0.01,15,15,0.3,0.3,0,0,FIRM
D,TRADING,PRICE,3,"2025/05/27 22:20:00",1,QLD1,268,75.33,0,0,"2025/05/27 22:15:03",75.33,0.1,0.1,0.04,0.04,0.09,0.09,5.99,5.99,0.01,0.01,0.38,0.38,0.01,0.01,15,15,0.3,0.3,0,0,FIRM
D,TRADING,PRICE,3,"2025/05/27 22:20:00",1,TAS1,268,85.39,0,0,"2025/05/27 22:15:03",85.39,0.38,0.38,0.38,0.38,0.36,0.36,8.4,8.4,0.01,0.01,0.38,0.38,0,0,2.48,2.48,0.3,0.3,0,0,FIRM
D,TRADING,PRICE,3,"2025/05/27 22:20:00",1,VIC1,268,64,0,0,"2025/05/27 22:15:03",64,0.1,0.1,0.04,0.04,0.09,0.09,5.99,5.99,0.01,0.01,0.38,0.38,0.01,0.01,15,15,0.3,0.3,0,0,FIRM
C,"END OF REPORT",15
