C,NEMP.WORLD,TRADINGIS,AEMO,PUBLIC,2025/05/29,03:05:10,0000000465330439,TRADINGIS,0000000465330438
I,TRADING,INTERCONNECTORRES,2,SETTLEMENTDATE,RUNNO,INTERCONNECTORID,PERIODID,METEREDMWFLOW,MWFLOW,MWLOSSES,LASTCHANGED
D,TRADING,INTERCONNECTORRES,2,"2025/05/29 03:10:00",1,N-Q-MNSP1,38,-16.8,-25,0.65,"2025/05/29 03:05:03"
D,TRADING,INTERCONNECTORRES,2,"2025/05/29 03:10:00",1,NSW1-QLD1,38,-386.7,-392.12,14.91,"2025/05/29 03:05:03"
D,TRADING,INTERCONNECTORRES,2,"2025/05/29 03:10:00",1,T-V-MNSP1,38,-417.5,-438,21.66,"2025/05/29 03:05:03"
D,TRADING,INTERCONNECTORRES,2,"2025/05/29 03:10:00",1,V-S-MNSP1,38,70,63,0.15,"2025/05/29 03:05:03"
D,TRADING,INTERCONNECTORRES,2,"2025/05/29 03:10:00",1,V-SA,38,294.6,296.12,13.99,"2025/05/29 03:05:03"
D,TRADING,INTERCONNECTORRES,2,"2025/05/29 03:10:00",1,VIC1-NSW1,38,454.21,418.14,26.48,"2025/05/29 03:05:03"
I,TRADING,PRICE,3,SETTLEMENTDATE,RUNNO,REGIONID,PERIODID,RRP,EEP,INVALIDFLAG,LASTCHANGED,ROP,RAISE6SECRRP,RAISE6SECROP,RAISE60SECRRP,RAISE60SECROP,RAISE5MINRRP,RAISE5MINROP,RAISEREGRRP,RAISEREGROP,LOWER6SECRRP,LOWER6SECROP,LOWER60SECRRP,LOWER60SECROP,LOWER5MINRRP,LOWER5MINROP,LOWERREGRRP,LOWERREGROP,RAISE1SECRRP,RAISE1SECROP,LOWER1SECRRP,LOWER1SECROP,PRICE_STATUS
D,TRADING,PRICE,3,"2025/05/29 03:10:00",1,SA1,38,75.37,0,0,"2025/05/29 03:05:03",75.37,0.37,0.37,0.1,0.1,0.1,0.1,5.99,5.99,0.38,0.38,0.39,0.39,0.2,0.2,0.2,0.2,0.81,0.81,0,0,FIRM
D,TRADING,PRICE,3,"2025/05/29 03:10:00",1,NSW1,38,76.58,0,0,"2025/05/29 03:05:03",76.58,0.37,0.37,0.1,0.1,0.1,0.1,5.99,5.99,0.38,0.38,0.39,0.39,0.2,0.2,0.2,0.2,0.81,0.81,0,0,FIRM
D,TRADING,PRICE,3,"2025/05/29 03:10:00",1,QLD1,38,70.92,0,0,"2025/05/29 03:05:03",70.92,0.37,0.37,0.1,0.1,0.1,0.1,5.99,5.99,0.38,0.38,0.39,0.39,0.2,0.2,0.2,0.2,0.81,0.81,0,0,FIRM
D,TRADING,PRICE,3,"2025/05/29 03:10:00",1,TAS1,38,100.24,0,0,"2025/05/29 03:05:03",100.24,0.38,0.38,0.38,0.38,0.38,0.38,8.4,8.4,0.38,0.38,0.39,0.39,0,0,2.48,2.48,0.81,0.81,0,0,FIRM
D,TRADING,PRICE,3,"2025/05/29 03:10:00",1,VIC1,38,69.54,0,0,"2025/05/29 03:05:03",69.54,0.37,0.37,0.1,0.1,0.1,0.1,5.99,5.99,0.38,0.38,0.39,0.39,0.2,0.2,0.2,0.2,0.81,0.81,0,0,FIRM
C,"END OF REPORT",15
