C,NEMP.WORLD,TRADINGIS,AEMO,PUBLIC,2025/05/26,20:05:10,0000000464994742,TRADINGIS,0000000464994741
I,TRADING,INTERCONNECTORRES,2,SETTLEMENTDATE,RUNNO,INTERCONNECTORID,PERIODID,METEREDMWFLOW,MWFLOW,MWLOSSES,LASTCHANGED
D,TRADING,INTERCONNECTORRES,2,"2025/05/26 20:10:00",1,N-Q-MNSP1,242,9.5,9,0.6,"2025/05/26 20:05:03"
D,TRADING,INTERCONNECTORRES,2,"2025/05/26 20:10:00",1,NSW1-QLD1,242,201.5,198.49,13.81,"2025/05/26 20:05:03"
D,TRADING,INTERCONNECTORRES,2,"2025/05/26 20:10:00",1,T-V-MNSP1,242,-470.6,-451.05,22.92,"2025/05/26 20:05:03"
D,TRADING,INTERCONNECTORRES,2,"2025/05/26 20:10:00",1,V-S-MNSP1,242,177,177.27,24.85,"2025/05/26 20:05:03"
D,TRADING,INTERCONNECTORRES,2,"2025/05/26 20:10:00",1,V-SA,242,220.03,194.31,9.71,"2025/05/26 20:05:03"
D,TRADING,INTERCONNECTORRES,2,"2025/05/26 20:10:00",1,VIC1-NSW1,242,905.52,989.49,73.61,"2025/05/26 20:05:03"
I,TRADING,PRICE,3,SETTLEMENTDATE,RUNNO,REGIONID,PERIODID,RRP,EEP,INVALIDFLAG,LASTCHANGED,ROP,RAISE6SECRRP,RAISE6SECROP,RAISE60SECRRP,RAISE60SECROP,RAISE5MINRRP,RAISE5MINROP,RAISEREGRRP,RAISEREGROP,LOWER6SECRRP,LOWER6SECROP,LOWER60SECRRP,LOWER60SECROP,LOWER5MINRRP,LOWER5MINROP,LOWERREGRRP,LOWERREGROP,RAISE1SECRRP,RAISE1SECROP,LOWER1SECRRP,LOWER1SECROP,PRICE_STATUS
D,TRADING,PRICE,3,"2025/05/26 20:10:00",1,SA1,242,-21,0,0,"2025/05/26 20:05:03",-21,0.38,0.38,0.38,0.38,0.39,0.39,3.49,3.49,0.1,0.1,0.38,0.38,0.1,0.1,2.08,2.08,0.37,0.37,0,0,FIRM
D,TRADING,PRICE,3,"2025/05/26 20:10:00",1,NSW1,242,65.01,0,0,"2025/05/26 20:05:03",65.01,0.38,0.38,0.38,0.38,0.39,0.39,3.49,3.49,0.1,0.1,0.38,0.38,0.1,0.1,2.08,2.08,0.37,0.37,0,0,FIRM
D,TRADING,PRICE,3,"2025/05/26 20:10:00",1,QLD1,242,70.95,0,0,"2025/05/26 20:05:03",70.95,0.38,0.38,0.38,0.38,0.39,0.39,3.49,3.49,0.1,0.1,0.38,0.38,0.1,0.1,2.08,2.08,0.37,0.37,0,0,FIRM
D,TRADING,PRICE,3,"2025/05/26 20:10:00",1,TAS1,242,35.24,0,0,"2025/05/26 20:05:03",35.24,0.38,0.38,0.38,0.38,0.39,0.39,8.8,8.8,0.1,0.1,0.38,0.38,0,0,2.55,2.55,0.37,0.37,0,0,FIRM
D,TRADING,PRICE,3,"2025/05/26 20:10:00",1,VIC1,242,19.01,0,0,"2025/05/26 20:05:03",19.01,0.38,0.38,0.38,0.38,0.39,0.39,3.49,3.49,0.1,0.1,0.38,0.38,0.1,0.1,2.08,2.08,0.37,0.37,0,0,FIRM
C,"END OF REPORT",15
