C,NEMP.WORLD,TRADINGIS,AEMO,PUBLIC,2025/05/29,07:30:10,0000000465355501,TRADINGIS,0000000465355500
I,TRADING,INTERCONNECTORRES,2,SETTLEMENTDATE,RUNNO,INTERCONNECTORID,PERIODID,METEREDMWFLOW,MWFLOW,MWLOSSES,LASTCHANGED
D,TRADING,INTERCONNECTORRES,2,"2025/05/29 07:35:00",1,N-Q-MNSP1,91,-16.1,-17,0.07,"2025/05/29 07:30:03"
D,TRADING,INTERCONNECTORRES,2,"2025/05/29 07:35:00",1,NSW1-QLD1,91,-460.3,-519.35,2.24,"2025/05/29 07:30:03"
D,TRADING,INTERCONNECTORRES,2,"2025/05/29 07:35:00",1,T-V-MNSP1,91,-279.6,-79.6,0.97,"2025/05/29 07:30:03"
D,TRADING,INTERCONNECTORRES,2,"2025/05/29 07:35:00",1,V-S-MNSP1,91,18,27,-1.11,"2025/05/29 07:30:03"
D,TRADING,INTERCONNECTORRES,2,"2025/05/29 07:35:00",1,V-SA,91,-113.67,4.98,-0.02,"2025/05/29 07:30:03"
D,TRADING,INTERCONNECTORRES,2,"2025/05/29 07:35:00",1,VIC1-NSW1,91,66.65,66.38,1.74,"2025/05/29 07:30:03"
I,TRADING,PRICE,3,SETTLEMENTDATE,RUNNO,REGIONID,PERIODID,RRP,EEP,INVALIDFLAG,LASTCHANGED,ROP,RAISE6SECRRP,RAISE6SECROP,RAISE60SECRRP,RAISE60SECROP,RAISE5MINRRP,RAISE5MINROP,RAISEREGRRP,RAISEREGROP,LOWER6SECRRP,LOWER6SECROP,LOWER60SECRRP,LOWER60SECROP,LOWER5MINRRP,LOWER5MINROP,LOWERREGRRP,LOWERREGROP,RAISE1SECRRP,RAISE1SECROP,LOWER1SECRRP,LOWER1SECROP,PRICE_STATUS
D,TRADING,PRICE,3,"2025/05/29 07:35:00",1,SA1,91,172.34,0,0,"2025/05/29 07:30:03",172.34,0.86,0.86,0.38,0.38,0.38,0.38,5.46,5.46,0,0,0.1,0.1,0.1,0.1,3.99,3.99,0.94,0.94,0,0,FIRM
D,TRADING,PRICE,3,"2025/05/29 07:35:00",1,NSW1,91,178.76,0,0,"2025/05/29 07:30:03",178.76,0.86,0.86,0.38,0.38,0.38,0.38,5.46,5.46,0,0,0.1,0.1,0.1,0.1,3.99,3.99,0.94,0.94,0,0,FIRM
D,TRADING,PRICE,3,"2025/05/29 07:35:00",1,QLD1,91,170.13,0,0,"2025/05/29 07:30:03",170.13,0.86,0.86,0.38,0.38,0.38,0.38,5.46,5.46,0,0,0.1,0.1,0.1,0.1,3.99,3.99,0.94,0.94,0,0,FIRM
D,TRADING,PRICE,3,"2025/05/29 07:35:00",1,TAS1,91,160.28,0,0,"2025/05/29 07:30:03",160.28,0.38,0.38,0.38,0.38,0,0,5.54,5.54,0.38,0.38,0.38,0.38,0.38,0.38,2.46,2.46,0.36,0.36,0,0,FIRM
D,TRADING,PRICE,3,"2025/05/29 07:35:00",1,VIC1,91,173.05,0,0,"2025/05/29 07:30:03",173.05,0.86,0.86,0.38,0.38,0.38,0.38,5.46,5.46,0,0,0.1,0.1,0.1,0.1,3.99,3.99,0.94,0.94,0,0,FIRM
C,"END OF REPORT",15
