C,NEMP.WORLD,TRADINGIS,AEMO,PUBLIC,2025/05/27,18:30:11,0000000465136227,TRADINGIS,0000000465136226
I,TRADING,INTERCONNECTORRES,2,SETTLEMENTDATE,RUNNO,INTERCONNECTORID,PERIODID,METEREDMWFLOW,MWFLOW,MWLOSSES,LASTCHANGED
D,TRADING,INTERCONNECTORRES,2,"2025/05/27 18:35:00",1,N-Q-MNSP1,223,-9.5,-9,-0.16,"2025/05/27 18:30:03"
D,TRADING,INTERCONNECTORRES,2,"2025/05/27 18:35:00",1,NSW1-QLD1,223,-456.5,-342.08,-13.77,"2025/05/27 18:30:03"
D,TRADING,INTERCONNECTORRES,2,"2025/05/27 18:35:00",1,T-V-MNSP1,223,-417.5,-345.6,13.77,"2025/05/27 18:30:03"
D,TRADING,INTERCONNECTORRES,2,"2025/05/27 18:35:00",1,V-S-MNSP1,223,45,45,-0.87,"2025/05/27 18:30:03"
D,TRADING,INTERCONNECTORRES,2,"2025/05/27 18:35:00",1,V-SA,223,111.54,130.83,2.17,"2025/05/27 18:30:03"
D,TRADING,INTERCONNECTORRES,2,"2025/05/27 18:35:00",1,VIC1-NSW1,223,-458.95,-310.99,7.15,"2025/05/27 18:30:03"
I,TRADING,PRICE,3,SETTLEMENTDATE,RUNNO,REGIONID,PERIODID,RRP,EEP,INVALIDFLAG,LASTCHANGED,ROP,RAISE6SECRRP,RAISE6SECROP,RAISE60SECRRP,RAISE60SECROP,RAISE5MINRRP,RAISE5MINROP,RAISEREGRRP,RAISEREGROP,LOWER6SECRRP,LOWER6SECROP,LOWER60SECRRP,LOWER60SECROP,LOWER5MINRRP,LOWER5MINROP,LOWERREGRRP,LOWERREGROP,RAISE1SECRRP,RAISE1SECROP,LOWER1SECRRP,LOWER1SECROP,PRICE_STATUS
D,TRADING,PRICE,3,"2025/05/27 18:35:00",1,SA1,223,130.63,0,0,"2025/05/27 18:30:03",130.63,0.39,0.39,0.38,0.38,0.15,0.15,0.15,0.15,0.1,0.1,0.38,0.38,0,0,0,0,0.81,0.81,0,0,FIRM
D,TRADING,PRICE,3,"2025/05/27 18:35:00",1,NSW1,223,120.89,0,0,"2025/05/27 18:30:03",120.89,0.39,0.39,0.38,0.38,0.15,0.15,0.15,0.15,0.1,0.1,0.38,0.38,0,0,0,0,0.81,0.81,0,0,FIRM
D,TRADING,PRICE,3,"2025/05/27 18:35:00",1,QLD1,223,122.1,0,0,"2025/05/27 18:30:03",122.1,0.39,0.39,0.38,0.38,0.15,0.15,0.15,0.15,0.1,0.1,0.38,0.38,0,0,0,0,0.81,0.81,0,0,FIRM
D,TRADING,PRICE,3,"2025/05/27 18:35:00",1,TAS1,223,134.23,0,0,"2025/05/27 18:30:03",134.23,0.39,0.39,0.38,0.38,0.15,0.15,7.4,7.4,0.1,0.1,0.38,0.38,0,0,4.48,4.48,0.81,0.81,0,0,FIRM
D,TRADING,PRICE,3,"2025/05/27 18:35:00",1,VIC1,223,126.68,0,0,"2025/05/27 18:30:03",126.68,0.39,0.39,0.38,0.38,0.15,0.15,0.15,0.15,0.1,0.1,0.38,0.38,0,0,0,0,0.81,0.81,0,0,FIRM
C,"END OF REPORT",15
