C,NEMP.WORLD,TRADINGIS,AEMO,PUBLIC,2025/05/28,16:00:11,0000000465265338,TRADINGIS,0000000465265337
I,TRADING,INTERCONNECTORRES,2,SETTLEMENTDATE,RUNNO,INTERCONNECTORID,PERIODID,METEREDMWFLOW,MWFLOW,MWLOSSES,LASTCHANGED
D,TRADING,INTERCONNECTORRES,2,"2025/05/28 16:05:00",1,N-Q-MNSP1,193,-26.9,-17,0.07,"2025/05/28 16:00:03"
D,TRADING,INTERCONNECTORRES,2,"2025/05/28 16:05:00",1,NSW1-QLD1,193,-562.5,-570.7,10.74,"2025/05/28 16:00:03"
D,TRADING,INTERCONNECTORRES,2,"2025/05/28 16:05:00",1,T-V-MNSP1,193,-200.8,-170.42,3.69,"2025/05/28 16:00:03"
D,TRADING,INTERCONNECTORRES,2,"2025/05/28 16:05:00",1,V-S-MNSP1,193,63,63,0.15,"2025/05/28 16:00:03"
D,TRADING,INTERCONNECTORRES,2,"2025/05/28 16:05:00",1,V-SA,193,490.48,391.87,9.66,"2025/05/28 16:00:03"
D,TRADING,INTERCONNECTORRES,2,"2025/05/28 16:05:00",1,VIC1-NSW1,193,43.56,113.32,5.29,"2025/05/28 16:00:03"
I,TRADING,PRICE,3,SETTLEMENTDATE,RUNNO,REGIONID,PERIODID,RRP,EEP,INVALIDFLAG,LASTCHANGED,ROP,RAISE6SECRRP,RAISE6SECROP,RAISE60SECRRP,RAISE60SECROP,RAISE5MINRRP,RAISE5MINROP,RAISEREGRRP,RAISEREGROP,LOWER6SECRRP,LOWER6SECROP,LOWER60SECRRP,LOWER60SECROP,LOWER5MINRRP,LOWER5MINROP,LOWERREGRRP,LOWERREGROP,RAISE1SECRRP,RAISE1SECROP,LOWER1SECRRP,LOWER1SECROP,PRICE_STATUS
D,TRADING,PRICE,3,"2025/05/28 16:05:00",1,SA1,193,149.17,0,0,"2025/05/28 16:00:03",149.17,0.38,0.38,0.1,0.1,0.1,0.1,16.79,16.79,0.03,0.03,0.38,0.38,0.1,0.1,0.1,0.1,0.38,0.38,0,0,FIRM
D,TRADING,PRICE,3,"2025/05/28 16:05:00",1,NSW1,193,147.21,0,0,"2025/05/28 16:00:03",147.21,0.38,0.38,0.1,0.1,0.1,0.1,16.79,16.79,0.03,0.03,0.38,0.38,0.1,0.1,0.1,0.1,0.38,0.38,0,0,FIRM
D,TRADING,PRICE,3,"2025/05/28 16:05:00",1,QLD1,193,113.83,0,0,"2025/05/28 16:00:03",113.83,0.38,0.38,0.1,0.1,0.1,0.1,16.79,16.79,14.62,14.62,9.57,9.57,0.1,0.1,0.1,0.1,0.38,0.38,0,0,FIRM
D,TRADING,PRICE,3,"2025/05/28 16:05:00",1,TAS1,193,142.13,0,0,"2025/05/28 16:00:03",142.13,0.38,0.38,0.38,0.38,0.1,0.1,8.4,8.4,0.38,0.38,0.38,0.38,0.1,0.1,2.48,2.48,0.38,0.38,0,0,FIRM
D,TRADING,PRICE,3,"2025/05/28 16:05:00",1,VIC1,193,139,0,0,"2025/05/28 16:00:03",139,0.38,0.38,0.1,0.1,0.1,0.1,16.79,16.79,0.03,0.03,0.38,0.38,0.1,0.1,0.1,0.1,0.38,0.38,0,0,FIRM
C,"END OF REPORT",15
