C,NEMP.WORLD,TRADINGIS,AEMO,PUBLIC,2025/05/29,15:10:12,0000000465403328,TRADINGIS,0000000465403327
I,TRADING,INTERCONNECTORRES,2,SETTLEMENTDATE,RUNNO,INTERCONNECTORID,PERIODID,METEREDMWFLOW,MWFLOW,MWLOSSES,LASTCHANGED
D,TRADING,INTERCONNECTORRES,2,"2025/05/29 15:15:00",1,N-Q-MNSP1,183,-0.9,0,0,"2025/05/29 15:10:05"
D,TRADING,INTERCONNECTORRES,2,"2025/05/29 15:15:00",1,NSW1-QLD1,183,-24.4,18.71,0.64,"2025/05/29 15:10:05"
D,TRADING,INTERCONNECTORRES,2,"2025/05/29 15:15:00",1,T-V-MNSP1,183,-432.2,-469,24.7,"2025/05/29 15:10:05"
D,TRADING,INTERCONNECTORRES,2,"2025/05/29 15:15:00",1,V-S-MNSP1,183,-103,-122.3,27.05,"2025/05/29 15:10:05"
D,TRADING,INTERCONNECTORRES,2,"2025/05/29 15:15:00",1,V-SA,183,227.46,185.96,-0.85,"2025/05/29 15:10:05"
D,TRADING,INTERCONNECTORRES,2,"2025/05/29 15:15:00",1,VIC1-NSW1,183,-536.66,-626.73,-8.92,"2025/05/29 15:10:05"
I,TRADING,PRICE,3,SETTLEMENTDATE,RUNNO,REGIONID,PERIODID,RRP,EEP,INVALIDFLAG,LASTCHANGED,ROP,RAISE6SECRRP,RAISE6SECROP,RAISE60SECRRP,RAISE60SECROP,RAISE5MINRRP,RAISE5MINROP,RAISEREGRRP,RAISEREGROP,LOWER6SECRRP,LOWER6SECROP,LOWER60SECRRP,LOWER60SECROP,LOWER5MINRRP,LOWER5MINROP,LOWERREGRRP,LOWERREGROP,RAISE1SECRRP,RAISE1SECROP,LOWER1SECRRP,LOWER1SECROP,PRICE_STATUS
D,TRADING,PRICE,3,"2025/05/29 15:15:00",1,SA1,183,-27.81,0,0,"2025/05/29 15:10:05",-27.81,0.1,0.1,0.04,0.04,0.1,0.1,5.99,5.99,0.38,0.38,0.38,0.38,0.39,0.39,15,15,0.81,0.81,0,0,FIRM
D,TRADING,PRICE,3,"2025/05/29 15:15:00",1,NSW1,183,109.5,0,0,"2025/05/29 15:10:05",109.5,0.1,0.1,0.04,0.04,0.1,0.1,5.99,5.99,0.38,0.38,0.38,0.38,0.39,0.39,15,15,0.81,0.81,0,0,FIRM
D,TRADING,PRICE,3,"2025/05/29 15:15:00",1,QLD1,183,113.9,0,0,"2025/05/29 15:10:05",113.9,0.1,0.1,0.04,0.04,0.1,0.1,5.99,5.99,0.38,0.38,0.38,0.38,0.39,0.39,15,15,0.81,0.81,0,0,FIRM
D,TRADING,PRICE,3,"2025/05/29 15:15:00",1,TAS1,183,35.06,0,0,"2025/05/29 15:10:05",35.06,0.38,0.38,0.38,0.38,0.38,0.38,7.54,7.54,0.38,0.38,0.38,0.38,0,0,2.46,2.46,0.81,0.81,0,0,FIRM
D,TRADING,PRICE,3,"2025/05/29 15:15:00",1,VIC1,183,-33.38,0,0,"2025/05/29 15:10:05",-33.38,0.1,0.1,0.04,0.04,0.1,0.1,5.99,5.99,0.38,0.38,0.38,0.38,0.39,0.39,15,15,0.81,0.81,0,0,FIRM
C,"END OF REPORT",15
