C,NEMP.WORLD,TRADINGIS,AEMO,PUBLIC,2025/05/28,08:35:17,0000000465218769,TRADINGIS,0000000465218768
I,TRADING,INTERCONNECTORRES,2,SETTLEMENTDATE,RUNNO,INTERCONNECTORID,PERIODID,METEREDMWFLOW,MWFLOW,MWLOSSES,LASTCHANGED
D,TRADING,INTERCONNECTORRES,2,"2025/05/28 08:40:00",1,N-Q-MNSP1,104,89.1,33.97,4.63,"2025/05/28 08:35:09"
D,TRADING,INTERCONNECTORRES,2,"2025/05/28 08:40:00",1,NSW1-QLD1,104,-558,-491.01,16.61,"2025/05/28 08:35:09"
D,TRADING,INTERCONNECTORRES,2,"2025/05/28 08:40:00",1,T-V-MNSP1,104,-411.4,-406.56,18.78,"2025/05/28 08:35:09"
D,TRADING,INTERCONNECTORRES,2,"2025/05/28 08:40:00",1,V-S-MNSP1,104,161,169.76,22.25,"2025/05/28 08:35:09"
D,TRADING,INTERCONNECTORRES,2,"2025/05/28 08:40:00",1,V-SA,104,511.19,467.7,26.99,"2025/05/28 08:35:09"
D,TRADING,INTERCONNECTORRES,2,"2025/05/28 08:40:00",1,VIC1-NSW1,104,-423.87,-279.09,3.61,"2025/05/28 08:35:09"
I,TRADING,PRICE,3,SETTLEMENTDATE,RUNNO,REGIONID,PERIODID,RRP,EEP,INVALIDFLAG,LASTCHANGED,ROP,RAISE6SECRRP,RAISE6SECROP,RAISE60SECRRP,RAISE60SECROP,RAISE5MINRRP,RAISE5MINROP,RAISEREGRRP,RAISEREGROP,LOWER6SECRRP,LOWER6SECROP,LOWER60SECRRP,LOWER60SECROP,LOWER5MINRRP,LOWER5MINROP,LOWERREGRRP,LOWERREGROP,RAISE1SECRRP,RAISE1SECROP,LOWER1SECRRP,LOWER1SECROP,PRICE_STATUS
D,TRADING,PRICE,3,"2025/05/28 08:40:00",1,SA1,104,270.34,0,0,"2025/05/28 08:35:09",270.34,0.37,0.37,0.15,0.15,0.1,0.1,0.1,0.1,0.38,0.38,0.45,0.45,0.1,0.1,0.1,0.1,0.37,0.37,0,0,FIRM
D,TRADING,PRICE,3,"2025/05/28 08:40:00",1,NSW1,104,9.03,0,0,"2025/05/28 08:35:09",9.03,0.37,0.37,0.15,0.15,0.1,0.1,0.1,0.1,0.38,0.38,0.45,0.45,0.1,0.1,0.1,0.1,0.37,0.37,0,0,FIRM
D,TRADING,PRICE,3,"2025/05/28 08:40:00",1,QLD1,104,-19.51,0,0,"2025/05/28 08:35:09",-19.51,0.37,0.37,0.15,0.15,0.1,0.1,0.1,0.1,14.87,14.87,14.62,14.62,0.1,0.1,0.1,0.1,0.37,0.37,0,0,FIRM
D,TRADING,PRICE,3,"2025/05/28 08:40:00",1,TAS1,104,149.28,0,0,"2025/05/28 08:35:09",149.28,0.38,0.38,0.38,0.38,0.1,0.1,8.4,8.4,0.38,0.38,0.45,0.45,0.1,0.1,2.48,2.48,0.37,0.37,0,0,FIRM
D,TRADING,PRICE,3,"2025/05/28 08:40:00",1,VIC1,104,138.91,0,0,"2025/05/28 08:35:09",138.91,0.37,0.37,0.15,0.15,0.1,0.1,0.1,0.1,0.38,0.38,0.45,0.45,0.1,0.1,0.1,0.1,0.37,0.37,0,0,FIRM
C,"END OF REPORT",15
