C,NEMP.WORLD,TRADINGIS,AEMO,PUBLIC,2025/05/27,17:30:11,0000000465129546,TRADINGIS,0000000465129545
I,TRADING,INTERCONNECTORRES,2,SETTLEMENTDATE,RUNNO,INTERCONNECTORID,PERIODID,METEREDMWFLOW,MWFLOW,MWLOSSES,LASTCHANGED
D,TRADING,INTERCONNECTORRES,2,"2025/05/27 17:35:00",1,N-Q-MNSP1,211,-0.5,0,0,"2025/05/27 17:30:03"
D,TRADING,INTERCONNECTORRES,2,"2025/05/27 17:35:00",1,NSW1-QLD1,211,-190,-253.32,-13.11,"2025/05/27 17:30:03"
D,TRADING,INTERCONNECTORRES,2,"2025/05/27 17:35:00",1,T-V-MNSP1,211,-441.3,-478,25.62,"2025/05/27 17:30:03"
D,TRADING,INTERCONNECTORRES,2,"2025/05/27 17:35:00",1,V-S-MNSP1,211,27,27,-1.11,"2025/05/27 17:30:03"
D,TRADING,INTERCONNECTORRES,2,"2025/05/27 17:35:00",1,V-SA,211,-37.95,-27,0.35,"2025/05/27 17:30:03"
D,TRADING,INTERCONNECTORRES,2,"2025/05/27 17:35:00",1,VIC1-NSW1,211,80.77,-858.96,48.86,"2025/05/27 17:30:03"
I,TRADING,PRICE,3,SETTLEMENTDATE,RUNNO,REGIONID,PERIODID,RRP,EEP,INVALIDFLAG,LASTCHANGED,ROP,RAISE6SECRRP,RAISE6SECROP,RAISE60SECRRP,RAISE60SECROP,RAISE5MINRRP,RAISE5MINROP,RAISEREGRRP,RAISEREGROP,LOWER6SECRRP,LOWER6SECROP,LOWER60SECRRP,LOWER60SECROP,LOWER5MINRRP,LOWER5MINROP,LOWERREGRRP,LOWERREGROP,RAISE1SECRRP,RAISE1SECROP,LOWER1SECRRP,LOWER1SECROP,PRICE_STATUS
D,TRADING,PRICE,3,"2025/05/27 17:35:00",1,SA1,211,129.99,0,0,"2025/05/27 17:30:03",129.99,0.37,0.37,0.1,0.1,0.15,0.15,6,6,0.1,0.1,0.38,0.38,0.38,0.38,19.4,19.4,0.36,0.36,0,0,"NOT FIRM"
D,TRADING,PRICE,3,"2025/05/27 17:35:00",1,NSW1,211,129.81,0,0,"2025/05/27 17:30:03",129.81,0.37,0.37,0.1,0.1,0.15,0.15,6,6,0.1,0.1,0.38,0.38,0.38,0.38,19.4,19.4,0.36,0.36,0,0,"NOT FIRM"
D,TRADING,PRICE,3,"2025/05/27 17:35:00",1,QLD1,211,133.98,0,0,"2025/05/27 17:30:03",133.98,0.37,0.37,0.1,0.1,0.15,0.15,6,6,0.1,0.1,0.38,0.38,0.38,0.38,19.4,19.4,0.36,0.36,0,0,"NOT FIRM"
D,TRADING,PRICE,3,"2025/05/27 17:35:00",1,TAS1,211,150.24,0,0,"2025/05/27 17:30:03",150.24,0.38,0.38,0.38,0.38,0.38,0.38,8.4,8.4,0.1,0.1,0.38,0.38,0,0,2.48,2.48,0.36,0.36,0,0,"NOT FIRM"
D,TRADING,PRICE,3,"2025/05/27 17:35:00",1,VIC1,211,2.03,0,0,"2025/05/27 17:30:03",2.03,0.37,0.37,0.1,0.1,0.15,0.15,6,6,0.1,0.1,0.38,0.38,0.38,0.38,19.4,19.4,0.36,0.36,0,0,"NOT FIRM"
C,"END OF REPORT",15
