C,NEMP.WORLD,TRADINGIS,AEMO,PUBLIC,2025/05/29,20:25:12,0000000465436118,TRADINGIS,0000000465436117
I,TRADING,INTERCONNECTORRES,2,SETTLEMENTDATE,RUNNO,INTERCONNECTORID,PERIODID,METEREDMWFLOW,MWFLOW,MWLOSSES,LASTCHANGED
D,TRADING,INTERCONNECTORRES,2,"2025/05/29 20:30:00",1,N-Q-MNSP1,246,-8.3,-9,-0.16,"2025/05/29 20:25:04"
D,TRADING,INTERCONNECTORRES,2,"2025/05/29 20:30:00",1,NSW1-QLD1,246,-449.5,-428.68,-6.44,"2025/05/29 20:25:04"
D,TRADING,INTERCONNECTORRES,2,"2025/05/29 20:30:00",1,T-V-MNSP1,246,83.6,11.64,-0.03,"2025/05/29 20:25:04"
D,TRADING,INTERCONNECTORRES,2,"2025/05/29 20:30:00",1,V-S-MNSP1,246,54,45,-0.87,"2025/05/29 20:25:04"
D,TRADING,INTERCONNECTORRES,2,"2025/05/29 20:30:00",1,V-SA,246,177.57,128.67,2.94,"2025/05/29 20:25:04"
D,TRADING,INTERCONNECTORRES,2,"2025/05/29 20:30:00",1,VIC1-NSW1,246,-67.95,-137.11,0.83,"2025/05/29 20:25:04"
I,TRADING,PRICE,3,SETTLEMENTDATE,RUNNO,REGIONID,PERIODID,RRP,EEP,INVALIDFLAG,LASTCHANGED,ROP,RAISE6SECRRP,RAISE6SECROP,RAISE60SECRRP,RAISE60SECROP,RAISE5MINRRP,RAISE5MINROP,RAISEREGRRP,RAISEREGROP,LOWER6SECRRP,LOWER6SECROP,LOWER60SECRRP,LOWER60SECROP,LOWER5MINRRP,LOWER5MINROP,LOWERREGRRP,LOWERREGROP,RAISE1SECRRP,RAISE1SECROP,LOWER1SECRRP,LOWER1SECROP,PRICE_STATUS
D,TRADING,PRICE,3,"2025/05/29 20:30:00",1,SA1,246,100.62,0,0,"2025/05/29 20:25:04",100.62,0.37,0.37,0.1,0.1,0.15,0.15,7.84,7.84,0.1,0.1,0.38,0.38,0.1,0.1,3.7,3.7,0.36,0.36,0,0,FIRM
D,TRADING,PRICE,3,"2025/05/29 20:30:00",1,NSW1,246,151.6,0,0,"2025/05/29 20:25:04",151.6,0.37,0.37,0.1,0.1,0.15,0.15,7.84,7.84,0.1,0.1,0.38,0.38,0.1,0.1,3.7,3.7,0.36,0.36,0,0,FIRM
D,TRADING,PRICE,3,"2025/05/29 20:30:00",1,QLD1,246,147.73,0,0,"2025/05/29 20:25:04",147.73,0.37,0.37,0.1,0.1,0.15,0.15,7.84,7.84,0.1,0.1,0.38,0.38,0.1,0.1,3.7,3.7,0.36,0.36,0,0,FIRM
D,TRADING,PRICE,3,"2025/05/29 20:30:00",1,TAS1,246,100.24,0,0,"2025/05/29 20:25:04",100.24,0.88,0.88,0.38,0.38,0.38,0.38,6.76,6.76,0,0,0,0,0,0,2.46,2.46,0.36,0.36,0,0,FIRM
D,TRADING,PRICE,3,"2025/05/29 20:30:00",1,VIC1,246,96.96,0,0,"2025/05/29 20:25:04",96.96,0.37,0.37,0.1,0.1,0.15,0.15,7.84,7.84,0.1,0.1,0.38,0.38,0.1,0.1,3.7,3.7,0.36,0.36,0,0,FIRM
C,"END OF REPORT",15
