C,NEMP.WORLD,TRADINGIS,AEMO,PUBLIC,2025/05/28,02:40:11,0000000465184204,TRADINGIS,0000000465184203
I,TRADING,INTERCONNECTORRES,2,SETTLEMENTDATE,RUNNO,INTERCONNECTORID,PERIODID,METEREDMWFLOW,MWFLOW,MWLOSSES,LASTCHANGED
D,TRADING,INTERCONNECTORRES,2,"2025/05/28 02:45:00",1,N-Q-MNSP1,33,-9.2,0,0,"2025/05/28 02:40:03"
D,TRADING,INTERCONNECTORRES,2,"2025/05/28 02:45:00",1,NSW1-QLD1,33,103.7,122.18,0.97,"2025/05/28 02:40:03"
D,TRADING,INTERCONNECTORRES,2,"2025/05/28 02:45:00",1,T-V-MNSP1,33,-451.1,-477.21,25.54,"2025/05/28 02:40:03"
D,TRADING,INTERCONNECTORRES,2,"2025/05/28 02:45:00",1,V-S-MNSP1,33,167,167.67,21.57,"2025/05/28 02:40:03"
D,TRADING,INTERCONNECTORRES,2,"2025/05/28 02:45:00",1,V-SA,33,570.9,568.68,44.12,"2025/05/28 02:40:03"
D,TRADING,INTERCONNECTORRES,2,"2025/05/28 02:45:00",1,VIC1-NSW1,33,659.69,583.27,45.41,"2025/05/28 02:40:03"
I,TRADING,PRICE,3,SETTLEMENTDATE,RUNNO,REGIONID,PERIODID,RRP,EEP,INVALIDFLAG,LASTCHANGED,ROP,RAISE6SECRRP,RAISE6SECROP,RAISE60SECRRP,RAISE60SECROP,RAISE5MINRRP,RAISE5MINROP,RAISEREGRRP,RAISEREGROP,LOWER6SECRRP,LOWER6SECROP,LOWER60SECRRP,LOWER60SECROP,LOWER5MINRRP,LOWER5MINROP,LOWERREGRRP,LOWERREGROP,RAISE1SECRRP,RAISE1SECROP,LOWER1SECRRP,LOWER1SECROP,PRICE_STATUS
D,TRADING,PRICE,3,"2025/05/28 02:45:00",1,SA1,33,99.45,0,0,"2025/05/28 02:40:03",99.45,0.38,0.38,0.36,0.36,0.32,0.32,3.99,3.99,0.1,0.1,0.39,0.39,0,0,0,0,0.1,0.1,0,0,FIRM
D,TRADING,PRICE,3,"2025/05/28 02:45:00",1,NSW1,33,49.67,0,0,"2025/05/28 02:40:03",49.67,0.38,0.38,0.36,0.36,0.32,0.32,3.99,3.99,0.1,0.1,0.39,0.39,0,0,0,0,0.1,0.1,0,0,FIRM
D,TRADING,PRICE,3,"2025/05/28 02:45:00",1,QLD1,33,50.75,0,0,"2025/05/28 02:40:03",50.75,0.38,0.38,0.36,0.36,0.32,0.32,3.99,3.99,0.1,0.1,0.39,0.39,0,0,0,0,0.1,0.1,0,0,FIRM
D,TRADING,PRICE,3,"2025/05/28 02:45:00",1,TAS1,33,35.02,0,0,"2025/05/28 02:40:03",35.02,0.38,0.38,0.38,0.38,0.36,0.36,7.4,7.4,0.1,0.1,0.38,0.38,0,0,2.48,2.48,0.1,0.1,0,0,FIRM
D,TRADING,PRICE,3,"2025/05/28 02:45:00",1,VIC1,33,8.95,0,0,"2025/05/28 02:40:03",8.95,0.38,0.38,0.36,0.36,0.32,0.32,3.99,3.99,0.1,0.1,0.39,0.39,0,0,0,0,0.1,0.1,0,0,FIRM
C,"END OF REPORT",15
