C,NEMP.WORLD,TRADINGIS,AEMO,PUBLIC,2025/06/06,17:55:11,0000000466564235,TRADINGIS,0000000466564234
I,TRADING,INTERCONNECTORRES,2,SETTLEMENTDATE,RUNNO,INTERCONNECTORID,PERIODID,METEREDMWFLOW,MWFLOW,MWLOSSES,LASTCHANGED
D,TRADING,INTERCONNECTORRES,2,"2025/06/06 18:00:00",1,N-Q-MNSP1,216,-15.4,-9,-0.16,"2025/06/06 17:55:04"
D,TRADING,INTERCONNECTORRES,2,"2025/06/06 18:00:00",1,NSW1-QLD1,216,-562,-578.89,-14.61,"2025/06/06 17:55:04"
D,TRADING,INTERCONNECTORRES,2,"2025/06/06 18:00:00",1,T-V-MNSP1,216,-462.1,-461.71,23.97,"2025/06/06 17:55:04"
D,TRADING,INTERCONNECTORRES,2,"2025/06/06 18:00:00",1,V-S-MNSP1,216,-125,-125,28.04,"2025/06/06 17:55:04"
D,TRADING,INTERCONNECTORRES,2,"2025/06/06 18:00:00",1,V-SA,216,3.01,42.29,0.67,"2025/06/06 17:55:04"
D,TRADING,INTERCONNECTORRES,2,"2025/06/06 18:00:00",1,VIC1-NSW1,216,-83.02,-162.94,3.37,"2025/06/06 17:55:04"
I,TRADING,PRICE,3,SETTLEMENTDATE,RUNNO,REGIONID,PERIODID,RRP,EEP,INVALIDFLAG,LASTCHANGED,ROP,RAISE6SECRRP,RAISE6SECROP,RAISE60SECRRP,RAISE60SECROP,RAISE5MINRRP,RAISE5MINROP,RAISEREGRRP,RAISEREGROP,LOWER6SECRRP,LOWER6SECROP,LOWER60SECRRP,LOWER60SECROP,LOWER5MINRRP,LOWER5MINROP,LOWERREGRRP,LOWERREGROP,RAISE1SECRRP,RAISE1SECROP,LOWER1SECRRP,LOWER1SECROP,PRICE_STATUS
D,TRADING,PRICE,3,"2025/06/06 18:00:00",1,SA1,216,0,0,0,"2025/06/06 17:55:04",0,0.39,0.39,0.38,0.38,0.17,0.17,0.17,0.17,0.38,0.38,0.38,0.38,0.38,0.38,13.5,13.5,0.36,0.36,0,0,"NOT FIRM"
D,TRADING,PRICE,3,"2025/06/06 18:00:00",1,NSW1,216,147.39,0,0,"2025/06/06 17:55:04",147.39,0.39,0.39,0.38,0.38,0.17,0.17,0.17,0.17,0.38,0.38,0.38,0.38,0.38,0.38,13.5,13.5,0.36,0.36,0,0,"NOT FIRM"
D,TRADING,PRICE,3,"2025/06/06 18:00:00",1,QLD1,216,143.53,0,0,"2025/06/06 17:55:04",143.53,0.39,0.39,0.38,0.38,0.17,0.17,0.17,0.17,0.38,0.38,0.38,0.38,0.38,0.38,13.5,13.5,0.36,0.36,0,0,"NOT FIRM"
D,TRADING,PRICE,3,"2025/06/06 18:00:00",1,TAS1,216,150.24,0,0,"2025/06/06 17:55:04",150.24,0.39,0.39,0.38,0.38,0.36,0.36,8.56,8.56,0.38,0.38,0.38,0.38,0,0,5.06,5.06,0.36,0.36,0,0,"NOT FIRM"
D,TRADING,PRICE,3,"2025/06/06 18:00:00",1,VIC1,216,41.25,0,0,"2025/06/06 17:55:04",41.25,0.39,0.39,0.38,0.38,0.17,0.17,0.17,0.17,0.38,0.38,0.38,0.38,0.38,0.38,13.5,13.5,0.36,0.36,0,0,"NOT FIRM"
C,"END OF REPORT",15
