C,NEMP.WORLD,TRADINGIS,AEMO,PUBLIC,2025/05/28,13:00:16,0000000465247057,TRADINGIS,0000000465247056
I,TRADING,INTERCONNECTORRES,2,SETTLEMENTDATE,RUNNO,INTERCONNECTORID,PERIODID,METEREDMWFLOW,MWFLOW,MWLOSSES,LASTCHANGED
D,TRADING,INTERCONNECTORRES,2,"2025/05/28 13:05:00",1,N-Q-MNSP1,157,96.4,97,29.94,"2025/05/28 13:00:08"
D,TRADING,INTERCONNECTORRES,2,"2025/05/28 13:05:00",1,NSW1-QLD1,157,-349.4,-317.72,14.71,"2025/05/28 13:00:08"
D,TRADING,INTERCONNECTORRES,2,"2025/05/28 13:05:00",1,T-V-MNSP1,157,-451.7,-433.84,21.27,"2025/05/28 13:00:08"
D,TRADING,INTERCONNECTORRES,2,"2025/05/28 13:05:00",1,V-S-MNSP1,157,146,104.61,5.51,"2025/05/28 13:00:08"
D,TRADING,INTERCONNECTORRES,2,"2025/05/28 13:05:00",1,V-SA,157,430.32,532.91,23.16,"2025/05/28 13:00:08"
D,TRADING,INTERCONNECTORRES,2,"2025/05/28 13:05:00",1,VIC1-NSW1,157,-196.06,-318.94,-7.49,"2025/05/28 13:00:08"
I,TRADING,PRICE,3,SETTLEMENTDATE,RUNNO,REGIONID,PERIODID,RRP,EEP,INVALIDFLAG,LASTCHANGED,ROP,RAISE6SECRRP,RAISE6SECROP,RAISE60SECRRP,RAISE60SECROP,RAISE5MINRRP,RAISE5MINROP,RAISEREGRRP,RAISEREGROP,LOWER6SECRRP,LOWER6SECROP,LOWER60SECRRP,LOWER60SECROP,LOWER5MINRRP,LOWER5MINROP,LOWERREGRRP,LOWERREGROP,RAISE1SECRRP,RAISE1SECROP,LOWER1SECRRP,LOWER1SECROP,PRICE_STATUS
D,TRADING,PRICE,3,"2025/05/28 13:05:00",1,SA1,157,0.01,0,0,"2025/05/28 13:00:08",0.01,0.1,0.1,0.1,0.1,0.1,0.1,5.46,5.46,0,0,0.39,0.39,0.1,0.1,0.1,0.1,0.01,0.01,0,0,FIRM
D,TRADING,PRICE,3,"2025/05/28 13:05:00",1,NSW1,157,-14.97,0,0,"2025/05/28 13:00:08",-14.97,0.1,0.1,0.1,0.1,0.1,0.1,5.46,5.46,0,0,0.39,0.39,0.1,0.1,0.1,0.1,0.01,0.01,0,0,FIRM
D,TRADING,PRICE,3,"2025/05/28 13:05:00",1,QLD1,157,-23,0,0,"2025/05/28 13:00:08",-23,0.1,0.1,0.1,0.1,0.1,0.1,5.46,5.46,7.89,7.89,1.83,1.83,0.1,0.1,0.1,0.1,0.01,0.01,0,0,FIRM
D,TRADING,PRICE,3,"2025/05/28 13:05:00",1,TAS1,157,35.08,0,0,"2025/05/28 13:00:08",35.08,0.38,0.38,0.38,0.38,0.1,0.1,6.4,6.4,0,0,0.39,0.39,0,0,2.52,2.52,0.01,0.01,0,0,FIRM
D,TRADING,PRICE,3,"2025/05/28 13:05:00",1,VIC1,157,0.01,0,0,"2025/05/28 13:00:08",0.01,0.1,0.1,0.1,0.1,0.1,0.1,5.46,5.46,0,0,0.39,0.39,0.1,0.1,0.1,0.1,0.01,0.01,0,0,FIRM
C,"END OF REPORT",15
