C,NEMP.WORLD,TRADINGIS,AEMO,PUBLIC,2025/05/28,20:15:11,0000000465291299,TRADINGIS,0000000465291298
I,TRADING,INTERCONNECTORRES,2,SETTLEMENTDATE,RUNNO,INTERCONNECTORID,PERIODID,METEREDMWFLOW,MWFLOW,MWLOSSES,LASTCHANGED
D,TRADING,INTERCONNECTORRES,2,"2025/05/28 20:20:00",1,N-Q-MNSP1,244,-33.6,-33,1.59,"2025/05/28 20:15:03"
D,TRADING,INTERCONNECTORRES,2,"2025/05/28 20:20:00",1,NSW1-QLD1,244,-1111.8,-1041.45,42.01,"2025/05/28 20:15:03"
D,TRADING,INTERCONNECTORRES,2,"2025/05/28 20:20:00",1,T-V-MNSP1,244,-57.9,-33.74,0.25,"2025/05/28 20:15:03"
D,TRADING,INTERCONNECTORRES,2,"2025/05/28 20:20:00",1,V-S-MNSP1,244,45,48.75,-0.7,"2025/05/28 20:15:03"
D,TRADING,INTERCONNECTORRES,2,"2025/05/28 20:20:00",1,V-SA,244,143.24,153,4.1,"2025/05/28 20:15:03"
D,TRADING,INTERCONNECTORRES,2,"2025/05/28 20:20:00",1,VIC1-NSW1,244,113.05,139.24,2.14,"2025/05/28 20:15:03"
I,TRADING,PRICE,3,SETTLEMENTDATE,RUNNO,REGIONID,PERIODID,RRP,EEP,INVALIDFLAG,LASTCHANGED,ROP,RAISE6SECRRP,RAISE6SECROP,RAISE60SECRRP,RAISE60SECROP,RAISE5MINRRP,RAISE5MINROP,RAISEREGRRP,RAISEREGROP,LOWER6SECRRP,LOWER6SECROP,LOWER60SECRRP,LOWER60SECROP,LOWER5MINRRP,LOWER5MINROP,LOWERREGRRP,LOWERREGROP,RAISE1SECRRP,RAISE1SECROP,LOWER1SECRRP,LOWER1SECROP,PRICE_STATUS
D,TRADING,PRICE,3,"2025/05/28 20:20:00",1,SA1,244,135.67,0,0,"2025/05/28 20:15:03",135.67,0.39,0.39,0.39,0.39,0.32,0.32,5.99,5.99,0.1,0.1,0.39,0.39,0.01,0.01,0.01,0.01,0.81,0.81,0,0,FIRM
D,TRADING,PRICE,3,"2025/05/28 20:20:00",1,NSW1,244,132.78,0,0,"2025/05/28 20:15:03",132.78,0.39,0.39,0.39,0.39,0.32,0.32,5.99,5.99,0.1,0.1,0.39,0.39,0.01,0.01,0.01,0.01,0.81,0.81,0,0,FIRM
D,TRADING,PRICE,3,"2025/05/28 20:20:00",1,QLD1,244,115.6,0,0,"2025/05/28 20:15:03",115.6,0.39,0.39,0.39,0.39,0.32,0.32,5.99,5.99,0.1,0.1,0.39,0.39,0.01,0.01,0.01,0.01,0.81,0.81,0,0,FIRM
D,TRADING,PRICE,3,"2025/05/28 20:20:00",1,TAS1,244,129.11,0,0,"2025/05/28 20:15:03",129.11,0.38,0.38,0.38,0.38,0.38,0.38,8.4,8.4,22.19,22.19,0.38,0.38,0.38,0.38,3.48,3.48,0,0,0,0,FIRM
D,TRADING,PRICE,3,"2025/05/28 20:20:00",1,VIC1,244,129.66,0,0,"2025/05/28 20:15:03",129.66,0.39,0.39,0.39,0.39,0.32,0.32,5.99,5.99,0.1,0.1,0.39,0.39,0.01,0.01,0.01,0.01,0.81,0.81,0,0,FIRM
C,"END OF REPORT",15
