C,NEMP.WORLD,TRADINGIS,AEMO,PUBLIC,2025/05/28,07:15:10,0000000465210875,TRADINGIS,0000000465210874
I,TRADING,INTERCONNECTORRES,2,SETTLEMENTDATE,RUNNO,INTERCONNECTORID,PERIODID,METEREDMWFLOW,MWFLOW,MWLOSSES,LASTCHANGED
D,TRADING,INTERCONNECTORRES,2,"2025/05/28 07:20:00",1,N-Q-MNSP1,88,-15.5,-22.65,0.48,"2025/05/28 07:15:03"
D,TRADING,INTERCONNECTORRES,2,"2025/05/28 07:20:00",1,NSW1-QLD1,88,-492.2,-629,9.63,"2025/05/28 07:15:03"
D,TRADING,INTERCONNECTORRES,2,"2025/05/28 07:20:00",1,T-V-MNSP1,88,-411.4,-432.78,21.17,"2025/05/28 07:15:03"
D,TRADING,INTERCONNECTORRES,2,"2025/05/28 07:20:00",1,V-S-MNSP1,88,81,81,1.95,"2025/05/28 07:15:03"
D,TRADING,INTERCONNECTORRES,2,"2025/05/28 07:20:00",1,V-SA,88,514.25,518.32,29.39,"2025/05/28 07:15:03"
D,TRADING,INTERCONNECTORRES,2,"2025/05/28 07:20:00",1,VIC1-NSW1,88,228.11,99.72,2.88,"2025/05/28 07:15:03"
I,TRADING,PRICE,3,SETTLEMENTDATE,RUNNO,REGIONID,PERIODID,RRP,EEP,INVALIDFLAG,LASTCHANGED,ROP,RAISE6SECRRP,RAISE6SECROP,RAISE60SECRRP,RAISE60SECROP,RAISE5MINRRP,RAISE5MINROP,RAISEREGRRP,RAISEREGROP,LOWER6SECRRP,LOWER6SECROP,LOWER60SECRRP,LOWER60SECROP,LOWER5MINRRP,LOWER5MINROP,LOWERREGRRP,LOWERREGROP,RAISE1SECRRP,RAISE1SECROP,LOWER1SECRRP,LOWER1SECROP,PRICE_STATUS
D,TRADING,PRICE,3,"2025/05/28 07:20:00",1,SA1,88,155.16,0,0,"2025/05/28 07:15:03",155.16,0.39,0.39,0.38,0.38,0.32,0.32,7.6,7.6,0,0,0.38,0.38,0.1,0.1,3.7,3.7,0.38,0.38,0,0,FIRM
D,TRADING,PRICE,3,"2025/05/28 07:20:00",1,NSW1,88,144.13,0,0,"2025/05/28 07:15:03",144.13,0.39,0.39,0.38,0.38,0.32,0.32,7.6,7.6,0,0,0.38,0.38,0.1,0.1,3.7,3.7,0.38,0.38,0,0,FIRM
D,TRADING,PRICE,3,"2025/05/28 07:20:00",1,QLD1,88,133.5,0,0,"2025/05/28 07:15:03",133.5,0.39,0.39,0.38,0.38,0.32,0.32,7.6,7.6,0.38,0.38,0.38,0.38,0.1,0.1,3.7,3.7,0.38,0.38,0,0,FIRM
D,TRADING,PRICE,3,"2025/05/28 07:20:00",1,TAS1,88,150.24,0,0,"2025/05/28 07:15:03",150.24,0.39,0.39,0.38,0.38,0.36,0.36,8.4,8.4,0,0,0.38,0.38,0,0,2.48,2.48,0.38,0.38,0,0,FIRM
D,TRADING,PRICE,3,"2025/05/28 07:20:00",1,VIC1,88,138.37,0,0,"2025/05/28 07:15:03",138.37,0.39,0.39,0.38,0.38,0.32,0.32,7.6,7.6,0,0,0.38,0.38,0.1,0.1,3.7,3.7,0.38,0.38,0,0,FIRM
C,"END OF REPORT",15
