C,NEMP.WORLD,TRADINGIS,AEMO,PUBLIC,2025/05/29,10:00:11,0000000465369579,TRADINGIS,0000000465369578
I,TRADING,INTERCONNECTORRES,2,SETTLEMENTDATE,RUNNO,INTERCONNECTORID,PERIODID,METEREDMWFLOW,MWFLOW,MWLOSSES,LASTCHANGED
D,TRADING,INTERCONNECTORRES,2,"2025/05/29 10:05:00",1,N-Q-MNSP1,121,-2.1,-2.1,-0.04,"2025/05/29 10:00:03"
D,TRADING,INTERCONNECTORRES,2,"2025/05/29 10:05:00",1,NSW1-QLD1,121,-104.7,-174.98,-0.83,"2025/05/29 10:00:03"
D,TRADING,INTERCONNECTORRES,2,"2025/05/29 10:05:00",1,T-V-MNSP1,121,-469.4,-470.19,24.82,"2025/05/29 10:00:03"
D,TRADING,INTERCONNECTORRES,2,"2025/05/29 10:05:00",1,V-S-MNSP1,121,36,36,-1.09,"2025/05/29 10:00:03"
D,TRADING,INTERCONNECTORRES,2,"2025/05/29 10:05:00",1,V-SA,121,63.27,131.37,0.34,"2025/05/29 10:00:03"
D,TRADING,INTERCONNECTORRES,2,"2025/05/29 10:05:00",1,VIC1-NSW1,121,-322.89,-444.59,-1.02,"2025/05/29 10:00:03"
I,TRADING,PRICE,3,SETTLEMENTDATE,RUNNO,REGIONID,PERIODID,RRP,EEP,INVALIDFLAG,LASTCHANGED,ROP,RAISE6SECRRP,RAISE6SECROP,RAISE60SECRRP,RAISE60SECROP,RAISE5MINRRP,RAISE5MINROP,RAISEREGRRP,RAISEREGROP,LOWER6SECRRP,LOWER6SECROP,LOWER60SECRRP,LOWER60SECROP,LOWER5MINRRP,LOWER5MINROP,LOWERREGRRP,LOWERREGROP,RAISE1SECRRP,RAISE1SECROP,LOWER1SECRRP,LOWER1SECROP,PRICE_STATUS
D,TRADING,PRICE,3,"2025/05/29 10:05:00",1,SA1,121,122,0,0,"2025/05/29 10:00:03",122,0.23,0.23,0.1,0.1,0.1,0.1,9.89,9.89,0.1,0.1,0.39,0.39,0.01,0.01,0.01,0.01,0.81,0.81,0,0,FIRM
D,TRADING,PRICE,3,"2025/05/29 10:05:00",1,NSW1,121,115.99,0,0,"2025/05/29 10:00:03",115.99,0.23,0.23,0.1,0.1,0.1,0.1,9.89,9.89,0.1,0.1,0.39,0.39,0.01,0.01,0.01,0.01,0.81,0.81,0,0,FIRM
D,TRADING,PRICE,3,"2025/05/29 10:05:00",1,QLD1,121,114.83,0,0,"2025/05/29 10:00:03",114.83,0.23,0.23,0.1,0.1,0.1,0.1,9.89,9.89,0.1,0.1,0.39,0.39,0.01,0.01,0.01,0.01,0.81,0.81,0,0,FIRM
D,TRADING,PRICE,3,"2025/05/29 10:05:00",1,TAS1,121,150.1,0,0,"2025/05/29 10:00:03",150.1,0.38,0.38,0.38,0.38,0.36,0.36,7.54,7.54,0.1,0.1,0.38,0.38,0,0,2.46,2.46,0.81,0.81,0,0,FIRM
D,TRADING,PRICE,3,"2025/05/29 10:05:00",1,VIC1,121,119.98,0,0,"2025/05/29 10:00:03",119.98,0.23,0.23,0.1,0.1,0.1,0.1,9.89,9.89,0.1,0.1,0.39,0.39,0.01,0.01,0.01,0.01,0.81,0.81,0,0,FIRM
C,"END OF REPORT",15
