C,NEMP.WORLD,TRADINGIS,AEMO,PUBLIC,2025/05/28,01:45:11,0000000465178939,TRADINGIS,0000000465178938
I,TRADING,INTERCONNECTORRES,2,SETTLEMENTDATE,RUNNO,INTERCONNECTORID,PERIODID,METEREDMWFLOW,MWFLOW,MWLOSSES,LASTCHANGED
D,TRADING,INTERCONNECTORRES,2,"2025/05/28 01:50:00",1,N-Q-MNSP1,22,-8.8,-9,-0.16,"2025/05/28 01:45:04"
D,TRADING,INTERCONNECTORRES,2,"2025/05/28 01:50:00",1,NSW1-QLD1,22,-1.4,-29.99,0.05,"2025/05/28 01:45:04"
D,TRADING,INTERCONNECTORRES,2,"2025/05/28 01:50:00",1,T-V-MNSP1,22,-428.5,-472.7,25.08,"2025/05/28 01:45:04"
D,TRADING,INTERCONNECTORRES,2,"2025/05/28 01:50:00",1,V-S-MNSP1,22,170,166.3,21.12,"2025/05/28 01:45:04"
D,TRADING,INTERCONNECTORRES,2,"2025/05/28 01:50:00",1,V-SA,22,557.65,575.56,46.46,"2025/05/28 01:45:04"
D,TRADING,INTERCONNECTORRES,2,"2025/05/28 01:50:00",1,VIC1-NSW1,22,642.15,604.45,45.72,"2025/05/28 01:45:04"
I,TRADING,PRICE,3,SETTLEMENTDATE,RUNNO,REGIONID,PERIODID,RRP,EEP,INVALIDFLAG,LASTCHANGED,ROP,RAISE6SECRRP,RAISE6SECROP,RAISE60SECRRP,RAISE60SECROP,RAISE5MINRRP,RAISE5MINROP,RAISEREGRRP,RAISEREGROP,LOWER6SECRRP,LOWER6SECROP,LOWER60SECRRP,LOWER60SECROP,LOWER5MINRRP,LOWER5MINROP,LOWERREGRRP,LOWERREGROP,RAISE1SECRRP,RAISE1SECROP,LOWER1SECRRP,LOWER1SECROP,PRICE_STATUS
D,TRADING,PRICE,3,"2025/05/28 01:50:00",1,SA1,22,91.44,0,0,"2025/05/28 01:45:04",91.44,0.38,0.38,0.38,0.38,0.32,0.32,1.5,1.5,0.2,0.2,1,1,0,0,0,0,0.1,0.1,0,0,FIRM
D,TRADING,PRICE,3,"2025/05/28 01:50:00",1,NSW1,22,56.02,0,0,"2025/05/28 01:45:04",56.02,0.38,0.38,0.38,0.38,0.32,0.32,1.5,1.5,0.2,0.2,1,1,0,0,0,0,0.1,0.1,0,0,FIRM
D,TRADING,PRICE,3,"2025/05/28 01:50:00",1,QLD1,22,55.73,0,0,"2025/05/28 01:45:04",55.73,0.38,0.38,0.38,0.38,0.32,0.32,1.5,1.5,0.2,0.2,1,1,0,0,0,0,0.1,0.1,0,0,FIRM
D,TRADING,PRICE,3,"2025/05/28 01:50:00",1,TAS1,22,35.02,0,0,"2025/05/28 01:45:04",35.02,0.38,0.38,0.38,0.38,0.36,0.36,7.4,7.4,0.2,0.2,0.38,0.38,0,0,2.48,2.48,0.1,0.1,0,0,FIRM
D,TRADING,PRICE,3,"2025/05/28 01:50:00",1,VIC1,22,8.95,0,0,"2025/05/28 01:45:04",8.95,0.38,0.38,0.38,0.38,0.32,0.32,1.5,1.5,0.2,0.2,1,1,0,0,0,0,0.1,0.1,0,0,FIRM
C,"END OF REPORT",15
