C,NEMP.WORLD,TRADINGIS,AEMO,PUBLIC,2025/05/29,02:35:10,0000000465327652,TRADINGIS,0000000465327651
I,TRADING,INTERCONNECTORRES,2,SETTLEMENTDATE,RUNNO,INTERCONNECTORID,PERIODID,METEREDMWFLOW,MWFLOW,MWLOSSES,LASTCHANGED
D,TRADING,INTERCONNECTORRES,2,"2025/05/29 02:40:00",1,N-Q-MNSP1,32,-16.8,-25,0.65,"2025/05/29 02:35:03"
D,TRADING,INTERCONNECTORRES,2,"2025/05/29 02:40:00",1,NSW1-QLD1,32,-413.7,-417.88,15.92,"2025/05/29 02:35:03"
D,TRADING,INTERCONNECTORRES,2,"2025/05/29 02:40:00",1,T-V-MNSP1,32,-396.2,-438,21.66,"2025/05/29 02:35:03"
D,TRADING,INTERCONNECTORRES,2,"2025/05/29 02:40:00",1,V-S-MNSP1,32,63,63,0.15,"2025/05/29 02:35:03"
D,TRADING,INTERCONNECTORRES,2,"2025/05/29 02:40:00",1,V-SA,32,288.88,305.44,14.43,"2025/05/29 02:35:03"
D,TRADING,INTERCONNECTORRES,2,"2025/05/29 02:40:00",1,VIC1-NSW1,32,561.8,489.27,34.21,"2025/05/29 02:35:03"
I,TRADING,PRICE,3,SETTLEMENTDATE,RUNNO,REGIONID,PERIODID,RRP,EEP,INVALIDFLAG,LASTCHANGED,ROP,RAISE6SECRRP,RAISE6SECROP,RAISE60SECRRP,RAISE60SECROP,RAISE5MINRRP,RAISE5MINROP,RAISEREGRRP,RAISEREGROP,LOWER6SECRRP,LOWER6SECROP,LOWER60SECRRP,LOWER60SECROP,LOWER5MINRRP,LOWER5MINROP,LOWERREGRRP,LOWERREGROP,RAISE1SECRRP,RAISE1SECROP,LOWER1SECRRP,LOWER1SECROP,PRICE_STATUS
D,TRADING,PRICE,3,"2025/05/29 02:40:00",1,SA1,32,75.78,0,0,"2025/05/29 02:35:03",75.78,0.23,0.23,0.1,0.1,0.1,0.1,5.99,5.99,0.38,0.38,0.39,0.39,0.1,0.1,0.93,0.93,0.38,0.38,0,0,FIRM
D,TRADING,PRICE,3,"2025/05/29 02:40:00",1,NSW1,32,78.38,0,0,"2025/05/29 02:35:03",78.38,0.23,0.23,0.1,0.1,0.1,0.1,5.99,5.99,0.38,0.38,0.39,0.39,0.1,0.1,0.93,0.93,0.38,0.38,0,0,FIRM
D,TRADING,PRICE,3,"2025/05/29 02:40:00",1,QLD1,32,72.75,0,0,"2025/05/29 02:35:03",72.75,0.23,0.23,0.1,0.1,0.1,0.1,5.99,5.99,0.38,0.38,0.39,0.39,0.1,0.1,0.93,0.93,0.38,0.38,0,0,FIRM
D,TRADING,PRICE,3,"2025/05/29 02:40:00",1,TAS1,32,100.24,0,0,"2025/05/29 02:35:03",100.24,0.38,0.38,0.38,0.38,0.38,0.38,8.4,8.4,0.38,0.38,0.38,0.38,0,0,2.48,2.48,0.38,0.38,0,0,FIRM
D,TRADING,PRICE,3,"2025/05/29 02:40:00",1,VIC1,32,69.99,0,0,"2025/05/29 02:35:03",69.99,0.23,0.23,0.1,0.1,0.1,0.1,5.99,5.99,0.38,0.38,0.39,0.39,0.1,0.1,0.93,0.93,0.38,0.38,0,0,FIRM
C,"END OF REPORT",15
