C,NEMP.WORLD,TRADINGIS,AEMO,PUBLIC,2025/05/28,05:40:11,0000000465201882,TRADINGIS,0000000465201881
I,TRADING,INTERCONNECTORRES,2,SETTLEMENTDATE,RUNNO,INTERCONNECTORID,PERIODID,METEREDMWFLOW,MWFLOW,MWLOSSES,LASTCHANGED
D,TRADING,INTERCONNECTORRES,2,"2025/05/28 05:45:00",1,N-Q-MNSP1,69,-1.2,0,0,"2025/05/28 05:40:03"
D,TRADING,INTERCONNECTORRES,2,"2025/05/28 05:45:00",1,NSW1-QLD1,69,148.2,146.62,4.01,"2025/05/28 05:40:03"
D,TRADING,INTERCONNECTORRES,2,"2025/05/28 05:45:00",1,T-V-MNSP1,69,-384.6,-391.66,17.48,"2025/05/28 05:40:03"
D,TRADING,INTERCONNECTORRES,2,"2025/05/28 05:45:00",1,V-S-MNSP1,69,112,170.41,22.46,"2025/05/28 05:40:03"
D,TRADING,INTERCONNECTORRES,2,"2025/05/28 05:45:00",1,V-SA,69,585.96,565.95,41.12,"2025/05/28 05:40:03"
D,TRADING,INTERCONNECTORRES,2,"2025/05/28 05:45:00",1,VIC1-NSW1,69,873.91,797.41,75.56,"2025/05/28 05:40:03"
I,TRADING,PRICE,3,SETTLEMENTDATE,RUNNO,REGIONID,PERIODID,RRP,EEP,INVALIDFLAG,LASTCHANGED,ROP,RAISE6SECRRP,RAISE6SECROP,RAISE60SECRRP,RAISE60SECROP,RAISE5MINRRP,RAISE5MINROP,RAISEREGRRP,RAISEREGROP,LOWER6SECRRP,LOWER6SECROP,LOWER60SECRRP,LOWER60SECROP,LOWER5MINRRP,LOWER5MINROP,LOWERREGRRP,LOWERREGROP,RAISE1SECRRP,RAISE1SECROP,LOWER1SECRRP,LOWER1SECROP,PRICE_STATUS
D,TRADING,PRICE,3,"2025/05/28 05:45:00",1,SA1,69,65.72,0,0,"2025/05/28 05:40:03",65.72,0.38,0.38,0.38,0.38,0.32,0.32,12.78,12.78,0.38,0.38,0.39,0.39,0,0,0,0,0.38,0.38,0,0,FIRM
D,TRADING,PRICE,3,"2025/05/28 05:45:00",1,NSW1,69,76.8,0,0,"2025/05/28 05:40:03",76.8,0.38,0.38,0.38,0.38,0.32,0.32,12.78,12.78,0.38,0.38,0.39,0.39,0,0,0,0,0.38,0.38,0,0,FIRM
D,TRADING,PRICE,3,"2025/05/28 05:45:00",1,QLD1,69,79.81,0,0,"2025/05/28 05:40:03",79.81,0.38,0.38,0.38,0.38,0.32,0.32,12.78,12.78,0.38,0.38,0.39,0.39,0,0,0,0,0.38,0.38,0,0,FIRM
D,TRADING,PRICE,3,"2025/05/28 05:45:00",1,TAS1,69,35.09,0,0,"2025/05/28 05:40:03",35.09,0.38,0.38,0.38,0.38,0.32,0.32,7.4,7.4,0.38,0.38,0.39,0.39,0,0,2.49,2.49,0.38,0.38,0,0,FIRM
D,TRADING,PRICE,3,"2025/05/28 05:45:00",1,VIC1,69,32.79,0,0,"2025/05/28 05:40:03",32.79,0.38,0.38,0.38,0.38,0.32,0.32,12.78,12.78,0.38,0.38,0.39,0.39,0,0,0,0,0.38,0.38,0,0,FIRM
C,"END OF REPORT",15
