C,NEMP.WORLD,TRADINGIS,AEMO,PUBLIC,2025/05/27,09:00:11,0000000465072480,TRADINGIS,0000000465072479
I,TRADING,INTERCONNECTORRES,2,SETTLEMENTDATE,RUNNO,INTERCONNECTORID,PERIODID,METEREDMWFLOW,MWFLOW,MWLOSSES,LASTCHANGED
D,TRADING,INTERCONNECTORRES,2,"2025/05/27 09:05:00",1,N-Q-MNSP1,109,-10.2,-9,-0.16,"2025/05/27 09:00:04"
D,TRADING,INTERCONNECTORRES,2,"2025/05/27 09:05:00",1,NSW1-QLD1,109,-166.4,-79.07,-0.81,"2025/05/27 09:00:04"
D,TRADING,INTERCONNECTORRES,2,"2025/05/27 09:05:00",1,T-V-MNSP1,109,-432.2,-452.92,23.1,"2025/05/27 09:00:04"
D,TRADING,INTERCONNECTORRES,2,"2025/05/27 09:05:00",1,V-S-MNSP1,109,5,3.81,-0.24,"2025/05/27 09:00:04"
D,TRADING,INTERCONNECTORRES,2,"2025/05/27 09:05:00",1,V-SA,109,246.77,248.19,8.17,"2025/05/27 09:00:04"
D,TRADING,INTERCONNECTORRES,2,"2025/05/27 09:05:00",1,VIC1-NSW1,109,595.72,689.43,48.24,"2025/05/27 09:00:04"
I,TRADING,PRICE,3,SETTLEMENTDATE,RUNNO,REGIONID,PERIODID,RRP,EEP,INVALIDFLAG,LASTCHANGED,ROP,RAISE6SECRRP,RAISE6SECROP,RAISE60SECRRP,RAISE60SECROP,RAISE5MINRRP,RAISE5MINROP,RAISEREGRRP,RAISEREGROP,LOWER6SECRRP,LOWER6SECROP,LOWER60SECRRP,LOWER60SECROP,LOWER5MINRRP,LOWER5MINROP,LOWERREGRRP,LOWERREGROP,RAISE1SECRRP,RAISE1SECROP,LOWER1SECRRP,LOWER1SECROP,PRICE_STATUS
D,TRADING,PRICE,3,"2025/05/27 09:05:00",1,SA1,109,34.5,0,0,"2025/05/27 09:00:04",34.5,0.01,0.01,0.01,0.01,0.01,0.01,14.89,14.89,0.01,0.01,0.1,0.1,0.01,0.01,0.01,0.01,0.1,0.1,0,0,FIRM
D,TRADING,PRICE,3,"2025/05/27 09:05:00",1,NSW1,109,50.34,0,0,"2025/05/27 09:00:04",50.34,0.01,0.01,0.01,0.01,0.01,0.01,14.89,14.89,0.01,0.01,0.1,0.1,0.01,0.01,0.01,0.01,0.1,0.1,0,0,FIRM
D,TRADING,PRICE,3,"2025/05/27 09:05:00",1,QLD1,109,53.13,0,0,"2025/05/27 09:00:04",53.13,0.38,0.38,1.8,1.8,0.38,0.38,15.26,15.26,0.01,0.01,0.1,0.1,0.01,0.01,0.01,0.01,0.1,0.1,0,0,FIRM
D,TRADING,PRICE,3,"2025/05/27 09:05:00",1,TAS1,109,35.24,0,0,"2025/05/27 09:00:04",35.24,0.38,0.38,0.38,0.38,0.01,0.01,8.4,8.4,0.01,0.01,0.1,0.1,0,0,2.48,2.48,0.1,0.1,0,0,FIRM
D,TRADING,PRICE,3,"2025/05/27 09:05:00",1,VIC1,109,31.11,0,0,"2025/05/27 09:00:04",31.11,0.01,0.01,0.01,0.01,0.01,0.01,14.89,14.89,0.01,0.01,0.1,0.1,0.01,0.01,0.01,0.01,0.1,0.1,0,0,FIRM
C,"END OF REPORT",15
