C,NEMP.WORLD,TRADINGIS,AEMO,PUBLIC,2025/05/29,01:50:11,0000000465323351,TRADINGIS,0000000465323350
I,TRADING,INTERCONNECTORRES,2,SETTLEMENTDATE,RUNNO,INTERCONNECTORID,PERIODID,METEREDMWFLOW,MWFLOW,MWLOSSES,LASTCHANGED
D,TRADING,INTERCONNECTORRES,2,"2025/05/29 01:55:00",1,N-Q-MNSP1,23,-15.9,-22.13,0.44,"2025/05/29 01:50:04"
D,TRADING,INTERCONNECTORRES,2,"2025/05/29 01:55:00",1,NSW1-QLD1,23,-462.6,-425,15.35,"2025/05/29 01:50:04"
D,TRADING,INTERCONNECTORRES,2,"2025/05/29 01:55:00",1,T-V-MNSP1,23,-428.5,-438,21.66,"2025/05/29 01:50:04"
D,TRADING,INTERCONNECTORRES,2,"2025/05/29 01:55:00",1,V-S-MNSP1,23,72,72,0.95,"2025/05/29 01:50:04"
D,TRADING,INTERCONNECTORRES,2,"2025/05/29 01:55:00",1,V-SA,23,363.69,376.23,21.88,"2025/05/29 01:50:04"
D,TRADING,INTERCONNECTORRES,2,"2025/05/29 01:55:00",1,VIC1-NSW1,23,464.41,442,27.34,"2025/05/29 01:50:04"
I,TRADING,PRICE,3,SETTLEMENTDATE,RUNNO,REGIONID,PERIODID,RRP,EEP,INVALIDFLAG,LASTCHANGED,ROP,RAISE6SECRRP,RAISE6SECROP,RAISE60SECRRP,RAISE60SECROP,RAISE5MINRRP,RAISE5MINROP,RAISEREGRRP,RAISEREGROP,LOWER6SECRRP,LOWER6SECROP,LOWER60SECRRP,LOWER60SECROP,LOWER5MINRRP,LOWER5MINROP,LOWERREGRRP,LOWERREGROP,RAISE1SECRRP,RAISE1SECROP,LOWER1SECRRP,LOWER1SECROP,PRICE_STATUS
D,TRADING,PRICE,3,"2025/05/29 01:55:00",1,SA1,23,65.72,0,0,"2025/05/29 01:50:04",65.72,0.23,0.23,0.1,0.1,0.1,0.1,1,1,0.38,0.38,0.39,0.39,0.1,0.1,0.1,0.1,0.37,0.37,0,0,FIRM
D,TRADING,PRICE,3,"2025/05/29 01:55:00",1,NSW1,23,65.7,0,0,"2025/05/29 01:50:04",65.7,0.23,0.23,0.1,0.1,0.1,0.1,1,1,0.38,0.38,0.39,0.39,0.1,0.1,0.1,0.1,0.37,0.37,0,0,FIRM
D,TRADING,PRICE,3,"2025/05/29 01:55:00",1,QLD1,23,61.02,0,0,"2025/05/29 01:50:04",61.02,0.23,0.23,0.1,0.1,0.1,0.1,1,1,0.38,0.38,0.39,0.39,0.1,0.1,0.1,0.1,0.37,0.37,0,0,FIRM
D,TRADING,PRICE,3,"2025/05/29 01:55:00",1,TAS1,23,100.24,0,0,"2025/05/29 01:50:04",100.24,0.38,0.38,0.38,0.38,0.38,0.38,8.4,8.4,0.38,0.38,0.38,0.38,0,0,2.48,2.48,0.37,0.37,0,0,FIRM
D,TRADING,PRICE,3,"2025/05/29 01:55:00",1,VIC1,23,59.4,0,0,"2025/05/29 01:50:04",59.4,0.23,0.23,0.1,0.1,0.1,0.1,1,1,0.38,0.38,0.39,0.39,0.1,0.1,0.1,0.1,0.37,0.37,0,0,FIRM
C,"END OF REPORT",15
