C,NEMP.WORLD,TRADINGIS,AEMO,PUBLIC,2025/05/31,02:35:10,0000000465616339,TRADINGIS,0000000465616338
I,TRADING,INTERCONNECTORRES,2,SETTLEMENTDATE,RUNNO,INTERCONNECTORID,PERIODID,METEREDMWFLOW,MWFLOW,MWLOSSES,LASTCHANGED
D,TRADING,INTERCONNECTORRES,2,"2025/05/31 02:40:00",1,N-Q-MNSP1,32,-32.8,-33,1.59,"2025/05/31 02:35:03"
D,TRADING,INTERCONNECTORRES,2,"2025/05/31 02:40:00",1,NSW1-QLD1,32,-894.8,-855.31,67.41,"2025/05/31 02:35:03"
D,TRADING,INTERCONNECTORRES,2,"2025/05/31 02:40:00",1,T-V-MNSP1,32,-476.8,-478,25.62,"2025/05/31 02:35:03"
D,TRADING,INTERCONNECTORRES,2,"2025/05/31 02:40:00",1,V-S-MNSP1,32,36,36,-1.09,"2025/05/31 02:35:03"
D,TRADING,INTERCONNECTORRES,2,"2025/05/31 02:40:00",1,V-SA,32,1.82,8.16,0.1,"2025/05/31 02:35:03"
D,TRADING,INTERCONNECTORRES,2,"2025/05/31 02:40:00",1,VIC1-NSW1,32,27.43,18.74,0.63,"2025/05/31 02:35:03"
I,TRADING,PRICE,3,SETTLEMENTDATE,RUNNO,REGIONID,PERIODID,RRP,EEP,INVALIDFLAG,LASTCHANGED,ROP,RAISE6SECRRP,RAISE6SECROP,RAISE60SECRRP,RAISE60SECROP,RAISE5MINRRP,RAISE5MINROP,RAISEREGRRP,RAISEREGROP,LOWER6SECRRP,LOWER6SECROP,LOWER60SECRRP,LOWER60SECROP,LOWER5MINRRP,LOWER5MINROP,LOWERREGRRP,LOWERREGROP,RAISE1SECRRP,RAISE1SECROP,LOWER1SECRRP,LOWER1SECROP,PRICE_STATUS
D,TRADING,PRICE,3,"2025/05/31 02:40:00",1,SA1,32,108.7,0,0,"2025/05/31 02:35:03",108.7,0.23,0.23,0.1,0.1,0.1,0.1,5.99,5.99,0.39,0.39,0.45,0.45,0.1,0.1,3.7,3.7,0.81,0.81,0,0,FIRM
D,TRADING,PRICE,3,"2025/05/31 02:40:00",1,NSW1,32,111.26,0,0,"2025/05/31 02:35:03",111.26,0.23,0.23,0.1,0.1,0.1,0.1,5.99,5.99,0.39,0.39,0.45,0.45,0.1,0.1,3.7,3.7,0.81,0.81,0,0,FIRM
D,TRADING,PRICE,3,"2025/05/31 02:40:00",1,QLD1,32,95,0,0,"2025/05/31 02:35:03",95,0.23,0.23,0.1,0.1,0.1,0.1,5.99,5.99,0.39,0.39,0.45,0.45,0.1,0.1,3.7,3.7,0.81,0.81,0,0,FIRM
D,TRADING,PRICE,3,"2025/05/31 02:40:00",1,TAS1,32,140.02,0,0,"2025/05/31 02:35:03",140.02,0.38,0.38,0.38,0.38,0.36,0.36,6.24,6.24,0.38,0.38,0.38,0.38,0,0,2.48,2.48,0.81,0.81,0,0,FIRM
D,TRADING,PRICE,3,"2025/05/31 02:40:00",1,VIC1,32,107.44,0,0,"2025/05/31 02:35:03",107.44,0.23,0.23,0.1,0.1,0.1,0.1,5.99,5.99,0.39,0.39,0.45,0.45,0.1,0.1,3.7,3.7,0.81,0.81,0,0,FIRM
C,"END OF REPORT",15
