C,NEMP.WORLD,TRADINGIS,AEMO,PUBLIC,2025/05/29,05:40:11,0000000465345562,TRADINGIS,0000000465345561
I,TRADING,INTERCONNECTORRES,2,SETTLEMENTDATE,RUNNO,INTERCONNECTORID,PERIODID,METEREDMWFLOW,MWFLOW,MWLOSSES,LASTCHANGED
D,TRADING,INTERCONNECTORRES,2,"2025/05/29 05:45:00",1,N-Q-MNSP1,69,-17.5,-17,0.07,"2025/05/29 05:40:03"
D,TRADING,INTERCONNECTORRES,2,"2025/05/29 05:45:00",1,NSW1-QLD1,69,-388.5,-434.33,11.28,"2025/05/29 05:40:03"
D,TRADING,INTERCONNECTORRES,2,"2025/05/29 05:45:00",1,T-V-MNSP1,69,-421.8,-438,21.66,"2025/05/29 05:40:03"
D,TRADING,INTERCONNECTORRES,2,"2025/05/29 05:45:00",1,V-S-MNSP1,69,45,45,-0.87,"2025/05/29 05:40:03"
D,TRADING,INTERCONNECTORRES,2,"2025/05/29 05:45:00",1,V-SA,69,175.45,185.49,4.58,"2025/05/29 05:40:03"
D,TRADING,INTERCONNECTORRES,2,"2025/05/29 05:45:00",1,VIC1-NSW1,69,200.97,114.49,4.74,"2025/05/29 05:40:03"
I,TRADING,PRICE,3,SETTLEMENTDATE,RUNNO,REGIONID,PERIODID,RRP,EEP,INVALIDFLAG,LASTCHANGED,ROP,RAISE6SECRRP,RAISE6SECROP,RAISE60SECRRP,RAISE60SECROP,RAISE5MINRRP,RAISE5MINROP,RAISEREGRRP,RAISEREGROP,LOWER6SECRRP,LOWER6SECROP,LOWER60SECRRP,LOWER60SECROP,LOWER5MINRRP,LOWER5MINROP,LOWERREGRRP,LOWERREGROP,RAISE1SECRRP,RAISE1SECROP,LOWER1SECRRP,LOWER1SECROP,PRICE_STATUS
D,TRADING,PRICE,3,"2025/05/29 05:45:00",1,SA1,69,88.64,0,0,"2025/05/29 05:40:03",88.64,0.37,0.37,0.1,0.1,0.15,0.15,5.99,5.99,0.1,0.1,0.38,0.38,0.1,0.1,4.94,4.94,0.38,0.38,0,0,FIRM
D,TRADING,PRICE,3,"2025/05/29 05:45:00",1,NSW1,69,89.34,0,0,"2025/05/29 05:40:03",89.34,0.37,0.37,0.1,0.1,0.15,0.15,5.99,5.99,0.1,0.1,0.38,0.38,0.1,0.1,4.94,4.94,0.38,0.38,0,0,FIRM
D,TRADING,PRICE,3,"2025/05/29 05:45:00",1,QLD1,69,83.56,0,0,"2025/05/29 05:40:03",83.56,0.37,0.37,0.1,0.1,0.15,0.15,5.99,5.99,0.1,0.1,0.38,0.38,0.1,0.1,4.94,4.94,0.38,0.38,0,0,FIRM
D,TRADING,PRICE,3,"2025/05/29 05:45:00",1,TAS1,69,100.24,0,0,"2025/05/29 05:40:03",100.24,0.38,0.38,0.38,0.38,0.38,0.38,7.54,7.54,0.1,0.1,0.38,0.38,0,0,2.46,2.46,0.38,0.38,0,0,FIRM
D,TRADING,PRICE,3,"2025/05/29 05:45:00",1,VIC1,69,84.82,0,0,"2025/05/29 05:40:03",84.82,0.37,0.37,0.1,0.1,0.15,0.15,5.99,5.99,0.1,0.1,0.38,0.38,0.1,0.1,4.94,4.94,0.38,0.38,0,0,FIRM
C,"END OF REPORT",15
