C,NEMP.WORLD,TRADINGIS,AEMO,PUBLIC,2025/05/29,12:20:10,0000000465385019,TRADINGIS,0000000465385018
I,TRADING,INTERCONNECTORRES,2,SETTLEMENTDATE,RUNNO,INTERCONNECTORID,PERIODID,METEREDMWFLOW,MWFLOW,MWLOSSES,LASTCHANGED
D,TRADING,INTERCONNECTORRES,2,"2025/05/29 12:25:00",1,N-Q-MNSP1,149,-20.9,-25,0.65,"2025/05/29 12:20:03"
D,TRADING,INTERCONNECTORRES,2,"2025/05/29 12:25:00",1,NSW1-QLD1,149,-571.3,-527,24.78,"2025/05/29 12:20:03"
D,TRADING,INTERCONNECTORRES,2,"2025/05/29 12:25:00",1,T-V-MNSP1,149,-441.3,-462.41,24.04,"2025/05/29 12:20:03"
D,TRADING,INTERCONNECTORRES,2,"2025/05/29 12:25:00",1,V-S-MNSP1,149,9,9,-0.56,"2025/05/29 12:20:03"
D,TRADING,INTERCONNECTORRES,2,"2025/05/29 12:25:00",1,V-SA,149,-71.78,-74.18,3.18,"2025/05/29 12:20:03"
D,TRADING,INTERCONNECTORRES,2,"2025/05/29 12:25:00",1,VIC1-NSW1,149,71.6,21.8,1.71,"2025/05/29 12:20:03"
I,TRADING,PRICE,3,SETTLEMENTDATE,RUNNO,REGIONID,PERIODID,RRP,EEP,INVALIDFLAG,LASTCHANGED,ROP,RAISE6SECRRP,RAISE6SECROP,RAISE60SECRRP,RAISE60SECROP,RAISE5MINRRP,RAISE5MINROP,RAISEREGRRP,RAISEREGROP,LOWER6SECRRP,LOWER6SECROP,LOWER60SECRRP,LOWER60SECROP,LOWER5MINRRP,LOWER5MINROP,LOWERREGRRP,LOWERREGROP,RAISE1SECRRP,RAISE1SECROP,LOWER1SECRRP,LOWER1SECROP,PRICE_STATUS
D,TRADING,PRICE,3,"2025/05/29 12:25:00",1,SA1,149,67.07,0,0,"2025/05/29 12:20:03",67.07,0.1,0.1,0.04,0.04,0.04,0.04,5.99,5.99,0,0,0.38,0.38,0.38,0.38,2,2,0.04,0.04,0,0,FIRM
D,TRADING,PRICE,3,"2025/05/29 12:25:00",1,NSW1,149,76.58,0,0,"2025/05/29 12:20:03",76.58,0.1,0.1,0.04,0.04,0.04,0.04,5.99,5.99,0,0,0.38,0.38,0.38,0.38,2,2,0.04,0.04,0,0,FIRM
D,TRADING,PRICE,3,"2025/05/29 12:25:00",1,QLD1,149,54.76,0,0,"2025/05/29 12:20:03",54.76,0.1,0.1,0.04,0.04,0.04,0.04,5.99,5.99,7.89,7.89,7.89,7.89,0.38,0.38,2,2,0.04,0.04,0,0,FIRM
D,TRADING,PRICE,3,"2025/05/29 12:25:00",1,TAS1,149,102.04,0,0,"2025/05/29 12:20:03",102.04,0.38,0.38,0.38,0.38,0.38,0.38,8.54,8.54,0,0,0.38,0.38,0,0,2.46,2.46,0.04,0.04,0,0,FIRM
D,TRADING,PRICE,3,"2025/05/29 12:25:00",1,VIC1,149,70.67,0,0,"2025/05/29 12:20:03",70.67,0.1,0.1,0.04,0.04,0.04,0.04,5.99,5.99,0,0,0.38,0.38,0.38,0.38,2,2,0.04,0.04,0,0,FIRM
C,"END OF REPORT",15
