C,NEMP.WORLD,TRADINGIS,AEMO,PUBLIC,2025/05/29,14:35:10,0000000465399433,TRADINGIS,0000000465399432
I,TRADING,INTERCONNECTORRES,2,SETTLEMENTDATE,RUNNO,INTERCONNECTORID,PERIODID,METEREDMWFLOW,MWFLOW,MWLOSSES,LASTCHANGED
D,TRADING,INTERCONNECTORRES,2,"2025/05/29 14:40:00",1,N-Q-MNSP1,176,-12.8,-9,-0.16,"2025/05/29 14:35:03"
D,TRADING,INTERCONNECTORRES,2,"2025/05/29 14:40:00",1,NSW1-QLD1,176,-29.5,-151.55,-2.31,"2025/05/29 14:35:03"
D,TRADING,INTERCONNECTORRES,2,"2025/05/29 14:40:00",1,T-V-MNSP1,176,-423,-478,25.62,"2025/05/29 14:35:03"
D,TRADING,INTERCONNECTORRES,2,"2025/05/29 14:40:00",1,V-S-MNSP1,176,5,1.54,-0.1,"2025/05/29 14:35:03"
D,TRADING,INTERCONNECTORRES,2,"2025/05/29 14:40:00",1,V-SA,176,-191.05,-136,6.42,"2025/05/29 14:35:03"
D,TRADING,INTERCONNECTORRES,2,"2025/05/29 14:40:00",1,VIC1-NSW1,176,720.27,488.34,55.94,"2025/05/29 14:35:03"
I,TRADING,PRICE,3,SETTLEMENTDATE,RUNNO,REGIONID,PERIODID,RRP,EEP,INVALIDFLAG,LASTCHANGED,ROP,RAISE6SECRRP,RAISE6SECROP,RAISE60SECRRP,RAISE60SECROP,RAISE5MINRRP,RAISE5MINROP,RAISEREGRRP,RAISEREGROP,LOWER6SECRRP,LOWER6SECROP,LOWER60SECRRP,LOWER60SECROP,LOWER5MINRRP,LOWER5MINROP,LOWERREGRRP,LOWERREGROP,RAISE1SECRRP,RAISE1SECROP,LOWER1SECRRP,LOWER1SECROP,PRICE_STATUS
D,TRADING,PRICE,3,"2025/05/29 14:40:00",1,SA1,176,18.75,0,0,"2025/05/29 14:35:03",18.75,0.23,0.23,0.1,0.1,0.1,0.1,5.99,5.99,0.14,0.14,0.38,0.38,0.2,0.2,0.2,0.2,0.81,0.81,0,0,FIRM
D,TRADING,PRICE,3,"2025/05/29 14:40:00",1,NSW1,176,209.09,0,0,"2025/05/29 14:35:03",209.09,0.23,0.23,0.1,0.1,0.1,0.1,5.99,5.99,0.14,0.14,0.38,0.38,0.2,0.2,0.2,0.2,0.81,0.81,0,0,FIRM
D,TRADING,PRICE,3,"2025/05/29 14:40:00",1,QLD1,176,210,0,0,"2025/05/29 14:35:03",210,0.23,0.23,0.1,0.1,0.1,0.1,5.99,5.99,0.14,0.14,0.38,0.38,0.2,0.2,0.2,0.2,0.81,0.81,0,0,FIRM
D,TRADING,PRICE,3,"2025/05/29 14:40:00",1,TAS1,176,75.13,0,0,"2025/05/29 14:35:03",75.13,0.38,0.38,0.38,0.38,0.38,0.38,7.54,7.54,0.14,0.14,0.38,0.38,0,0,2.46,2.46,0.81,0.81,0,0,FIRM
D,TRADING,PRICE,3,"2025/05/29 14:40:00",1,VIC1,176,19.98,0,0,"2025/05/29 14:35:03",19.98,0.23,0.23,0.1,0.1,0.1,0.1,5.99,5.99,0.14,0.14,0.38,0.38,0.2,0.2,0.2,0.2,0.81,0.81,0,0,FIRM
C,"END OF REPORT",15
