C,NEMP.WORLD,TRADINGIS,AEMO,PUBLIC,2025/05/28,01:25:11,0000000465177022,TRADINGIS,0000000465177021
I,TRADING,INTERCONNECTORRES,2,SETTLEMENTDATE,RUNNO,INTERCONNECTORID,PERIODID,METEREDMWFLOW,MWFLOW,MWLOSSES,LASTCHANGED
D,TRADING,INTERCONNECTORRES,2,"2025/05/28 01:30:00",1,N-Q-MNSP1,18,-11,-9,-0.16,"2025/05/28 01:25:03"
D,TRADING,INTERCONNECTORRES,2,"2025/05/28 01:30:00",1,NSW1-QLD1,18,-59.8,-10.82,-0.02,"2025/05/28 01:25:03"
D,TRADING,INTERCONNECTORRES,2,"2025/05/28 01:30:00",1,T-V-MNSP1,18,-426.1,-477.9,25.61,"2025/05/28 01:25:03"
D,TRADING,INTERCONNECTORRES,2,"2025/05/28 01:30:00",1,V-S-MNSP1,18,173,172.95,23.34,"2025/05/28 01:25:03"
D,TRADING,INTERCONNECTORRES,2,"2025/05/28 01:30:00",1,V-SA,18,574.81,572.17,45.26,"2025/05/28 01:25:03"
D,TRADING,INTERCONNECTORRES,2,"2025/05/28 01:30:00",1,VIC1-NSW1,18,617.17,646.53,50.6,"2025/05/28 01:25:03"
I,TRADING,PRICE,3,SETTLEMENTDATE,RUNNO,REGIONID,PERIODID,RRP,EEP,INVALIDFLAG,LASTCHANGED,ROP,RAISE6SECRRP,RAISE6SECROP,RAISE60SECRRP,RAISE60SECROP,RAISE5MINRRP,RAISE5MINROP,RAISEREGRRP,RAISEREGROP,LOWER6SECRRP,LOWER6SECROP,LOWER60SECRRP,LOWER60SECROP,LOWER5MINRRP,LOWER5MINROP,LOWERREGRRP,LOWERREGROP,RAISE1SECRRP,RAISE1SECROP,LOWER1SECRRP,LOWER1SECROP,PRICE_STATUS
D,TRADING,PRICE,3,"2025/05/28 01:30:00",1,SA1,18,138,0,0,"2025/05/28 01:25:03",138,0.37,0.37,0.24,0.24,0.15,0.15,3.38,3.38,0.3,0.3,1,1,0.1,0.1,1,1,0.36,0.36,0,0,FIRM
D,TRADING,PRICE,3,"2025/05/28 01:30:00",1,NSW1,18,55.29,0,0,"2025/05/28 01:25:03",55.29,0.37,0.37,0.24,0.24,0.15,0.15,3.38,3.38,0.3,0.3,1,1,0.1,0.1,1,1,0.36,0.36,0,0,FIRM
D,TRADING,PRICE,3,"2025/05/28 01:30:00",1,QLD1,18,55.37,0,0,"2025/05/28 01:25:03",55.37,0.37,0.37,0.24,0.24,0.15,0.15,3.38,3.38,0.3,0.3,1,1,0.1,0.1,1,1,0.36,0.36,0,0,FIRM
D,TRADING,PRICE,3,"2025/05/28 01:30:00",1,TAS1,18,35.02,0,0,"2025/05/28 01:25:03",35.02,0.38,0.38,0.38,0.38,0.36,0.36,7.4,7.4,0.3,0.3,0.38,0.38,0,0,2.48,2.48,0.36,0.36,0,0,FIRM
D,TRADING,PRICE,3,"2025/05/28 01:30:00",1,VIC1,18,8.95,0,0,"2025/05/28 01:25:03",8.95,0.37,0.37,0.24,0.24,0.15,0.15,3.38,3.38,0.3,0.3,1,1,0.1,0.1,1,1,0.36,0.36,0,0,FIRM
C,"END OF REPORT",15
