C,NEMP.WORLD,TRADINGIS,AEMO,PUBLIC,2025/05/30,21:50:10,0000000465588188,TRADINGIS,0000000465588187
I,TRADING,INTERCONNECTORRES,2,SETTLEMENTDATE,RUNNO,INTERCONNECTORID,PERIODID,METEREDMWFLOW,MWFLOW,MWLOSSES,LASTCHANGED
D,TRADING,INTERCONNECTORRES,2,"2025/05/30 21:55:00",1,N-Q-MNSP1,263,-24.6,-33,1.59,"2025/05/30 21:50:03"
D,TRADING,INTERCONNECTORRES,2,"2025/05/30 21:55:00",1,NSW1-QLD1,263,-835.1,-866.92,38.46,"2025/05/30 21:50:03"
D,TRADING,INTERCONNECTORRES,2,"2025/05/30 21:55:00",1,T-V-MNSP1,263,-183.1,-157.42,3.19,"2025/05/30 21:50:03"
D,TRADING,INTERCONNECTORRES,2,"2025/05/30 21:55:00",1,V-S-MNSP1,263,36,36,-1.09,"2025/05/30 21:50:03"
D,TRADING,INTERCONNECTORRES,2,"2025/05/30 21:55:00",1,V-SA,263,-16.24,-17,-0.09,"2025/05/30 21:50:03"
D,TRADING,INTERCONNECTORRES,2,"2025/05/30 21:55:00",1,VIC1-NSW1,263,44.23,81.87,1.71,"2025/05/30 21:50:03"
I,TRADING,PRICE,3,SETTLEMENTDATE,RUNNO,REGIONID,PERIODID,RRP,EEP,INVALIDFLAG,LASTCHANGED,ROP,RAISE6SECRRP,RAISE6SECROP,RAISE60SECRRP,RAISE60SECROP,RAISE5MINRRP,RAISE5MINROP,RAISEREGRRP,RAISEREGROP,LOWER6SECRRP,LOWER6SECROP,LOWER60SECRRP,LOWER60SECROP,LOWER5MINRRP,LOWER5MINROP,LOWERREGRRP,LOWERREGROP,RAISE1SECRRP,RAISE1SECROP,LOWER1SECRRP,LOWER1SECROP,PRICE_STATUS
D,TRADING,PRICE,3,"2025/05/30 21:55:00",1,SA1,263,138,0,0,"2025/05/30 21:50:03",138,0.38,0.38,0.15,0.15,0.15,0.15,9.56,9.56,0.1,0.1,0.38,0.38,0.1,0.1,1.49,1.49,0.36,0.36,0,0,FIRM
D,TRADING,PRICE,3,"2025/05/30 21:55:00",1,NSW1,263,141.04,0,0,"2025/05/30 21:50:03",141.04,0.38,0.38,0.15,0.15,0.15,0.15,9.56,9.56,0.1,0.1,0.38,0.38,0.1,0.1,1.49,1.49,0.36,0.36,0,0,FIRM
D,TRADING,PRICE,3,"2025/05/30 21:55:00",1,QLD1,263,124.96,0,0,"2025/05/30 21:50:03",124.96,0.38,0.38,0.15,0.15,0.15,0.15,9.56,9.56,0.1,0.1,0.38,0.38,0.1,0.1,1.49,1.49,0.36,0.36,0,0,FIRM
D,TRADING,PRICE,3,"2025/05/30 21:55:00",1,TAS1,263,140.22,0,0,"2025/05/30 21:50:03",140.22,0.38,0.38,0.36,0.36,0.15,0.15,6.24,6.24,0.38,0.38,0.38,0.38,0.1,0.1,3.48,3.48,0.36,0.36,0,0,FIRM
D,TRADING,PRICE,3,"2025/05/30 21:55:00",1,VIC1,263,137.43,0,0,"2025/05/30 21:50:03",137.43,0.38,0.38,0.15,0.15,0.15,0.15,9.56,9.56,0.1,0.1,0.38,0.38,0.1,0.1,1.49,1.49,0.36,0.36,0,0,FIRM
C,"END OF REPORT",15
