C,NEMP.WORLD,TRADINGIS,AEMO,PUBLIC,2025/05/29,17:00:11,0000000465415007,TRADINGIS,0000000465415006
I,TRADING,INTERCONNECTORRES,2,SETTLEMENTDATE,RUNNO,INTERCONNECTORID,PERIODID,METEREDMWFLOW,MWFLOW,MWLOSSES,LASTCHANGED
D,TRADING,INTERCONNECTORRES,2,"2025/05/29 17:05:00",1,N-Q-MNSP1,205,-33.8,-25,0.65,"2025/05/29 17:00:03"
D,TRADING,INTERCONNECTORRES,2,"2025/05/29 17:05:00",1,NSW1-QLD1,205,-1122.1,-913.96,21.01,"2025/05/29 17:00:03"
D,TRADING,INTERCONNECTORRES,2,"2025/05/29 17:05:00",1,T-V-MNSP1,205,71.4,213.87,3.92,"2025/05/29 17:00:03"
D,TRADING,INTERCONNECTORRES,2,"2025/05/29 17:05:00",1,V-S-MNSP1,205,27,27,-1.11,"2025/05/29 17:00:03"
D,TRADING,INTERCONNECTORRES,2,"2025/05/29 17:05:00",1,V-SA,205,56.56,49.47,-0.24,"2025/05/29 17:00:03"
D,TRADING,INTERCONNECTORRES,2,"2025/05/29 17:05:00",1,VIC1-NSW1,205,-126.73,-26.73,-0.63,"2025/05/29 17:00:03"
I,TRADING,PRICE,3,SETTLEMENTDATE,RUNNO,REGIONID,PERIODID,RRP,EEP,INVALIDFLAG,LASTCHANGED,ROP,RAISE6SECRRP,RAISE6SECROP,RAISE60SECRRP,RAISE60SECROP,RAISE5MINRRP,RAISE5MINROP,RAISEREGRRP,RAISEREGROP,LOWER6SECRRP,LOWER6SECROP,LOWER60SECRRP,LOWER60SECROP,LOWER5MINRRP,LOWER5MINROP,LOWERREGRRP,LOWERREGROP,RAISE1SECRRP,RAISE1SECROP,LOWER1SECRRP,LOWER1SECROP,PRICE_STATUS
D,TRADING,PRICE,3,"2025/05/29 17:05:00",1,SA1,205,108.91,0,0,"2025/05/29 17:00:03",108.91,0.39,0.39,0.38,0.38,0.32,0.32,18,18,0.38,0.38,0.38,0.38,0.38,0.38,9.99,9.99,0.36,0.36,0,0,FIRM
D,TRADING,PRICE,3,"2025/05/29 17:05:00",1,NSW1,205,274.72,0,0,"2025/05/29 17:00:03",274.72,0.39,0.39,0.38,0.38,0.32,0.32,18,18,0.38,0.38,0.38,0.38,0.38,0.38,9.99,9.99,0.36,0.36,0,0,FIRM
D,TRADING,PRICE,3,"2025/05/29 17:05:00",1,QLD1,205,246.81,0,0,"2025/05/29 17:00:03",246.81,0.39,0.39,0.38,0.38,0.32,0.32,18,18,0.38,0.38,0.38,0.38,0.38,0.38,9.99,9.99,0.36,0.36,0,0,FIRM
D,TRADING,PRICE,3,"2025/05/29 17:05:00",1,TAS1,205,102.4,0,0,"2025/05/29 17:00:03",102.4,1.75,1.75,0.38,0.38,0.32,0.32,6.54,6.54,0.38,0.38,0.38,0.38,0.38,0.38,3.46,3.46,0.36,0.36,0,0,FIRM
D,TRADING,PRICE,3,"2025/05/29 17:05:00",1,VIC1,205,109,0,0,"2025/05/29 17:00:03",109,0.39,0.39,0.38,0.38,0.32,0.32,18,18,0.38,0.38,0.38,0.38,0.38,0.38,9.99,9.99,0.36,0.36,0,0,FIRM
C,"END OF REPORT",15
