C,NEMP.WORLD,TRADINGIS,AEMO,PUBLIC,2025/05/28,04:15:10,0000000465193885,TRADINGIS,0000000465193884
I,TRADING,INTERCONNECTORRES,2,SETTLEMENTDATE,RUNNO,INTERCONNECTORID,PERIODID,METEREDMWFLOW,MWFLOW,MWLOSSES,LASTCHANGED
D,TRADING,INTERCONNECTORRES,2,"2025/05/28 04:20:00",1,N-Q-MNSP1,52,-0.2,0,0,"2025/05/28 04:15:03"
D,TRADING,INTERCONNECTORRES,2,"2025/05/28 04:20:00",1,NSW1-QLD1,52,135.4,127.38,1.72,"2025/05/28 04:15:03"
D,TRADING,INTERCONNECTORRES,2,"2025/05/28 04:20:00",1,T-V-MNSP1,52,-394.3,-433.54,21.24,"2025/05/28 04:15:03"
D,TRADING,INTERCONNECTORRES,2,"2025/05/28 04:20:00",1,V-S-MNSP1,52,168,166.38,21.14,"2025/05/28 04:15:03"
D,TRADING,INTERCONNECTORRES,2,"2025/05/28 04:20:00",1,V-SA,52,571.27,564,44.41,"2025/05/28 04:15:03"
D,TRADING,INTERCONNECTORRES,2,"2025/05/28 04:20:00",1,VIC1-NSW1,52,749.88,669.87,56.64,"2025/05/28 04:15:03"
I,TRADING,PRICE,3,SETTLEMENTDATE,RUNNO,REGIONID,PERIODID,RRP,EEP,INVALIDFLAG,LASTCHANGED,ROP,RAISE6SECRRP,RAISE6SECROP,RAISE60SECRRP,RAISE60SECROP,RAISE5MINRRP,RAISE5MINROP,RAISEREGRRP,RAISEREGROP,LOWER6SECRRP,LOWER6SECROP,LOWER60SECRRP,LOWER60SECROP,LOWER5MINRRP,LOWER5MINROP,LOWERREGRRP,LOWERREGROP,RAISE1SECRRP,RAISE1SECROP,LOWER1SECRRP,LOWER1SECROP,PRICE_STATUS
D,TRADING,PRICE,3,"2025/05/28 04:20:00",1,SA1,52,99.45,0,0,"2025/05/28 04:15:03",99.45,0.38,0.38,0.38,0.38,0.32,0.32,3.38,3.38,0.1,0.1,0.38,0.38,0.2,0.2,1.2,1.2,0.36,0.36,0,0,FIRM
D,TRADING,PRICE,3,"2025/05/28 04:20:00",1,NSW1,52,73.85,0,0,"2025/05/28 04:15:03",73.85,0.38,0.38,0.38,0.38,0.32,0.32,3.38,3.38,0.1,0.1,0.38,0.38,0.2,0.2,1.2,1.2,0.36,0.36,0,0,FIRM
D,TRADING,PRICE,3,"2025/05/28 04:20:00",1,QLD1,52,75.83,0,0,"2025/05/28 04:15:03",75.83,0.38,0.38,0.38,0.38,0.32,0.32,3.38,3.38,0.1,0.1,0.38,0.38,0.2,0.2,1.2,1.2,0.36,0.36,0,0,FIRM
D,TRADING,PRICE,3,"2025/05/28 04:20:00",1,TAS1,52,35.1,0,0,"2025/05/28 04:15:03",35.1,0.38,0.38,0.38,0.38,0.32,0.32,7.4,7.4,0.1,0.1,0.38,0.38,0,0,3.48,3.48,0.36,0.36,0,0,FIRM
D,TRADING,PRICE,3,"2025/05/28 04:20:00",1,VIC1,52,12.32,0,0,"2025/05/28 04:15:03",12.32,0.38,0.38,0.38,0.38,0.32,0.32,3.38,3.38,0.1,0.1,0.38,0.38,0.2,0.2,1.2,1.2,0.36,0.36,0,0,FIRM
C,"END OF REPORT",15
