C,NEMP.WORLD,TRADINGIS,AEMO,PUBLIC,2025/05/29,21:30:11,0000000465442471,TRADINGIS,0000000465442470
I,TRADING,INTERCONNECTORRES,2,SETTLEMENTDATE,RUNNO,INTERCONNECTORID,PERIODID,METEREDMWFLOW,MWFLOW,MWLOSSES,LASTCHANGED
D,TRADING,INTERCONNECTORRES,2,"2025/05/29 21:35:00",1,N-Q-MNSP1,259,-8.8,-9,-0.16,"2025/05/29 21:30:03"
D,TRADING,INTERCONNECTORRES,2,"2025/05/29 21:35:00",1,NSW1-QLD1,259,-227.3,-217.06,-4.84,"2025/05/29 21:30:03"
D,TRADING,INTERCONNECTORRES,2,"2025/05/29 21:35:00",1,T-V-MNSP1,259,-276.5,-452.37,23.04,"2025/05/29 21:30:03"
D,TRADING,INTERCONNECTORRES,2,"2025/05/29 21:35:00",1,V-S-MNSP1,259,9,-23.16,2.37,"2025/05/29 21:30:03"
D,TRADING,INTERCONNECTORRES,2,"2025/05/29 21:35:00",1,V-SA,259,-283.67,-355.98,11.75,"2025/05/29 21:30:03"
D,TRADING,INTERCONNECTORRES,2,"2025/05/29 21:35:00",1,VIC1-NSW1,259,71.35,51.34,0.72,"2025/05/29 21:30:03"
I,TRADING,PRICE,3,SETTLEMENTDATE,RUNNO,REGIONID,PERIODID,RRP,EEP,INVALIDFLAG,LASTCHANGED,ROP,RAISE6SECRRP,RAISE6SECROP,RAISE60SECRRP,RAISE60SECROP,RAISE5MINRRP,RAISE5MINROP,RAISEREGRRP,RAISEREGROP,LOWER6SECRRP,LOWER6SECROP,LOWER60SECRRP,LOWER60SECROP,LOWER5MINRRP,LOWER5MINROP,LOWERREGRRP,LOWERREGROP,RAISE1SECRRP,RAISE1SECROP,LOWER1SECRRP,LOWER1SECROP,PRICE_STATUS
D,TRADING,PRICE,3,"2025/05/29 21:35:00",1,SA1,259,96.4,0,0,"2025/05/29 21:30:03",96.4,0.38,0.38,0.15,0.15,0.15,0.15,21,21,0.38,0.38,0.38,0.38,0.38,0.38,6,6,0.37,0.37,0,0,FIRM
D,TRADING,PRICE,3,"2025/05/29 21:35:00",1,NSW1,259,111.43,0,0,"2025/05/29 21:30:03",111.43,0.38,0.38,0.15,0.15,0.15,0.15,21,21,0.38,0.38,0.38,0.38,0.38,0.38,6,6,0.37,0.37,0,0,FIRM
D,TRADING,PRICE,3,"2025/05/29 21:35:00",1,QLD1,259,112.01,0,0,"2025/05/29 21:30:03",112.01,0.38,0.38,0.15,0.15,0.15,0.15,21,21,0.38,0.38,0.38,0.38,0.38,0.38,6,6,0.37,0.37,0,0,FIRM
D,TRADING,PRICE,3,"2025/05/29 21:35:00",1,TAS1,259,124.26,0,0,"2025/05/29 21:30:03",124.26,0.38,0.38,0.38,0.38,0.36,0.36,7.54,7.54,0.38,0.38,0.38,0.38,0,0,3.46,3.46,0.37,0.37,0,0,FIRM
D,TRADING,PRICE,3,"2025/05/29 21:35:00",1,VIC1,259,109,0,0,"2025/05/29 21:30:03",109,0.38,0.38,0.15,0.15,0.15,0.15,21,21,0.38,0.38,0.38,0.38,0.38,0.38,6,6,0.37,0.37,0,0,FIRM
C,"END OF REPORT",15
