C,NEMP.WORLD,TRADINGIS,AEMO,PUBLIC,2025/05/27,21:10:10,0000000465151974,TRADINGIS,0000000465151973
I,TRADING,INTERCONNECTORRES,2,SETTLEMENTDATE,RUNNO,INTERCONNECTORID,PERIODID,METEREDMWFLOW,MWFLOW,MWLOSSES,LASTCHANGED
D,TRADING,INTERCONNECTORRES,2,"2025/05/27 21:15:00",1,N-Q-MNSP1,255,-9.8,-3.34,-0.06,"2025/05/27 21:10:03"
D,TRADING,INTERCONNECTORRES,2,"2025/05/27 21:15:00",1,NSW1-QLD1,255,-213.5,-153,-4.66,"2025/05/27 21:10:03"
D,TRADING,INTERCONNECTORRES,2,"2025/05/27 21:15:00",1,T-V-MNSP1,255,-453.6,-478,25.62,"2025/05/27 21:10:03"
D,TRADING,INTERCONNECTORRES,2,"2025/05/27 21:15:00",1,V-S-MNSP1,255,81,81,1.95,"2025/05/27 21:10:03"
D,TRADING,INTERCONNECTORRES,2,"2025/05/27 21:15:00",1,V-SA,255,443.33,471.66,30.45,"2025/05/27 21:10:03"
D,TRADING,INTERCONNECTORRES,2,"2025/05/27 21:15:00",1,VIC1-NSW1,255,-161.5,-150.2,0.64,"2025/05/27 21:10:03"
I,TRADING,PRICE,3,SETTLEMENTDATE,RUNNO,REGIONID,PERIODID,RRP,EEP,INVALIDFLAG,LASTCHANGED,ROP,RAISE6SECRRP,RAISE6SECROP,RAISE60SECRRP,RAISE60SECROP,RAISE5MINRRP,RAISE5MINROP,RAISEREGRRP,RAISEREGROP,LOWER6SECRRP,LOWER6SECROP,LOWER60SECRRP,LOWER60SECROP,LOWER5MINRRP,LOWER5MINROP,LOWERREGRRP,LOWERREGROP,RAISE1SECRRP,RAISE1SECROP,LOWER1SECRRP,LOWER1SECROP,PRICE_STATUS
D,TRADING,PRICE,3,"2025/05/27 21:15:00",1,SA1,255,91.44,0,0,"2025/05/27 21:10:03",91.44,0.23,0.23,0.1,0.1,0.1,0.1,9.25,9.25,0.01,0.01,0.1,0.1,0.01,0.01,7.65,7.65,0.1,0.1,0,0,FIRM
D,TRADING,PRICE,3,"2025/05/27 21:15:00",1,NSW1,255,79.98,0,0,"2025/05/27 21:10:03",79.98,0.23,0.23,0.1,0.1,0.1,0.1,9.25,9.25,0.01,0.01,0.1,0.1,0.01,0.01,7.65,7.65,0.1,0.1,0,0,FIRM
D,TRADING,PRICE,3,"2025/05/27 21:15:00",1,QLD1,255,81.41,0,0,"2025/05/27 21:10:03",81.41,0.23,0.23,0.1,0.1,0.1,0.1,9.25,9.25,0.01,0.01,0.1,0.1,0.01,0.01,7.65,7.65,0.1,0.1,0,0,FIRM
D,TRADING,PRICE,3,"2025/05/27 21:15:00",1,TAS1,255,98.02,0,0,"2025/05/27 21:10:03",98.02,0.38,0.38,0.38,0.38,0.36,0.36,6.4,6.4,0.01,0.01,0.1,0.1,0,0,4.48,4.48,0.1,0.1,0,0,FIRM
D,TRADING,PRICE,3,"2025/05/27 21:15:00",1,VIC1,255,81.46,0,0,"2025/05/27 21:10:03",81.46,0.23,0.23,0.1,0.1,0.1,0.1,9.25,9.25,0.01,0.01,0.1,0.1,0.01,0.01,7.65,7.65,0.1,0.1,0,0,FIRM
C,"END OF REPORT",15
