C,NEMP.WORLD,TRADINGIS,AEMO,PUBLIC,2025/05/29,14:55:17,0000000465401629,TRADINGIS,0000000465401628
I,TRADING,INTERCONNECTORRES,2,SETTLEMENTDATE,RUNNO,INTERCONNECTORID,PERIODID,METEREDMWFLOW,MWFLOW,MWLOSSES,LASTCHANGED
D,TRADING,INTERCONNECTORRES,2,"2025/05/29 15:00:00",1,N-Q-MNSP1,180,-3.9,-9,-0.16,"2025/05/29 14:55:09"
D,TRADING,INTERCONNECTORRES,2,"2025/05/29 15:00:00",1,NSW1-QLD1,180,-72.9,-92.73,-1.91,"2025/05/29 14:55:09"
D,TRADING,INTERCONNECTORRES,2,"2025/05/29 15:00:00",1,T-V-MNSP1,180,-454.2,-478,25.62,"2025/05/29 14:55:09"
D,TRADING,INTERCONNECTORRES,2,"2025/05/29 15:00:00",1,V-S-MNSP1,180,-45,-125,28.04,"2025/05/29 14:55:09"
D,TRADING,INTERCONNECTORRES,2,"2025/05/29 15:00:00",1,V-SA,180,-124.15,-194.68,10.2,"2025/05/29 14:55:09"
D,TRADING,INTERCONNECTORRES,2,"2025/05/29 15:00:00",1,VIC1-NSW1,180,305.37,280.06,26.31,"2025/05/29 14:55:09"
I,TRADING,PRICE,3,SETTLEMENTDATE,RUNNO,REGIONID,PERIODID,RRP,EEP,INVALIDFLAG,LASTCHANGED,ROP,RAISE6SECRRP,RAISE6SECROP,RAISE60SECRRP,RAISE60SECROP,RAISE5MINRRP,RAISE5MINROP,RAISEREGRRP,RAISEREGROP,LOWER6SECRRP,LOWER6SECROP,LOWER60SECRRP,LOWER60SECROP,LOWER5MINRRP,LOWER5MINROP,LOWERREGRRP,LOWERREGROP,RAISE1SECRRP,RAISE1SECROP,LOWER1SECRRP,LOWER1SECROP,PRICE_STATUS
D,TRADING,PRICE,3,"2025/05/29 15:00:00",1,SA1,180,-8.5,0,0,"2025/05/29 14:55:09",-8.5,0.37,0.37,0.1,0.1,0.1,0.1,5.99,5.99,0.38,0.38,0.38,0.38,0.39,0.39,1.49,1.49,0.38,0.38,0,0,FIRM
D,TRADING,PRICE,3,"2025/05/29 15:00:00",1,NSW1,180,161.24,0,0,"2025/05/29 14:55:09",161.24,0.37,0.37,0.1,0.1,0.1,0.1,5.99,5.99,0.38,0.38,0.38,0.38,0.39,0.39,1.49,1.49,0.38,0.38,0,0,FIRM
D,TRADING,PRICE,3,"2025/05/29 15:00:00",1,QLD1,180,162.95,0,0,"2025/05/29 14:55:09",162.95,0.37,0.37,0.1,0.1,0.1,0.1,5.99,5.99,0.38,0.38,0.38,0.38,0.39,0.39,1.49,1.49,0.38,0.38,0,0,FIRM
D,TRADING,PRICE,3,"2025/05/29 15:00:00",1,TAS1,180,75.07,0,0,"2025/05/29 14:55:09",75.07,0.38,0.38,0.38,0.38,0.38,0.38,7.54,7.54,0.38,0.38,0.38,0.38,0,0,2.46,2.46,0.38,0.38,0,0,FIRM
D,TRADING,PRICE,3,"2025/05/29 15:00:00",1,VIC1,180,-9.17,0,0,"2025/05/29 14:55:09",-9.17,0.37,0.37,0.1,0.1,0.1,0.1,5.99,5.99,0.38,0.38,0.38,0.38,0.39,0.39,1.49,1.49,0.38,0.38,0,0,FIRM
C,"END OF REPORT",15
