C,NEMP.WORLD,TRADINGIS,AEMO,PUBLIC,2025/05/27,15:40:16,0000000465117344,TRADINGIS,0000000465117343
I,TRADING,INTERCONNECTORRES,2,SETTLEMENTDATE,RUNNO,INTERCONNECTORID,PERIODID,METEREDMWFLOW,MWFLOW,MWLOSSES,LASTCHANGED
D,TRADING,INTERCONNECTORRES,2,"2025/05/27 15:45:00",1,N-Q-MNSP1,189,-0.4,0,0,"2025/05/27 15:40:08"
D,TRADING,INTERCONNECTORRES,2,"2025/05/27 15:45:00",1,NSW1-QLD1,189,-214.3,-145.98,-4.56,"2025/05/27 15:40:08"
D,TRADING,INTERCONNECTORRES,2,"2025/05/27 15:45:00",1,T-V-MNSP1,189,-429.7,-473.53,25.16,"2025/05/27 15:40:08"
D,TRADING,INTERCONNECTORRES,2,"2025/05/27 15:45:00",1,V-S-MNSP1,189,153,155.49,17.72,"2025/05/27 15:40:08"
D,TRADING,INTERCONNECTORRES,2,"2025/05/27 15:45:00",1,V-SA,189,181.73,203.1,1.26,"2025/05/27 15:40:08"
D,TRADING,INTERCONNECTORRES,2,"2025/05/27 15:45:00",1,VIC1-NSW1,189,36.59,70.52,3.11,"2025/05/27 15:40:08"
I,TRADING,PRICE,3,SETTLEMENTDATE,RUNNO,REGIONID,PERIODID,RRP,EEP,INVALIDFLAG,LASTCHANGED,ROP,RAISE6SECRRP,RAISE6SECROP,RAISE60SECRRP,RAISE60SECROP,RAISE5MINRRP,RAISE5MINROP,RAISEREGRRP,RAISEREGROP,LOWER6SECRRP,LOWER6SECROP,LOWER60SECRRP,LOWER60SECROP,LOWER5MINRRP,LOWER5MINROP,LOWERREGRRP,LOWERREGROP,RAISE1SECRRP,RAISE1SECROP,LOWER1SECRRP,LOWER1SECROP,PRICE_STATUS
D,TRADING,PRICE,3,"2025/05/27 15:45:00",1,SA1,189,-64.23,0,0,"2025/05/27 15:40:08",-64.23,0.1,0.1,0.1,0.1,0.24,0.24,7.6,7.6,0.03,0.03,0.15,0.15,0.1,0.1,0.1,0.1,0.81,0.81,0,0,FIRM
D,TRADING,PRICE,3,"2025/05/27 15:45:00",1,NSW1,189,33.37,0,0,"2025/05/27 15:40:08",33.37,0.1,0.1,0.1,0.1,0.24,0.24,7.6,7.6,0.03,0.03,0.15,0.15,0.1,0.1,0.1,0.1,0.81,0.81,0,0,FIRM
D,TRADING,PRICE,3,"2025/05/27 15:45:00",1,QLD1,189,115.61,0,0,"2025/05/27 15:40:08",115.61,0.37,0.37,0.15,0.15,0.24,0.24,7.6,7.6,0.03,0.03,0.15,0.15,0.1,0.1,0.1,0.1,0.81,0.81,0,0,FIRM
D,TRADING,PRICE,3,"2025/05/27 15:45:00",1,TAS1,189,35.24,0,0,"2025/05/27 15:40:08",35.24,0.38,0.38,0.38,0.38,0.36,0.36,8.4,8.4,0.03,0.03,0.15,0.15,0,0,2.48,2.48,0.81,0.81,0,0,FIRM
D,TRADING,PRICE,3,"2025/05/27 15:45:00",1,VIC1,189,31.73,0,0,"2025/05/27 15:40:08",31.73,0.1,0.1,0.1,0.1,0.24,0.24,7.6,7.6,0.03,0.03,0.15,0.15,0.1,0.1,0.1,0.1,0.81,0.81,0,0,FIRM
C,"END OF REPORT",15
