C,NEMP.WORLD,TRADINGIS,AEMO,PUBLIC,2025/05/29,12:40:11,0000000465387052,TRADINGIS,0000000465387051
I,TRADING,INTERCONNECTORRES,2,SETTLEMENTDATE,RUNNO,INTERCONNECTORID,PERIODID,METEREDMWFLOW,MWFLOW,MWLOSSES,LASTCHANGED
D,TRADING,INTERCONNECTORRES,2,"2025/05/29 12:45:00",1,N-Q-MNSP1,153,-15.5,-17,0.07,"2025/05/29 12:40:03"
D,TRADING,INTERCONNECTORRES,2,"2025/05/29 12:45:00",1,NSW1-QLD1,153,-128.9,-246.96,3.48,"2025/05/29 12:40:03"
D,TRADING,INTERCONNECTORRES,2,"2025/05/29 12:45:00",1,T-V-MNSP1,153,-423.6,-462.43,24.04,"2025/05/29 12:40:03"
D,TRADING,INTERCONNECTORRES,2,"2025/05/29 12:45:00",1,V-S-MNSP1,153,9,0,0,"2025/05/29 12:40:03"
D,TRADING,INTERCONNECTORRES,2,"2025/05/29 12:45:00",1,V-SA,153,-165.75,-131.41,6.47,"2025/05/29 12:40:03"
D,TRADING,INTERCONNECTORRES,2,"2025/05/29 12:45:00",1,VIC1-NSW1,153,190.43,124.64,10.79,"2025/05/29 12:40:03"
I,TRADING,PRICE,3,SETTLEMENTDATE,RUNNO,REGIONID,PERIODID,RRP,EEP,INVALIDFLAG,LASTCHANGED,ROP,RAISE6SECRRP,RAISE6SECROP,RAISE60SECRRP,RAISE60SECROP,RAISE5MINRRP,RAISE5MINROP,RAISEREGRRP,RAISEREGROP,LOWER6SECRRP,LOWER6SECROP,LOWER60SECRRP,LOWER60SECROP,LOWER5MINRRP,LOWER5MINROP,LOWERREGRRP,LOWERREGROP,RAISE1SECRRP,RAISE1SECROP,LOWER1SECRRP,LOWER1SECROP,PRICE_STATUS
D,TRADING,PRICE,3,"2025/05/29 12:45:00",1,SA1,153,70.44,0,0,"2025/05/29 12:40:03",70.44,0.1,0.1,0.04,0.04,0.09,0.09,5.99,5.99,0.38,0.38,0.38,0.38,0.38,0.38,0.38,0.38,0.1,0.1,0,0,FIRM
D,TRADING,PRICE,3,"2025/05/29 12:45:00",1,NSW1,153,82.78,0,0,"2025/05/29 12:40:03",82.78,0.1,0.1,0.04,0.04,0.09,0.09,5.99,5.99,0.38,0.38,0.38,0.38,0.38,0.38,0.38,0.38,0.1,0.1,0,0,FIRM
D,TRADING,PRICE,3,"2025/05/29 12:45:00",1,QLD1,153,79.95,0,0,"2025/05/29 12:40:03",79.95,0.1,0.1,0.04,0.04,0.09,0.09,5.99,5.99,0.38,0.38,0.38,0.38,0.38,0.38,0.38,0.38,0.1,0.1,0,0,FIRM
D,TRADING,PRICE,3,"2025/05/29 12:45:00",1,TAS1,153,101.08,0,0,"2025/05/29 12:40:03",101.08,0.38,0.38,0.38,0.38,0.38,0.38,7.54,7.54,0.38,0.38,0.38,0.38,0,0,2.46,2.46,0.1,0.1,0,0,FIRM
D,TRADING,PRICE,3,"2025/05/29 12:45:00",1,VIC1,153,75.1,0,0,"2025/05/29 12:40:03",75.1,0.1,0.1,0.04,0.04,0.09,0.09,5.99,5.99,0.38,0.38,0.38,0.38,0.38,0.38,0.38,0.38,0.1,0.1,0,0,FIRM
C,"END OF REPORT",15
