C,NEMP.WORLD,TRADINGIS,AEMO,PUBLIC,2025/05/28,01:35:10,0000000465177998,TRADINGIS,0000000465177997
I,TRADING,INTERCONNECTORRES,2,SETTLEMENTDATE,RUNNO,INTERCONNECTORID,PERIODID,METEREDMWFLOW,MWFLOW,MWLOSSES,LASTCHANGED
D,TRADING,INTERCONNECTORRES,2,"2025/05/28 01:40:00",1,N-Q-MNSP1,20,-9.6,-9,-0.16,"2025/05/28 01:35:03"
D,TRADING,INTERCONNECTORRES,2,"2025/05/28 01:40:00",1,NSW1-QLD1,20,56,68.04,0.61,"2025/05/28 01:35:03"
D,TRADING,INTERCONNECTORRES,2,"2025/05/28 01:40:00",1,T-V-MNSP1,20,-399.8,-477.87,25.61,"2025/05/28 01:35:03"
D,TRADING,INTERCONNECTORRES,2,"2025/05/28 01:40:00",1,V-S-MNSP1,20,167,164.97,20.68,"2025/05/28 01:35:03"
D,TRADING,INTERCONNECTORRES,2,"2025/05/28 01:40:00",1,V-SA,20,587.46,570.98,45.52,"2025/05/28 01:35:03"
D,TRADING,INTERCONNECTORRES,2,"2025/05/28 01:40:00",1,VIC1-NSW1,20,702.65,606.37,45.43,"2025/05/28 01:35:03"
I,TRADING,PRICE,3,SETTLEMENTDATE,RUNNO,REGIONID,PERIODID,RRP,EEP,INVALIDFLAG,LASTCHANGED,ROP,RAISE6SECRRP,RAISE6SECROP,RAISE60SECRRP,RAISE60SECROP,RAISE5MINRRP,RAISE5MINROP,RAISEREGRRP,RAISEREGROP,LOWER6SECRRP,LOWER6SECROP,LOWER60SECRRP,LOWER60SECROP,LOWER5MINRRP,LOWER5MINROP,LOWERREGRRP,LOWERREGROP,RAISE1SECRRP,RAISE1SECROP,LOWER1SECRRP,LOWER1SECROP,PRICE_STATUS
D,TRADING,PRICE,3,"2025/05/28 01:40:00",1,SA1,20,50.01,0,0,"2025/05/28 01:35:03",50.01,0.23,0.23,0.15,0.15,0.15,0.15,0.23,0.23,0.39,0.39,1,1,0.2,0.2,0.94,0.94,0.04,0.04,0,0,FIRM
D,TRADING,PRICE,3,"2025/05/28 01:40:00",1,NSW1,20,56.98,0,0,"2025/05/28 01:35:03",56.98,0.23,0.23,0.15,0.15,0.15,0.15,0.23,0.23,0.39,0.39,1,1,0.2,0.2,0.94,0.94,0.04,0.04,0,0,FIRM
D,TRADING,PRICE,3,"2025/05/28 01:40:00",1,QLD1,20,57.84,0,0,"2025/05/28 01:35:03",57.84,0.23,0.23,0.15,0.15,0.15,0.15,0.23,0.23,0.39,0.39,1,1,0.2,0.2,0.94,0.94,0.04,0.04,0,0,FIRM
D,TRADING,PRICE,3,"2025/05/28 01:40:00",1,TAS1,20,35.02,0,0,"2025/05/28 01:35:03",35.02,0.38,0.38,0.38,0.38,0.36,0.36,7.4,7.4,0.38,0.38,0.38,0.38,0,0,3.48,3.48,0.04,0.04,0,0,FIRM
D,TRADING,PRICE,3,"2025/05/28 01:40:00",1,VIC1,20,8.95,0,0,"2025/05/28 01:35:03",8.95,0.23,0.23,0.15,0.15,0.15,0.15,0.23,0.23,0.39,0.39,1,1,0.2,0.2,0.94,0.94,0.04,0.04,0,0,FIRM
C,"END OF REPORT",15
