C,NEMP.WORLD,TRADINGIS,AEMO,PUBLIC,2025/05/26,23:20:15,0000000465014287,TRADINGIS,0000000465014286
I,TRADING,INTERCONNECTORRES,2,SETTLEMENTDATE,RUNNO,INTERCONNECTORID,PERIODID,METEREDMWFLOW,MWFLOW,MWLOSSES,LASTCHANGED
D,TRADING,INTERCONNECTORRES,2,"2025/05/26 23:25:00",1,N-Q-MNSP1,281,8.2,9,0.6,"2025/05/26 23:20:08"
D,TRADING,INTERCONNECTORRES,2,"2025/05/26 23:25:00",1,NSW1-QLD1,281,401.5,416.35,22.87,"2025/05/26 23:20:08"
D,TRADING,INTERCONNECTORRES,2,"2025/05/26 23:25:00",1,T-V-MNSP1,281,-413.3,-452.89,23.09,"2025/05/26 23:20:08"
D,TRADING,INTERCONNECTORRES,2,"2025/05/26 23:25:00",1,V-S-MNSP1,281,-147,-147.25,36.99,"2025/05/26 23:20:08"
D,TRADING,INTERCONNECTORRES,2,"2025/05/26 23:25:00",1,V-SA,281,-353.51,-391.12,12.52,"2025/05/26 23:20:08"
D,TRADING,INTERCONNECTORRES,2,"2025/05/26 23:25:00",1,VIC1-NSW1,281,1144.3,1092.21,121.05,"2025/05/26 23:20:08"
I,TRADING,PRICE,3,SETTLEMENTDATE,RUNNO,REGIONID,PERIODID,RRP,EEP,INVALIDFLAG,LASTCHANGED,ROP,RAISE6SECRRP,RAISE6SECROP,RAISE60SECRRP,RAISE60SECROP,RAISE5MINRRP,RAISE5MINROP,RAISEREGRRP,RAISEREGROP,LOWER6SECRRP,LOWER6SECROP,LOWER60SECRRP,LOWER60SECROP,LOWER5MINRRP,LOWER5MINROP,LOWERREGRRP,LOWERREGROP,RAISE1SECRRP,RAISE1SECROP,LOWER1SECRRP,LOWER1SECROP,PRICE_STATUS
D,TRADING,PRICE,3,"2025/05/26 23:25:00",1,SA1,281,-10.26,0,0,"2025/05/26 23:20:08",-10.26,0.01,0.01,0.01,0.01,0.04,0.04,9.24,9.24,0.1,0.1,0.39,0.39,0,0,0,0,0.1,0.1,0,0,FIRM
D,TRADING,PRICE,3,"2025/05/26 23:25:00",1,NSW1,281,50.06,0,0,"2025/05/26 23:20:08",50.06,0.01,0.01,0.01,0.01,0.04,0.04,9.24,9.24,0.1,0.1,0.39,0.39,0,0,0,0,0.1,0.1,0,0,FIRM
D,TRADING,PRICE,3,"2025/05/26 23:25:00",1,QLD1,281,54.76,0,0,"2025/05/26 23:20:08",54.76,0.01,0.01,0.01,0.01,0.04,0.04,9.24,9.24,0.1,0.1,0.39,0.39,0,0,0,0,0.1,0.1,0,0,FIRM
D,TRADING,PRICE,3,"2025/05/26 23:25:00",1,TAS1,281,11.25,0,0,"2025/05/26 23:20:08",11.25,0.38,0.38,0.38,0.38,0.04,0.04,8.8,8.8,0.1,0.1,0.38,0.38,0,0,3.55,3.55,0.1,0.1,0,0,FIRM
D,TRADING,PRICE,3,"2025/05/26 23:25:00",1,VIC1,281,-11.11,0,0,"2025/05/26 23:20:08",-11.11,0.01,0.01,0.01,0.01,0.04,0.04,9.24,9.24,0.1,0.1,0.39,0.39,0,0,0,0,0.1,0.1,0,0,FIRM
C,"END OF REPORT",15
