C,NEMP.WORLD,TRADINGIS,AEMO,PUBLIC,2025/05/28,22:45:10,0000000465305813,TRADINGIS,0000000465305812
I,TRADING,INTERCONNECTORRES,2,SETTLEMENTDATE,RUNNO,INTERCONNECTORID,PERIODID,METEREDMWFLOW,MWFLOW,MWLOSSES,LASTCHANGED
D,TRADING,INTERCONNECTORRES,2,"2025/05/28 22:50:00",1,N-Q-MNSP1,274,-16.9,-17,0.07,"2025/05/28 22:45:03"
D,TRADING,INTERCONNECTORRES,2,"2025/05/28 22:50:00",1,NSW1-QLD1,274,-506.3,-437.17,5.29,"2025/05/28 22:45:03"
D,TRADING,INTERCONNECTORRES,2,"2025/05/28 22:50:00",1,T-V-MNSP1,274,-463.9,-438,21.66,"2025/05/28 22:45:03"
D,TRADING,INTERCONNECTORRES,2,"2025/05/28 22:50:00",1,V-S-MNSP1,274,45,45,-0.87,"2025/05/28 22:45:03"
D,TRADING,INTERCONNECTORRES,2,"2025/05/28 22:50:00",1,V-SA,274,160.04,142.53,3.14,"2025/05/28 22:45:03"
D,TRADING,INTERCONNECTORRES,2,"2025/05/28 22:50:00",1,VIC1-NSW1,274,265.96,346.42,18.15,"2025/05/28 22:45:03"
I,TRADING,PRICE,3,SETTLEMENTDATE,RUNNO,REGIONID,PERIODID,RRP,EEP,INVALIDFLAG,LASTCHANGED,ROP,RAISE6SECRRP,RAISE6SECROP,RAISE60SECRRP,RAISE60SECROP,RAISE5MINRRP,RAISE5MINROP,RAISEREGRRP,RAISEREGROP,LOWER6SECRRP,LOWER6SECROP,LOWER60SECRRP,LOWER60SECROP,LOWER5MINRRP,LOWER5MINROP,LOWERREGRRP,LOWERREGROP,RAISE1SECRRP,RAISE1SECROP,LOWER1SECRRP,LOWER1SECROP,PRICE_STATUS
D,TRADING,PRICE,3,"2025/05/28 22:50:00",1,SA1,274,99.21,0,0,"2025/05/28 22:45:03",99.21,0.37,0.37,0.1,0.1,0.1,0.1,9.89,9.89,0.1,0.1,0.45,0.45,0.1,0.1,3.59,3.59,0.81,0.81,0,0,FIRM
D,TRADING,PRICE,3,"2025/05/28 22:50:00",1,NSW1,274,103.76,0,0,"2025/05/28 22:45:03",103.76,0.37,0.37,0.1,0.1,0.1,0.1,9.89,9.89,0.1,0.1,0.45,0.45,0.1,0.1,3.59,3.59,0.81,0.81,0,0,FIRM
D,TRADING,PRICE,3,"2025/05/28 22:50:00",1,QLD1,274,98.45,0,0,"2025/05/28 22:45:03",98.45,0.37,0.37,0.1,0.1,0.1,0.1,9.89,9.89,0.1,0.1,0.45,0.45,0.1,0.1,3.59,3.59,0.81,0.81,0,0,FIRM
D,TRADING,PRICE,3,"2025/05/28 22:50:00",1,TAS1,274,150.24,0,0,"2025/05/28 22:45:03",150.24,0.38,0.38,0.38,0.38,0.36,0.36,8.4,8.4,0,0,0,0,0,0,2.48,2.48,0.81,0.81,0,0,FIRM
D,TRADING,PRICE,3,"2025/05/28 22:50:00",1,VIC1,274,95.46,0,0,"2025/05/28 22:45:03",95.46,0.37,0.37,0.1,0.1,0.1,0.1,9.89,9.89,0.1,0.1,0.45,0.45,0.1,0.1,3.59,3.59,0.81,0.81,0,0,FIRM
C,"END OF REPORT",15
