C,NEMP.WORLD,TRADINGIS,AEMO,PUBLIC,2025/05/29,15:30:12,0000000465405442,TRADINGIS,0000000465405441
I,TRADING,INTERCONNECTORRES,2,SETTLEMENTDATE,RUNNO,INTERCONNECTORID,PERIODID,METEREDMWFLOW,MWFLOW,MWLOSSES,LASTCHANGED
D,TRADING,INTERCONNECTORRES,2,"2025/05/29 15:35:00",1,N-Q-MNSP1,187,-19,-9,-0.16,"2025/05/29 15:30:04"
D,TRADING,INTERCONNECTORRES,2,"2025/05/29 15:35:00",1,NSW1-QLD1,187,-151.9,-179.57,-3.81,"2025/05/29 15:30:04"
D,TRADING,INTERCONNECTORRES,2,"2025/05/29 15:35:00",1,T-V-MNSP1,187,-462.1,-478,25.62,"2025/05/29 15:30:04"
D,TRADING,INTERCONNECTORRES,2,"2025/05/29 15:35:00",1,V-S-MNSP1,187,-51,-131,30.35,"2025/05/29 15:30:04"
D,TRADING,INTERCONNECTORRES,2,"2025/05/29 15:35:00",1,V-SA,187,205.82,376.6,7.44,"2025/05/29 15:30:04"
D,TRADING,INTERCONNECTORRES,2,"2025/05/29 15:35:00",1,VIC1-NSW1,187,-1072.75,-1070.25,29.81,"2025/05/29 15:30:04"
I,TRADING,PRICE,3,SETTLEMENTDATE,RUNNO,REGIONID,PERIODID,RRP,EEP,INVALIDFLAG,LASTCHANGED,ROP,RAISE6SECRRP,RAISE6SECROP,RAISE60SECRRP,RAISE60SECROP,RAISE5MINRRP,RAISE5MINROP,RAISEREGRRP,RAISEREGROP,LOWER6SECRRP,LOWER6SECROP,LOWER60SECRRP,LOWER60SECROP,LOWER5MINRRP,LOWER5MINROP,LOWERREGRRP,LOWERREGROP,RAISE1SECRRP,RAISE1SECROP,LOWER1SECRRP,LOWER1SECROP,PRICE_STATUS
D,TRADING,PRICE,3,"2025/05/29 15:35:00",1,SA1,187,-21,0,0,"2025/05/29 15:30:04",-21,0.23,0.23,0.1,0.1,0.1,0.1,7.99,7.99,0.38,0.38,0.39,0.39,0.38,0.38,6,6,0.1,0.1,0,0,FIRM
D,TRADING,PRICE,3,"2025/05/29 15:35:00",1,NSW1,187,101.04,0,0,"2025/05/29 15:30:04",101.04,0.23,0.23,0.1,0.1,0.1,0.1,7.99,7.99,0.38,0.38,0.39,0.39,0.38,0.38,6,6,0.1,0.1,0,0,FIRM
D,TRADING,PRICE,3,"2025/05/29 15:35:00",1,QLD1,187,101.73,0,0,"2025/05/29 15:30:04",101.73,0.23,0.23,0.1,0.1,0.1,0.1,7.99,7.99,0.38,0.38,0.39,0.39,0.38,0.38,6,6,0.1,0.1,0,0,FIRM
D,TRADING,PRICE,3,"2025/05/29 15:35:00",1,TAS1,187,11.06,0,0,"2025/05/29 15:30:04",11.06,0.38,0.38,0.38,0.38,0.38,0.38,7.54,7.54,0.38,0.38,0.38,0.38,0,0,2.46,2.46,0.1,0.1,0,0,FIRM
D,TRADING,PRICE,3,"2025/05/29 15:35:00",1,VIC1,187,-19.97,0,0,"2025/05/29 15:30:04",-19.97,0.23,0.23,0.1,0.1,0.1,0.1,7.99,7.99,0.38,0.38,0.39,0.39,0.38,0.38,6,6,0.1,0.1,0,0,FIRM
C,"END OF REPORT",15
