C,NEMP.WORLD,TRADINGIS,AEMO,PUBLIC,2025/05/27,13:30:15,0000000465102769,TRADINGIS,0000000465102768
I,TRADING,INTERCONNECTORRES,2,SETTLEMENTDATE,RUNNO,INTERCONNECTORID,PERIODID,METEREDMWFLOW,MWFLOW,MWLOSSES,LASTCHANGED
D,TRADING,INTERCONNECTORRES,2,"2025/05/27 13:35:00",1,N-Q-MNSP1,163,98.4,18.4,1.74,"2025/05/27 13:30:08"
D,TRADING,INTERCONNECTORRES,2,"2025/05/27 13:35:00",1,NSW1-QLD1,163,-109.9,12.65,0.09,"2025/05/27 13:30:08"
D,TRADING,INTERCONNECTORRES,2,"2025/05/27 13:35:00",1,T-V-MNSP1,163,-294.2,-477.31,25.55,"2025/05/27 13:30:08"
D,TRADING,INTERCONNECTORRES,2,"2025/05/27 13:35:00",1,V-S-MNSP1,163,165,166.04,21.03,"2025/05/27 13:30:08"
D,TRADING,INTERCONNECTORRES,2,"2025/05/27 13:35:00",1,V-SA,163,53.75,46.36,-1.17,"2025/05/27 13:30:08"
D,TRADING,INTERCONNECTORRES,2,"2025/05/27 13:35:00",1,VIC1-NSW1,163,441.22,145.2,10.21,"2025/05/27 13:30:08"
I,TRADING,PRICE,3,SETTLEMENTDATE,RUNNO,REGIONID,PERIODID,RRP,EEP,INVALIDFLAG,LASTCHANGED,ROP,RAISE6SECRRP,RAISE6SECROP,RAISE60SECRRP,RAISE60SECROP,RAISE5MINRRP,RAISE5MINROP,RAISEREGRRP,RAISEREGROP,LOWER6SECRRP,LOWER6SECROP,LOWER60SECRRP,LOWER60SECROP,LOWER5MINRRP,LOWER5MINROP,LOWERREGRRP,LOWERREGROP,RAISE1SECRRP,RAISE1SECROP,LOWER1SECRRP,LOWER1SECROP,PRICE_STATUS
D,TRADING,PRICE,3,"2025/05/27 13:35:00",1,SA1,163,-84.67,0,0,"2025/05/27 13:30:08",-84.67,0.1,0.1,0.1,0.1,0.1,0.1,9.24,9.24,0.94,0.94,1.44,1.44,0.39,0.39,3.7,3.7,0.17,0.17,0.04,0.04,FIRM
D,TRADING,PRICE,3,"2025/05/27 13:35:00",1,NSW1,163,7.46,0,0,"2025/05/27 13:30:08",7.46,0.1,0.1,0.1,0.1,0.1,0.1,9.24,9.24,0.94,0.94,1.44,1.44,0.39,0.39,3.7,3.7,0.17,0.17,0.04,0.04,FIRM
D,TRADING,PRICE,3,"2025/05/27 13:35:00",1,QLD1,163,34.75,0,0,"2025/05/27 13:30:08",34.75,0.1,0.1,0.1,0.1,0.15,0.15,9.29,9.29,0.94,0.94,1.44,1.44,0.39,0.39,3.7,3.7,0.17,0.17,0.04,0.04,FIRM
D,TRADING,PRICE,3,"2025/05/27 13:35:00",1,TAS1,163,13.98,0,0,"2025/05/27 13:30:08",13.98,0.38,0.38,0.38,0.38,0.36,0.36,9.4,9.4,0.38,0.38,0,0,0,0,3.48,3.48,0.17,0.17,0,0,FIRM
D,TRADING,PRICE,3,"2025/05/27 13:35:00",1,VIC1,163,6.83,0,0,"2025/05/27 13:30:08",6.83,0.1,0.1,0.1,0.1,0.1,0.1,9.24,9.24,0.94,0.94,1.44,1.44,0.39,0.39,3.7,3.7,0.17,0.17,0.04,0.04,FIRM
C,"END OF REPORT",15
