C,NEMP.WORLD,TRADINGIS,AEMO,PUBLIC,2025/05/28,15:15:11,0000000465260610,TRADINGIS,0000000465260609
I,TRADING,INTERCONNECTORRES,2,SETTLEMENTDATE,RUNNO,INTERCONNECTORID,PERIODID,METEREDMWFLOW,MWFLOW,MWLOSSES,LASTCHANGED
D,TRADING,INTERCONNECTORRES,2,"2025/05/28 15:20:00",1,N-Q-MNSP1,184,-19.2,-17,0.07,"2025/05/28 15:15:03"
D,TRADING,INTERCONNECTORRES,2,"2025/05/28 15:20:00",1,NSW1-QLD1,184,-250.1,-446.99,8.15,"2025/05/28 15:15:03"
D,TRADING,INTERCONNECTORRES,2,"2025/05/28 15:20:00",1,T-V-MNSP1,184,-393.7,-303.95,10.8,"2025/05/28 15:15:03"
D,TRADING,INTERCONNECTORRES,2,"2025/05/28 15:20:00",1,V-S-MNSP1,184,63,63,0.15,"2025/05/28 15:15:03"
D,TRADING,INTERCONNECTORRES,2,"2025/05/28 15:20:00",1,V-SA,184,435.12,450.45,13.64,"2025/05/28 15:15:03"
D,TRADING,INTERCONNECTORRES,2,"2025/05/28 15:20:00",1,VIC1-NSW1,184,-476.54,-525.1,-0.97,"2025/05/28 15:15:03"
I,TRADING,PRICE,3,SETTLEMENTDATE,RUNNO,REGIONID,PERIODID,RRP,EEP,INVALIDFLAG,LASTCHANGED,ROP,RAISE6SECRRP,RAISE6SECROP,RAISE60SECRRP,RAISE60SECROP,RAISE5MINRRP,RAISE5MINROP,RAISEREGRRP,RAISEREGROP,LOWER6SECRRP,LOWER6SECROP,LOWER60SECRRP,LOWER60SECROP,LOWER5MINRRP,LOWER5MINROP,LOWERREGRRP,LOWERREGROP,RAISE1SECRRP,RAISE1SECROP,LOWER1SECRRP,LOWER1SECROP,PRICE_STATUS
D,TRADING,PRICE,3,"2025/05/28 15:20:00",1,SA1,184,154.91,0,0,"2025/05/28 15:15:03",154.91,0.38,0.38,0.1,0.1,0.1,0.1,5.99,5.99,0,0,0.38,0.38,0.38,0.38,15.17,15.17,0.81,0.81,0,0,FIRM
D,TRADING,PRICE,3,"2025/05/28 15:20:00",1,NSW1,184,57.01,0,0,"2025/05/28 15:15:03",57.01,0.38,0.38,0.1,0.1,0.1,0.1,5.99,5.99,0,0,0.38,0.38,0.38,0.38,15.17,15.17,0.81,0.81,0,0,FIRM
D,TRADING,PRICE,3,"2025/05/28 15:20:00",1,QLD1,184,52.02,0,0,"2025/05/28 15:15:03",52.02,0.38,0.38,0.1,0.1,0.1,0.1,5.99,5.99,1.83,1.83,0.38,0.38,0.38,0.38,15.17,15.17,0.81,0.81,0,0,FIRM
D,TRADING,PRICE,3,"2025/05/28 15:20:00",1,TAS1,184,150.24,0,0,"2025/05/28 15:15:03",150.24,0.38,0.38,0.38,0.38,0.1,0.1,7.4,7.4,0,0,0.38,0.38,0.38,0.38,2.48,2.48,0.81,0.81,0,0,FIRM
D,TRADING,PRICE,3,"2025/05/28 15:20:00",1,VIC1,184,142.86,0,0,"2025/05/28 15:15:03",142.86,0.38,0.38,0.1,0.1,0.1,0.1,5.99,5.99,0,0,0.38,0.38,0.38,0.38,15.17,15.17,0.81,0.81,0,0,FIRM
C,"END OF REPORT",15
