C,NEMP.WORLD,TRADINGIS,AEMO,PUBLIC,2025/05/29,05:25:10,0000000465344241,TRADINGIS,0000000465344240
I,TRADING,INTERCONNECTORRES,2,SETTLEMENTDATE,RUNNO,INTERCONNECTORID,PERIODID,METEREDMWFLOW,MWFLOW,MWLOSSES,LASTCHANGED
D,TRADING,INTERCONNECTORRES,2,"2025/05/29 05:30:00",1,N-Q-MNSP1,66,-18,-17,0.07,"2025/05/29 05:25:03"
D,TRADING,INTERCONNECTORRES,2,"2025/05/29 05:30:00",1,NSW1-QLD1,66,-342.2,-294.13,4.58,"2025/05/29 05:25:03"
D,TRADING,INTERCONNECTORRES,2,"2025/05/29 05:30:00",1,T-V-MNSP1,66,-413.9,-438,21.66,"2025/05/29 05:25:03"
D,TRADING,INTERCONNECTORRES,2,"2025/05/29 05:30:00",1,V-S-MNSP1,66,45,45,-0.87,"2025/05/29 05:25:03"
D,TRADING,INTERCONNECTORRES,2,"2025/05/29 05:30:00",1,V-SA,66,147.37,125.41,2.09,"2025/05/29 05:25:03"
D,TRADING,INTERCONNECTORRES,2,"2025/05/29 05:30:00",1,VIC1-NSW1,66,350.93,309.86,18.74,"2025/05/29 05:25:03"
I,TRADING,PRICE,3,SETTLEMENTDATE,RUNNO,REGIONID,PERIODID,RRP,EEP,INVALIDFLAG,LASTCHANGED,ROP,RAISE6SECRRP,RAISE6SECROP,RAISE60SECRRP,RAISE60SECROP,RAISE5MINRRP,RAISE5MINROP,RAISEREGRRP,RAISEREGROP,LOWER6SECRRP,LOWER6SECROP,LOWER60SECRRP,LOWER60SECROP,LOWER5MINRRP,LOWER5MINROP,LOWERREGRRP,LOWERREGROP,RAISE1SECRRP,RAISE1SECROP,LOWER1SECRRP,LOWER1SECROP,PRICE_STATUS
D,TRADING,PRICE,3,"2025/05/29 05:30:00",1,SA1,66,80.22,0,0,"2025/05/29 05:25:03",80.22,0.23,0.23,0.1,0.1,0.1,0.1,18.65,18.65,0.38,0.38,0.39,0.39,0.1,0.1,0.7,0.7,0.38,0.38,0,0,FIRM
D,TRADING,PRICE,3,"2025/05/29 05:30:00",1,NSW1,66,84.79,0,0,"2025/05/29 05:25:03",84.79,0.23,0.23,0.1,0.1,0.1,0.1,18.65,18.65,0.38,0.38,0.39,0.39,0.1,0.1,0.7,0.7,0.38,0.38,0,0,FIRM
D,TRADING,PRICE,3,"2025/05/29 05:30:00",1,QLD1,66,81.11,0,0,"2025/05/29 05:25:03",81.11,0.23,0.23,0.1,0.1,0.1,0.1,18.65,18.65,0.38,0.38,0.39,0.39,0.1,0.1,0.7,0.7,0.38,0.38,0,0,FIRM
D,TRADING,PRICE,3,"2025/05/29 05:30:00",1,TAS1,66,100.24,0,0,"2025/05/29 05:25:03",100.24,0.38,0.38,0.38,0.38,0.38,0.38,7.54,7.54,0.38,0.38,0.38,0.38,0,0,2.46,2.46,0.38,0.38,0,0,FIRM
D,TRADING,PRICE,3,"2025/05/29 05:30:00",1,VIC1,66,77.75,0,0,"2025/05/29 05:25:03",77.75,0.23,0.23,0.1,0.1,0.1,0.1,18.65,18.65,0.38,0.38,0.39,0.39,0.1,0.1,0.7,0.7,0.38,0.38,0,0,FIRM
C,"END OF REPORT",15
