C,NEMP.WORLD,TRADINGIS,AEMO,PUBLIC,2025/05/28,12:45:15,0000000465245543,TRADINGIS,0000000465245542
I,TRADING,INTERCONNECTORRES,2,SETTLEMENTDATE,RUNNO,INTERCONNECTORID,PERIODID,METEREDMWFLOW,MWFLOW,MWLOSSES,LASTCHANGED
D,TRADING,INTERCONNECTORRES,2,"2025/05/28 12:50:00",1,N-Q-MNSP1,154,96.3,97,29.94,"2025/05/28 12:45:07"
D,TRADING,INTERCONNECTORRES,2,"2025/05/28 12:50:00",1,NSW1-QLD1,154,-319.2,-369.3,19.87,"2025/05/28 12:45:07"
D,TRADING,INTERCONNECTORRES,2,"2025/05/28 12:50:00",1,T-V-MNSP1,154,-455.4,-433.28,21.21,"2025/05/28 12:45:07"
D,TRADING,INTERCONNECTORRES,2,"2025/05/28 12:50:00",1,V-S-MNSP1,154,151,148.36,15.64,"2025/05/28 12:45:07"
D,TRADING,INTERCONNECTORRES,2,"2025/05/28 12:50:00",1,V-SA,154,484.59,522.56,22.24,"2025/05/28 12:45:07"
D,TRADING,INTERCONNECTORRES,2,"2025/05/28 12:50:00",1,VIC1-NSW1,154,-125.57,-184.65,-6.22,"2025/05/28 12:45:07"
I,TRADING,PRICE,3,SETTLEMENTDATE,RUNNO,REGIONID,PERIODID,RRP,EEP,INVALIDFLAG,LASTCHANGED,ROP,RAISE6SECRRP,RAISE6SECROP,RAISE60SECRRP,RAISE60SECROP,RAISE5MINRRP,RAISE5MINROP,RAISEREGRRP,RAISEREGROP,LOWER6SECRRP,LOWER6SECROP,LOWER60SECRRP,LOWER60SECROP,LOWER5MINRRP,LOWER5MINROP,LOWERREGRRP,LOWERREGROP,RAISE1SECRRP,RAISE1SECROP,LOWER1SECRRP,LOWER1SECROP,PRICE_STATUS
D,TRADING,PRICE,3,"2025/05/28 12:50:00",1,SA1,154,83.44,0,0,"2025/05/28 12:45:07",83.44,0.1,0.1,0.1,0.1,0.1,0.1,7.6,7.6,0,0,0.38,0.38,0.38,0.38,0.93,0.93,0.01,0.01,0,0,FIRM
D,TRADING,PRICE,3,"2025/05/28 12:50:00",1,NSW1,154,-20.01,0,0,"2025/05/28 12:45:07",-20.01,0.1,0.1,0.1,0.1,0.1,0.1,7.6,7.6,0,0,0.38,0.38,0.38,0.38,0.93,0.93,0.01,0.01,0,0,FIRM
D,TRADING,PRICE,3,"2025/05/28 12:50:00",1,QLD1,154,-23,0,0,"2025/05/28 12:45:07",-23,0.1,0.1,0.1,0.1,0.1,0.1,7.6,7.6,3.39,3.39,1.83,1.83,0.38,0.38,0.93,0.93,0.01,0.01,0,0,FIRM
D,TRADING,PRICE,3,"2025/05/28 12:50:00",1,TAS1,154,35.12,0,0,"2025/05/28 12:45:07",35.12,0.38,0.38,0.38,0.38,0.1,0.1,6.44,6.44,0,0,0.38,0.38,0,0,2.48,2.48,0.01,0.01,0,0,FIRM
D,TRADING,PRICE,3,"2025/05/28 12:50:00",1,VIC1,154,8.95,0,0,"2025/05/28 12:45:07",8.95,0.1,0.1,0.1,0.1,0.1,0.1,7.6,7.6,0,0,0.38,0.38,0.38,0.38,0.93,0.93,0.01,0.01,0,0,FIRM
C,"END OF REPORT",15
