C,NEMP.WORLD,TRADINGIS,AEMO,PUBLIC,2025/05/26,18:25:11,0000000464984268,TRADINGIS,0000000464984267
I,TRADING,INTERCONNECTORRES,2,SETTLEMENTDATE,RUNNO,INTERCONNECTORID,PERIODID,METEREDMWFLOW,MWFLOW,MWLOSSES,LASTCHANGED
D,TRADING,INTERCONNECTORRES,2,"2025/05/26 18:30:00",1,N-Q-MNSP1,222,9.6,9,0.6,"2025/05/26 18:25:04"
D,TRADING,INTERCONNECTORRES,2,"2025/05/26 18:30:00",1,NSW1-QLD1,222,96,157.31,13.45,"2025/05/26 18:25:04"
D,TRADING,INTERCONNECTORRES,2,"2025/05/26 18:30:00",1,T-V-MNSP1,222,-447.4,-459.18,23.72,"2025/05/26 18:25:04"
D,TRADING,INTERCONNECTORRES,2,"2025/05/26 18:30:00",1,V-S-MNSP1,222,-47,-42.78,5.37,"2025/05/26 18:25:04"
D,TRADING,INTERCONNECTORRES,2,"2025/05/26 18:30:00",1,V-SA,222,133.24,71.45,2.87,"2025/05/26 18:25:04"
D,TRADING,INTERCONNECTORRES,2,"2025/05/26 18:30:00",1,VIC1-NSW1,222,-1.33,119.47,-0.48,"2025/05/26 18:25:04"
I,TRADING,PRICE,3,SETTLEMENTDATE,RUNNO,REGIONID,PERIODID,RRP,EEP,INVALIDFLAG,LASTCHANGED,ROP,RAISE6SECRRP,RAISE6SECROP,RAISE60SECRRP,RAISE60SECROP,RAISE5MINRRP,RAISE5MINROP,RAISEREGRRP,RAISEREGROP,LOWER6SECRRP,LOWER6SECROP,LOWER60SECRRP,LOWER60SECROP,LOWER5MINRRP,LOWER5MINROP,LOWERREGRRP,LOWERREGROP,RAISE1SECRRP,RAISE1SECROP,LOWER1SECRRP,LOWER1SECROP,PRICE_STATUS
D,TRADING,PRICE,3,"2025/05/26 18:30:00",1,SA1,222,6.68,0,0,"2025/05/26 18:25:04",6.68,0.37,0.37,0.1,0.1,0.15,0.15,0.15,0.15,0.1,0.1,0.38,0.38,0.38,0.38,8.5,8.5,0.83,0.83,0,0,FIRM
D,TRADING,PRICE,3,"2025/05/26 18:30:00",1,NSW1,222,88.37,0,0,"2025/05/26 18:25:04",88.37,0.37,0.37,0.1,0.1,0.15,0.15,0.15,0.15,0.1,0.1,0.38,0.38,0.38,0.38,8.5,8.5,0.83,0.83,0,0,FIRM
D,TRADING,PRICE,3,"2025/05/26 18:30:00",1,QLD1,222,97.73,0,0,"2025/05/26 18:25:04",97.73,0.37,0.37,0.1,0.1,0.15,0.15,0.15,0.15,0.1,0.1,0.38,0.38,0.38,0.38,8.5,8.5,0.83,0.83,0,0,FIRM
D,TRADING,PRICE,3,"2025/05/26 18:30:00",1,TAS1,222,55.24,0,0,"2025/05/26 18:25:04",55.24,0.38,0.38,0.38,0.38,0.36,0.36,8.8,8.8,0.1,0.1,0.38,0.38,0,0,2.55,2.55,0.83,0.83,0,0,FIRM
D,TRADING,PRICE,3,"2025/05/26 18:30:00",1,VIC1,222,8.95,0,0,"2025/05/26 18:25:04",8.95,0.37,0.37,0.1,0.1,0.15,0.15,0.15,0.15,0.1,0.1,0.38,0.38,0.38,0.38,8.5,8.5,0.83,0.83,0,0,FIRM
C,"END OF REPORT",15
