C,NEMP.WORLD,TRADINGIS,AEMO,PUBLIC,2025/05/28,08:30:12,0000000465218249,TRADINGIS,0000000465218248
I,TRADING,INTERCONNECTORRES,2,SETTLEMENTDATE,RUNNO,INTERCONNECTORID,PERIODID,METEREDMWFLOW,MWFLOW,MWLOSSES,LASTCHANGED
D,TRADING,INTERCONNECTORRES,2,"2025/05/28 08:35:00",1,N-Q-MNSP1,103,87.7,90.7,26.46,"2025/05/28 08:30:05"
D,TRADING,INTERCONNECTORRES,2,"2025/05/28 08:35:00",1,NSW1-QLD1,103,-531.8,-512.04,17.29,"2025/05/28 08:30:05"
D,TRADING,INTERCONNECTORRES,2,"2025/05/28 08:35:00",1,T-V-MNSP1,103,-454.8,-431.85,21.08,"2025/05/28 08:30:05"
D,TRADING,INTERCONNECTORRES,2,"2025/05/28 08:35:00",1,V-S-MNSP1,103,147,161.99,19.71,"2025/05/28 08:30:05"
D,TRADING,INTERCONNECTORRES,2,"2025/05/28 08:35:00",1,V-SA,103,530.22,482.21,28.3,"2025/05/28 08:30:05"
D,TRADING,INTERCONNECTORRES,2,"2025/05/28 08:35:00",1,VIC1-NSW1,103,-432.63,-337.77,6.01,"2025/05/28 08:30:05"
I,TRADING,PRICE,3,SETTLEMENTDATE,RUNNO,REGIONID,PERIODID,RRP,EEP,INVALIDFLAG,LASTCHANGED,ROP,RAISE6SECRRP,RAISE6SECROP,RAISE60SECRRP,RAISE60SECROP,RAISE5MINRRP,RAISE5MINROP,RAISEREGRRP,RAISEREGROP,LOWER6SECRRP,LOWER6SECROP,LOWER60SECRRP,LOWER60SECROP,LOWER5MINRRP,LOWER5MINROP,LOWERREGRRP,LOWERREGROP,RAISE1SECRRP,RAISE1SECROP,LOWER1SECRRP,LOWER1SECROP,PRICE_STATUS
D,TRADING,PRICE,3,"2025/05/28 08:35:00",1,SA1,103,181.67,0,0,"2025/05/28 08:30:05",181.67,0.37,0.37,0.1,0.1,0.1,0.1,0.1,0.1,0.38,0.38,0.45,0.45,0.01,0.01,0.01,0.01,0.37,0.37,0,0,FIRM
D,TRADING,PRICE,3,"2025/05/28 08:35:00",1,NSW1,103,-17.01,0,0,"2025/05/28 08:30:05",-17.01,0.37,0.37,0.1,0.1,0.1,0.1,0.1,0.1,0.38,0.38,0.45,0.45,0.01,0.01,0.01,0.01,0.37,0.37,0,0,FIRM
D,TRADING,PRICE,3,"2025/05/28 08:35:00",1,QLD1,103,-19.51,0,0,"2025/05/28 08:30:05",-19.51,0.37,0.37,0.1,0.1,0.1,0.1,0.1,0.1,2.92,2.92,1.83,1.83,0.01,0.01,0.01,0.01,0.37,0.37,0,0,FIRM
D,TRADING,PRICE,3,"2025/05/28 08:35:00",1,TAS1,103,150.24,0,0,"2025/05/28 08:30:05",150.24,0.38,0.38,0.38,0.38,0.1,0.1,7.4,7.4,0.38,0.38,0.38,0.38,0.01,0.01,1.52,1.52,0.37,0.37,0,0,FIRM
D,TRADING,PRICE,3,"2025/05/28 08:35:00",1,VIC1,103,135.88,0,0,"2025/05/28 08:30:05",135.88,0.37,0.37,0.1,0.1,0.1,0.1,0.1,0.1,0.38,0.38,0.45,0.45,0.01,0.01,0.01,0.01,0.37,0.37,0,0,FIRM
C,"END OF REPORT",15
