C,NEMP.WORLD,TRADINGIS,AEMO,PUBLIC,2025/05/27,06:00:11,0000000465054940,TRADINGIS,0000000465054939
I,TRADING,INTERCONNECTORRES,2,SETTLEMENTDATE,RUNNO,INTERCONNECTORID,PERIODID,METEREDMWFLOW,MWFLOW,MWLOSSES,LASTCHANGED
D,TRADING,INTERCONNECTORRES,2,"2025/05/27 06:05:00",1,N-Q-MNSP1,73,16.4,9,0.6,"2025/05/27 06:00:04"
D,TRADING,INTERCONNECTORRES,2,"2025/05/27 06:05:00",1,NSW1-QLD1,73,523,496.81,31.48,"2025/05/27 06:00:04"
D,TRADING,INTERCONNECTORRES,2,"2025/05/27 06:05:00",1,T-V-MNSP1,73,-445.6,-460.67,23.87,"2025/05/27 06:00:04"
D,TRADING,INTERCONNECTORRES,2,"2025/05/27 06:05:00",1,V-S-MNSP1,73,-148,-148.85,37.68,"2025/05/27 06:00:04"
D,TRADING,INTERCONNECTORRES,2,"2025/05/27 06:05:00",1,V-SA,73,-285.74,-239.06,4.9,"2025/05/27 06:00:04"
D,TRADING,INTERCONNECTORRES,2,"2025/05/27 06:05:00",1,VIC1-NSW1,73,1007.68,1046.87,116.2,"2025/05/27 06:00:04"
I,TRADING,PRICE,3,SETTLEMENTDATE,RUNNO,REGIONID,PERIODID,RRP,EEP,INVALIDFLAG,LASTCHANGED,ROP,RAISE6SECRRP,RAISE6SECROP,RAISE60SECRRP,RAISE60SECROP,RAISE5MINRRP,RAISE5MINROP,RAISEREGRRP,RAISEREGROP,LOWER6SECRRP,LOWER6SECROP,LOWER60SECRRP,LOWER60SECROP,LOWER5MINRRP,LOWER5MINROP,LOWERREGRRP,LOWERREGROP,RAISE1SECRRP,RAISE1SECROP,LOWER1SECRRP,LOWER1SECROP,PRICE_STATUS
D,TRADING,PRICE,3,"2025/05/27 06:05:00",1,SA1,73,2.81,0,0,"2025/05/27 06:00:04",2.81,0.23,0.23,0.1,0.1,0.1,0.1,10.98,10.98,0.1,0.1,0.38,0.38,0.1,0.1,6,6,0.38,0.38,0,0,FIRM
D,TRADING,PRICE,3,"2025/05/27 06:05:00",1,NSW1,73,57.01,0,0,"2025/05/27 06:00:04",57.01,0.23,0.23,0.1,0.1,0.1,0.1,10.98,10.98,0.1,0.1,0.38,0.38,0.1,0.1,6,6,0.38,0.38,0,0,FIRM
D,TRADING,PRICE,3,"2025/05/27 06:05:00",1,QLD1,73,63.56,0,0,"2025/05/27 06:00:04",63.56,0.23,0.23,0.1,0.1,0.1,0.1,10.98,10.98,0.1,0.1,0.38,0.38,0.1,0.1,6,6,0.38,0.38,0,0,FIRM
D,TRADING,PRICE,3,"2025/05/27 06:05:00",1,TAS1,73,35.24,0,0,"2025/05/27 06:00:04",35.24,0.38,0.38,0.38,0.38,0.36,0.36,8.4,8.4,0.1,0.1,0.38,0.38,0,0,2.48,2.48,0.38,0.38,0,0,FIRM
D,TRADING,PRICE,3,"2025/05/27 06:05:00",1,VIC1,73,2.95,0,0,"2025/05/27 06:00:04",2.95,0.23,0.23,0.1,0.1,0.1,0.1,10.98,10.98,0.1,0.1,0.38,0.38,0.1,0.1,6,6,0.38,0.38,0,0,FIRM
C,"END OF REPORT",15
