C,NEMP.WORLD,TRADINGIS,AEMO,PUBLIC,2025/05/27,15:25:11,0000000465115694,TRADINGIS,0000000465115693
I,TRADING,INTERCONNECTORRES,2,SETTLEMENTDATE,RUNNO,INTERCONNECTORID,PERIODID,METEREDMWFLOW,MWFLOW,MWLOSSES,LASTCHANGED
D,TRADING,INTERCONNECTORRES,2,"2025/05/27 15:30:00",1,N-Q-MNSP1,186,-5.6,0,0,"2025/05/27 15:25:03"
D,TRADING,INTERCONNECTORRES,2,"2025/05/27 15:30:00",1,NSW1-QLD1,186,-308.2,-105.27,-2.85,"2025/05/27 15:25:03"
D,TRADING,INTERCONNECTORRES,2,"2025/05/27 15:30:00",1,T-V-MNSP1,186,-453.6,-478,25.62,"2025/05/27 15:25:03"
D,TRADING,INTERCONNECTORRES,2,"2025/05/27 15:30:00",1,V-S-MNSP1,186,152,153.13,16.99,"2025/05/27 15:25:03"
D,TRADING,INTERCONNECTORRES,2,"2025/05/27 15:30:00",1,V-SA,186,119.87,131.9,-0.7,"2025/05/27 15:25:03"
D,TRADING,INTERCONNECTORRES,2,"2025/05/27 15:30:00",1,VIC1-NSW1,186,167.58,255.95,16.59,"2025/05/27 15:25:03"
I,TRADING,PRICE,3,SETTLEMENTDATE,RUNNO,REGIONID,PERIODID,RRP,EEP,INVALIDFLAG,LASTCHANGED,ROP,RAISE6SECRRP,RAISE6SECROP,RAISE60SECRRP,RAISE60SECROP,RAISE5MINRRP,RAISE5MINROP,RAISEREGRRP,RAISEREGROP,LOWER6SECRRP,LOWER6SECROP,LOWER60SECRRP,LOWER60SECROP,LOWER5MINRRP,LOWER5MINROP,LOWERREGRRP,LOWERREGROP,RAISE1SECRRP,RAISE1SECROP,LOWER1SECRRP,LOWER1SECROP,PRICE_STATUS
D,TRADING,PRICE,3,"2025/05/27 15:30:00",1,SA1,186,-62.49,0,0,"2025/05/27 15:25:03",-62.49,0.1,0.1,0.1,0.1,0.1,0.1,17.52,17.52,0.1,0.1,0.38,0.38,0.38,0.38,14.78,14.78,0.81,0.81,0,0,FIRM
D,TRADING,PRICE,3,"2025/05/27 15:30:00",1,NSW1,186,36.52,0,0,"2025/05/27 15:25:03",36.52,0.1,0.1,0.1,0.1,0.1,0.1,17.52,17.52,0.1,0.1,0.38,0.38,0.38,0.38,14.78,14.78,0.81,0.81,0,0,FIRM
D,TRADING,PRICE,3,"2025/05/27 15:30:00",1,QLD1,186,113.83,0,0,"2025/05/27 15:25:03",113.83,0.1,0.1,0.1,0.1,0.1,0.1,17.52,17.52,0.1,0.1,0.38,0.38,0.38,0.38,14.78,14.78,0.81,0.81,0,0,FIRM
D,TRADING,PRICE,3,"2025/05/27 15:30:00",1,TAS1,186,75.24,0,0,"2025/05/27 15:25:03",75.24,0.38,0.38,0.38,0.38,0.36,0.36,7.4,7.4,0.1,0.1,0.38,0.38,0,0,2.48,2.48,0.81,0.81,0,0,FIRM
D,TRADING,PRICE,3,"2025/05/27 15:30:00",1,VIC1,186,33.45,0,0,"2025/05/27 15:25:03",33.45,0.1,0.1,0.1,0.1,0.1,0.1,17.52,17.52,0.1,0.1,0.38,0.38,0.38,0.38,14.78,14.78,0.81,0.81,0,0,FIRM
C,"END OF REPORT",15
