C,NEMP.WORLD,TRADINGIS,AEMO,PUBLIC,2025/05/29,04:00:11,0000000465335558,TRADINGIS,0000000465335557
I,TRADING,INTERCONNECTORRES,2,SETTLEMENTDATE,RUNNO,INTERCONNECTORID,PERIODID,METEREDMWFLOW,MWFLOW,MWLOSSES,LASTCHANGED
D,TRADING,INTERCONNECTORRES,2,"2025/05/29 04:05:00",1,N-Q-MNSP1,49,-17.5,-17,0.07,"2025/05/29 04:00:03"
D,TRADING,INTERCONNECTORRES,2,"2025/05/29 04:05:00",1,NSW1-QLD1,49,-387,-335.17,10.83,"2025/05/29 04:00:03"
D,TRADING,INTERCONNECTORRES,2,"2025/05/29 04:05:00",1,T-V-MNSP1,49,-434.6,-438,21.66,"2025/05/29 04:00:03"
D,TRADING,INTERCONNECTORRES,2,"2025/05/29 04:05:00",1,V-S-MNSP1,49,63,72,0.95,"2025/05/29 04:00:03"
D,TRADING,INTERCONNECTORRES,2,"2025/05/29 04:05:00",1,V-SA,49,319.42,342.99,17.19,"2025/05/29 04:00:03"
D,TRADING,INTERCONNECTORRES,2,"2025/05/29 04:05:00",1,VIC1-NSW1,49,294.18,507.68,36.96,"2025/05/29 04:00:03"
I,TRADING,PRICE,3,SETTLEMENTDATE,RUNNO,REGIONID,PERIODID,RRP,EEP,INVALIDFLAG,LASTCHANGED,ROP,RAISE6SECRRP,RAISE6SECROP,RAISE60SECRRP,RAISE60SECROP,RAISE5MINRRP,RAISE5MINROP,RAISEREGRRP,RAISEREGROP,LOWER6SECRRP,LOWER6SECROP,LOWER60SECRRP,LOWER60SECROP,LOWER5MINRRP,LOWER5MINROP,LOWERREGRRP,LOWERREGROP,RAISE1SECRRP,RAISE1SECROP,LOWER1SECRRP,LOWER1SECROP,PRICE_STATUS
D,TRADING,PRICE,3,"2025/05/29 04:05:00",1,SA1,49,69.99,0,0,"2025/05/29 04:00:03",69.99,0.37,0.37,0.1,0.1,0.1,0.1,5.46,5.46,0.39,0.39,1.82,1.82,0.01,0.01,0.01,0.01,0.81,0.81,0,0,FIRM
D,TRADING,PRICE,3,"2025/05/29 04:05:00",1,NSW1,49,71.77,0,0,"2025/05/29 04:00:03",71.77,0.37,0.37,0.1,0.1,0.1,0.1,5.46,5.46,0.39,0.39,1.82,1.82,0.01,0.01,0.01,0.01,0.81,0.81,0,0,FIRM
D,TRADING,PRICE,3,"2025/05/29 04:05:00",1,QLD1,49,67.34,0,0,"2025/05/29 04:00:03",67.34,0.37,0.37,0.1,0.1,0.1,0.1,5.46,5.46,0.39,0.39,1.82,1.82,0.01,0.01,0.01,0.01,0.81,0.81,0,0,FIRM
D,TRADING,PRICE,3,"2025/05/29 04:05:00",1,TAS1,49,100.24,0,0,"2025/05/29 04:00:03",100.24,0.38,0.38,0.38,0.38,0.38,0.38,7.54,7.54,0.38,0.38,0.38,0.38,0,0,2.46,2.46,0.81,0.81,0,0,FIRM
D,TRADING,PRICE,3,"2025/05/29 04:05:00",1,VIC1,49,64,0,0,"2025/05/29 04:00:03",64,0.37,0.37,0.1,0.1,0.1,0.1,5.46,5.46,0.39,0.39,1.82,1.82,0.01,0.01,0.01,0.01,0.81,0.81,0,0,FIRM
C,"END OF REPORT",15
