C,NEMP.WORLD,TRADINGIS,AEMO,PUBLIC,2025/05/27,16:00:16,0000000465119537,TRADINGIS,0000000465119536
I,TRADING,INTERCONNECTORRES,2,SETTLEMENTDATE,RUNNO,INTERCONNECTORID,PERIODID,METEREDMWFLOW,MWFLOW,MWLOSSES,LASTCHANGED
D,TRADING,INTERCONNECTORRES,2,"2025/05/27 16:05:00",1,N-Q-MNSP1,193,0.6,0,0,"2025/05/27 16:00:09"
D,TRADING,INTERCONNECTORRES,2,"2025/05/27 16:05:00",1,NSW1-QLD1,193,-192,-154.26,-5.5,"2025/05/27 16:00:09"
D,TRADING,INTERCONNECTORRES,2,"2025/05/27 16:05:00",1,T-V-MNSP1,193,-419.4,-478,25.62,"2025/05/27 16:00:09"
D,TRADING,INTERCONNECTORRES,2,"2025/05/27 16:05:00",1,V-S-MNSP1,193,155,157.72,18.4,"2025/05/27 16:00:09"
D,TRADING,INTERCONNECTORRES,2,"2025/05/27 16:05:00",1,V-SA,193,158.72,18.2,-0.38,"2025/05/27 16:00:09"
D,TRADING,INTERCONNECTORRES,2,"2025/05/27 16:05:00",1,VIC1-NSW1,193,-52.59,139.77,7.08,"2025/05/27 16:00:09"
I,TRADING,PRICE,3,SETTLEMENTDATE,RUNNO,REGIONID,PERIODID,RRP,EEP,INVALIDFLAG,LASTCHANGED,ROP,RAISE6SECRRP,RAISE6SECROP,RAISE60SECRRP,RAISE60SECROP,RAISE5MINRRP,RAISE5MINROP,RAISEREGRRP,RAISEREGROP,LOWER6SECRRP,LOWER6SECROP,LOWER60SECRRP,LOWER60SECROP,LOWER5MINRRP,LOWER5MINROP,LOWERREGRRP,LOWERREGROP,RAISE1SECRRP,RAISE1SECROP,LOWER1SECRRP,LOWER1SECROP,PRICE_STATUS
D,TRADING,PRICE,3,"2025/05/27 16:05:00",1,SA1,193,-71.51,0,0,"2025/05/27 16:00:09",-71.51,0.01,0.01,0.04,0.04,0.1,0.1,6,6,0.1,0.1,0.38,0.38,0.1,0.1,8.5,8.5,0.37,0.37,0,0,FIRM
D,TRADING,PRICE,3,"2025/05/27 16:05:00",1,NSW1,193,24.72,0,0,"2025/05/27 16:00:09",24.72,0.01,0.01,0.04,0.04,0.1,0.1,6,6,0.1,0.1,0.38,0.38,0.1,0.1,8.5,8.5,0.37,0.37,0,0,FIRM
D,TRADING,PRICE,3,"2025/05/27 16:05:00",1,QLD1,193,108.12,0,0,"2025/05/27 16:00:09",108.12,19.9,19.9,62.5,62.5,0.1,0.1,6,6,0.1,0.1,0.38,0.38,0.1,0.1,8.5,8.5,0.37,0.37,0,0,FIRM
D,TRADING,PRICE,3,"2025/05/27 16:05:00",1,TAS1,193,75.24,0,0,"2025/05/27 16:00:09",75.24,0.38,0.38,0.38,0.38,0.36,0.36,7.4,7.4,0.1,0.1,0.38,0.38,0,0,2.48,2.48,0.37,0.37,0,0,FIRM
D,TRADING,PRICE,3,"2025/05/27 16:05:00",1,VIC1,193,23.29,0,0,"2025/05/27 16:00:09",23.29,0.01,0.01,0.04,0.04,0.1,0.1,6,6,0.1,0.1,0.38,0.38,0.1,0.1,8.5,8.5,0.37,0.37,0,0,FIRM
C,"END OF REPORT",15
