C,NEMP.WORLD,TRADINGIS,AEMO,PUBLIC,2025/05/26,14:45:14,0000000464960105,TRADINGIS,0000000464960104
I,TRADING,INTERCONNECTORRES,2,SETTLEMENTDATE,RUNNO,INTERCONNECTORID,PERIODID,METEREDMWFLOW,MWFLOW,MWLOSSES,LASTCHANGED
D,TRADING,INTERCONNECTORRES,2,"2025/05/26 14:50:00",1,N-Q-MNSP1,178,-24.2,-25,0.65,"2025/05/26 14:45:07"
D,TRADING,INTERCONNECTORRES,2,"2025/05/26 14:50:00",1,NSW1-QLD1,178,-703,-723.14,26.32,"2025/05/26 14:45:07"
D,TRADING,INTERCONNECTORRES,2,"2025/05/26 14:50:00",1,T-V-MNSP1,178,-432.2,-437.83,21.64,"2025/05/26 14:45:07"
D,TRADING,INTERCONNECTORRES,2,"2025/05/26 14:50:00",1,V-S-MNSP1,178,193.5,195.08,31.53,"2025/05/26 14:45:07"
D,TRADING,INTERCONNECTORRES,2,"2025/05/26 14:50:00",1,V-SA,178,-76.27,-84.11,1.04,"2025/05/26 14:45:07"
D,TRADING,INTERCONNECTORRES,2,"2025/05/26 14:50:00",1,VIC1-NSW1,178,234.63,285.85,20.84,"2025/05/26 14:45:07"
I,TRADING,PRICE,3,SETTLEMENTDATE,RUNNO,REGIONID,PERIODID,RRP,EEP,INVALIDFLAG,LASTCHANGED,ROP,RAISE6SECRRP,RAISE6SECROP,RAISE60SECRRP,RAISE60SECROP,RAISE5MINRRP,RAISE5MINROP,RAISEREGRRP,RAISEREGROP,LOWER6SECRRP,LOWER6SECROP,LOWER60SECRRP,LOWER60SECROP,LOWER5MINRRP,LOWER5MINROP,LOWERREGRRP,LOWERREGROP,RAISE1SECRRP,RAISE1SECROP,LOWER1SECRRP,LOWER1SECROP,PRICE_STATUS
D,TRADING,PRICE,3,"2025/05/26 14:50:00",1,SA1,178,-26.77,0,0,"2025/05/26 14:45:07",-26.77,0.1,0.1,0.1,0.1,0.1,0.1,7.99,7.99,0.38,0.38,0.86,0.86,0.01,0.01,0.01,0.01,0.36,0.36,0.01,0.01,FIRM
D,TRADING,PRICE,3,"2025/05/26 14:50:00",1,NSW1,178,76.8,0,0,"2025/05/26 14:45:07",76.8,0.1,0.1,0.1,0.1,0.1,0.1,7.99,7.99,0.38,0.38,0.86,0.86,0.01,0.01,0.01,0.01,0.36,0.36,0.01,0.01,FIRM
D,TRADING,PRICE,3,"2025/05/26 14:50:00",1,QLD1,178,69.43,0,0,"2025/05/26 14:45:07",69.43,0.1,0.1,0.1,0.1,0.1,0.1,7.99,7.99,0.38,0.38,0.86,0.86,0.01,0.01,0.01,0.01,0.36,0.36,0.01,0.01,FIRM
D,TRADING,PRICE,3,"2025/05/26 14:50:00",1,TAS1,178,11.25,0,0,"2025/05/26 14:45:07",11.25,0.38,0.38,0.38,0.38,0.1,0.1,8.8,8.8,0.38,0.38,0.86,0.86,0,0,2.55,2.55,0.36,0.36,0.01,0.01,FIRM
D,TRADING,PRICE,3,"2025/05/26 14:50:00",1,VIC1,178,-20.11,0,0,"2025/05/26 14:45:07",-20.11,0.1,0.1,0.1,0.1,0.1,0.1,7.99,7.99,0.38,0.38,0.86,0.86,0.01,0.01,0.01,0.01,0.36,0.36,0.01,0.01,FIRM
C,"END OF REPORT",15
