C,NEMP.WORLD,TRADINGIS,AEMO,PUBLIC,2025/05/28,17:05:11,0000000465272186,TRADINGIS,0000000465272185
I,TRADING,INTERCONNECTORRES,2,SETTLEMENTDATE,RUNNO,INTERCONNECTORID,PERIODID,METEREDMWFLOW,MWFLOW,MWLOSSES,LASTCHANGED
D,TRADING,INTERCONNECTORRES,2,"2025/05/28 17:10:00",1,N-Q-MNSP1,206,-26.5,-25,0.65,"2025/05/28 17:05:04"
D,TRADING,INTERCONNECTORRES,2,"2025/05/28 17:10:00",1,NSW1-QLD1,206,-954.8,-759.13,8.89,"2025/05/28 17:05:04"
D,TRADING,INTERCONNECTORRES,2,"2025/05/28 17:10:00",1,T-V-MNSP1,206,233.8,249.28,5.48,"2025/05/28 17:05:04"
D,TRADING,INTERCONNECTORRES,2,"2025/05/28 17:10:00",1,V-S-MNSP1,206,45,45,-0.87,"2025/05/28 17:05:04"
D,TRADING,INTERCONNECTORRES,2,"2025/05/28 17:10:00",1,V-SA,206,212.72,156.51,1.01,"2025/05/28 17:05:04"
D,TRADING,INTERCONNECTORRES,2,"2025/05/28 17:10:00",1,VIC1-NSW1,206,-129.03,-29.03,-0.47,"2025/05/28 17:05:04"
I,TRADING,PRICE,3,SETTLEMENTDATE,RUNNO,REGIONID,PERIODID,RRP,EEP,INVALIDFLAG,LASTCHANGED,ROP,RAISE6SECRRP,RAISE6SECROP,RAISE60SECRRP,RAISE60SECROP,RAISE5MINRRP,RAISE5MINROP,RAISEREGRRP,RAISEREGROP,LOWER6SECRRP,LOWER6SECROP,LOWER60SECRRP,LOWER60SECROP,LOWER5MINRRP,LOWER5MINROP,LOWERREGRRP,LOWERREGROP,RAISE1SECRRP,RAISE1SECROP,LOWER1SECRRP,LOWER1SECROP,PRICE_STATUS
D,TRADING,PRICE,3,"2025/05/28 17:10:00",1,SA1,206,165.33,0,0,"2025/05/28 17:05:04",165.33,1.88,1.88,0.38,0.38,0.38,0.38,13.94,13.94,0.01,0.01,0.38,0.38,0.3,0.3,3.71,3.71,0.38,0.38,0,0,FIRM
D,TRADING,PRICE,3,"2025/05/28 17:10:00",1,NSW1,206,224.16,0,0,"2025/05/28 17:05:04",224.16,1.88,1.88,0.38,0.38,0.38,0.38,13.94,13.94,0.01,0.01,0.38,0.38,0.3,0.3,3.71,3.71,0.38,0.38,0,0,FIRM
D,TRADING,PRICE,3,"2025/05/28 17:10:00",1,QLD1,206,108.12,0,0,"2025/05/28 17:05:04",108.12,1.88,1.88,0.38,0.38,0.38,0.38,13.94,13.94,49.25,49.25,32,32,21.39,21.39,24.8,24.8,0.38,0.38,0,0,FIRM
D,TRADING,PRICE,3,"2025/05/28 17:10:00",1,TAS1,206,150.24,0,0,"2025/05/28 17:05:04",150.24,1.88,1.88,0.38,0.38,0.38,0.38,8.4,8.4,0.01,0.01,0.38,0.38,0.3,0.3,3.48,3.48,0.38,0.38,0,0,FIRM
D,TRADING,PRICE,3,"2025/05/28 17:10:00",1,VIC1,206,161.17,0,0,"2025/05/28 17:05:04",161.17,1.88,1.88,0.38,0.38,0.38,0.38,13.94,13.94,0.01,0.01,0.38,0.38,0.3,0.3,3.71,3.71,0.38,0.38,0,0,FIRM
C,"END OF REPORT",15
