C,NEMP.WORLD,TRADINGIS,AEMO,PUBLIC,2025/05/29,15:20:18,0000000465404354,TRADINGIS,0000000465404353
I,TRADING,INTERCONNECTORRES,2,SETTLEMENTDATE,RUNNO,INTERCONNECTORID,PERIODID,METEREDMWFLOW,MWFLOW,MWLOSSES,LASTCHANGED
D,TRADING,INTERCONNECTORRES,2,"2025/05/29 15:25:00",1,N-Q-MNSP1,185,-0.8,0,0,"2025/05/29 15:20:11"
D,TRADING,INTERCONNECTORRES,2,"2025/05/29 15:25:00",1,NSW1-QLD1,185,-137.1,-55.03,-1.68,"2025/05/29 15:20:11"
D,TRADING,INTERCONNECTORRES,2,"2025/05/29 15:25:00",1,T-V-MNSP1,185,-442,-468.54,24.65,"2025/05/29 15:20:11"
D,TRADING,INTERCONNECTORRES,2,"2025/05/29 15:25:00",1,V-S-MNSP1,185,-94,-111.85,23.33,"2025/05/29 15:20:11"
D,TRADING,INTERCONNECTORRES,2,"2025/05/29 15:25:00",1,V-SA,185,173.05,182.92,-0.72,"2025/05/29 15:20:11"
D,TRADING,INTERCONNECTORRES,2,"2025/05/29 15:25:00",1,VIC1-NSW1,185,-713.45,-837.43,4.36,"2025/05/29 15:20:11"
I,TRADING,PRICE,3,SETTLEMENTDATE,RUNNO,REGIONID,PERIODID,RRP,EEP,INVALIDFLAG,LASTCHANGED,ROP,RAISE6SECRRP,RAISE6SECROP,RAISE60SECRRP,RAISE60SECROP,RAISE5MINRRP,RAISE5MINROP,RAISEREGRRP,RAISEREGROP,LOWER6SECRRP,LOWER6SECROP,LOWER60SECRRP,LOWER60SECROP,LOWER5MINRRP,LOWER5MINROP,LOWERREGRRP,LOWERREGROP,RAISE1SECRRP,RAISE1SECROP,LOWER1SECRRP,LOWER1SECROP,PRICE_STATUS
D,TRADING,PRICE,3,"2025/05/29 15:25:00",1,SA1,185,-20.57,0,0,"2025/05/29 15:20:11",-20.57,0.1,0.1,0.04,0.04,0.1,0.1,9.24,9.24,0.38,0.38,0.38,0.38,0.39,0.39,3.59,3.59,0.36,0.36,0,0,FIRM
D,TRADING,PRICE,3,"2025/05/29 15:25:00",1,NSW1,185,96.22,0,0,"2025/05/29 15:20:11",96.22,0.1,0.1,0.04,0.04,0.1,0.1,9.24,9.24,0.38,0.38,0.38,0.38,0.39,0.39,3.59,3.59,0.36,0.36,0,0,FIRM
D,TRADING,PRICE,3,"2025/05/29 15:25:00",1,QLD1,185,98.45,0,0,"2025/05/29 15:20:11",98.45,0.1,0.1,0.04,0.04,0.1,0.1,9.24,9.24,0.38,0.38,0.38,0.38,0.39,0.39,3.59,3.59,0.36,0.36,0,0,FIRM
D,TRADING,PRICE,3,"2025/05/29 15:25:00",1,TAS1,185,35.06,0,0,"2025/05/29 15:20:11",35.06,0.38,0.38,0.38,0.38,0.38,0.38,7.54,7.54,0.38,0.38,0.38,0.38,0,0,2.46,2.46,0.36,0.36,0,0,FIRM
D,TRADING,PRICE,3,"2025/05/29 15:25:00",1,VIC1,185,-24.39,0,0,"2025/05/29 15:20:11",-24.39,0.1,0.1,0.04,0.04,0.1,0.1,9.24,9.24,0.38,0.38,0.38,0.38,0.39,0.39,3.59,3.59,0.36,0.36,0,0,FIRM
C,"END OF REPORT",15
