C,NEMP.WORLD,TRADINGIS,AEMO,PUBLIC,2025/05/27,19:40:10,0000000465143431,TRADINGIS,0000000465143430
I,TRADING,INTERCONNECTORRES,2,SETTLEMENTDATE,RUNNO,INTERCONNECTORID,PERIODID,METEREDMWFLOW,MWFLOW,MWLOSSES,LASTCHANGED
D,TRADING,INTERCONNECTORRES,2,"2025/05/27 19:45:00",1,N-Q-MNSP1,237,-8.6,-9,-0.16,"2025/05/27 19:40:02"
D,TRADING,INTERCONNECTORRES,2,"2025/05/27 19:45:00",1,NSW1-QLD1,237,-377,-319.96,-9.86,"2025/05/27 19:40:02"
D,TRADING,INTERCONNECTORRES,2,"2025/05/27 19:45:00",1,T-V-MNSP1,237,-272.8,-219.84,5.89,"2025/05/27 19:40:02"
D,TRADING,INTERCONNECTORRES,2,"2025/05/27 19:45:00",1,V-S-MNSP1,237,63,63,0.15,"2025/05/27 19:40:02"
D,TRADING,INTERCONNECTORRES,2,"2025/05/27 19:45:00",1,V-SA,237,237.57,313.65,12.57,"2025/05/27 19:40:02"
D,TRADING,INTERCONNECTORRES,2,"2025/05/27 19:45:00",1,VIC1-NSW1,237,-262.86,-214,2.87,"2025/05/27 19:40:02"
I,TRADING,PRICE,3,SETTLEMENTDATE,RUNNO,REGIONID,PERIODID,RRP,EEP,INVALIDFLAG,LASTCHANGED,ROP,RAISE6SECRRP,RAISE6SECROP,RAISE60SECRRP,RAISE60SECROP,RAISE5MINRRP,RAISE5MINROP,RAISEREGRRP,RAISEREGROP,LOWER6SECRRP,LOWER6SECROP,LOWER60SECRRP,LOWER60SECROP,LOWER5MINRRP,LOWER5MINROP,LOWERREGRRP,LOWERREGROP,RAISE1SECRRP,RAISE1SECROP,LOWER1SECRRP,LOWER1SECROP,PRICE_STATUS
D,TRADING,PRICE,3,"2025/05/27 19:45:00",1,SA1,237,122.14,0,0,"2025/05/27 19:40:02",122.14,0.37,0.37,0.1,0.1,0.1,0.1,0.1,0.1,0.01,0.01,0.1,0.1,0.1,0.1,15.17,15.17,0.04,0.04,0,0,FIRM
D,TRADING,PRICE,3,"2025/05/27 19:45:00",1,NSW1,237,96.3,0,0,"2025/05/27 19:40:02",96.3,0.37,0.37,0.1,0.1,0.1,0.1,0.1,0.1,0.01,0.01,0.1,0.1,0.1,0.1,15.17,15.17,0.04,0.04,0,0,FIRM
D,TRADING,PRICE,3,"2025/05/27 19:45:00",1,QLD1,237,96.74,0,0,"2025/05/27 19:40:02",96.74,0.37,0.37,0.1,0.1,0.1,0.1,0.1,0.1,0.01,0.01,0.1,0.1,0.1,0.1,15.17,15.17,0.04,0.04,0,0,FIRM
D,TRADING,PRICE,3,"2025/05/27 19:45:00",1,TAS1,237,117,0,0,"2025/05/27 19:40:02",117,0.37,0.37,0.36,0.36,0.1,0.1,8.4,8.4,0.01,0.01,0.1,0.1,0.1,0.1,2.48,2.48,0.04,0.04,0,0,FIRM
D,TRADING,PRICE,3,"2025/05/27 19:45:00",1,VIC1,237,113.27,0,0,"2025/05/27 19:40:02",113.27,0.37,0.37,0.1,0.1,0.1,0.1,0.1,0.1,0.01,0.01,0.1,0.1,0.1,0.1,15.17,15.17,0.04,0.04,0,0,FIRM
C,"END OF REPORT",15
