C,NEMP.WORLD,TRADINGIS,AEMO,PUBLIC,2025/05/27,05:25:16,0000000465051474,TRADINGIS,0000000465051473
I,TRADING,INTERCONNECTORRES,2,SETTLEMENTDATE,RUNNO,INTERCONNECTORID,PERIODID,METEREDMWFLOW,MWFLOW,MWLOSSES,LASTCHANGED
D,TRADING,INTERCONNECTORRES,2,"2025/05/27 05:30:00",1,N-Q-MNSP1,66,-1.3,0,0,"2025/05/27 05:25:09"
D,TRADING,INTERCONNECTORRES,2,"2025/05/27 05:30:00",1,NSW1-QLD1,66,290,315.86,11.98,"2025/05/27 05:25:09"
D,TRADING,INTERCONNECTORRES,2,"2025/05/27 05:30:00",1,T-V-MNSP1,66,-463.9,-461.62,23.96,"2025/05/27 05:25:09"
D,TRADING,INTERCONNECTORRES,2,"2025/05/27 05:30:00",1,V-S-MNSP1,66,-147,-145.81,36.37,"2025/05/27 05:25:09"
D,TRADING,INTERCONNECTORRES,2,"2025/05/27 05:30:00",1,V-SA,66,-336.07,-328.45,8.74,"2025/05/27 05:25:09"
D,TRADING,INTERCONNECTORRES,2,"2025/05/27 05:30:00",1,VIC1-NSW1,66,962.07,952.36,100.35,"2025/05/27 05:25:09"
I,TRADING,PRICE,3,SETTLEMENTDATE,RUNNO,REGIONID,PERIODID,RRP,EEP,INVALIDFLAG,LASTCHANGED,ROP,RAISE6SECRRP,RAISE6SECROP,RAISE60SECRRP,RAISE60SECROP,RAISE5MINRRP,RAISE5MINROP,RAISEREGRRP,RAISEREGROP,LOWER6SECRRP,LOWER6SECROP,LOWER60SECRRP,LOWER60SECROP,LOWER5MINRRP,LOWER5MINROP,LOWERREGRRP,LOWERREGROP,RAISE1SECRRP,RAISE1SECROP,LOWER1SECRRP,LOWER1SECROP,PRICE_STATUS
D,TRADING,PRICE,3,"2025/05/27 05:30:00",1,SA1,66,-10.4,0,0,"2025/05/27 05:25:09",-10.4,0.23,0.23,0.1,0.1,0.1,0.1,3.99,3.99,0.1,0.1,0.38,0.38,0,0,0,0,0.37,0.37,0,0,FIRM
D,TRADING,PRICE,3,"2025/05/27 05:30:00",1,NSW1,66,57.01,0,0,"2025/05/27 05:25:09",57.01,0.23,0.23,0.1,0.1,0.1,0.1,3.99,3.99,0.1,0.1,0.38,0.38,0,0,0,0,0.37,0.37,0,0,FIRM
D,TRADING,PRICE,3,"2025/05/27 05:30:00",1,QLD1,66,60.78,0,0,"2025/05/27 05:25:09",60.78,0.23,0.23,0.1,0.1,0.1,0.1,3.99,3.99,0.1,0.1,0.38,0.38,0,0,0,0,0.37,0.37,0,0,FIRM
D,TRADING,PRICE,3,"2025/05/27 05:30:00",1,TAS1,66,12.03,0,0,"2025/05/27 05:25:09",12.03,0.38,0.38,0.38,0.38,0.1,0.1,7.4,7.4,0.1,0.1,0.38,0.38,0,0,2.48,2.48,0.37,0.37,0,0,FIRM
D,TRADING,PRICE,3,"2025/05/27 05:30:00",1,VIC1,66,-11.11,0,0,"2025/05/27 05:25:09",-11.11,0.23,0.23,0.1,0.1,0.1,0.1,3.99,3.99,0.1,0.1,0.38,0.38,0,0,0,0,0.37,0.37,0,0,FIRM
C,"END OF REPORT",15
