C,NEMP.WORLD,TRADINGIS,AEMO,PUBLIC,2025/05/28,17:35:10,0000000465275410,TRADINGIS,0000000465275409
I,TRADING,INTERCONNECTORRES,2,SETTLEMENTDATE,RUNNO,INTERCONNECTORID,PERIODID,METEREDMWFLOW,MWFLOW,MWLOSSES,LASTCHANGED
D,TRADING,INTERCONNECTORRES,2,"2025/05/28 17:40:00",1,N-Q-MNSP1,212,-16.9,-17,0.07,"2025/05/28 17:35:03"
D,TRADING,INTERCONNECTORRES,2,"2025/05/28 17:40:00",1,NSW1-QLD1,212,-497.7,-624.94,-7.72,"2025/05/28 17:35:03"
D,TRADING,INTERCONNECTORRES,2,"2025/05/28 17:40:00",1,T-V-MNSP1,212,269.2,323.92,9.64,"2025/05/28 17:35:03"
D,TRADING,INTERCONNECTORRES,2,"2025/05/28 17:40:00",1,V-S-MNSP1,212,45,45,-0.87,"2025/05/28 17:35:03"
D,TRADING,INTERCONNECTORRES,2,"2025/05/28 17:40:00",1,V-SA,212,127.83,159.83,1.76,"2025/05/28 17:35:03"
D,TRADING,INTERCONNECTORRES,2,"2025/05/28 17:40:00",1,VIC1-NSW1,212,75.02,0,0,"2025/05/28 17:35:03"
I,TRADING,PRICE,3,SETTLEMENTDATE,RUNNO,REGIONID,PERIODID,RRP,EEP,INVALIDFLAG,LASTCHANGED,ROP,RAISE6SECRRP,RAISE6SECROP,RAISE60SECRRP,RAISE60SECROP,RAISE5MINRRP,RAISE5MINROP,RAISEREGRRP,RAISEREGROP,LOWER6SECRRP,LOWER6SECROP,LOWER60SECRRP,LOWER60SECROP,LOWER5MINRRP,LOWER5MINROP,LOWERREGRRP,LOWERREGROP,RAISE1SECRRP,RAISE1SECROP,LOWER1SECRRP,LOWER1SECROP,PRICE_STATUS
D,TRADING,PRICE,3,"2025/05/28 17:40:00",1,SA1,212,168.15,0,0,"2025/05/28 17:35:03",168.15,4.61,4.61,0.38,0.38,0.38,0.38,10.9,10.9,0.1,0.1,0.38,0.38,0.2,0.2,3.59,3.59,0.04,0.04,0,0,FIRM
D,TRADING,PRICE,3,"2025/05/28 17:40:00",1,NSW1,212,120.52,0,0,"2025/05/28 17:35:03",120.52,4.61,4.61,0.38,0.38,0.38,0.38,10.9,10.9,0.1,0.1,0.38,0.38,0.2,0.2,3.59,3.59,0.04,0.04,0,0,FIRM
D,TRADING,PRICE,3,"2025/05/28 17:40:00",1,QLD1,212,115.61,0,0,"2025/05/28 17:35:03",115.61,4.61,4.61,0.38,0.38,0.38,0.38,10.9,10.9,0.1,0.1,0.38,0.38,0.2,0.2,3.59,3.59,0.04,0.04,0,0,FIRM
D,TRADING,PRICE,3,"2025/05/28 17:40:00",1,TAS1,212,150.24,0,0,"2025/05/28 17:35:03",150.24,4.61,4.61,0.38,0.38,0.38,0.38,7.4,7.4,0.1,0.1,0.38,0.38,0.2,0.2,2.48,2.48,0.04,0.04,0,0,FIRM
D,TRADING,PRICE,3,"2025/05/28 17:40:00",1,VIC1,212,163.25,0,0,"2025/05/28 17:35:03",163.25,4.61,4.61,0.38,0.38,0.38,0.38,10.9,10.9,0.1,0.1,0.38,0.38,0.2,0.2,3.59,3.59,0.04,0.04,0,0,FIRM
C,"END OF REPORT",15
