C,NEMP.WORLD,TRADINGIS,AEMO,PUBLIC,2025/05/28,12:30:12,0000000465243897,TRADINGIS,0000000465243896
I,TRADING,INTERCONNECTORRES,2,SETTLEMENTDATE,RUNNO,INTERCONNECTORID,PERIODID,METEREDMWFLOW,MWFLOW,MWLOSSES,LASTCHANGED
D,TRADING,INTERCONNECTORRES,2,"2025/05/28 12:35:00",1,N-Q-MNSP1,151,95.8,96.53,29.68,"2025/05/28 12:30:05"
D,TRADING,INTERCONNECTORRES,2,"2025/05/28 12:35:00",1,NSW1-QLD1,151,-292.1,-385.03,21.26,"2025/05/28 12:30:05"
D,TRADING,INTERCONNECTORRES,2,"2025/05/28 12:35:00",1,T-V-MNSP1,151,-433.4,-434.82,21.36,"2025/05/28 12:30:05"
D,TRADING,INTERCONNECTORRES,2,"2025/05/28 12:35:00",1,V-S-MNSP1,151,153,150.06,16.12,"2025/05/28 12:30:05"
D,TRADING,INTERCONNECTORRES,2,"2025/05/28 12:35:00",1,V-SA,151,527.03,547.78,26.02,"2025/05/28 12:30:05"
D,TRADING,INTERCONNECTORRES,2,"2025/05/28 12:35:00",1,VIC1-NSW1,151,-98.58,-128.53,-4.56,"2025/05/28 12:30:05"
I,TRADING,PRICE,3,SETTLEMENTDATE,RUNNO,REGIONID,PERIODID,RRP,EEP,INVALIDFLAG,LASTCHANGED,ROP,RAISE6SECRRP,RAISE6SECROP,RAISE60SECRRP,RAISE60SECROP,RAISE5MINRRP,RAISE5MINROP,RAISEREGRRP,RAISEREGROP,LOWER6SECRRP,LOWER6SECROP,LOWER60SECRRP,LOWER60SECROP,LOWER5MINRRP,LOWER5MINROP,LOWERREGRRP,LOWERREGROP,RAISE1SECRRP,RAISE1SECROP,LOWER1SECRRP,LOWER1SECROP,PRICE_STATUS
D,TRADING,PRICE,3,"2025/05/28 12:35:00",1,SA1,151,83.44,0,0,"2025/05/28 12:30:05",83.44,0.1,0.1,0.1,0.1,0.1,0.1,7.85,7.85,0,0,0.38,0.38,0.37,0.37,3.59,3.59,0.01,0.01,0,0,FIRM
D,TRADING,PRICE,3,"2025/05/28 12:35:00",1,NSW1,151,-20.01,0,0,"2025/05/28 12:30:05",-20.01,0.1,0.1,0.1,0.1,0.1,0.1,7.85,7.85,0,0,0.38,0.38,0.37,0.37,3.59,3.59,0.01,0.01,0,0,FIRM
D,TRADING,PRICE,3,"2025/05/28 12:35:00",1,QLD1,151,-21.5,0,0,"2025/05/28 12:30:05",-21.5,0.1,0.1,0.1,0.1,0.1,0.1,7.85,7.85,1.83,1.83,1.83,1.83,0.38,0.38,3.6,3.6,0.01,0.01,0,0,FIRM
D,TRADING,PRICE,3,"2025/05/28 12:35:00",1,TAS1,151,35.06,0,0,"2025/05/28 12:30:05",35.06,0.38,0.38,0.38,0.38,0.1,0.1,6.4,6.4,0,0,0.38,0.38,0,0,2.54,2.54,0.01,0.01,0,0,FIRM
D,TRADING,PRICE,3,"2025/05/28 12:35:00",1,VIC1,151,8.95,0,0,"2025/05/28 12:30:05",8.95,0.1,0.1,0.1,0.1,0.1,0.1,7.85,7.85,0,0,0.38,0.38,0.37,0.37,3.59,3.59,0.01,0.01,0,0,FIRM
C,"END OF REPORT",15
