C,NEMP.WORLD,TRADINGIS,AEMO,PUBLIC,2025/05/27,01:30:14,0000000465027592,TRADINGIS,0000000465027591
I,TRADING,INTERCONNECTORRES,2,SETTLEMENTDATE,RUNNO,INTERCONNECTORID,PERIODID,METEREDMWFLOW,MWFLOW,MWLOSSES,LASTCHANGED
D,TRADING,INTERCONNECTORRES,2,"2025/05/27 01:35:00",1,N-Q-MNSP1,19,10.9,9,0.6,"2025/05/27 01:30:06"
D,TRADING,INTERCONNECTORRES,2,"2025/05/27 01:35:00",1,NSW1-QLD1,19,551.1,415.26,16.58,"2025/05/27 01:30:06"
D,TRADING,INTERCONNECTORRES,2,"2025/05/27 01:35:00",1,T-V-MNSP1,19,-436.5,-456.27,23.43,"2025/05/27 01:30:06"
D,TRADING,INTERCONNECTORRES,2,"2025/05/27 01:35:00",1,V-S-MNSP1,19,-144,-145.34,36.17,"2025/05/27 01:30:06"
D,TRADING,INTERCONNECTORRES,2,"2025/05/27 01:35:00",1,V-SA,19,-347.87,-344.76,5.9,"2025/05/27 01:30:06"
D,TRADING,INTERCONNECTORRES,2,"2025/05/27 01:35:00",1,VIC1-NSW1,19,1175.93,991.16,100.09,"2025/05/27 01:30:06"
I,TRADING,PRICE,3,SETTLEMENTDATE,RUNNO,REGIONID,PERIODID,RRP,EEP,INVALIDFLAG,LASTCHANGED,ROP,RAISE6SECRRP,RAISE6SECROP,RAISE60SECRRP,RAISE60SECROP,RAISE5MINRRP,RAISE5MINROP,RAISEREGRRP,RAISEREGROP,LOWER6SECRRP,LOWER6SECROP,LOWER60SECRRP,LOWER60SECROP,LOWER5MINRRP,LOWER5MINROP,LOWERREGRRP,LOWERREGROP,RAISE1SECRRP,RAISE1SECROP,LOWER1SECRRP,LOWER1SECROP,PRICE_STATUS
D,TRADING,PRICE,3,"2025/05/27 01:35:00",1,SA1,19,-13.12,0,0,"2025/05/27 01:30:06",-13.12,0.01,0.01,0.01,0.01,0.04,0.04,5.99,5.99,0.1,0.1,1.63,1.63,0.1,0.1,0.1,0.1,0.1,0.1,0,0,FIRM
D,TRADING,PRICE,3,"2025/05/27 01:35:00",1,NSW1,19,50.34,0,0,"2025/05/27 01:30:06",50.34,0.01,0.01,0.01,0.01,0.04,0.04,5.99,5.99,0.1,0.1,1.63,1.63,0.1,0.1,0.1,0.1,0.1,0.1,0,0,FIRM
D,TRADING,PRICE,3,"2025/05/27 01:35:00",1,QLD1,19,54.27,0,0,"2025/05/27 01:30:06",54.27,0.01,0.01,0.01,0.01,0.04,0.04,5.99,5.99,0.1,0.1,1.63,1.63,0.1,0.1,0.1,0.1,0.1,0.1,0,0,FIRM
D,TRADING,PRICE,3,"2025/05/27 01:35:00",1,TAS1,19,12.05,0,0,"2025/05/27 01:30:06",12.05,0.38,0.38,0.38,0.38,0.04,0.04,7.8,7.8,0.1,0.1,0.38,0.38,0,0,2.55,2.55,0.1,0.1,0,0,FIRM
D,TRADING,PRICE,3,"2025/05/27 01:35:00",1,VIC1,19,-13.91,0,0,"2025/05/27 01:30:06",-13.91,0.01,0.01,0.01,0.01,0.04,0.04,5.99,5.99,0.1,0.1,1.63,1.63,0.1,0.1,0.1,0.1,0.1,0.1,0,0,FIRM
C,"END OF REPORT",15
