C,NEMP.WORLD,TRADINGIS,AEMO,PUBLIC,2025/05/27,16:35:10,0000000465123468,TRADINGIS,0000000465123467
I,TRADING,INTERCONNECTORRES,2,SETTLEMENTDATE,RUNNO,INTERCONNECTORID,PERIODID,METEREDMWFLOW,MWFLOW,MWLOSSES,LASTCHANGED
D,TRADING,INTERCONNECTORRES,2,"2025/05/27 16:40:00",1,N-Q-MNSP1,200,-1.1,9,0.6,"2025/05/27 16:35:03"
D,TRADING,INTERCONNECTORRES,2,"2025/05/27 16:40:00",1,NSW1-QLD1,200,-51.1,55.54,3.56,"2025/05/27 16:35:03"
D,TRADING,INTERCONNECTORRES,2,"2025/05/27 16:40:00",1,T-V-MNSP1,200,-376,-413.41,19.39,"2025/05/27 16:35:03"
D,TRADING,INTERCONNECTORRES,2,"2025/05/27 16:40:00",1,V-S-MNSP1,200,162,164.94,20.67,"2025/05/27 16:35:03"
D,TRADING,INTERCONNECTORRES,2,"2025/05/27 16:40:00",1,V-SA,200,201.51,204,0.9,"2025/05/27 16:35:03"
D,TRADING,INTERCONNECTORRES,2,"2025/05/27 16:40:00",1,VIC1-NSW1,200,200.64,248.17,12.65,"2025/05/27 16:35:03"
I,TRADING,PRICE,3,SETTLEMENTDATE,RUNNO,REGIONID,PERIODID,RRP,EEP,INVALIDFLAG,LASTCHANGED,ROP,RAISE6SECRRP,RAISE6SECROP,RAISE60SECRRP,RAISE60SECROP,RAISE5MINRRP,RAISE5MINROP,RAISEREGRRP,RAISEREGROP,LOWER6SECRRP,LOWER6SECROP,LOWER60SECRRP,LOWER60SECROP,LOWER5MINRRP,LOWER5MINROP,LOWERREGRRP,LOWERREGROP,RAISE1SECRRP,RAISE1SECROP,LOWER1SECRRP,LOWER1SECROP,PRICE_STATUS
D,TRADING,PRICE,3,"2025/05/27 16:40:00",1,SA1,200,-20.1,0,0,"2025/05/27 16:35:03",-20.1,0.38,0.38,0.38,0.38,0.38,0.38,5.99,5.99,0.1,0.1,0.38,0.38,0.39,0.39,3.7,3.7,0.36,0.36,0,0,FIRM
D,TRADING,PRICE,3,"2025/05/27 16:40:00",1,NSW1,200,92.42,0,0,"2025/05/27 16:35:03",92.42,0.38,0.38,0.38,0.38,0.38,0.38,5.99,5.99,0.1,0.1,0.38,0.38,0.39,0.39,3.7,3.7,0.36,0.36,0,0,FIRM
D,TRADING,PRICE,3,"2025/05/27 16:40:00",1,QLD1,200,99.22,0,0,"2025/05/27 16:35:03",99.22,0.38,0.38,0.38,0.38,0.38,0.38,5.99,5.99,0.1,0.1,0.38,0.38,0.39,0.39,3.7,3.7,0.36,0.36,0,0,FIRM
D,TRADING,PRICE,3,"2025/05/27 16:40:00",1,TAS1,200,82.61,0,0,"2025/05/27 16:35:03",82.61,0.38,0.38,0.38,0.38,0.38,0.38,7.4,7.4,0.1,0.1,0.38,0.38,0.38,0.38,2.48,2.48,0.36,0.36,0,0,FIRM
D,TRADING,PRICE,3,"2025/05/27 16:40:00",1,VIC1,200,76.99,0,0,"2025/05/27 16:35:03",76.99,0.38,0.38,0.38,0.38,0.38,0.38,5.99,5.99,0.1,0.1,0.38,0.38,0.39,0.39,3.7,3.7,0.36,0.36,0,0,FIRM
C,"END OF REPORT",15
