C,NEMP.WORLD,TRADINGIS,AEMO,PUBLIC,2025/05/26,15:45:18,0000000464966379,TRADINGIS,0000000464966378
I,TRADING,INTERCONNECTORRES,2,SETTLEMENTDATE,RUNNO,INTERCONNECTORID,PERIODID,METEREDMWFLOW,MWFLOW,MWLOSSES,LASTCHANGED
D,TRADING,INTERCONNECTORRES,2,"2025/05/26 15:50:00",1,N-Q-MNSP1,190,-1.9,0,0,"2025/05/26 15:45:08"
D,TRADING,INTERCONNECTORRES,2,"2025/05/26 15:50:00",1,NSW1-QLD1,190,-49.2,-62.84,-2.53,"2025/05/26 15:45:08"
D,TRADING,INTERCONNECTORRES,2,"2025/05/26 15:50:00",1,T-V-MNSP1,190,-388.2,-438.16,21.67,"2025/05/26 15:45:08"
D,TRADING,INTERCONNECTORRES,2,"2025/05/26 15:50:00",1,V-S-MNSP1,190,-34,-86.42,15.39,"2025/05/26 15:45:08"
D,TRADING,INTERCONNECTORRES,2,"2025/05/26 15:50:00",1,V-SA,190,-309.92,-270.59,6.23,"2025/05/26 15:45:08"
D,TRADING,INTERCONNECTORRES,2,"2025/05/26 15:50:00",1,VIC1-NSW1,190,994.23,918.41,97.26,"2025/05/26 15:45:08"
I,TRADING,PRICE,3,SETTLEMENTDATE,RUNNO,REGIONID,PERIODID,RRP,EEP,INVALIDFLAG,LASTCHANGED,ROP,RAISE6SECRRP,RAISE6SECROP,RAISE60SECRRP,RAISE60SECROP,RAISE5MINRRP,RAISE5MINROP,RAISEREGRRP,RAISEREGROP,LOWER6SECRRP,LOWER6SECROP,LOWER60SECRRP,LOWER60SECROP,LOWER5MINRRP,LOWER5MINROP,LOWERREGRRP,LOWERREGROP,RAISE1SECRRP,RAISE1SECROP,LOWER1SECRRP,LOWER1SECROP,PRICE_STATUS
D,TRADING,PRICE,3,"2025/05/26 15:50:00",1,SA1,190,-18,0,0,"2025/05/26 15:45:08",-18,0.23,0.23,0.1,0.1,0.1,0.1,10,10,0.34,0.34,0.38,0.38,0.38,0.38,1.51,1.51,0.36,0.36,0,0,FIRM
D,TRADING,PRICE,3,"2025/05/26 15:50:00",1,NSW1,190,110,0,0,"2025/05/26 15:45:08",110,0.23,0.23,0.1,0.1,0.1,0.1,10,10,0.34,0.34,0.38,0.38,0.38,0.38,1.51,1.51,0.36,0.36,0,0,FIRM
D,TRADING,PRICE,3,"2025/05/26 15:50:00",1,QLD1,190,113.75,0,0,"2025/05/26 15:45:08",113.75,0.23,0.23,0.1,0.1,0.1,0.1,10,10,0.34,0.34,0.38,0.38,0.38,0.38,1.51,1.51,0.36,0.36,0,0,FIRM
D,TRADING,PRICE,3,"2025/05/26 15:50:00",1,TAS1,190,11.25,0,0,"2025/05/26 15:45:08",11.25,0.38,0.38,0.38,0.38,0.36,0.36,8.8,8.8,0.34,0.34,0.38,0.38,0,0,2.55,2.55,0.36,0.36,0,0,FIRM
D,TRADING,PRICE,3,"2025/05/26 15:50:00",1,VIC1,190,-18.98,0,0,"2025/05/26 15:45:08",-18.98,0.23,0.23,0.1,0.1,0.1,0.1,10,10,0.34,0.34,0.38,0.38,0.38,0.38,1.51,1.51,0.36,0.36,0,0,FIRM
C,"END OF REPORT",15
