C,NEMP.WORLD,TRADINGIS,AEMO,PUBLIC,2025/05/29,10:45:11,0000000465373986,TRADINGIS,0000000465373985
I,TRADING,INTERCONNECTORRES,2,SETTLEMENTDATE,RUNNO,INTERCONNECTORID,PERIODID,METEREDMWFLOW,MWFLOW,MWLOSSES,LASTCHANGED
D,TRADING,INTERCONNECTORRES,2,"2025/05/29 10:50:00",1,N-Q-MNSP1,130,-15.6,-17,0.07,"2025/05/29 10:45:03"
D,TRADING,INTERCONNECTORRES,2,"2025/05/29 10:50:00",1,NSW1-QLD1,130,-429,-420.06,10.33,"2025/05/29 10:45:03"
D,TRADING,INTERCONNECTORRES,2,"2025/05/29 10:50:00",1,T-V-MNSP1,130,-468.2,-470.64,24.87,"2025/05/29 10:45:03"
D,TRADING,INTERCONNECTORRES,2,"2025/05/29 10:50:00",1,V-S-MNSP1,130,35,36,-1.09,"2025/05/29 10:45:03"
D,TRADING,INTERCONNECTORRES,2,"2025/05/29 10:50:00",1,V-SA,130,90.19,95.05,-0.33,"2025/05/29 10:45:03"
D,TRADING,INTERCONNECTORRES,2,"2025/05/29 10:50:00",1,VIC1-NSW1,130,33.71,87.6,4.87,"2025/05/29 10:45:03"
I,TRADING,PRICE,3,SETTLEMENTDATE,RUNNO,REGIONID,PERIODID,RRP,EEP,INVALIDFLAG,LASTCHANGED,ROP,RAISE6SECRRP,RAISE6SECROP,RAISE60SECRRP,RAISE60SECROP,RAISE5MINRRP,RAISE5MINROP,RAISEREGRRP,RAISEREGROP,LOWER6SECRRP,LOWER6SECROP,LOWER60SECRRP,LOWER60SECROP,LOWER5MINRRP,LOWER5MINROP,LOWERREGRRP,LOWERREGROP,RAISE1SECRRP,RAISE1SECROP,LOWER1SECRRP,LOWER1SECROP,PRICE_STATUS
D,TRADING,PRICE,3,"2025/05/29 10:50:00",1,SA1,130,76.38,0,0,"2025/05/29 10:45:03",76.38,0.37,0.37,0.1,0.1,0.1,0.1,9.89,9.89,0.1,0.1,1,1,0.1,0.1,0.1,0.1,0.81,0.81,0,0,FIRM
D,TRADING,PRICE,3,"2025/05/29 10:50:00",1,NSW1,130,80.6,0,0,"2025/05/29 10:45:03",80.6,0.37,0.37,0.1,0.1,0.1,0.1,9.89,9.89,0.1,0.1,1,1,0.1,0.1,0.1,0.1,0.81,0.81,0,0,FIRM
D,TRADING,PRICE,3,"2025/05/29 10:50:00",1,QLD1,130,67.43,0,0,"2025/05/29 10:45:03",67.43,0.37,0.37,0.1,0.1,0.1,0.1,9.89,9.89,1.83,1.83,7.89,7.89,0.1,0.1,0.1,0.1,0.81,0.81,0,0,FIRM
D,TRADING,PRICE,3,"2025/05/29 10:50:00",1,TAS1,130,100.02,0,0,"2025/05/29 10:45:03",100.02,0.38,0.38,0.38,0.38,0.36,0.36,6.54,6.54,0.1,0.1,0.38,0.38,0,0,2.46,2.46,0.81,0.81,0,0,FIRM
D,TRADING,PRICE,3,"2025/05/29 10:50:00",1,VIC1,130,75.85,0,0,"2025/05/29 10:45:03",75.85,0.37,0.37,0.1,0.1,0.1,0.1,9.89,9.89,0.1,0.1,1,1,0.1,0.1,0.1,0.1,0.81,0.81,0,0,FIRM
C,"END OF REPORT",15
