C,NEMP.WORLD,TRADINGIS,AEMO,PUBLIC,2025/05/29,20:55:11,0000000465439072,TRADINGIS,0000000465439071
I,TRADING,INTERCONNECTORRES,2,SETTLEMENTDATE,RUNNO,INTERCONNECTORID,PERIODID,METEREDMWFLOW,MWFLOW,MWLOSSES,LASTCHANGED
D,TRADING,INTERCONNECTORRES,2,"2025/05/29 21:00:00",1,N-Q-MNSP1,252,-9.1,-9,-0.16,"2025/05/29 20:55:03"
D,TRADING,INTERCONNECTORRES,2,"2025/05/29 21:00:00",1,NSW1-QLD1,252,-328.9,-298.59,-7.11,"2025/05/29 20:55:03"
D,TRADING,INTERCONNECTORRES,2,"2025/05/29 21:00:00",1,T-V-MNSP1,252,-302.8,-382.13,16.68,"2025/05/29 20:55:03"
D,TRADING,INTERCONNECTORRES,2,"2025/05/29 21:00:00",1,V-S-MNSP1,252,18,18,-0.93,"2025/05/29 20:55:03"
D,TRADING,INTERCONNECTORRES,2,"2025/05/29 21:00:00",1,V-SA,252,-188.31,-209.19,3.4,"2025/05/29 20:55:03"
D,TRADING,INTERCONNECTORRES,2,"2025/05/29 21:00:00",1,VIC1-NSW1,252,11.87,-75.68,-0.04,"2025/05/29 20:55:03"
I,TRADING,PRICE,3,SETTLEMENTDATE,RUNNO,REGIONID,PERIODID,RRP,EEP,INVALIDFLAG,LASTCHANGED,ROP,RAISE6SECRRP,RAISE6SECROP,RAISE60SECRRP,RAISE60SECROP,RAISE5MINRRP,RAISE5MINROP,RAISEREGRRP,RAISEREGROP,LOWER6SECRRP,LOWER6SECROP,LOWER60SECRRP,LOWER60SECROP,LOWER5MINRRP,LOWER5MINROP,LOWERREGRRP,LOWERREGROP,RAISE1SECRRP,RAISE1SECROP,LOWER1SECRRP,LOWER1SECROP,PRICE_STATUS
D,TRADING,PRICE,3,"2025/05/29 21:00:00",1,SA1,252,89.89,0,0,"2025/05/29 20:55:03",89.89,0.38,0.38,0.24,0.24,0.24,0.24,9.89,9.89,0.03,0.03,0.37,0.37,0.38,0.38,7.65,7.65,0.3,0.3,0,0,FIRM
D,TRADING,PRICE,3,"2025/05/29 21:00:00",1,NSW1,252,116.13,0,0,"2025/05/29 20:55:03",116.13,0.38,0.38,0.24,0.24,0.24,0.24,9.89,9.89,0.03,0.03,0.37,0.37,0.38,0.38,7.65,7.65,0.3,0.3,0,0,FIRM
D,TRADING,PRICE,3,"2025/05/29 21:00:00",1,QLD1,252,115.63,0,0,"2025/05/29 20:55:03",115.63,0.38,0.38,0.24,0.24,0.24,0.24,9.89,9.89,0.03,0.03,0.37,0.37,0.38,0.38,7.65,7.65,0.3,0.3,0,0,FIRM
D,TRADING,PRICE,3,"2025/05/29 21:00:00",1,TAS1,252,100.02,0,0,"2025/05/29 20:55:03",100.02,0.38,0.38,0.38,0.38,0.24,0.24,6.54,6.54,0.03,0.03,0.37,0.37,0.38,0.38,3.46,3.46,0.3,0.3,0,0,FIRM
D,TRADING,PRICE,3,"2025/05/29 21:00:00",1,VIC1,252,93.69,0,0,"2025/05/29 20:55:03",93.69,0.38,0.38,0.24,0.24,0.24,0.24,9.89,9.89,0.03,0.03,0.37,0.37,0.38,0.38,7.65,7.65,0.3,0.3,0,0,FIRM
C,"END OF REPORT",15
