C,NEMP.WORLD,TRADINGIS,AEMO,PUBLIC,2025/05/28,11:25:16,0000000465235638,TRADINGIS,0000000465235637
I,TRADING,INTERCONNECTORRES,2,SETTLEMENTDATE,RUNNO,INTERCONNECTORID,PERIODID,METEREDMWFLOW,MWFLOW,MWLOSSES,LASTCHANGED
D,TRADING,INTERCONNECTORRES,2,"2025/05/28 11:30:00",1,N-Q-MNSP1,138,98.6,97,29.94,"2025/05/28 11:25:08"
D,TRADING,INTERCONNECTORRES,2,"2025/05/28 11:30:00",1,NSW1-QLD1,138,-326.2,-296.34,13.18,"2025/05/28 11:25:08"
D,TRADING,INTERCONNECTORRES,2,"2025/05/28 11:30:00",1,T-V-MNSP1,138,-401.7,-409.2,19.01,"2025/05/28 11:25:08"
D,TRADING,INTERCONNECTORRES,2,"2025/05/28 11:30:00",1,V-S-MNSP1,138,131,169.82,22.27,"2025/05/28 11:25:08"
D,TRADING,INTERCONNECTORRES,2,"2025/05/28 11:30:00",1,V-SA,138,611.11,604.55,35.92,"2025/05/28 11:25:08"
D,TRADING,INTERCONNECTORRES,2,"2025/05/28 11:30:00",1,VIC1-NSW1,138,-131.48,-73.51,-2.29,"2025/05/28 11:25:08"
I,TRADING,PRICE,3,SETTLEMENTDATE,RUNNO,REGIONID,PERIODID,RRP,EEP,INVALIDFLAG,LASTCHANGED,ROP,RAISE6SECRRP,RAISE6SECROP,RAISE60SECRRP,RAISE60SECROP,RAISE5MINRRP,RAISE5MINROP,RAISEREGRRP,RAISEREGROP,LOWER6SECRRP,LOWER6SECROP,LOWER60SECRRP,LOWER60SECROP,LOWER5MINRRP,LOWER5MINROP,LOWERREGRRP,LOWERREGROP,RAISE1SECRRP,RAISE1SECROP,LOWER1SECRRP,LOWER1SECROP,PRICE_STATUS
D,TRADING,PRICE,3,"2025/05/28 11:30:00",1,SA1,138,47.36,0,0,"2025/05/28 11:25:08",47.36,0.37,0.37,0.38,0.38,0.1,0.1,7.85,7.85,0.38,0.38,0.39,0.39,0.38,0.38,3.59,3.59,0.1,0.1,0,0,FIRM
D,TRADING,PRICE,3,"2025/05/28 11:30:00",1,NSW1,138,-10.35,0,0,"2025/05/28 11:25:08",-10.35,0.37,0.37,0.38,0.38,0.1,0.1,7.85,7.85,0.38,0.38,0.39,0.39,0.38,0.38,3.59,3.59,0.1,0.1,0,0,FIRM
D,TRADING,PRICE,3,"2025/05/28 11:30:00",1,QLD1,138,-24.23,0,0,"2025/05/28 11:25:08",-24.23,0.37,0.37,0.38,0.38,0.1,0.1,7.85,7.85,7.89,7.89,7.89,7.89,0.38,0.38,3.59,3.59,0.1,0.1,0,0,FIRM
D,TRADING,PRICE,3,"2025/05/28 11:30:00",1,TAS1,138,35.08,0,0,"2025/05/28 11:25:08",35.08,0.38,0.38,0.38,0.38,0.1,0.1,7.4,7.4,0.38,0.38,0.38,0.38,0.38,0.38,2.52,2.52,0.1,0.1,0,0,FIRM
D,TRADING,PRICE,3,"2025/05/28 11:30:00",1,VIC1,138,20.04,0,0,"2025/05/28 11:25:08",20.04,0.37,0.37,0.38,0.38,0.1,0.1,7.85,7.85,0.38,0.38,0.39,0.39,0.38,0.38,3.59,3.59,0.1,0.1,0,0,FIRM
C,"END OF REPORT",15
