C,NEMP.WORLD,TRADINGIS,AEMO,PUBLIC,2025/05/29,14:05:11,0000000465396433,TRADINGIS,0000000465396432
I,TRADING,INTERCONNECTORRES,2,SETTLEMENTDATE,RUNNO,INTERCONNECTORID,PERIODID,METEREDMWFLOW,MWFLOW,MWLOSSES,LASTCHANGED
D,TRADING,INTERCONNECTORRES,2,"2025/05/29 14:10:00",1,N-Q-MNSP1,170,-20.7,-9,-0.16,"2025/05/29 14:05:03"
D,TRADING,INTERCONNECTORRES,2,"2025/05/29 14:10:00",1,NSW1-QLD1,170,-201,-131.94,-1.02,"2025/05/29 14:05:03"
D,TRADING,INTERCONNECTORRES,2,"2025/05/29 14:10:00",1,T-V-MNSP1,170,-443.8,-478,25.62,"2025/05/29 14:05:03"
D,TRADING,INTERCONNECTORRES,2,"2025/05/29 14:10:00",1,V-S-MNSP1,170,-9,-9,0.76,"2025/05/29 14:05:03"
D,TRADING,INTERCONNECTORRES,2,"2025/05/29 14:10:00",1,V-SA,170,-169.77,-257.96,16.34,"2025/05/29 14:05:03"
D,TRADING,INTERCONNECTORRES,2,"2025/05/29 14:10:00",1,VIC1-NSW1,170,658.89,650.01,85.58,"2025/05/29 14:05:03"
I,TRADING,PRICE,3,SETTLEMENTDATE,RUNNO,REGIONID,PERIODID,RRP,EEP,INVALIDFLAG,LASTCHANGED,ROP,RAISE6SECRRP,RAISE6SECROP,RAISE60SECRRP,RAISE60SECROP,RAISE5MINRRP,RAISE5MINROP,RAISEREGRRP,RAISEREGROP,LOWER6SECRRP,LOWER6SECROP,LOWER60SECRRP,LOWER60SECROP,LOWER5MINRRP,LOWER5MINROP,LOWERREGRRP,LOWERREGROP,RAISE1SECRRP,RAISE1SECROP,LOWER1SECRRP,LOWER1SECROP,PRICE_STATUS
D,TRADING,PRICE,3,"2025/05/29 14:10:00",1,SA1,170,47.36,0,0,"2025/05/29 14:05:03",47.36,0.1,0.1,0.04,0.04,0.04,0.04,5.65,5.65,0.38,0.38,0.86,0.86,0.38,0.38,1,1,0.38,0.38,0,0,FIRM
D,TRADING,PRICE,3,"2025/05/29 14:10:00",1,NSW1,170,65.59,0,0,"2025/05/29 14:05:03",65.59,0.1,0.1,0.04,0.04,0.04,0.04,5.65,5.65,0.38,0.38,0.86,0.86,0.38,0.38,1,1,0.38,0.38,0,0,FIRM
D,TRADING,PRICE,3,"2025/05/29 14:10:00",1,QLD1,170,75.63,0,0,"2025/05/29 14:05:03",75.63,4.85,4.85,4.85,4.85,0.38,0.38,5.99,5.99,0.38,0.38,0.38,0.38,0.38,0.38,1,1,0.38,0.38,0,0,FIRM
D,TRADING,PRICE,3,"2025/05/29 14:10:00",1,TAS1,170,75.13,0,0,"2025/05/29 14:05:03",75.13,0.38,0.38,0.38,0.38,0.38,0.38,7.54,7.54,0.38,0.38,0.86,0.86,0,0,2.46,2.46,0.38,0.38,0,0,FIRM
D,TRADING,PRICE,3,"2025/05/29 14:10:00",1,VIC1,170,52.12,0,0,"2025/05/29 14:05:03",52.12,0.1,0.1,0.04,0.04,0.04,0.04,5.65,5.65,0.38,0.38,0.86,0.86,0.38,0.38,1,1,0.38,0.38,0,0,FIRM
C,"END OF REPORT",15
