C,NEMP.WORLD,TRADINGIS,AEMO,PUBLIC,2025/05/28,05:00:11,0000000465197756,TRADINGIS,0000000465197755
I,TRADING,INTERCONNECTORRES,2,SETTLEMENTDATE,RUNNO,INTERCONNECTORID,PERIODID,METEREDMWFLOW,MWFLOW,MWLOSSES,LASTCHANGED
D,TRADING,INTERCONNECTORRES,2,"2025/05/28 05:05:00",1,N-Q-MNSP1,61,-1.4,0,0,"2025/05/28 05:00:03"
D,TRADING,INTERCONNECTORRES,2,"2025/05/28 05:05:00",1,NSW1-QLD1,61,92.1,103.44,1.42,"2025/05/28 05:00:03"
D,TRADING,INTERCONNECTORRES,2,"2025/05/28 05:05:00",1,T-V-MNSP1,61,-381.5,-438.75,21.73,"2025/05/28 05:00:03"
D,TRADING,INTERCONNECTORRES,2,"2025/05/28 05:05:00",1,V-S-MNSP1,61,166,165.82,20.96,"2025/05/28 05:00:03"
D,TRADING,INTERCONNECTORRES,2,"2025/05/28 05:05:00",1,V-SA,61,545.41,564.69,42.22,"2025/05/28 05:00:03"
D,TRADING,INTERCONNECTORRES,2,"2025/05/28 05:05:00",1,VIC1-NSW1,61,675.07,657.17,56.55,"2025/05/28 05:00:03"
I,TRADING,PRICE,3,SETTLEMENTDATE,RUNNO,REGIONID,PERIODID,RRP,EEP,INVALIDFLAG,LASTCHANGED,ROP,RAISE6SECRRP,RAISE6SECROP,RAISE60SECRRP,RAISE60SECROP,RAISE5MINRRP,RAISE5MINROP,RAISEREGRRP,RAISEREGROP,LOWER6SECRRP,LOWER6SECROP,LOWER60SECRRP,LOWER60SECROP,LOWER5MINRRP,LOWER5MINROP,LOWERREGRRP,LOWERREGROP,RAISE1SECRRP,RAISE1SECROP,LOWER1SECRRP,LOWER1SECROP,PRICE_STATUS
D,TRADING,PRICE,3,"2025/05/28 05:05:00",1,SA1,61,65.72,0,0,"2025/05/28 05:00:03",65.72,0.38,0.38,0.38,0.38,0.32,0.32,7.6,7.6,0.2,0.2,0.38,0.38,0.38,0.38,3.65,3.65,0.38,0.38,0,0,FIRM
D,TRADING,PRICE,3,"2025/05/28 05:05:00",1,NSW1,61,57.01,0,0,"2025/05/28 05:00:03",57.01,0.38,0.38,0.38,0.38,0.32,0.32,7.6,7.6,0.2,0.2,0.38,0.38,0.38,0.38,3.65,3.65,0.38,0.38,0,0,FIRM
D,TRADING,PRICE,3,"2025/05/28 05:05:00",1,QLD1,61,58.32,0,0,"2025/05/28 05:00:03",58.32,0.38,0.38,0.38,0.38,0.32,0.32,7.6,7.6,0.2,0.2,0.38,0.38,0.38,0.38,3.65,3.65,0.38,0.38,0,0,FIRM
D,TRADING,PRICE,3,"2025/05/28 05:05:00",1,TAS1,61,35.1,0,0,"2025/05/28 05:00:03",35.1,0.38,0.38,0.38,0.38,0.32,0.32,7.4,7.4,0.2,0.2,0.38,0.38,0,0,3.48,3.48,0.38,0.38,0,0,FIRM
D,TRADING,PRICE,3,"2025/05/28 05:05:00",1,VIC1,61,11.76,0,0,"2025/05/28 05:00:03",11.76,0.38,0.38,0.38,0.38,0.32,0.32,7.6,7.6,0.2,0.2,0.38,0.38,0.38,0.38,3.65,3.65,0.38,0.38,0,0,FIRM
C,"END OF REPORT",15
