C,NEMP.WORLD,TRADINGIS,AEMO,PUBLIC,2025/05/27,06:40:10,0000000465059087,TRADINGIS,0000000465059086
I,TRADING,INTERCONNECTORRES,2,SETTLEMENTDATE,RUNNO,INTERCONNECTORID,PERIODID,METEREDMWFLOW,MWFLOW,MWLOSSES,LASTCHANGED
D,TRADING,INTERCONNECTORRES,2,"2025/05/27 06:45:00",1,N-Q-MNSP1,81,-0.3,0,0,"2025/05/27 06:40:03"
D,TRADING,INTERCONNECTORRES,2,"2025/05/27 06:45:00",1,NSW1-QLD1,81,-19,-60.43,-1.52,"2025/05/27 06:40:03"
D,TRADING,INTERCONNECTORRES,2,"2025/05/27 06:45:00",1,T-V-MNSP1,81,-435.8,-461.44,23.94,"2025/05/27 06:40:03"
D,TRADING,INTERCONNECTORRES,2,"2025/05/27 06:45:00",1,V-S-MNSP1,81,-84,-69,10.84,"2025/05/27 06:40:03"
D,TRADING,INTERCONNECTORRES,2,"2025/05/27 06:45:00",1,V-SA,81,-170.79,-156.55,2.61,"2025/05/27 06:40:03"
D,TRADING,INTERCONNECTORRES,2,"2025/05/27 06:45:00",1,VIC1-NSW1,81,785.2,841.22,74.92,"2025/05/27 06:40:03"
I,TRADING,PRICE,3,SETTLEMENTDATE,RUNNO,REGIONID,PERIODID,RRP,EEP,INVALIDFLAG,LASTCHANGED,ROP,RAISE6SECRRP,RAISE6SECROP,RAISE60SECRRP,RAISE60SECROP,RAISE5MINRRP,RAISE5MINROP,RAISEREGRRP,RAISEREGROP,LOWER6SECRRP,LOWER6SECROP,LOWER60SECRRP,LOWER60SECROP,LOWER5MINRRP,LOWER5MINROP,LOWERREGRRP,LOWERREGROP,RAISE1SECRRP,RAISE1SECROP,LOWER1SECRRP,LOWER1SECROP,PRICE_STATUS
D,TRADING,PRICE,3,"2025/05/27 06:45:00",1,SA1,81,53.24,0,0,"2025/05/27 06:40:03",53.24,0.23,0.23,0.1,0.1,0.1,0.1,7.99,7.99,0.03,0.03,0.15,0.15,0.1,0.1,1,1,0.37,0.37,0,0,FIRM
D,TRADING,PRICE,3,"2025/05/27 06:45:00",1,NSW1,81,64.73,0,0,"2025/05/27 06:40:03",64.73,0.23,0.23,0.1,0.1,0.1,0.1,7.99,7.99,0.03,0.03,0.15,0.15,0.1,0.1,1,1,0.37,0.37,0,0,FIRM
D,TRADING,PRICE,3,"2025/05/27 06:45:00",1,QLD1,81,128.73,0,0,"2025/05/27 06:40:03",128.73,0.23,0.23,0.1,0.1,0.1,0.1,7.99,7.99,0.03,0.03,0.15,0.15,0.1,0.1,1,1,0.37,0.37,0,0,FIRM
D,TRADING,PRICE,3,"2025/05/27 06:45:00",1,TAS1,81,99.28,0,0,"2025/05/27 06:40:03",99.28,0.38,0.38,0.38,0.38,0.36,0.36,8.4,8.4,0.03,0.03,0.15,0.15,0,0,3.48,3.48,0.37,0.37,0,0,FIRM
D,TRADING,PRICE,3,"2025/05/27 06:45:00",1,VIC1,81,55.19,0,0,"2025/05/27 06:40:03",55.19,0.23,0.23,0.1,0.1,0.1,0.1,7.99,7.99,0.03,0.03,0.15,0.15,0.1,0.1,1,1,0.37,0.37,0,0,FIRM
C,"END OF REPORT",15
