C,NEMP.WORLD,TRADINGIS,AEMO,PUBLIC,2025/05/28,11:05:15,0000000465233656,TRADINGIS,0000000465233655
I,TRADING,INTERCONNECTORRES,2,SETTLEMENTDATE,RUNNO,INTERCONNECTORID,PERIODID,METEREDMWFLOW,MWFLOW,MWLOSSES,LASTCHANGED
D,TRADING,INTERCONNECTORRES,2,"2025/05/28 11:10:00",1,N-Q-MNSP1,134,96.6,95.87,29.32,"2025/05/28 11:05:07"
D,TRADING,INTERCONNECTORRES,2,"2025/05/28 11:10:00",1,NSW1-QLD1,134,-350.3,-369.42,18.17,"2025/05/28 11:05:07"
D,TRADING,INTERCONNECTORRES,2,"2025/05/28 11:10:00",1,T-V-MNSP1,134,-418.8,-399.43,18.15,"2025/05/28 11:05:07"
D,TRADING,INTERCONNECTORRES,2,"2025/05/28 11:10:00",1,V-S-MNSP1,134,123,177.84,25.05,"2025/05/28 11:05:07"
D,TRADING,INTERCONNECTORRES,2,"2025/05/28 11:10:00",1,V-SA,134,552.04,603.02,37.36,"2025/05/28 11:05:07"
D,TRADING,INTERCONNECTORRES,2,"2025/05/28 11:10:00",1,VIC1-NSW1,134,-146.68,-105.69,-2.61,"2025/05/28 11:05:07"
I,TRADING,PRICE,3,SETTLEMENTDATE,RUNNO,REGIONID,PERIODID,RRP,EEP,INVALIDFLAG,LASTCHANGED,ROP,RAISE6SECRRP,RAISE6SECROP,RAISE60SECRRP,RAISE60SECROP,RAISE5MINRRP,RAISE5MINROP,RAISEREGRRP,RAISEREGROP,LOWER6SECRRP,LOWER6SECROP,LOWER60SECRRP,LOWER60SECROP,LOWER5MINRRP,LOWER5MINROP,LOWERREGRRP,LOWERREGROP,RAISE1SECRRP,RAISE1SECROP,LOWER1SECRRP,LOWER1SECROP,PRICE_STATUS
D,TRADING,PRICE,3,"2025/05/28 11:10:00",1,SA1,134,47.36,0,0,"2025/05/28 11:05:07",47.36,0.37,0.37,0.38,0.38,0.1,0.1,7.6,7.6,0.38,0.38,0.39,0.39,0.38,0.38,3.49,3.49,0.1,0.1,0,0,FIRM
D,TRADING,PRICE,3,"2025/05/28 11:10:00",1,NSW1,134,-16.91,0,0,"2025/05/28 11:05:07",-16.91,0.37,0.37,0.38,0.38,0.1,0.1,7.6,7.6,0.38,0.38,0.39,0.39,0.38,0.38,3.49,3.49,0.1,0.1,0,0,FIRM
D,TRADING,PRICE,3,"2025/05/28 11:10:00",1,QLD1,134,-24.23,0,0,"2025/05/28 11:05:07",-24.23,0.37,0.37,0.38,0.38,0.1,0.1,7.6,7.6,7.89,7.89,1.83,1.83,0.38,0.38,3.49,3.49,0.1,0.1,0,0,FIRM
D,TRADING,PRICE,3,"2025/05/28 11:10:00",1,TAS1,134,35.12,0,0,"2025/05/28 11:05:07",35.12,0.38,0.38,0.38,0.38,0.1,0.1,7.44,7.44,0.38,0.38,0.38,0.38,0.38,0.38,2.48,2.48,0.1,0.1,0,0,FIRM
D,TRADING,PRICE,3,"2025/05/28 11:10:00",1,VIC1,134,32.81,0,0,"2025/05/28 11:05:07",32.81,0.37,0.37,0.38,0.38,0.1,0.1,7.6,7.6,0.38,0.38,0.39,0.39,0.38,0.38,3.49,3.49,0.1,0.1,0,0,FIRM
C,"END OF REPORT",15
