C,NEMP.WORLD,TRADINGIS,AEMO,PUBLIC,2025/05/28,12:20:15,0000000465242898,TRADINGIS,0000000465242897
I,TRADING,INTERCONNECTORRES,2,SETTLEMENTDATE,RUNNO,INTERCONNECTORID,PERIODID,METEREDMWFLOW,MWFLOW,MWLOSSES,LASTCHANGED
D,TRADING,INTERCONNECTORRES,2,"2025/05/28 12:25:00",1,N-Q-MNSP1,149,97.7,95.86,29.31,"2025/05/28 12:20:08"
D,TRADING,INTERCONNECTORRES,2,"2025/05/28 12:25:00",1,NSW1-QLD1,149,-226,-376.04,20.15,"2025/05/28 12:20:08"
D,TRADING,INTERCONNECTORRES,2,"2025/05/28 12:25:00",1,T-V-MNSP1,149,-409.6,-421.18,20.09,"2025/05/28 12:20:08"
D,TRADING,INTERCONNECTORRES,2,"2025/05/28 12:25:00",1,V-S-MNSP1,149,128,154.03,17.27,"2025/05/28 12:20:08"
D,TRADING,INTERCONNECTORRES,2,"2025/05/28 12:25:00",1,V-SA,149,580.61,568.99,29.99,"2025/05/28 12:20:08"
D,TRADING,INTERCONNECTORRES,2,"2025/05/28 12:25:00",1,VIC1-NSW1,149,-148.35,-102.86,-3.55,"2025/05/28 12:20:08"
I,TRADING,PRICE,3,SETTLEMENTDATE,RUNNO,REGIONID,PERIODID,RRP,EEP,INVALIDFLAG,LASTCHANGED,ROP,RAISE6SECRRP,RAISE6SECROP,RAISE60SECRRP,RAISE60SECROP,RAISE5MINRRP,RAISE5MINROP,RAISEREGRRP,RAISEREGROP,LOWER6SECRRP,LOWER6SECROP,LOWER60SECRRP,LOWER60SECROP,LOWER5MINRRP,LOWER5MINROP,LOWERREGRRP,LOWERREGROP,RAISE1SECRRP,RAISE1SECROP,LOWER1SECRRP,LOWER1SECROP,PRICE_STATUS
D,TRADING,PRICE,3,"2025/05/28 12:25:00",1,SA1,149,19.16,0,0,"2025/05/28 12:20:08",19.16,0.23,0.23,0.1,0.1,0.1,0.1,3.99,3.99,0,0,0.38,0.38,0.38,0.38,0.38,0.38,0.01,0.01,0,0,FIRM
D,TRADING,PRICE,3,"2025/05/28 12:25:00",1,NSW1,149,-20.51,0,0,"2025/05/28 12:20:08",-20.51,0.23,0.23,0.1,0.1,0.1,0.1,3.99,3.99,0,0,0.38,0.38,0.38,0.38,0.38,0.38,0.01,0.01,0,0,FIRM
D,TRADING,PRICE,3,"2025/05/28 12:25:00",1,QLD1,149,-27.83,0,0,"2025/05/28 12:20:08",-27.83,0.23,0.23,0.1,0.1,0.1,0.1,3.99,3.99,7.89,7.89,1.83,1.83,0.38,0.38,0.38,0.38,0.01,0.01,0,0,FIRM
D,TRADING,PRICE,3,"2025/05/28 12:25:00",1,TAS1,149,35.06,0,0,"2025/05/28 12:20:08",35.06,0.38,0.38,0.38,0.38,0.1,0.1,6.4,6.4,0,0,0.38,0.38,0.38,0.38,2.54,2.54,0.01,0.01,0,0,FIRM
D,TRADING,PRICE,3,"2025/05/28 12:25:00",1,VIC1,149,12.43,0,0,"2025/05/28 12:20:08",12.43,0.23,0.23,0.1,0.1,0.1,0.1,3.99,3.99,0,0,0.38,0.38,0.38,0.38,0.38,0.38,0.01,0.01,0,0,FIRM
C,"END OF REPORT",15
