C,NEMP.WORLD,TRADINGIS,AEMO,PUBLIC,2025/05/27,17:00:11,0000000465126178,TRADINGIS,0000000465126177
I,TRADING,INTERCONNECTORRES,2,SETTLEMENTDATE,RUNNO,INTERCONNECTORID,PERIODID,METEREDMWFLOW,MWFLOW,MWLOSSES,LASTCHANGED
D,TRADING,INTERCONNECTORRES,2,"2025/05/27 17:05:00",1,N-Q-MNSP1,205,9.2,17,1.52,"2025/05/27 17:00:03"
D,TRADING,INTERCONNECTORRES,2,"2025/05/27 17:05:00",1,NSW1-QLD1,205,252,258.68,23.13,"2025/05/27 17:00:03"
D,TRADING,INTERCONNECTORRES,2,"2025/05/27 17:05:00",1,T-V-MNSP1,205,-470.6,-478,25.62,"2025/05/27 17:00:03"
D,TRADING,INTERCONNECTORRES,2,"2025/05/27 17:05:00",1,V-S-MNSP1,205,168,169.06,22.02,"2025/05/27 17:00:03"
D,TRADING,INTERCONNECTORRES,2,"2025/05/27 17:05:00",1,V-SA,205,-68.93,-170.92,5.12,"2025/05/27 17:00:03"
D,TRADING,INTERCONNECTORRES,2,"2025/05/27 17:05:00",1,VIC1-NSW1,205,160.11,104.78,3.02,"2025/05/27 17:00:03"
I,TRADING,PRICE,3,SETTLEMENTDATE,RUNNO,REGIONID,PERIODID,RRP,EEP,INVALIDFLAG,LASTCHANGED,ROP,RAISE6SECRRP,RAISE6SECROP,RAISE60SECRRP,RAISE60SECROP,RAISE5MINRRP,RAISE5MINROP,RAISEREGRRP,RAISEREGROP,LOWER6SECRRP,LOWER6SECROP,LOWER60SECRRP,LOWER60SECROP,LOWER5MINRRP,LOWER5MINROP,LOWERREGRRP,LOWERREGROP,RAISE1SECRRP,RAISE1SECROP,LOWER1SECRRP,LOWER1SECROP,PRICE_STATUS
D,TRADING,PRICE,3,"2025/05/27 17:05:00",1,SA1,205,0,0,0,"2025/05/27 17:00:03",0,0.38,0.38,0.38,0.38,0.38,0.38,9.24,9.24,0.1,0.1,0.39,0.39,0.39,0.39,7.95,7.95,0.38,0.38,0,0,FIRM
D,TRADING,PRICE,3,"2025/05/27 17:05:00",1,NSW1,205,67.7,0,0,"2025/05/27 17:00:03",67.7,0.38,0.38,0.38,0.38,0.38,0.38,9.24,9.24,0.1,0.1,0.39,0.39,0.39,0.39,7.95,7.95,0.38,0.38,0,0,FIRM
D,TRADING,PRICE,3,"2025/05/27 17:05:00",1,QLD1,205,75.83,0,0,"2025/05/27 17:00:03",75.83,0.38,0.38,0.38,0.38,0.38,0.38,9.24,9.24,0.1,0.1,0.39,0.39,0.39,0.39,7.95,7.95,0.38,0.38,0,0,FIRM
D,TRADING,PRICE,3,"2025/05/27 17:05:00",1,TAS1,205,150.24,0,0,"2025/05/27 17:00:03",150.24,0.38,0.38,0.38,0.38,0.38,0.38,8.4,8.4,0.1,0.1,0.38,0.38,0,0,2.48,2.48,0.38,0.38,0,0,FIRM
D,TRADING,PRICE,3,"2025/05/27 17:05:00",1,VIC1,205,8.95,0,0,"2025/05/27 17:00:03",8.95,0.38,0.38,0.38,0.38,0.38,0.38,9.24,9.24,0.1,0.1,0.39,0.39,0.39,0.39,7.95,7.95,0.38,0.38,0,0,FIRM
C,"END OF REPORT",15
