C,NEMP.WORLD,TRADINGIS,AEMO,PUBLIC,2025/05/28,06:50:17,0000000465208596,TRADINGIS,0000000465208595
I,TRADING,INTERCONNECTORRES,2,SETTLEMENTDATE,RUNNO,INTERCONNECTORID,PERIODID,METEREDMWFLOW,MWFLOW,MWLOSSES,LASTCHANGED
D,TRADING,INTERCONNECTORRES,2,"2025/05/28 06:55:00",1,N-Q-MNSP1,83,61.9,2.47,0.17,"2025/05/28 06:50:07"
D,TRADING,INTERCONNECTORRES,2,"2025/05/28 06:55:00",1,NSW1-QLD1,83,-288.8,-273,-3.59,"2025/05/28 06:50:07"
D,TRADING,INTERCONNECTORRES,2,"2025/05/28 06:55:00",1,T-V-MNSP1,83,-399.8,-378.13,16.34,"2025/05/28 06:50:07"
D,TRADING,INTERCONNECTORRES,2,"2025/05/28 06:55:00",1,V-S-MNSP1,83,171,156.35,17.98,"2025/05/28 06:50:07"
D,TRADING,INTERCONNECTORRES,2,"2025/05/28 06:55:00",1,V-SA,83,566.37,572.34,38.57,"2025/05/28 06:50:07"
D,TRADING,INTERCONNECTORRES,2,"2025/05/28 06:55:00",1,VIC1-NSW1,83,273.33,238,9.81,"2025/05/28 06:50:07"
I,TRADING,PRICE,3,SETTLEMENTDATE,RUNNO,REGIONID,PERIODID,RRP,EEP,INVALIDFLAG,LASTCHANGED,ROP,RAISE6SECRRP,RAISE6SECROP,RAISE60SECRRP,RAISE60SECROP,RAISE5MINRRP,RAISE5MINROP,RAISEREGRRP,RAISEREGROP,LOWER6SECRRP,LOWER6SECROP,LOWER60SECRRP,LOWER60SECROP,LOWER5MINRRP,LOWER5MINROP,LOWERREGRRP,LOWERREGROP,RAISE1SECRRP,RAISE1SECROP,LOWER1SECRRP,LOWER1SECROP,PRICE_STATUS
D,TRADING,PRICE,3,"2025/05/28 06:55:00",1,SA1,83,138,0,0,"2025/05/28 06:50:07",138,0.38,0.38,0.38,0.38,0.32,0.32,7.6,7.6,0.38,0.38,0.38,0.38,0.38,0.38,2,2,0.38,0.38,0,0,FIRM
D,TRADING,PRICE,3,"2025/05/28 06:55:00",1,NSW1,83,109.5,0,0,"2025/05/28 06:50:07",109.5,0.38,0.38,0.38,0.38,0.32,0.32,7.6,7.6,0.38,0.38,0.38,0.38,0.38,0.38,2,2,0.38,0.38,0,0,FIRM
D,TRADING,PRICE,3,"2025/05/28 06:55:00",1,QLD1,83,198.9,0,0,"2025/05/28 06:50:07",198.9,0.38,0.38,0.38,0.38,0.32,0.32,7.6,7.6,0.38,0.38,0.38,0.38,0.38,0.38,2,2,0.38,0.38,0,0,FIRM
D,TRADING,PRICE,3,"2025/05/28 06:55:00",1,TAS1,83,110.19,0,0,"2025/05/28 06:50:07",110.19,0.38,0.38,0.38,0.38,0.32,0.32,8.4,8.4,0.38,0.38,0.38,0.38,0.38,0.38,2.48,2.48,0.38,0.38,0,0,FIRM
D,TRADING,PRICE,3,"2025/05/28 06:55:00",1,VIC1,83,103.22,0,0,"2025/05/28 06:50:07",103.22,0.38,0.38,0.38,0.38,0.32,0.32,7.6,7.6,0.38,0.38,0.38,0.38,0.38,0.38,2,2,0.38,0.38,0,0,FIRM
C,"END OF REPORT",15
