C,NEMP.WORLD,TRADINGIS,AEMO,PUBLIC,2025/05/27,16:40:10,0000000465124012,TRADINGIS,0000000465124011
I,TRADING,INTERCONNECTORRES,2,SETTLEMENTDATE,RUNNO,INTERCONNECTORID,PERIODID,METEREDMWFLOW,MWFLOW,MWLOSSES,LASTCHANGED
D,TRADING,INTERCONNECTORRES,2,"2025/05/27 16:45:00",1,N-Q-MNSP1,201,8.2,9,0.6,"2025/05/27 16:40:03"
D,TRADING,INTERCONNECTORRES,2,"2025/05/27 16:45:00",1,NSW1-QLD1,201,23.8,145.79,10.99,"2025/05/27 16:40:03"
D,TRADING,INTERCONNECTORRES,2,"2025/05/27 16:45:00",1,T-V-MNSP1,201,-378.5,-424.88,20.43,"2025/05/27 16:40:03"
D,TRADING,INTERCONNECTORRES,2,"2025/05/27 16:45:00",1,V-S-MNSP1,201,164,165.28,20.78,"2025/05/27 16:40:03"
D,TRADING,INTERCONNECTORRES,2,"2025/05/27 16:45:00",1,V-SA,201,208.2,153.94,0.09,"2025/05/27 16:40:03"
D,TRADING,INTERCONNECTORRES,2,"2025/05/27 16:45:00",1,VIC1-NSW1,201,302.65,256.08,12.55,"2025/05/27 16:40:03"
I,TRADING,PRICE,3,SETTLEMENTDATE,RUNNO,REGIONID,PERIODID,RRP,EEP,INVALIDFLAG,LASTCHANGED,ROP,RAISE6SECRRP,RAISE6SECROP,RAISE60SECRRP,RAISE60SECROP,RAISE5MINRRP,RAISE5MINROP,RAISEREGRRP,RAISEREGROP,LOWER6SECRRP,LOWER6SECROP,LOWER60SECRRP,LOWER60SECROP,LOWER5MINRRP,LOWER5MINROP,LOWERREGRRP,LOWERREGROP,RAISE1SECRRP,RAISE1SECROP,LOWER1SECRRP,LOWER1SECROP,PRICE_STATUS
D,TRADING,PRICE,3,"2025/05/27 16:45:00",1,SA1,201,-21.26,0,0,"2025/05/27 16:40:03",-21.26,0.38,0.38,0.38,0.38,0.38,0.38,5.99,5.99,0.1,0.1,0.38,0.38,0.39,0.39,13.7,13.7,0.36,0.36,0,0,FIRM
D,TRADING,PRICE,3,"2025/05/27 16:45:00",1,NSW1,201,89.69,0,0,"2025/05/27 16:40:03",89.69,0.38,0.38,0.38,0.38,0.38,0.38,5.99,5.99,0.1,0.1,0.38,0.38,0.39,0.39,13.7,13.7,0.36,0.36,0,0,FIRM
D,TRADING,PRICE,3,"2025/05/27 16:45:00",1,QLD1,201,97.73,0,0,"2025/05/27 16:40:03",97.73,0.38,0.38,0.38,0.38,0.38,0.38,5.99,5.99,0.1,0.1,0.38,0.38,0.39,0.39,13.7,13.7,0.36,0.36,0,0,FIRM
D,TRADING,PRICE,3,"2025/05/27 16:45:00",1,TAS1,201,81.88,0,0,"2025/05/27 16:40:03",81.88,0.38,0.38,0.38,0.38,0.38,0.38,7.4,7.4,0.1,0.1,0.38,0.38,0.38,0.38,2.48,2.48,0.36,0.36,0,0,FIRM
D,TRADING,PRICE,3,"2025/05/27 16:45:00",1,VIC1,201,76.11,0,0,"2025/05/27 16:40:03",76.11,0.38,0.38,0.38,0.38,0.38,0.38,5.99,5.99,0.1,0.1,0.38,0.38,0.39,0.39,13.7,13.7,0.36,0.36,0,0,FIRM
C,"END OF REPORT",15
