C,NEMP.WORLD,TRADINGIS,AEMO,PUBLIC,2025/05/29,09:20:11,0000000465366020,TRADINGIS,0000000465366019
I,TRADING,INTERCONNECTORRES,2,SETTLEMENTDATE,RUNNO,INTERCONNECTORID,PERIODID,METEREDMWFLOW,MWFLOW,MWLOSSES,LASTCHANGED
D,TRADING,INTERCONNECTORRES,2,"2025/05/29 09:25:00",1,N-Q-MNSP1,113,-17.5,-17,0.07,"2025/05/29 09:20:04"
D,TRADING,INTERCONNECTORRES,2,"2025/05/29 09:25:00",1,NSW1-QLD1,113,-396.3,-379.16,4.04,"2025/05/29 09:20:04"
D,TRADING,INTERCONNECTORRES,2,"2025/05/29 09:25:00",1,T-V-MNSP1,113,-301.5,-298.6,10.44,"2025/05/29 09:20:04"
D,TRADING,INTERCONNECTORRES,2,"2025/05/29 09:25:00",1,V-S-MNSP1,113,36,27,-1.11,"2025/05/29 09:20:04"
D,TRADING,INTERCONNECTORRES,2,"2025/05/29 09:25:00",1,V-SA,113,68.09,25.46,-0.21,"2025/05/29 09:20:04"
D,TRADING,INTERCONNECTORRES,2,"2025/05/29 09:25:00",1,VIC1-NSW1,113,-402.32,-348.64,-0.73,"2025/05/29 09:20:04"
I,TRADING,PRICE,3,SETTLEMENTDATE,RUNNO,REGIONID,PERIODID,RRP,EEP,INVALIDFLAG,LASTCHANGED,ROP,RAISE6SECRRP,RAISE6SECROP,RAISE60SECRRP,RAISE60SECROP,RAISE5MINRRP,RAISE5MINROP,RAISEREGRRP,RAISEREGROP,LOWER6SECRRP,LOWER6SECROP,LOWER60SECRRP,LOWER60SECROP,LOWER5MINRRP,LOWER5MINROP,LOWERREGRRP,LOWERREGROP,RAISE1SECRRP,RAISE1SECROP,LOWER1SECRRP,LOWER1SECROP,PRICE_STATUS
D,TRADING,PRICE,3,"2025/05/29 09:25:00",1,SA1,113,138.24,0,0,"2025/05/29 09:20:04",138.24,0.38,0.38,0.1,0.1,0.1,0.1,12.47,12.47,0.03,0.03,0.15,0.15,0.1,0.1,6,6,0.81,0.81,0,0,FIRM
D,TRADING,PRICE,3,"2025/05/29 09:25:00",1,NSW1,113,135.36,0,0,"2025/05/29 09:20:04",135.36,0.38,0.38,0.1,0.1,0.1,0.1,12.47,12.47,0.03,0.03,0.15,0.15,0.1,0.1,6,6,0.81,0.81,0,0,FIRM
D,TRADING,PRICE,3,"2025/05/29 09:25:00",1,QLD1,113,129.54,0,0,"2025/05/29 09:20:04",129.54,0.38,0.38,0.1,0.1,0.1,0.1,12.47,12.47,0.03,0.03,0.15,0.15,0.1,0.1,6,6,0.81,0.81,0,0,FIRM
D,TRADING,PRICE,3,"2025/05/29 09:25:00",1,TAS1,113,145.81,0,0,"2025/05/29 09:20:04",145.81,0.38,0.38,0.38,0.38,0.1,0.1,7.54,7.54,0.03,0.03,0.15,0.15,0.1,0.1,3.46,3.46,0.81,0.81,0,0,FIRM
D,TRADING,PRICE,3,"2025/05/29 09:25:00",1,VIC1,113,139,0,0,"2025/05/29 09:20:04",139,0.38,0.38,0.1,0.1,0.1,0.1,12.47,12.47,0.03,0.03,0.15,0.15,0.1,0.1,6,6,0.81,0.81,0,0,FIRM
C,"END OF REPORT",15
