C,NEMP.WORLD,TRADINGIS,AEMO,PUBLIC,2025/05/28,11:00:15,0000000465233063,TRADINGIS,0000000465233062
I,TRADING,INTERCONNECTORRES,2,SETTLEMENTDATE,RUNNO,INTERCONNECTORID,PERIODID,METEREDMWFLOW,MWFLOW,MWLOSSES,LASTCHANGED
D,TRADING,INTERCONNECTORRES,2,"2025/05/28 11:05:00",1,N-Q-MNSP1,133,95.6,95.09,28.89,"2025/05/28 11:00:07"
D,TRADING,INTERCONNECTORRES,2,"2025/05/28 11:05:00",1,NSW1-QLD1,133,-449.9,-443.34,25.6,"2025/05/28 11:00:07"
D,TRADING,INTERCONNECTORRES,2,"2025/05/28 11:05:00",1,T-V-MNSP1,133,-400.4,-408.98,18.99,"2025/05/28 11:00:07"
D,TRADING,INTERCONNECTORRES,2,"2025/05/28 11:05:00",1,V-S-MNSP1,133,131,123.65,9.35,"2025/05/28 11:00:07"
D,TRADING,INTERCONNECTORRES,2,"2025/05/28 11:05:00",1,V-SA,133,638.34,604.74,39.34,"2025/05/28 11:00:07"
D,TRADING,INTERCONNECTORRES,2,"2025/05/28 11:05:00",1,VIC1-NSW1,133,-277.42,-202.55,-2.95,"2025/05/28 11:00:07"
I,TRADING,PRICE,3,SETTLEMENTDATE,RUNNO,REGIONID,PERIODID,RRP,EEP,INVALIDFLAG,LASTCHANGED,ROP,RAISE6SECRRP,RAISE6SECROP,RAISE60SECRRP,RAISE60SECROP,RAISE5MINRRP,RAISE5MINROP,RAISEREGRRP,RAISEREGROP,LOWER6SECRRP,LOWER6SECROP,LOWER60SECRRP,LOWER60SECROP,LOWER5MINRRP,LOWER5MINROP,LOWERREGRRP,LOWERREGROP,RAISE1SECRRP,RAISE1SECROP,LOWER1SECRRP,LOWER1SECROP,PRICE_STATUS
D,TRADING,PRICE,3,"2025/05/28 11:05:00",1,SA1,133,2.51,0,0,"2025/05/28 11:00:07",2.51,0.37,0.37,0.38,0.38,0.1,0.1,7.85,7.85,0,0,0.38,0.38,0.38,0.38,4.65,4.65,0.04,0.04,0,0,FIRM
D,TRADING,PRICE,3,"2025/05/28 11:05:00",1,NSW1,133,-20.51,0,0,"2025/05/28 11:00:07",-20.51,0.37,0.37,0.38,0.38,0.1,0.1,7.85,7.85,0,0,0.38,0.38,0.38,0.38,4.65,4.65,0.04,0.04,0,0,FIRM
D,TRADING,PRICE,3,"2025/05/28 11:05:00",1,QLD1,133,-31.11,0,0,"2025/05/28 11:00:07",-31.11,0.37,0.37,0.38,0.38,0.1,0.1,7.85,7.85,4.89,4.89,8.46,8.46,0.38,0.38,4.65,4.65,0.04,0.04,0,0,FIRM
D,TRADING,PRICE,3,"2025/05/28 11:05:00",1,TAS1,133,35.12,0,0,"2025/05/28 11:00:07",35.12,0.38,0.38,0.38,0.38,0.1,0.1,7.44,7.44,0,0,0.38,0.38,0.38,0.38,2.48,2.48,0.04,0.04,0,0,FIRM
D,TRADING,PRICE,3,"2025/05/28 11:05:00",1,VIC1,133,2.03,0,0,"2025/05/28 11:00:07",2.03,0.37,0.37,0.38,0.38,0.1,0.1,7.85,7.85,0,0,0.38,0.38,0.38,0.38,4.65,4.65,0.04,0.04,0,0,FIRM
C,"END OF REPORT",15
