C,NEMP.WORLD,TRADINGIS,AEMO,PUBLIC,2025/05/26,14:20:16,0000000464957382,TRADINGIS,0000000464957381
I,TRADING,INTERCONNECTORRES,2,SETTLEMENTDATE,RUNNO,INTERCONNECTORID,PERIODID,METEREDMWFLOW,MWFLOW,MWLOSSES,LASTCHANGED
D,TRADING,INTERCONNECTORRES,2,"2025/05/26 14:25:00",1,N-Q-MNSP1,173,-28.5,-25,0.65,"2025/05/26 14:20:08"
D,TRADING,INTERCONNECTORRES,2,"2025/05/26 14:25:00",1,NSW1-QLD1,173,-770.1,-765,35.54,"2025/05/26 14:20:08"
D,TRADING,INTERCONNECTORRES,2,"2025/05/26 14:25:00",1,T-V-MNSP1,173,-435.8,-436.97,21.56,"2025/05/26 14:20:08"
D,TRADING,INTERCONNECTORRES,2,"2025/05/26 14:25:00",1,V-S-MNSP1,173,172,175.26,24.15,"2025/05/26 14:20:08"
D,TRADING,INTERCONNECTORRES,2,"2025/05/26 14:25:00",1,V-SA,173,234.07,100.37,3.46,"2025/05/26 14:20:08"
D,TRADING,INTERCONNECTORRES,2,"2025/05/26 14:25:00",1,VIC1-NSW1,173,483.19,453.31,28.53,"2025/05/26 14:20:08"
I,TRADING,PRICE,3,SETTLEMENTDATE,RUNNO,REGIONID,PERIODID,RRP,EEP,INVALIDFLAG,LASTCHANGED,ROP,RAISE6SECRRP,RAISE6SECROP,RAISE60SECRRP,RAISE60SECROP,RAISE5MINRRP,RAISE5MINROP,RAISEREGRRP,RAISEREGROP,LOWER6SECRRP,LOWER6SECROP,LOWER60SECRRP,LOWER60SECROP,LOWER5MINRRP,LOWER5MINROP,LOWERREGRRP,LOWERREGROP,RAISE1SECRRP,RAISE1SECROP,LOWER1SECRRP,LOWER1SECROP,PRICE_STATUS
D,TRADING,PRICE,3,"2025/05/26 14:25:00",1,SA1,173,-20,0,0,"2025/05/26 14:20:08",-20,0.1,0.1,0.1,0.1,0.1,0.1,9.24,9.24,0.38,0.38,0.39,0.39,0.38,0.38,6,6,0.36,0.36,0.01,0.01,FIRM
D,TRADING,PRICE,3,"2025/05/26 14:25:00",1,NSW1,173,84.85,0,0,"2025/05/26 14:20:08",84.85,0.1,0.1,0.1,0.1,0.1,0.1,9.24,9.24,0.38,0.38,0.39,0.39,0.38,0.38,6,6,0.36,0.36,0.01,0.01,FIRM
D,TRADING,PRICE,3,"2025/05/26 14:25:00",1,QLD1,173,75.63,0,0,"2025/05/26 14:20:08",75.63,0.1,0.1,0.1,0.1,0.1,0.1,9.24,9.24,0.38,0.38,0.39,0.39,0.38,0.38,6,6,0.36,0.36,0.01,0.01,FIRM
D,TRADING,PRICE,3,"2025/05/26 14:25:00",1,TAS1,173,11.25,0,0,"2025/05/26 14:20:08",11.25,0.38,0.38,0.38,0.38,0.1,0.1,8.8,8.8,0.38,0.38,0.39,0.39,0,0,2.55,2.55,0.36,0.36,0.01,0.01,FIRM
D,TRADING,PRICE,3,"2025/05/26 14:25:00",1,VIC1,173,-19.14,0,0,"2025/05/26 14:20:08",-19.14,0.1,0.1,0.1,0.1,0.1,0.1,9.24,9.24,0.38,0.38,0.39,0.39,0.38,0.38,6,6,0.36,0.36,0.01,0.01,FIRM
C,"END OF REPORT",15
