C,NEMP.WORLD,TRADINGIS,AEMO,PUBLIC,2025/05/28,23:15:10,0000000465308579,TRADINGIS,0000000465308578
I,TRADING,INTERCONNECTORRES,2,SETTLEMENTDATE,RUNNO,INTERCONNECTORID,PERIODID,METEREDMWFLOW,MWFLOW,MWLOSSES,LASTCHANGED
D,TRADING,INTERCONNECTORRES,2,"2025/05/28 23:20:00",1,N-Q-MNSP1,280,-17.2,-17,0.07,"2025/05/28 23:15:03"
D,TRADING,INTERCONNECTORRES,2,"2025/05/28 23:20:00",1,NSW1-QLD1,280,-480.5,-425.99,7.71,"2025/05/28 23:15:03"
D,TRADING,INTERCONNECTORRES,2,"2025/05/28 23:20:00",1,T-V-MNSP1,280,-443.2,-438,21.66,"2025/05/28 23:15:03"
D,TRADING,INTERCONNECTORRES,2,"2025/05/28 23:20:00",1,V-S-MNSP1,280,63,63,0.15,"2025/05/28 23:15:03"
D,TRADING,INTERCONNECTORRES,2,"2025/05/28 23:20:00",1,V-SA,280,371.19,365.21,16.42,"2025/05/28 23:15:03"
D,TRADING,INTERCONNECTORRES,2,"2025/05/28 23:20:00",1,VIC1-NSW1,280,233.89,270.14,13.1,"2025/05/28 23:15:03"
I,TRADING,PRICE,3,SETTLEMENTDATE,RUNNO,REGIONID,PERIODID,RRP,EEP,INVALIDFLAG,LASTCHANGED,ROP,RAISE6SECRRP,RAISE6SECROP,RAISE60SECRRP,RAISE60SECROP,RAISE5MINRRP,RAISE5MINROP,RAISEREGRRP,RAISEREGROP,LOWER6SECRRP,LOWER6SECROP,LOWER60SECRRP,LOWER60SECROP,LOWER5MINRRP,LOWER5MINROP,LOWERREGRRP,LOWERREGROP,RAISE1SECRRP,RAISE1SECROP,LOWER1SECRRP,LOWER1SECROP,PRICE_STATUS
D,TRADING,PRICE,3,"2025/05/28 23:20:00",1,SA1,280,102.45,0,0,"2025/05/28 23:15:03",102.45,0.37,0.37,0.1,0.1,0.1,0.1,5.99,5.99,0.2,0.2,0.45,0.45,0,0,0,0,0.81,0.81,0,0,FIRM
D,TRADING,PRICE,3,"2025/05/28 23:20:00",1,NSW1,280,100.84,0,0,"2025/05/28 23:15:03",100.84,0.37,0.37,0.1,0.1,0.1,0.1,5.99,5.99,0.2,0.2,0.45,0.45,0,0,0,0,0.81,0.81,0,0,FIRM
D,TRADING,PRICE,3,"2025/05/28 23:20:00",1,QLD1,280,95,0,0,"2025/05/28 23:15:03",95,0.37,0.37,0.1,0.1,0.1,0.1,5.99,5.99,0.2,0.2,0.45,0.45,0,0,0,0,0.81,0.81,0,0,FIRM
D,TRADING,PRICE,3,"2025/05/28 23:20:00",1,TAS1,280,150.24,0,0,"2025/05/28 23:15:03",150.24,0.38,0.38,0.38,0.38,0.36,0.36,8.4,8.4,0,0,0,0,0,0,2.48,2.48,0.81,0.81,0,0,FIRM
D,TRADING,PRICE,3,"2025/05/28 23:20:00",1,VIC1,280,94.03,0,0,"2025/05/28 23:15:03",94.03,0.37,0.37,0.1,0.1,0.1,0.1,5.99,5.99,0.2,0.2,0.45,0.45,0,0,0,0,0.81,0.81,0,0,FIRM
C,"END OF REPORT",15
