C,NEMP.WORLD,TRADINGIS,AEMO,PUBLIC,2025/05/29,15:15:14,0000000465403911,TRADINGIS,0000000465403910
I,TRADING,INTERCONNECTORRES,2,SETTLEMENTDATE,RUNNO,INTERCONNECTORID,PERIODID,METEREDMWFLOW,MWFLOW,MWLOSSES,LASTCHANGED
D,TRADING,INTERCONNECTORRES,2,"2025/05/29 15:20:00",1,N-Q-MNSP1,184,-4.3,0,0,"2025/05/29 15:15:07"
D,TRADING,INTERCONNECTORRES,2,"2025/05/29 15:20:00",1,NSW1-QLD1,184,-121.6,-48.25,-1.49,"2025/05/29 15:15:07"
D,TRADING,INTERCONNECTORRES,2,"2025/05/29 15:20:00",1,T-V-MNSP1,184,-416.3,-468.53,24.65,"2025/05/29 15:15:07"
D,TRADING,INTERCONNECTORRES,2,"2025/05/29 15:20:00",1,V-S-MNSP1,184,-122,-94.09,17.62,"2025/05/29 15:15:07"
D,TRADING,INTERCONNECTORRES,2,"2025/05/29 15:20:00",1,V-SA,184,208.38,206.5,-0.23,"2025/05/29 15:15:07"
D,TRADING,INTERCONNECTORRES,2,"2025/05/29 15:20:00",1,VIC1-NSW1,184,-526.37,-767.42,-0.67,"2025/05/29 15:15:07"
I,TRADING,PRICE,3,SETTLEMENTDATE,RUNNO,REGIONID,PERIODID,RRP,EEP,INVALIDFLAG,LASTCHANGED,ROP,RAISE6SECRRP,RAISE6SECROP,RAISE60SECRRP,RAISE60SECROP,RAISE5MINRRP,RAISE5MINROP,RAISEREGRRP,RAISEREGROP,LOWER6SECRRP,LOWER6SECROP,LOWER60SECRRP,LOWER60SECROP,LOWER5MINRRP,LOWER5MINROP,LOWERREGRRP,LOWERREGROP,RAISE1SECRRP,RAISE1SECROP,LOWER1SECRRP,LOWER1SECROP,PRICE_STATUS
D,TRADING,PRICE,3,"2025/05/29 15:20:00",1,SA1,184,-22.5,0,0,"2025/05/29 15:15:07",-22.5,0.1,0.1,0.04,0.04,0.1,0.1,5.99,5.99,0.38,0.38,0.38,0.38,0.39,0.39,6,6,0.37,0.37,0,0,FIRM
D,TRADING,PRICE,3,"2025/05/29 15:20:00",1,NSW1,184,97.99,0,0,"2025/05/29 15:15:07",97.99,0.1,0.1,0.04,0.04,0.1,0.1,5.99,5.99,0.38,0.38,0.38,0.38,0.39,0.39,6,6,0.37,0.37,0,0,FIRM
D,TRADING,PRICE,3,"2025/05/29 15:20:00",1,QLD1,184,100.83,0,0,"2025/05/29 15:15:07",100.83,0.1,0.1,0.04,0.04,0.1,0.1,5.99,5.99,0.38,0.38,0.38,0.38,0.39,0.39,6,6,0.37,0.37,0,0,FIRM
D,TRADING,PRICE,3,"2025/05/29 15:20:00",1,TAS1,184,35.06,0,0,"2025/05/29 15:15:07",35.06,0.38,0.38,0.38,0.38,0.38,0.38,7.54,7.54,0.38,0.38,0.38,0.38,0,0,2.46,2.46,0.37,0.37,0,0,FIRM
D,TRADING,PRICE,3,"2025/05/29 15:20:00",1,VIC1,184,-25.96,0,0,"2025/05/29 15:15:07",-25.96,0.1,0.1,0.04,0.04,0.1,0.1,5.99,5.99,0.38,0.38,0.38,0.38,0.39,0.39,6,6,0.37,0.37,0,0,FIRM
C,"END OF REPORT",15
