C,NEMP.WORLD,TRADINGIS,AEMO,PUBLIC,2025/05/28,13:10:11,0000000465248097,TRADINGIS,0000000465248096
I,TRADING,INTERCONNECTORRES,2,SETTLEMENTDATE,RUNNO,INTERCONNECTORID,PERIODID,METEREDMWFLOW,MWFLOW,MWLOSSES,LASTCHANGED
D,TRADING,INTERCONNECTORRES,2,"2025/05/28 13:15:00",1,N-Q-MNSP1,159,96.3,96.89,29.88,"2025/05/28 13:10:04"
D,TRADING,INTERCONNECTORRES,2,"2025/05/28 13:15:00",1,NSW1-QLD1,159,-232.5,-338.27,16.23,"2025/05/28 13:10:04"
D,TRADING,INTERCONNECTORRES,2,"2025/05/28 13:15:00",1,T-V-MNSP1,159,-426.1,-420.32,20.01,"2025/05/28 13:10:04"
D,TRADING,INTERCONNECTORRES,2,"2025/05/28 13:15:00",1,V-S-MNSP1,159,151,155.76,17.8,"2025/05/28 13:10:04"
D,TRADING,INTERCONNECTORRES,2,"2025/05/28 13:15:00",1,V-SA,159,553.46,525.38,23.58,"2025/05/28 13:10:04"
D,TRADING,INTERCONNECTORRES,2,"2025/05/28 13:15:00",1,VIC1-NSW1,159,-306.57,-270.4,-6.87,"2025/05/28 13:10:04"
I,TRADING,PRICE,3,SETTLEMENTDATE,RUNNO,REGIONID,PERIODID,RRP,EEP,INVALIDFLAG,LASTCHANGED,ROP,RAISE6SECRRP,RAISE6SECROP,RAISE60SECRRP,RAISE60SECROP,RAISE5MINRRP,RAISE5MINROP,RAISEREGRRP,RAISEREGROP,LOWER6SECRRP,LOWER6SECROP,LOWER60SECRRP,LOWER60SECROP,LOWER5MINRRP,LOWER5MINROP,LOWERREGRRP,LOWERREGROP,RAISE1SECRRP,RAISE1SECROP,LOWER1SECRRP,LOWER1SECROP,PRICE_STATUS
D,TRADING,PRICE,3,"2025/05/28 13:15:00",1,SA1,159,70.44,0,0,"2025/05/28 13:10:04",70.44,0.1,0.1,0.1,0.1,0.1,0.1,10,10,0.1,0.1,1.37,1.37,0.37,0.37,0.37,0.37,0.01,0.01,0,0,FIRM
D,TRADING,PRICE,3,"2025/05/28 13:15:00",1,NSW1,159,-9.84,0,0,"2025/05/28 13:10:04",-9.84,0.1,0.1,0.1,0.1,0.1,0.1,10,10,0.1,0.1,1.37,1.37,0.37,0.37,0.37,0.37,0.01,0.01,0,0,FIRM
D,TRADING,PRICE,3,"2025/05/28 13:15:00",1,QLD1,159,-22.99,0,0,"2025/05/28 13:10:04",-22.99,0.1,0.1,0.1,0.1,0.1,0.1,10,10,7.89,7.89,7.89,7.89,0.37,0.37,0.37,0.37,0.01,0.01,0,0,FIRM
D,TRADING,PRICE,3,"2025/05/28 13:15:00",1,TAS1,159,35.12,0,0,"2025/05/28 13:10:04",35.12,0.38,0.38,0.38,0.38,0.1,0.1,6.44,6.44,0.1,0.1,1.37,1.37,0.37,0.37,2.48,2.48,0.01,0.01,0,0,FIRM
D,TRADING,PRICE,3,"2025/05/28 13:15:00",1,VIC1,159,8.95,0,0,"2025/05/28 13:10:04",8.95,0.1,0.1,0.1,0.1,0.1,0.1,10,10,0.1,0.1,1.37,1.37,0.37,0.37,0.37,0.37,0.01,0.01,0,0,FIRM
C,"END OF REPORT",15
