C,NEMP.WORLD,TRADINGIS,AEMO,PUBLIC,2025/05/28,13:50:14,0000000465251914,TRADINGIS,0000000465251913
I,TRADING,INTERCONNECTORRES,2,SETTLEMENTDATE,RUNNO,INTERCONNECTORID,PERIODID,METEREDMWFLOW,MWFLOW,MWLOSSES,LASTCHANGED
D,TRADING,INTERCONNECTORRES,2,"2025/05/28 13:55:00",1,N-Q-MNSP1,167,90.2,10.2,0.74,"2025/05/28 13:50:06"
D,TRADING,INTERCONNECTORRES,2,"2025/05/28 13:55:00",1,NSW1-QLD1,167,-341.5,-316.5,12.36,"2025/05/28 13:50:06"
D,TRADING,INTERCONNECTORRES,2,"2025/05/28 13:55:00",1,T-V-MNSP1,167,-420.6,-430.02,20.91,"2025/05/28 13:50:06"
D,TRADING,INTERCONNECTORRES,2,"2025/05/28 13:55:00",1,V-S-MNSP1,167,150,150.47,16.23,"2025/05/28 13:50:06"
D,TRADING,INTERCONNECTORRES,2,"2025/05/28 13:55:00",1,V-SA,167,512.41,535.88,22.64,"2025/05/28 13:50:06"
D,TRADING,INTERCONNECTORRES,2,"2025/05/28 13:55:00",1,VIC1-NSW1,167,-342.08,-331.62,-7.38,"2025/05/28 13:50:06"
I,TRADING,PRICE,3,SETTLEMENTDATE,RUNNO,REGIONID,PERIODID,RRP,EEP,INVALIDFLAG,LASTCHANGED,ROP,RAISE6SECRRP,RAISE6SECROP,RAISE60SECRRP,RAISE60SECROP,RAISE5MINRRP,RAISE5MINROP,RAISEREGRRP,RAISEREGROP,LOWER6SECRRP,LOWER6SECROP,LOWER60SECRRP,LOWER60SECROP,LOWER5MINRRP,LOWER5MINROP,LOWERREGRRP,LOWERREGROP,RAISE1SECRRP,RAISE1SECROP,LOWER1SECRRP,LOWER1SECROP,PRICE_STATUS
D,TRADING,PRICE,3,"2025/05/28 13:55:00",1,SA1,167,65.72,0,0,"2025/05/28 13:50:06",65.72,0.01,0.01,0.1,0.1,0.1,0.1,3.99,3.99,0.01,0.01,0.39,0.39,0.38,0.38,3.49,3.49,0.01,0.01,0,0,FIRM
D,TRADING,PRICE,3,"2025/05/28 13:55:00",1,NSW1,167,8.88,0,0,"2025/05/28 13:50:06",8.88,0.01,0.01,0.1,0.1,0.1,0.1,3.99,3.99,0.01,0.01,0.39,0.39,0.38,0.38,3.49,3.49,0.01,0.01,0,0,FIRM
D,TRADING,PRICE,3,"2025/05/28 13:55:00",1,QLD1,167,-18,0,0,"2025/05/28 13:50:06",-18,0.01,0.01,0.1,0.1,0.1,0.1,3.99,3.99,16.68,16.68,10.67,10.67,0.38,0.38,3.49,3.49,0.01,0.01,0,0,FIRM
D,TRADING,PRICE,3,"2025/05/28 13:55:00",1,TAS1,167,35.12,0,0,"2025/05/28 13:50:06",35.12,0.38,0.38,0.38,0.38,0.1,0.1,6.44,6.44,0.01,0.01,0.38,0.38,0.38,0.38,2.48,2.48,0.01,0.01,0,0,FIRM
D,TRADING,PRICE,3,"2025/05/28 13:55:00",1,VIC1,167,8.95,0,0,"2025/05/28 13:50:06",8.95,0.01,0.01,0.1,0.1,0.1,0.1,3.99,3.99,0.01,0.01,0.39,0.39,0.38,0.38,3.49,3.49,0.01,0.01,0,0,FIRM
C,"END OF REPORT",15
