C,NEMP.WORLD,TRADINGIS,AEMO,PUBLIC,2025/05/28,02:55:10,0000000465185576,TRADINGIS,0000000465185575
I,TRADING,INTERCONNECTORRES,2,SETTLEMENTDATE,RUNNO,INTERCONNECTORID,PERIODID,METEREDMWFLOW,MWFLOW,MWLOSSES,LASTCHANGED
D,TRADING,INTERCONNECTORRES,2,"2025/05/28 03:00:00",1,N-Q-MNSP1,36,0.7,0,0,"2025/05/28 02:55:03"
D,TRADING,INTERCONNECTORRES,2,"2025/05/28 03:00:00",1,NSW1-QLD1,36,222.4,180.82,2.46,"2025/05/28 02:55:03"
D,TRADING,INTERCONNECTORRES,2,"2025/05/28 03:00:00",1,T-V-MNSP1,36,-422.4,-475.38,25.35,"2025/05/28 02:55:03"
D,TRADING,INTERCONNECTORRES,2,"2025/05/28 03:00:00",1,V-S-MNSP1,36,167,166.82,21.29,"2025/05/28 02:55:03"
D,TRADING,INTERCONNECTORRES,2,"2025/05/28 03:00:00",1,V-SA,36,567.92,568.16,44.99,"2025/05/28 02:55:03"
D,TRADING,INTERCONNECTORRES,2,"2025/05/28 03:00:00",1,VIC1-NSW1,36,682.99,636.26,52.27,"2025/05/28 02:55:03"
I,TRADING,PRICE,3,SETTLEMENTDATE,RUNNO,REGIONID,PERIODID,RRP,EEP,INVALIDFLAG,LASTCHANGED,ROP,RAISE6SECRRP,RAISE6SECROP,RAISE60SECRRP,RAISE60SECROP,RAISE5MINRRP,RAISE5MINROP,RAISEREGRRP,RAISEREGROP,LOWER6SECRRP,LOWER6SECROP,LOWER60SECRRP,LOWER60SECROP,LOWER5MINRRP,LOWER5MINROP,LOWERREGRRP,LOWERREGROP,RAISE1SECRRP,RAISE1SECROP,LOWER1SECRRP,LOWER1SECROP,PRICE_STATUS
D,TRADING,PRICE,3,"2025/05/28 03:00:00",1,SA1,36,91.44,0,0,"2025/05/28 02:55:03",91.44,0.37,0.37,0.23,0.23,0.1,0.1,0.1,0.1,0.1,0.1,0.38,0.38,0.01,0.01,0.01,0.01,0.1,0.1,0,0,FIRM
D,TRADING,PRICE,3,"2025/05/28 03:00:00",1,NSW1,36,54.2,0,0,"2025/05/28 02:55:03",54.2,0.37,0.37,0.23,0.23,0.1,0.1,0.1,0.1,0.1,0.1,0.38,0.38,0.01,0.01,0.01,0.01,0.1,0.1,0,0,FIRM
D,TRADING,PRICE,3,"2025/05/28 03:00:00",1,QLD1,36,55.73,0,0,"2025/05/28 02:55:03",55.73,0.37,0.37,0.23,0.23,0.1,0.1,0.1,0.1,0.1,0.1,0.38,0.38,0.01,0.01,0.01,0.01,0.1,0.1,0,0,FIRM
D,TRADING,PRICE,3,"2025/05/28 03:00:00",1,TAS1,36,35.02,0,0,"2025/05/28 02:55:03",35.02,0.38,0.38,0.38,0.38,0.36,0.36,7.4,7.4,0.1,0.1,0.38,0.38,0,0,2.48,2.48,0.1,0.1,0,0,FIRM
D,TRADING,PRICE,3,"2025/05/28 03:00:00",1,VIC1,36,8.95,0,0,"2025/05/28 02:55:03",8.95,0.37,0.37,0.23,0.23,0.1,0.1,0.1,0.1,0.1,0.1,0.38,0.38,0.01,0.01,0.01,0.01,0.1,0.1,0,0,FIRM
C,"END OF REPORT",15
