C,NEMP.WORLD,TRADINGIS,AEMO,PUBLIC,2025/05/26,13:55:17,0000000464954811,TRADINGIS,0000000464954810
I,TRADING,INTERCONNECTORRES,2,SETTLEMENTDATE,RUNNO,INTERCONNECTORID,PERIODID,METEREDMWFLOW,MWFLOW,MWLOSSES,LASTCHANGED
D,TRADING,INTERCONNECTORRES,2,"2025/05/26 14:00:00",1,N-Q-MNSP1,168,-34,-33,1.59,"2025/05/26 13:55:09"
D,TRADING,INTERCONNECTORRES,2,"2025/05/26 14:00:00",1,NSW1-QLD1,168,-849.9,-794.07,44.33,"2025/05/26 13:55:09"
D,TRADING,INTERCONNECTORRES,2,"2025/05/26 14:00:00",1,T-V-MNSP1,168,-423,-443.39,22.17,"2025/05/26 13:55:09"
D,TRADING,INTERCONNECTORRES,2,"2025/05/26 14:00:00",1,V-S-MNSP1,168,170,167.85,21.63,"2025/05/26 13:55:09"
D,TRADING,INTERCONNECTORRES,2,"2025/05/26 14:00:00",1,V-SA,168,457.3,225.1,9.32,"2025/05/26 13:55:09"
D,TRADING,INTERCONNECTORRES,2,"2025/05/26 14:00:00",1,VIC1-NSW1,168,341.57,417.46,29.34,"2025/05/26 13:55:09"
I,TRADING,PRICE,3,SETTLEMENTDATE,RUNNO,REGIONID,PERIODID,RRP,EEP,INVALIDFLAG,LASTCHANGED,ROP,RAISE6SECRRP,RAISE6SECROP,RAISE60SECRRP,RAISE60SECROP,RAISE5MINRRP,RAISE5MINROP,RAISEREGRRP,RAISEREGROP,LOWER6SECRRP,LOWER6SECROP,LOWER60SECRRP,LOWER60SECROP,LOWER5MINRRP,LOWER5MINROP,LOWERREGRRP,LOWERREGROP,RAISE1SECRRP,RAISE1SECROP,LOWER1SECRRP,LOWER1SECROP,PRICE_STATUS
D,TRADING,PRICE,3,"2025/05/26 14:00:00",1,SA1,168,-21,0,0,"2025/05/26 13:55:09",-21,0.1,0.1,0.04,0.04,0.09,0.09,9.24,9.24,0.43,0.43,6,6,0.78,0.78,2,2,0.36,0.36,0.04,0.04,FIRM
D,TRADING,PRICE,3,"2025/05/26 14:00:00",1,NSW1,168,65.01,0,0,"2025/05/26 13:55:09",65.01,0.1,0.1,0.04,0.04,0.09,0.09,9.24,9.24,0.43,0.43,6,6,0.78,0.78,2,2,0.36,0.36,0.04,0.04,FIRM
D,TRADING,PRICE,3,"2025/05/26 14:00:00",1,QLD1,168,57.25,0,0,"2025/05/26 13:55:09",57.25,0.1,0.1,0.04,0.04,0.09,0.09,9.24,9.24,0.43,0.43,6,6,0.78,0.78,2,2,0.36,0.36,0.04,0.04,FIRM
D,TRADING,PRICE,3,"2025/05/26 14:00:00",1,TAS1,168,11.25,0,0,"2025/05/26 13:55:09",11.25,0.38,0.38,0.38,0.38,0.36,0.36,8.8,8.8,0.38,0.38,1.33,1.33,0,0,2.55,2.55,0.36,0.36,0.04,0.04,FIRM
D,TRADING,PRICE,3,"2025/05/26 14:00:00",1,VIC1,168,-27.8,0,0,"2025/05/26 13:55:09",-27.8,0.1,0.1,0.04,0.04,0.09,0.09,9.24,9.24,0.43,0.43,6,6,0.78,0.78,2,2,0.36,0.36,0.04,0.04,FIRM
C,"END OF REPORT",15
