C,NEMP.WORLD,TRADINGIS,AEMO,PUBLIC,2025/05/27,10:20:16,0000000465080880,TRADINGIS,0000000465080879
I,TRADING,INTERCONNECTORRES,2,SETTLEMENTDATE,RUNNO,INTERCONNECTORID,PERIODID,METEREDMWFLOW,MWFLOW,MWLOSSES,LASTCHANGED
D,TRADING,INTERCONNECTORRES,2,"2025/05/27 10:25:00",1,N-Q-MNSP1,125,-16.6,-9,-0.16,"2025/05/27 10:20:09"
D,TRADING,INTERCONNECTORRES,2,"2025/05/27 10:25:00",1,NSW1-QLD1,125,-98.4,-73.5,0.38,"2025/05/27 10:20:09"
D,TRADING,INTERCONNECTORRES,2,"2025/05/27 10:25:00",1,T-V-MNSP1,125,-454.8,-454.75,23.28,"2025/05/27 10:20:09"
D,TRADING,INTERCONNECTORRES,2,"2025/05/27 10:25:00",1,V-S-MNSP1,125,16,96,4.06,"2025/05/27 10:20:09"
D,TRADING,INTERCONNECTORRES,2,"2025/05/27 10:25:00",1,V-SA,125,-421.8,-435.85,23.51,"2025/05/27 10:20:09"
D,TRADING,INTERCONNECTORRES,2,"2025/05/27 10:25:00",1,VIC1-NSW1,125,783.99,621.43,51.16,"2025/05/27 10:20:09"
I,TRADING,PRICE,3,SETTLEMENTDATE,RUNNO,REGIONID,PERIODID,RRP,EEP,INVALIDFLAG,LASTCHANGED,ROP,RAISE6SECRRP,RAISE6SECROP,RAISE60SECRRP,RAISE60SECROP,RAISE5MINRRP,RAISE5MINROP,RAISEREGRRP,RAISEREGROP,LOWER6SECRRP,LOWER6SECROP,LOWER60SECRRP,LOWER60SECROP,LOWER5MINRRP,LOWER5MINROP,LOWERREGRRP,LOWERREGROP,RAISE1SECRRP,RAISE1SECROP,LOWER1SECRRP,LOWER1SECROP,PRICE_STATUS
D,TRADING,PRICE,3,"2025/05/27 10:25:00",1,SA1,125,-3.41,0,0,"2025/05/27 10:20:09",-3.41,0,0,0,0,0.01,0.01,7.85,7.85,0.1,0.1,1,1,0.01,0.01,0.01,0.01,0.36,0.36,0,0,FIRM
D,TRADING,PRICE,3,"2025/05/27 10:25:00",1,NSW1,125,35.88,0,0,"2025/05/27 10:20:09",35.88,0,0,0,0,0.01,0.01,7.85,7.85,0.1,0.1,1,1,0.01,0.01,0.01,0.01,0.36,0.36,0,0,FIRM
D,TRADING,PRICE,3,"2025/05/27 10:25:00",1,QLD1,125,38.03,0,0,"2025/05/27 10:20:09",38.03,0.38,0.38,0.38,0.38,1.8,1.8,9.64,9.64,0.1,0.1,1,1,0.01,0.01,0.01,0.01,0.36,0.36,0,0,FIRM
D,TRADING,PRICE,3,"2025/05/27 10:25:00",1,TAS1,125,35.24,0,0,"2025/05/27 10:20:09",35.24,0.38,0.38,0.38,0.38,0.01,0.01,7.4,7.4,0.1,0.1,0.38,0.38,0,0,2.48,2.48,0.36,0.36,0,0,FIRM
D,TRADING,PRICE,3,"2025/05/27 10:25:00",1,VIC1,125,-13.91,0,0,"2025/05/27 10:20:09",-13.91,0,0,0,0,0.01,0.01,7.85,7.85,0.1,0.1,1,1,0.01,0.01,0.01,0.01,0.36,0.36,0,0,FIRM
C,"END OF REPORT",15
