C,NEMP.WORLD,TRADINGIS,AEMO,PUBLIC,2025/05/28,08:00:11,0000000465214979,TRADINGIS,0000000465214978
I,TRADING,INTERCONNECTORRES,2,SETTLEMENTDATE,RUNNO,INTERCONNECTORID,PERIODID,METEREDMWFLOW,MWFLOW,MWLOSSES,LASTCHANGED
D,TRADING,INTERCONNECTORRES,2,"2025/05/28 08:05:00",1,N-Q-MNSP1,97,-24.4,-25,0.65,"2025/05/28 08:00:03"
D,TRADING,INTERCONNECTORRES,2,"2025/05/28 08:05:00",1,NSW1-QLD1,97,-595.3,-631.58,20.48,"2025/05/28 08:00:03"
D,TRADING,INTERCONNECTORRES,2,"2025/05/28 08:05:00",1,T-V-MNSP1,97,-428.5,-228.5,6.33,"2025/05/28 08:00:03"
D,TRADING,INTERCONNECTORRES,2,"2025/05/28 08:05:00",1,V-S-MNSP1,97,72,112.93,7.08,"2025/05/28 08:00:03"
D,TRADING,INTERCONNECTORRES,2,"2025/05/28 08:05:00",1,V-SA,97,432.48,571.35,38.15,"2025/05/28 08:00:03"
D,TRADING,INTERCONNECTORRES,2,"2025/05/28 08:05:00",1,VIC1-NSW1,97,-375,-399.65,8.36,"2025/05/28 08:00:03"
I,TRADING,PRICE,3,SETTLEMENTDATE,RUNNO,REGIONID,PERIODID,RRP,EEP,INVALIDFLAG,LASTCHANGED,ROP,RAISE6SECRRP,RAISE6SECROP,RAISE60SECRRP,RAISE60SECROP,RAISE5MINRRP,RAISE5MINROP,RAISEREGRRP,RAISEREGROP,LOWER6SECRRP,LOWER6SECROP,LOWER60SECRRP,LOWER60SECROP,LOWER5MINRRP,LOWER5MINROP,LOWERREGRRP,LOWERREGROP,RAISE1SECRRP,RAISE1SECROP,LOWER1SECRRP,LOWER1SECROP,PRICE_STATUS
D,TRADING,PRICE,3,"2025/05/28 08:05:00",1,SA1,97,198.57,0,0,"2025/05/28 08:00:03",198.57,0.38,0.38,0.15,0.15,0.15,0.15,19.92,19.92,0,0,0.01,0.01,0,0,3.75,3.75,0.89,0.89,0,0,FIRM
D,TRADING,PRICE,3,"2025/05/28 08:05:00",1,NSW1,97,76.58,0,0,"2025/05/28 08:00:03",76.58,0.38,0.38,0.15,0.15,0.15,0.15,19.92,19.92,0,0,0.01,0.01,0,0,3.75,3.75,0.89,0.89,0,0,FIRM
D,TRADING,PRICE,3,"2025/05/28 08:05:00",1,QLD1,97,50.75,0,0,"2025/05/28 08:00:03",50.75,0.38,0.38,0.15,0.15,0.15,0.15,19.92,19.92,10.64,10.64,8.68,8.68,0.38,0.38,4.13,4.13,0.89,0.89,0,0,FIRM
D,TRADING,PRICE,3,"2025/05/28 08:05:00",1,TAS1,97,160.24,0,0,"2025/05/28 08:00:03",160.24,0.38,0.38,0.38,0.38,0.15,0.15,8.52,8.52,0,0,0.01,0.01,0,0,2.48,2.48,0.89,0.89,0,0,FIRM
D,TRADING,PRICE,3,"2025/05/28 08:05:00",1,VIC1,97,164.11,0,0,"2025/05/28 08:00:03",164.11,0.38,0.38,0.15,0.15,0.15,0.15,19.92,19.92,0,0,0.01,0.01,0,0,3.75,3.75,0.89,0.89,0,0,FIRM
C,"END OF REPORT",15
