C,NEMP.WORLD,TRADINGIS,AEMO,PUBLIC,2025/05/27,01:40:14,0000000465028600,TRADINGIS,0000000465028599
I,TRADING,INTERCONNECTORRES,2,SETTLEMENTDATE,RUNNO,INTERCONNECTORID,PERIODID,METEREDMWFLOW,MWFLOW,MWLOSSES,LASTCHANGED
D,TRADING,INTERCONNECTORRES,2,"2025/05/27 01:45:00",1,N-Q-MNSP1,21,9.6,9,0.6,"2025/05/27 01:40:07"
D,TRADING,INTERCONNECTORRES,2,"2025/05/27 01:45:00",1,NSW1-QLD1,21,402.4,429.15,17.5,"2025/05/27 01:40:07"
D,TRADING,INTERCONNECTORRES,2,"2025/05/27 01:45:00",1,T-V-MNSP1,21,-466.4,-455.85,23.38,"2025/05/27 01:40:07"
D,TRADING,INTERCONNECTORRES,2,"2025/05/27 01:45:00",1,V-S-MNSP1,21,-145,-144.13,35.65,"2025/05/27 01:40:07"
D,TRADING,INTERCONNECTORRES,2,"2025/05/27 01:45:00",1,V-SA,21,-383.17,-365.41,6.9,"2025/05/27 01:40:07"
D,TRADING,INTERCONNECTORRES,2,"2025/05/27 01:45:00",1,VIC1-NSW1,21,877.89,987.64,98.65,"2025/05/27 01:40:07"
I,TRADING,PRICE,3,SETTLEMENTDATE,RUNNO,REGIONID,PERIODID,RRP,EEP,INVALIDFLAG,LASTCHANGED,ROP,RAISE6SECRRP,RAISE6SECROP,RAISE60SECRRP,RAISE60SECROP,RAISE5MINRRP,RAISE5MINROP,RAISEREGRRP,RAISEREGROP,LOWER6SECRRP,LOWER6SECROP,LOWER60SECRRP,LOWER60SECROP,LOWER5MINRRP,LOWER5MINROP,LOWERREGRRP,LOWERREGROP,RAISE1SECRRP,RAISE1SECROP,LOWER1SECRRP,LOWER1SECROP,PRICE_STATUS
D,TRADING,PRICE,3,"2025/05/27 01:45:00",1,SA1,21,-17.4,0,0,"2025/05/27 01:40:07",-17.4,0.01,0.01,0.01,0.01,0.01,0.01,3.98,3.98,0.1,0.1,0.38,0.38,0.1,0.1,2.48,2.48,0.04,0.04,0,0,FIRM
D,TRADING,PRICE,3,"2025/05/27 01:45:00",1,NSW1,21,55.53,0,0,"2025/05/27 01:40:07",55.53,0.01,0.01,0.01,0.01,0.01,0.01,3.98,3.98,0.1,0.1,0.38,0.38,0.1,0.1,2.48,2.48,0.04,0.04,0,0,FIRM
D,TRADING,PRICE,3,"2025/05/27 01:45:00",1,QLD1,21,60.2,0,0,"2025/05/27 01:40:07",60.2,0.01,0.01,0.01,0.01,0.01,0.01,3.98,3.98,0.1,0.1,0.38,0.38,0.1,0.1,2.48,2.48,0.04,0.04,0,0,FIRM
D,TRADING,PRICE,3,"2025/05/27 01:45:00",1,TAS1,21,34.28,0,0,"2025/05/27 01:40:07",34.28,0.38,0.38,0.38,0.38,0.01,0.01,8.8,8.8,0.1,0.1,0.38,0.38,0,0,2.55,2.55,0.04,0.04,0,0,FIRM
D,TRADING,PRICE,3,"2025/05/27 01:45:00",1,VIC1,21,-18.5,0,0,"2025/05/27 01:40:07",-18.5,0.01,0.01,0.01,0.01,0.01,0.01,3.98,3.98,0.1,0.1,0.38,0.38,0.1,0.1,2.48,2.48,0.04,0.04,0,0,FIRM
C,"END OF REPORT",15
