C,NEMP.WORLD,TRADINGIS,AEMO,PUBLIC,2025/05/26,11:30:17,0000000464938115,TRADINGIS,0000000464938114
I,TRADING,INTERCONNECTORRES,2,SETTLEMENTDATE,RUNNO,INTERCONNECTORID,PERIODID,METEREDMWFLOW,MWFLOW,MWLOSSES,LASTCHANGED
D,TRADING,INTERCONNECTORRES,2,"2025/05/26 11:35:00",1,N-Q-MNSP1,139,-22.7,-33,1.59,"2025/05/26 11:30:09"
D,TRADING,INTERCONNECTORRES,2,"2025/05/26 11:35:00",1,NSW1-QLD1,139,-593.2,-646.12,39.35,"2025/05/26 11:30:09"
D,TRADING,INTERCONNECTORRES,2,"2025/05/26 11:35:00",1,T-V-MNSP1,139,-440.1,-453.01,23.11,"2025/05/26 11:30:09"
D,TRADING,INTERCONNECTORRES,2,"2025/05/26 11:35:00",1,V-S-MNSP1,139,117,37,-1.06,"2025/05/26 11:30:09"
D,TRADING,INTERCONNECTORRES,2,"2025/05/26 11:35:00",1,V-SA,139,199.06,110.94,5.97,"2025/05/26 11:30:09"
D,TRADING,INTERCONNECTORRES,2,"2025/05/26 11:35:00",1,VIC1-NSW1,139,911.8,969.06,85.94,"2025/05/26 11:30:09"
I,TRADING,PRICE,3,SETTLEMENTDATE,RUNNO,REGIONID,PERIODID,RRP,EEP,INVALIDFLAG,LASTCHANGED,ROP,RAISE6SECRRP,RAISE6SECROP,RAISE60SECRRP,RAISE60SECROP,RAISE5MINRRP,RAISE5MINROP,RAISEREGRRP,RAISEREGROP,LOWER6SECRRP,LOWER6SECROP,LOWER60SECRRP,LOWER60SECROP,LOWER5MINRRP,LOWER5MINROP,LOWERREGRRP,LOWERREGROP,RAISE1SECRRP,RAISE1SECROP,LOWER1SECRRP,LOWER1SECROP,PRICE_STATUS
D,TRADING,PRICE,3,"2025/05/26 11:35:00",1,SA1,139,-20,0,0,"2025/05/26 11:30:09",-20,0.01,0.01,0.01,0.01,0.01,0.01,5,5,0.38,0.38,0.94,0.94,0.1,0.1,0.94,0.94,0.04,0.04,0,0,FIRM
D,TRADING,PRICE,3,"2025/05/26 11:35:00",1,NSW1,139,56.98,0,0,"2025/05/26 11:30:09",56.98,0.01,0.01,0.01,0.01,0.01,0.01,5,5,0.38,0.38,0.94,0.94,0.1,0.1,0.94,0.94,0.04,0.04,0,0,FIRM
D,TRADING,PRICE,3,"2025/05/26 11:35:00",1,QLD1,139,50.5,0,0,"2025/05/26 11:30:09",50.5,0.01,0.01,0.01,0.01,0.01,0.01,5,5,0.38,0.38,0.94,0.94,0.1,0.1,0.94,0.94,0.04,0.04,0,0,FIRM
D,TRADING,PRICE,3,"2025/05/26 11:35:00",1,TAS1,139,34.28,0,0,"2025/05/26 11:30:09",34.28,18.07,18.07,4.61,4.61,0.38,0.38,9.8,9.8,0.38,0.38,0.38,0.38,0,0,2.55,2.55,0.04,0.04,0,0,FIRM
D,TRADING,PRICE,3,"2025/05/26 11:35:00",1,VIC1,139,-18.73,0,0,"2025/05/26 11:30:09",-18.73,0.01,0.01,0.01,0.01,0.01,0.01,5,5,0.38,0.38,0.94,0.94,0.1,0.1,0.94,0.94,0.04,0.04,0,0,FIRM
C,"END OF REPORT",15
