C,NEMP.WORLD,TRADINGIS,AEMO,PUBLIC,2025/05/26,21:30:15,0000000465003328,TRADINGIS,0000000465003327
I,TRADING,INTERCONNECTORRES,2,SETTLEMENTDATE,RUNNO,INTERCONNECTORID,PERIODID,METEREDMWFLOW,MWFLOW,MWLOSSES,LASTCHANGED
D,TRADING,INTERCONNECTORRES,2,"2025/05/26 21:35:00",1,N-Q-MNSP1,259,17.8,9,0.6,"2025/05/26 21:30:07"
D,TRADING,INTERCONNECTORRES,2,"2025/05/26 21:35:00",1,NSW1-QLD1,259,356.6,359.69,24.35,"2025/05/26 21:30:07"
D,TRADING,INTERCONNECTORRES,2,"2025/05/26 21:35:00",1,T-V-MNSP1,259,-459.7,-449.71,22.79,"2025/05/26 21:30:07"
D,TRADING,INTERCONNECTORRES,2,"2025/05/26 21:35:00",1,V-S-MNSP1,259,-153,-153.88,39.88,"2025/05/26 21:30:07"
D,TRADING,INTERCONNECTORRES,2,"2025/05/26 21:35:00",1,V-SA,259,-89.17,-128.45,-0.85,"2025/05/26 21:30:07"
D,TRADING,INTERCONNECTORRES,2,"2025/05/26 21:35:00",1,VIC1-NSW1,259,1120.09,1116.99,107.96,"2025/05/26 21:30:07"
I,TRADING,PRICE,3,SETTLEMENTDATE,RUNNO,REGIONID,PERIODID,RRP,EEP,INVALIDFLAG,LASTCHANGED,ROP,RAISE6SECRRP,RAISE6SECROP,RAISE60SECRRP,RAISE60SECROP,RAISE5MINRRP,RAISE5MINROP,RAISEREGRRP,RAISEREGROP,LOWER6SECRRP,LOWER6SECROP,LOWER60SECRRP,LOWER60SECROP,LOWER5MINRRP,LOWER5MINROP,LOWERREGRRP,LOWERREGROP,RAISE1SECRRP,RAISE1SECROP,LOWER1SECRRP,LOWER1SECROP,PRICE_STATUS
D,TRADING,PRICE,3,"2025/05/26 21:35:00",1,SA1,259,-1.86,0,0,"2025/05/26 21:30:07",-1.86,0.23,0.23,0.1,0.1,0.23,0.23,3.99,3.99,0.1,0.1,0.38,0.38,0.1,0.1,3.6,3.6,0.36,0.36,0,0,FIRM
D,TRADING,PRICE,3,"2025/05/26 21:35:00",1,NSW1,259,65.01,0,0,"2025/05/26 21:30:07",65.01,0.23,0.23,0.1,0.1,0.23,0.23,3.99,3.99,0.1,0.1,0.38,0.38,0.1,0.1,3.6,3.6,0.36,0.36,0,0,FIRM
D,TRADING,PRICE,3,"2025/05/26 21:35:00",1,QLD1,259,71.94,0,0,"2025/05/26 21:30:07",71.94,0.23,0.23,0.1,0.1,0.23,0.23,3.99,3.99,0.1,0.1,0.38,0.38,0.1,0.1,3.6,3.6,0.36,0.36,0,0,FIRM
D,TRADING,PRICE,3,"2025/05/26 21:35:00",1,TAS1,259,100.28,0,0,"2025/05/26 21:30:07",100.28,0.38,0.38,0.38,0.38,0.23,0.23,8.8,8.8,0.1,0.1,0.38,0.38,0,0,2.55,2.55,0.36,0.36,0,0,FIRM
D,TRADING,PRICE,3,"2025/05/26 21:35:00",1,VIC1,259,0.01,0,0,"2025/05/26 21:30:07",0.01,0.23,0.23,0.1,0.1,0.23,0.23,3.99,3.99,0.1,0.1,0.38,0.38,0.1,0.1,3.6,3.6,0.36,0.36,0,0,FIRM
C,"END OF REPORT",15
