C,NEMP.WORLD,TRADINGIS,AEMO,PUBLIC,2025/05/28,00:10:10,0000000465169639,TRADINGIS,0000000465169638
I,TRADING,INTERCONNECTORRES,2,SETTLEMENTDATE,RUNNO,INTERCONNECTORID,PERIODID,METEREDMWFLOW,MWFLOW,MWLOSSES,LASTCHANGED
D,TRADING,INTERCONNECTORRES,2,"2025/05/28 00:15:00",1,N-Q-MNSP1,3,1,-9,-0.16,"2025/05/28 00:10:03"
D,TRADING,INTERCONNECTORRES,2,"2025/05/28 00:15:00",1,NSW1-QLD1,3,0.5,43.44,0.57,"2025/05/28 00:10:03"
D,TRADING,INTERCONNECTORRES,2,"2025/05/28 00:15:00",1,T-V-MNSP1,3,-453.6,-471.23,24.93,"2025/05/28 00:10:03"
D,TRADING,INTERCONNECTORRES,2,"2025/05/28 00:15:00",1,V-S-MNSP1,3,129,158.39,18.6,"2025/05/28 00:10:03"
D,TRADING,INTERCONNECTORRES,2,"2025/05/28 00:15:00",1,V-SA,3,600.49,572.51,44.07,"2025/05/28 00:10:03"
D,TRADING,INTERCONNECTORRES,2,"2025/05/28 00:15:00",1,VIC1-NSW1,3,598.1,667.96,51.49,"2025/05/28 00:10:03"
I,TRADING,PRICE,3,SETTLEMENTDATE,RUNNO,REGIONID,PERIODID,RRP,EEP,INVALIDFLAG,LASTCHANGED,ROP,RAISE6SECRRP,RAISE6SECROP,RAISE60SECRRP,RAISE60SECROP,RAISE5MINRRP,RAISE5MINROP,RAISEREGRRP,RAISEREGROP,LOWER6SECRRP,LOWER6SECROP,LOWER60SECRRP,LOWER60SECROP,LOWER5MINRRP,LOWER5MINROP,LOWERREGRRP,LOWERREGROP,RAISE1SECRRP,RAISE1SECROP,LOWER1SECRRP,LOWER1SECROP,PRICE_STATUS
D,TRADING,PRICE,3,"2025/05/28 00:15:00",1,SA1,3,26.75,0,0,"2025/05/28 00:10:03",26.75,0.01,0.01,0.01,0.01,0.01,0.01,0.01,0.01,0.1,0.1,0.38,0.38,0.1,0.1,1,1,0.04,0.04,0,0,FIRM
D,TRADING,PRICE,3,"2025/05/28 00:15:00",1,NSW1,3,54.87,0,0,"2025/05/28 00:10:03",54.87,0.01,0.01,0.01,0.01,0.01,0.01,0.01,0.01,0.1,0.1,0.38,0.38,0.1,0.1,1,1,0.04,0.04,0,0,FIRM
D,TRADING,PRICE,3,"2025/05/28 00:15:00",1,QLD1,3,55.73,0,0,"2025/05/28 00:10:03",55.73,0.01,0.01,0.01,0.01,0.01,0.01,0.01,0.01,0.1,0.1,0.38,0.38,0.1,0.1,1,1,0.04,0.04,0,0,FIRM
D,TRADING,PRICE,3,"2025/05/28 00:15:00",1,TAS1,3,35.02,0,0,"2025/05/28 00:10:03",35.02,0.38,0.38,0.38,0.38,0.36,0.36,7.4,7.4,0.1,0.1,0.38,0.38,0,0,2.48,2.48,0.04,0.04,0,0,FIRM
D,TRADING,PRICE,3,"2025/05/28 00:15:00",1,VIC1,3,20.01,0,0,"2025/05/28 00:10:03",20.01,0.01,0.01,0.01,0.01,0.01,0.01,0.01,0.01,0.1,0.1,0.38,0.38,0.1,0.1,1,1,0.04,0.04,0,0,FIRM
C,"END OF REPORT",15
