C,NEMP.WORLD,TRADINGIS,AEMO,PUBLIC,2025/05/26,21:00:12,0000000465000303,TRADINGIS,0000000465000302
I,TRADING,INTERCONNECTORRES,2,SETTLEMENTDATE,RUNNO,INTERCONNECTORID,PERIODID,METEREDMWFLOW,MWFLOW,MWLOSSES,LASTCHANGED
D,TRADING,INTERCONNECTORRES,2,"2025/05/26 21:05:00",1,N-Q-MNSP1,253,6.2,9,0.6,"2025/05/26 21:00:04"
D,TRADING,INTERCONNECTORRES,2,"2025/05/26 21:05:00",1,NSW1-QLD1,253,260.9,262.66,17.06,"2025/05/26 21:00:04"
D,TRADING,INTERCONNECTORRES,2,"2025/05/26 21:05:00",1,T-V-MNSP1,253,-432.2,-438.4,21.7,"2025/05/26 21:00:04"
D,TRADING,INTERCONNECTORRES,2,"2025/05/26 21:05:00",1,V-S-MNSP1,253,85,5,-0.31,"2025/05/26 21:00:04"
D,TRADING,INTERCONNECTORRES,2,"2025/05/26 21:05:00",1,V-SA,253,-170.96,-204.46,-0.39,"2025/05/26 21:00:04"
D,TRADING,INTERCONNECTORRES,2,"2025/05/26 21:05:00",1,VIC1-NSW1,253,1044.11,1086.05,96.85,"2025/05/26 21:00:04"
I,TRADING,PRICE,3,SETTLEMENTDATE,RUNNO,REGIONID,PERIODID,RRP,EEP,INVALIDFLAG,LASTCHANGED,ROP,RAISE6SECRRP,RAISE6SECROP,RAISE60SECRRP,RAISE60SECROP,RAISE5MINRRP,RAISE5MINROP,RAISEREGRRP,RAISEREGROP,LOWER6SECRRP,LOWER6SECROP,LOWER60SECRRP,LOWER60SECROP,LOWER5MINRRP,LOWER5MINROP,LOWERREGRRP,LOWERREGROP,RAISE1SECRRP,RAISE1SECROP,LOWER1SECRRP,LOWER1SECROP,PRICE_STATUS
D,TRADING,PRICE,3,"2025/05/26 21:05:00",1,SA1,253,0,0,0,"2025/05/26 21:00:04",0,0.1,0.1,0.04,0.04,0.1,0.1,1,1,0.1,0.1,0.38,0.38,0.1,0.1,1,1,0.1,0.1,0,0,FIRM
D,TRADING,PRICE,3,"2025/05/26 21:05:00",1,NSW1,253,60.02,0,0,"2025/05/26 21:00:04",60.02,0.1,0.1,0.04,0.04,0.1,0.1,1,1,0.1,0.1,0.38,0.38,0.1,0.1,1,1,0.1,0.1,0,0,FIRM
D,TRADING,PRICE,3,"2025/05/26 21:05:00",1,QLD1,253,65.62,0,0,"2025/05/26 21:00:04",65.62,0.1,0.1,0.04,0.04,0.1,0.1,1,1,0.1,0.1,0.38,0.38,0.1,0.1,1,1,0.1,0.1,0,0,FIRM
D,TRADING,PRICE,3,"2025/05/26 21:05:00",1,TAS1,253,35.24,0,0,"2025/05/26 21:00:04",35.24,0.38,0.38,0.38,0.38,0.1,0.1,8.8,8.8,0.1,0.1,0.38,0.38,0,0,2.55,2.55,0.1,0.1,0,0,FIRM
D,TRADING,PRICE,3,"2025/05/26 21:05:00",1,VIC1,253,0,0,0,"2025/05/26 21:00:04",0,0.1,0.1,0.04,0.04,0.1,0.1,1,1,0.1,0.1,0.38,0.38,0.1,0.1,1,1,0.1,0.1,0,0,FIRM
C,"END OF REPORT",15
