C,NEMP.WORLD,TRADINGIS,AEMO,PUBLIC,2025/05/29,18:30:14,0000000465424391,TRADINGIS,0000000465424390
I,TRADING,INTERCONNECTORRES,2,SETTLEMENTDATE,RUNNO,INTERCONNECTORID,PERIODID,METEREDMWFLOW,MWFLOW,MWLOSSES,LASTCHANGED
D,TRADING,INTERCONNECTORRES,2,"2025/05/29 18:35:00",1,N-Q-MNSP1,223,-9.2,-9,-0.16,"2025/05/29 18:30:03"
D,TRADING,INTERCONNECTORRES,2,"2025/05/29 18:35:00",1,NSW1-QLD1,223,-481.2,-417.27,-11.98,"2025/05/29 18:30:03"
D,TRADING,INTERCONNECTORRES,2,"2025/05/29 18:35:00",1,T-V-MNSP1,223,237.4,248.52,5.45,"2025/05/29 18:30:03"
D,TRADING,INTERCONNECTORRES,2,"2025/05/29 18:35:00",1,V-S-MNSP1,223,45,36,-1.09,"2025/05/29 18:30:03"
D,TRADING,INTERCONNECTORRES,2,"2025/05/29 18:35:00",1,V-SA,223,72.73,83.12,1.06,"2025/05/29 18:30:03"
D,TRADING,INTERCONNECTORRES,2,"2025/05/29 18:35:00",1,VIC1-NSW1,223,36.48,62.24,0.65,"2025/05/29 18:30:03"
I,TRADING,PRICE,3,SETTLEMENTDATE,RUNNO,REGIONID,PERIODID,RRP,EEP,INVALIDFLAG,LASTCHANGED,ROP,RAISE6SECRRP,RAISE6SECROP,RAISE60SECRRP,RAISE60SECROP,RAISE5MINRRP,RAISE5MINROP,RAISEREGRRP,RAISEREGROP,LOWER6SECRRP,LOWER6SECROP,LOWER60SECRRP,LOWER60SECROP,LOWER5MINRRP,LOWER5MINROP,LOWERREGRRP,LOWERREGROP,RAISE1SECRRP,RAISE1SECROP,LOWER1SECRRP,LOWER1SECROP,PRICE_STATUS
D,TRADING,PRICE,3,"2025/05/29 18:35:00",1,SA1,223,175.53,0,0,"2025/05/29 18:30:03",175.53,0.38,0.38,0.36,0.36,0.24,0.24,5.99,5.99,0.2,0.2,0.38,0.38,0.38,0.38,2,2,0.04,0.04,0,0,FIRM
D,TRADING,PRICE,3,"2025/05/29 18:35:00",1,NSW1,223,191.01,0,0,"2025/05/29 18:30:03",191.01,0.38,0.38,0.36,0.36,0.24,0.24,5.99,5.99,0.2,0.2,0.38,0.38,0.38,0.38,2,2,0.04,0.04,0,0,FIRM
D,TRADING,PRICE,3,"2025/05/29 18:35:00",1,QLD1,223,189.67,0,0,"2025/05/29 18:30:03",189.67,0.38,0.38,0.36,0.36,0.24,0.24,5.99,5.99,0.2,0.2,0.38,0.38,0.38,0.38,2,2,0.04,0.04,0,0,FIRM
D,TRADING,PRICE,3,"2025/05/29 18:35:00",1,TAS1,223,160.28,0,0,"2025/05/29 18:30:03",160.28,0.38,0.38,0.36,0.36,0.24,0.24,7.74,7.74,0.2,0.2,0.38,0.38,0.38,0.38,2.46,2.46,0.04,0.04,0,0,FIRM
D,TRADING,PRICE,3,"2025/05/29 18:35:00",1,VIC1,223,171.94,0,0,"2025/05/29 18:30:03",171.94,0.38,0.38,0.36,0.36,0.24,0.24,5.99,5.99,0.2,0.2,0.38,0.38,0.38,0.38,2,2,0.04,0.04,0,0,FIRM
C,"END OF REPORT",15
