C,NEMP.WORLD,TRADINGIS,AEMO,PUBLIC,2025/05/29,14:30:11,0000000465398883,TRADINGIS,0000000465398882
I,TRADING,INTERCONNECTORRES,2,SETTLEMENTDATE,RUNNO,INTERCONNECTORID,PERIODID,METEREDMWFLOW,MWFLOW,MWLOSSES,LASTCHANGED
D,TRADING,INTERCONNECTORRES,2,"2025/05/29 14:35:00",1,N-Q-MNSP1,175,-8.5,-9,-0.16,"2025/05/29 14:30:03"
D,TRADING,INTERCONNECTORRES,2,"2025/05/29 14:35:00",1,NSW1-QLD1,175,22.2,-55.32,-1.2,"2025/05/29 14:30:03"
D,TRADING,INTERCONNECTORRES,2,"2025/05/29 14:35:00",1,T-V-MNSP1,175,-438.3,-478,25.62,"2025/05/29 14:30:03"
D,TRADING,INTERCONNECTORRES,2,"2025/05/29 14:35:00",1,V-S-MNSP1,175,-58,9,-0.56,"2025/05/29 14:30:03"
D,TRADING,INTERCONNECTORRES,2,"2025/05/29 14:35:00",1,V-SA,175,-325.66,-128.49,5.77,"2025/05/29 14:30:03"
D,TRADING,INTERCONNECTORRES,2,"2025/05/29 14:35:00",1,VIC1-NSW1,175,783.08,567,67.83,"2025/05/29 14:30:03"
I,TRADING,PRICE,3,SETTLEMENTDATE,RUNNO,REGIONID,PERIODID,RRP,EEP,INVALIDFLAG,LASTCHANGED,ROP,RAISE6SECRRP,RAISE6SECROP,RAISE60SECRRP,RAISE60SECROP,RAISE5MINRRP,RAISE5MINROP,RAISEREGRRP,RAISEREGROP,LOWER6SECRRP,LOWER6SECROP,LOWER60SECRRP,LOWER60SECROP,LOWER5MINRRP,LOWER5MINROP,LOWERREGRRP,LOWERREGROP,RAISE1SECRRP,RAISE1SECROP,LOWER1SECRRP,LOWER1SECROP,PRICE_STATUS
D,TRADING,PRICE,3,"2025/05/29 14:35:00",1,SA1,175,20.64,0,0,"2025/05/29 14:30:03",20.64,0.23,0.23,0.04,0.04,0.04,0.04,5.99,5.99,0.37,0.37,0.38,0.38,0.2,0.2,0.2,0.2,0.37,0.37,0,0,FIRM
D,TRADING,PRICE,3,"2025/05/29 14:35:00",1,NSW1,175,127.64,0,0,"2025/05/29 14:30:03",127.64,0.23,0.23,0.04,0.04,0.04,0.04,5.99,5.99,0.37,0.37,0.38,0.38,0.2,0.2,0.2,0.2,0.37,0.37,0,0,FIRM
D,TRADING,PRICE,3,"2025/05/29 14:35:00",1,QLD1,175,129.45,0,0,"2025/05/29 14:30:03",129.45,0.23,0.23,0.04,0.04,0.04,0.04,5.99,5.99,0.37,0.37,0.38,0.38,0.2,0.2,0.2,0.2,0.37,0.37,0,0,FIRM
D,TRADING,PRICE,3,"2025/05/29 14:35:00",1,TAS1,175,75.13,0,0,"2025/05/29 14:30:03",75.13,0.38,0.38,0.38,0.38,0.38,0.38,7.54,7.54,0.37,0.37,0.38,0.38,0,0,2.46,2.46,0.37,0.37,0,0,FIRM
D,TRADING,PRICE,3,"2025/05/29 14:35:00",1,VIC1,175,21.92,0,0,"2025/05/29 14:30:03",21.92,0.23,0.23,0.04,0.04,0.04,0.04,5.99,5.99,0.37,0.37,0.38,0.38,0.2,0.2,0.2,0.2,0.37,0.37,0,0,FIRM
C,"END OF REPORT",15
