C,NEMP.WORLD,TRADINGIS,AEMO,PUBLIC,2025/05/29,18:55:11,0000000465426990,TRADINGIS,0000000465426989
I,TRADING,INTERCONNECTORRES,2,SETTLEMENTDATE,RUNNO,INTERCONNECTORID,PERIODID,METEREDMWFLOW,MWFLOW,MWLOSSES,LASTCHANGED
D,TRADING,INTERCONNECTORRES,2,"2025/05/29 19:00:00",1,N-Q-MNSP1,228,-6.7,-9,-0.16,"2025/05/29 18:55:03"
D,TRADING,INTERCONNECTORRES,2,"2025/05/29 19:00:00",1,NSW1-QLD1,228,-547.2,-362.45,-11.39,"2025/05/29 18:55:03"
D,TRADING,INTERCONNECTORRES,2,"2025/05/29 19:00:00",1,T-V-MNSP1,228,0,92.57,0.53,"2025/05/29 18:55:03"
D,TRADING,INTERCONNECTORRES,2,"2025/05/29 19:00:00",1,V-S-MNSP1,228,45,45,-0.87,"2025/05/29 18:55:03"
D,TRADING,INTERCONNECTORRES,2,"2025/05/29 19:00:00",1,V-SA,228,123.09,116.58,2.05,"2025/05/29 18:55:03"
D,TRADING,INTERCONNECTORRES,2,"2025/05/29 19:00:00",1,VIC1-NSW1,228,-32.34,93.08,1.12,"2025/05/29 18:55:03"
I,TRADING,PRICE,3,SETTLEMENTDATE,RUNNO,REGIONID,PERIODID,RRP,EEP,INVALIDFLAG,LASTCHANGED,ROP,RAISE6SECRRP,RAISE6SECROP,RAISE60SECRRP,RAISE60SECROP,RAISE5MINRRP,RAISE5MINROP,RAISEREGRRP,RAISEREGROP,LOWER6SECRRP,LOWER6SECROP,LOWER60SECRRP,LOWER60SECROP,LOWER5MINRRP,LOWER5MINROP,LOWERREGRRP,LOWERREGROP,RAISE1SECRRP,RAISE1SECROP,LOWER1SECRRP,LOWER1SECROP,PRICE_STATUS
D,TRADING,PRICE,3,"2025/05/29 19:00:00",1,SA1,228,160.85,0,0,"2025/05/29 18:55:03",160.85,0.39,0.39,0.38,0.38,0.23,0.23,5.99,5.99,0.38,0.38,0.38,0.38,0.38,0.38,15.17,15.17,0.38,0.38,0,0,FIRM
D,TRADING,PRICE,3,"2025/05/29 19:00:00",1,NSW1,228,195.99,0,0,"2025/05/29 18:55:03",195.99,0.39,0.39,0.38,0.38,0.23,0.23,5.99,5.99,0.38,0.38,0.38,0.38,0.38,0.38,15.17,15.17,0.38,0.38,0,0,FIRM
D,TRADING,PRICE,3,"2025/05/29 19:00:00",1,QLD1,228,195.37,0,0,"2025/05/29 18:55:03",195.37,0.39,0.39,0.38,0.38,0.23,0.23,5.99,5.99,0.38,0.38,0.38,0.38,0.38,0.38,15.17,15.17,0.38,0.38,0,0,FIRM
D,TRADING,PRICE,3,"2025/05/29 19:00:00",1,TAS1,228,150.24,0,0,"2025/05/29 18:55:03",150.24,0.38,0.38,0.38,0.38,0.38,0.38,7.54,7.54,0.38,0.38,1.37,1.37,0.38,0.38,2.46,2.46,0,0,0,0,FIRM
D,TRADING,PRICE,3,"2025/05/29 19:00:00",1,VIC1,228,156.19,0,0,"2025/05/29 18:55:03",156.19,0.39,0.39,0.38,0.38,0.23,0.23,5.99,5.99,0.38,0.38,0.38,0.38,0.38,0.38,15.17,15.17,0.38,0.38,0,0,FIRM
C,"END OF REPORT",15
