C,NEMP.WORLD,TRADINGIS,AEMO,PUBLIC,2025/06/08,08:50:16,0000000466781626,TRADINGIS,0000000466781625
I,TRADING,INTERCONNECTORRES,2,SETTLEMENTDATE,RUNNO,INTERCONNECTORID,PERIODID,METEREDMWFLOW,MWFLOW,MWLOSSES,LASTCHANGED
D,TRADING,INTERCONNECTORRES,2,"2025/06/08 08:55:00",1,N-Q-MNSP1,107,-185.4,-189.6,90.63,"2025/06/08 08:50:09"
D,TRADING,INTERCONNECTORRES,2,"2025/06/08 08:55:00",1,NSW1-QLD1,107,-727.7,-726.49,42.93,"2025/06/08 08:50:09"
D,TRADING,INTERCONNECTORRES,2,"2025/06/08 08:55:00",1,T-V-MNSP1,107,-463.9,-478,25.62,"2025/06/08 08:50:09"
D,TRADING,INTERCONNECTORRES,2,"2025/06/08 08:55:00",1,V-S-MNSP1,107,36,36,-1.09,"2025/06/08 08:50:09"
D,TRADING,INTERCONNECTORRES,2,"2025/06/08 08:55:00",1,V-SA,107,44.9,23.28,0.04,"2025/06/08 08:50:09"
D,TRADING,INTERCONNECTORRES,2,"2025/06/08 08:55:00",1,VIC1-NSW1,107,103.84,256.79,11.87,"2025/06/08 08:50:09"
I,TRADING,PRICE,3,SETTLEMENTDATE,RUNNO,REGIONID,PERIODID,RRP,EEP,INVALIDFLAG,LASTCHANGED,ROP,RAISE6SECRRP,RAISE6SECROP,RAISE60SECRRP,RAISE60SECROP,RAISE5MINRRP,RAISE5MINROP,RAISEREGRRP,RAISEREGROP,LOWER6SECRRP,LOWER6SECROP,LOWER60SECRRP,LOWER60SECROP,LOWER5MINRRP,LOWER5MINROP,LOWERREGRRP,LOWERREGROP,RAISE1SECRRP,RAISE1SECROP,LOWER1SECRRP,LOWER1SECROP,PRICE_STATUS
D,TRADING,PRICE,3,"2025/06/08 08:55:00",1,SA1,107,97.85,0,0,"2025/06/08 08:50:09",97.85,0.23,0.23,0.1,0.1,0.1,0.1,0.1,0.1,0.39,0.39,1.44,1.44,0.38,0.38,8.5,8.5,0.3,0.3,0,0,FIRM
D,TRADING,PRICE,3,"2025/06/08 08:55:00",1,NSW1,107,-21.47,0,0,"2025/06/08 08:50:09",-21.47,0.23,0.23,0.1,0.1,0.1,0.1,0.1,0.1,0.39,0.39,1.44,1.44,0.38,0.38,8.5,8.5,0.3,0.3,0,0,FIRM
D,TRADING,PRICE,3,"2025/06/08 08:55:00",1,QLD1,107,-22.99,0,0,"2025/06/08 08:50:09",-22.99,0.23,0.23,0.1,0.1,0.1,0.1,0.1,0.1,0.39,0.39,1.44,1.44,0.38,0.38,8.5,8.5,0.3,0.3,0,0,FIRM
D,TRADING,PRICE,3,"2025/06/08 08:55:00",1,TAS1,107,150.28,0,0,"2025/06/08 08:50:09",150.28,0.38,0.38,0.38,0.38,0.36,0.36,7.3,7.3,0.38,0.38,0.38,0.38,0,0,2.8,2.8,0.3,0.3,0,0,FIRM
D,TRADING,PRICE,3,"2025/06/08 08:55:00",1,VIC1,107,97.39,0,0,"2025/06/08 08:50:09",97.39,0.23,0.23,0.1,0.1,0.1,0.1,0.1,0.1,0.39,0.39,1.44,1.44,0.38,0.38,8.5,8.5,0.3,0.3,0,0,FIRM
C,"END OF REPORT",15
