C,NEMP.WORLD,TRADINGIS,AEMO,PUBLIC,2025/05/29,19:15:12,0000000465429050,TRADINGIS,0000000465429049
I,TRADING,INTERCONNECTORRES,2,SETTLEMENTDATE,RUNNO,INTERCONNECTORID,PERIODID,METEREDMWFLOW,MWFLOW,MWLOSSES,LASTCHANGED
D,TRADING,INTERCONNECTORRES,2,"2025/05/29 19:20:00",1,N-Q-MNSP1,232,-8.1,-9,-0.16,"2025/05/29 19:15:03"
D,TRADING,INTERCONNECTORRES,2,"2025/05/29 19:20:00",1,NSW1-QLD1,232,-334.9,-268.66,-9.76,"2025/05/29 19:15:03"
D,TRADING,INTERCONNECTORRES,2,"2025/05/29 19:20:00",1,T-V-MNSP1,232,170.3,115.98,0.94,"2025/05/29 19:15:03"
D,TRADING,INTERCONNECTORRES,2,"2025/05/29 19:20:00",1,V-S-MNSP1,232,45,45,-0.87,"2025/05/29 19:15:03"
D,TRADING,INTERCONNECTORRES,2,"2025/05/29 19:20:00",1,V-SA,232,139.2,140.62,2.75,"2025/05/29 19:15:03"
D,TRADING,INTERCONNECTORRES,2,"2025/05/29 19:20:00",1,VIC1-NSW1,232,6,14.06,0.11,"2025/05/29 19:15:03"
I,TRADING,PRICE,3,SETTLEMENTDATE,RUNNO,REGIONID,PERIODID,RRP,EEP,INVALIDFLAG,LASTCHANGED,ROP,RAISE6SECRRP,RAISE6SECROP,RAISE60SECRRP,RAISE60SECROP,RAISE5MINRRP,RAISE5MINROP,RAISEREGRRP,RAISEREGROP,LOWER6SECRRP,LOWER6SECROP,LOWER60SECRRP,LOWER60SECROP,LOWER5MINRRP,LOWER5MINROP,LOWERREGRRP,LOWERREGROP,RAISE1SECRRP,RAISE1SECROP,LOWER1SECRRP,LOWER1SECROP,PRICE_STATUS
D,TRADING,PRICE,3,"2025/05/29 19:20:00",1,SA1,232,146,0,0,"2025/05/29 19:15:03",146,0.38,0.38,0.24,0.24,0.23,0.23,0.23,0.23,0.14,0.14,0.38,0.38,0.38,0.38,2,2,0.1,0.1,0,0,FIRM
D,TRADING,PRICE,3,"2025/05/29 19:20:00",1,NSW1,232,142.14,0,0,"2025/05/29 19:15:03",142.14,0.38,0.38,0.24,0.24,0.23,0.23,0.23,0.23,0.14,0.14,0.38,0.38,0.38,0.38,2,2,0.1,0.1,0,0,FIRM
D,TRADING,PRICE,3,"2025/05/29 19:20:00",1,QLD1,232,143.8,0,0,"2025/05/29 19:15:03",143.8,0.38,0.38,0.24,0.24,0.23,0.23,0.23,0.23,0.14,0.14,0.38,0.38,0.38,0.38,2,2,0.1,0.1,0,0,FIRM
D,TRADING,PRICE,3,"2025/05/29 19:20:00",1,TAS1,232,135.2,0,0,"2025/05/29 19:15:03",135.2,0.38,0.38,0.38,0.38,0.23,0.23,7.54,7.54,0.14,0.14,0.38,0.38,0.38,0.38,2.46,2.46,0.1,0.1,0,0,FIRM
D,TRADING,PRICE,3,"2025/05/29 19:20:00",1,VIC1,232,140.79,0,0,"2025/05/29 19:15:03",140.79,0.38,0.38,0.24,0.24,0.23,0.23,0.23,0.23,0.14,0.14,0.38,0.38,0.38,0.38,2,2,0.1,0.1,0,0,FIRM
C,"END OF REPORT",15
