C,NEMP.WORLD,TRADINGIS,AEMO,PUBLIC,2025/05/27,22:40:10,0000000465160867,TRADINGIS,0000000465160866
I,TRADING,INTERCONNECTORRES,2,SETTLEMENTDATE,RUNNO,INTERCONNECTORID,PERIODID,METEREDMWFLOW,MWFLOW,MWLOSSES,LASTCHANGED
D,TRADING,INTERCONNECTORRES,2,"2025/05/27 22:45:00",1,N-Q-MNSP1,273,9.5,9,0.6,"2025/05/27 22:40:03"
D,TRADING,INTERCONNECTORRES,2,"2025/05/27 22:45:00",1,NSW1-QLD1,273,403.1,328.7,18.66,"2025/05/27 22:40:03"
D,TRADING,INTERCONNECTORRES,2,"2025/05/27 22:45:00",1,T-V-MNSP1,273,-473.1,-474.69,25.28,"2025/05/27 22:40:03"
D,TRADING,INTERCONNECTORRES,2,"2025/05/27 22:45:00",1,V-S-MNSP1,273,149,115.56,7.6,"2025/05/27 22:40:03"
D,TRADING,INTERCONNECTORRES,2,"2025/05/27 22:45:00",1,V-SA,273,537.57,572.67,42.86,"2025/05/27 22:40:03"
D,TRADING,INTERCONNECTORRES,2,"2025/05/27 22:45:00",1,VIC1-NSW1,273,312.23,381.78,19.9,"2025/05/27 22:40:03"
I,TRADING,PRICE,3,SETTLEMENTDATE,RUNNO,REGIONID,PERIODID,RRP,EEP,INVALIDFLAG,LASTCHANGED,ROP,RAISE6SECRRP,RAISE6SECROP,RAISE60SECRRP,RAISE60SECROP,RAISE5MINRRP,RAISE5MINROP,RAISEREGRRP,RAISEREGROP,LOWER6SECRRP,LOWER6SECROP,LOWER60SECRRP,LOWER60SECROP,LOWER5MINRRP,LOWER5MINROP,LOWERREGRRP,LOWERREGROP,RAISE1SECRRP,RAISE1SECROP,LOWER1SECRRP,LOWER1SECROP,PRICE_STATUS
D,TRADING,PRICE,3,"2025/05/27 22:45:00",1,SA1,273,24.21,0,0,"2025/05/27 22:40:03",24.21,0.1,0.1,0.04,0.04,0.01,0.01,0.01,0.01,0.01,0.01,0.1,0.1,0.01,0.01,6,6,0.04,0.04,0,0,FIRM
D,TRADING,PRICE,3,"2025/05/27 22:45:00",1,NSW1,273,66.68,0,0,"2025/05/27 22:40:03",66.68,0.1,0.1,0.04,0.04,0.01,0.01,0.01,0.01,0.01,0.01,0.1,0.1,0.01,0.01,6,6,0.04,0.04,0,0,FIRM
D,TRADING,PRICE,3,"2025/05/27 22:45:00",1,QLD1,273,72.76,0,0,"2025/05/27 22:40:03",72.76,0.1,0.1,0.04,0.04,0.01,0.01,0.01,0.01,0.01,0.01,0.1,0.1,0.01,0.01,6,6,0.04,0.04,0,0,FIRM
D,TRADING,PRICE,3,"2025/05/27 22:45:00",1,TAS1,273,75.02,0,0,"2025/05/27 22:40:03",75.02,0.38,0.38,0.38,0.38,0.36,0.36,7.4,7.4,0.01,0.01,0.1,0.1,0,0,3.48,3.48,0.04,0.04,0,0,FIRM
D,TRADING,PRICE,3,"2025/05/27 22:45:00",1,VIC1,273,20.01,0,0,"2025/05/27 22:40:03",20.01,0.1,0.1,0.04,0.04,0.01,0.01,0.01,0.01,0.01,0.01,0.1,0.1,0.01,0.01,6,6,0.04,0.04,0,0,FIRM
C,"END OF REPORT",15
