C,NEMP.WORLD,TRADINGIS,AEMO,PUBLIC,2025/05/28,02:05:10,0000000465180947,TRADINGIS,0000000465180946
I,TRADING,INTERCONNECTORRES,2,SETTLEMENTDATE,RUNNO,INTERCONNECTORID,PERIODID,METEREDMWFLOW,MWFLOW,MWLOSSES,LASTCHANGED
D,TRADING,INTERCONNECTORRES,2,"2025/05/28 02:10:00",1,N-Q-MNSP1,26,-8.9,-9,-0.16,"2025/05/28 02:05:03"
D,TRADING,INTERCONNECTORRES,2,"2025/05/28 02:10:00",1,NSW1-QLD1,26,48.6,-49.92,0.15,"2025/05/28 02:05:03"
D,TRADING,INTERCONNECTORRES,2,"2025/05/28 02:10:00",1,T-V-MNSP1,26,-443.2,-476.49,25.47,"2025/05/28 02:05:03"
D,TRADING,INTERCONNECTORRES,2,"2025/05/28 02:10:00",1,V-S-MNSP1,26,168,166.7,21.25,"2025/05/28 02:05:03"
D,TRADING,INTERCONNECTORRES,2,"2025/05/28 02:10:00",1,V-SA,26,576.2,568.76,45.31,"2025/05/28 02:05:03"
D,TRADING,INTERCONNECTORRES,2,"2025/05/28 02:10:00",1,VIC1-NSW1,26,778.04,675.11,55.86,"2025/05/28 02:05:03"
I,TRADING,PRICE,3,SETTLEMENTDATE,RUNNO,REGIONID,PERIODID,RRP,EEP,INVALIDFLAG,LASTCHANGED,ROP,RAISE6SECRRP,RAISE6SECROP,RAISE60SECRRP,RAISE60SECROP,RAISE5MINRRP,RAISE5MINROP,RAISEREGRRP,RAISEREGROP,LOWER6SECRRP,LOWER6SECROP,LOWER60SECRRP,LOWER60SECROP,LOWER5MINRRP,LOWER5MINROP,LOWERREGRRP,LOWERREGROP,RAISE1SECRRP,RAISE1SECROP,LOWER1SECRRP,LOWER1SECROP,PRICE_STATUS
D,TRADING,PRICE,3,"2025/05/28 02:10:00",1,SA1,26,99.45,0,0,"2025/05/28 02:05:03",99.45,0.37,0.37,0.23,0.23,0.24,0.24,1,1,0.01,0.01,0.1,0.1,0.01,0.01,1.2,1.2,0.04,0.04,0,0,FIRM
D,TRADING,PRICE,3,"2025/05/28 02:10:00",1,NSW1,26,56.98,0,0,"2025/05/28 02:05:03",56.98,0.37,0.37,0.23,0.23,0.24,0.24,1,1,0.01,0.01,0.1,0.1,0.01,0.01,1.2,1.2,0.04,0.04,0,0,FIRM
D,TRADING,PRICE,3,"2025/05/28 02:10:00",1,QLD1,26,56.69,0,0,"2025/05/28 02:05:03",56.69,0.37,0.37,0.23,0.23,0.24,0.24,1,1,0.01,0.01,0.1,0.1,0.01,0.01,1.2,1.2,0.04,0.04,0,0,FIRM
D,TRADING,PRICE,3,"2025/05/28 02:10:00",1,TAS1,26,35.02,0,0,"2025/05/28 02:05:03",35.02,0.38,0.38,0.38,0.38,0.36,0.36,7.4,7.4,0.01,0.01,0.1,0.1,0,0,2.48,2.48,0.04,0.04,0,0,FIRM
D,TRADING,PRICE,3,"2025/05/28 02:10:00",1,VIC1,26,8.95,0,0,"2025/05/28 02:05:03",8.95,0.37,0.37,0.23,0.23,0.24,0.24,1,1,0.01,0.01,0.1,0.1,0.01,0.01,1.2,1.2,0.04,0.04,0,0,FIRM
C,"END OF REPORT",15
