C,NEMP.WORLD,TRADINGIS,AEMO,PUBLIC,2025/05/27,20:55:11,0000000465150564,TRADINGIS,0000000465150563
I,TRADING,INTERCONNECTORRES,2,SETTLEMENTDATE,RUNNO,INTERCONNECTORID,PERIODID,METEREDMWFLOW,MWFLOW,MWLOSSES,LASTCHANGED
D,TRADING,INTERCONNECTORRES,2,"2025/05/27 21:00:00",1,N-Q-MNSP1,252,-8.4,-9,-0.16,"2025/05/27 20:55:03"
D,TRADING,INTERCONNECTORRES,2,"2025/05/27 21:00:00",1,NSW1-QLD1,252,-241.6,-193.22,-5.98,"2025/05/27 20:55:03"
D,TRADING,INTERCONNECTORRES,2,"2025/05/27 21:00:00",1,T-V-MNSP1,252,-416.9,-478,25.62,"2025/05/27 20:55:03"
D,TRADING,INTERCONNECTORRES,2,"2025/05/27 21:00:00",1,V-S-MNSP1,252,81,81,1.95,"2025/05/27 20:55:03"
D,TRADING,INTERCONNECTORRES,2,"2025/05/27 21:00:00",1,V-SA,252,497.73,520.49,36.61,"2025/05/27 20:55:03"
D,TRADING,INTERCONNECTORRES,2,"2025/05/27 21:00:00",1,VIC1-NSW1,252,-231.88,-256.88,3.76,"2025/05/27 20:55:03"
I,TRADING,PRICE,3,SETTLEMENTDATE,RUNNO,REGIONID,PERIODID,RRP,EEP,INVALIDFLAG,LASTCHANGED,ROP,RAISE6SECRRP,RAISE6SECROP,RAISE60SECRRP,RAISE60SECROP,RAISE5MINRRP,RAISE5MINROP,RAISEREGRRP,RAISEREGROP,LOWER6SECRRP,LOWER6SECROP,LOWER60SECRRP,LOWER60SECROP,LOWER5MINRRP,LOWER5MINROP,LOWERREGRRP,LOWERREGROP,RAISE1SECRRP,RAISE1SECROP,LOWER1SECRRP,LOWER1SECROP,PRICE_STATUS
D,TRADING,PRICE,3,"2025/05/27 21:00:00",1,SA1,252,93.96,0,0,"2025/05/27 20:55:03",93.96,0.36,0.36,0.1,0.1,0.1,0.1,3.49,3.49,0.01,0.01,0.1,0.1,0,0,0,0,0.36,0.36,0,0,FIRM
D,TRADING,PRICE,3,"2025/05/27 21:00:00",1,NSW1,252,79.85,0,0,"2025/05/27 20:55:03",79.85,0.36,0.36,0.1,0.1,0.1,0.1,3.49,3.49,0.01,0.01,0.1,0.1,0,0,0,0,0.36,0.36,0,0,FIRM
D,TRADING,PRICE,3,"2025/05/27 21:00:00",1,QLD1,252,80.79,0,0,"2025/05/27 20:55:03",80.79,0.36,0.36,0.1,0.1,0.1,0.1,3.49,3.49,0.01,0.01,0.1,0.1,0,0,0,0,0.36,0.36,0,0,FIRM
D,TRADING,PRICE,3,"2025/05/27 21:00:00",1,TAS1,252,97.02,0,0,"2025/05/27 20:55:03",97.02,0.38,0.38,0.38,0.38,0.38,0.38,6.4,6.4,0.01,0.01,0.1,0.1,0,0,4.48,4.48,0.36,0.36,0,0,FIRM
D,TRADING,PRICE,3,"2025/05/27 21:00:00",1,VIC1,252,82.72,0,0,"2025/05/27 20:55:03",82.72,0.36,0.36,0.1,0.1,0.1,0.1,3.49,3.49,0.01,0.01,0.1,0.1,0,0,0,0,0.36,0.36,0,0,FIRM
C,"END OF REPORT",15
