C,NEMP.WORLD,TRADINGIS,AEMO,PUBLIC,2025/05/27,18:40:10,0000000465137358,TRADINGIS,0000000465137357
I,TRADING,INTERCONNECTORRES,2,SETTLEMENTDATE,RUNNO,INTERCONNECTORID,PERIODID,METEREDMWFLOW,MWFLOW,MWLOSSES,LASTCHANGED
D,TRADING,INTERCONNECTORRES,2,"2025/05/27 18:45:00",1,N-Q-MNSP1,225,-9.3,-9,-0.16,"2025/05/27 18:40:03"
D,TRADING,INTERCONNECTORRES,2,"2025/05/27 18:45:00",1,NSW1-QLD1,225,-379.3,-390.3,-13.41,"2025/05/27 18:40:03"
D,TRADING,INTERCONNECTORRES,2,"2025/05/27 18:45:00",1,T-V-MNSP1,225,-218.5,-323.84,12.17,"2025/05/27 18:40:03"
D,TRADING,INTERCONNECTORRES,2,"2025/05/27 18:45:00",1,V-S-MNSP1,225,54,55.66,-0.35,"2025/05/27 18:40:03"
D,TRADING,INTERCONNECTORRES,2,"2025/05/27 18:45:00",1,V-SA,225,148.29,272,9.37,"2025/05/27 18:40:03"
D,TRADING,INTERCONNECTORRES,2,"2025/05/27 18:45:00",1,VIC1-NSW1,225,-183.09,-316.46,7.35,"2025/05/27 18:40:03"
I,TRADING,PRICE,3,SETTLEMENTDATE,RUNNO,REGIONID,PERIODID,RRP,EEP,INVALIDFLAG,LASTCHANGED,ROP,RAISE6SECRRP,RAISE6SECROP,RAISE60SECRRP,RAISE60SECROP,RAISE5MINRRP,RAISE5MINROP,RAISEREGRRP,RAISEREGROP,LOWER6SECRRP,LOWER6SECROP,LOWER60SECRRP,LOWER60SECROP,LOWER5MINRRP,LOWER5MINROP,LOWERREGRRP,LOWERREGROP,RAISE1SECRRP,RAISE1SECROP,LOWER1SECRRP,LOWER1SECROP,PRICE_STATUS
D,TRADING,PRICE,3,"2025/05/27 18:45:00",1,SA1,225,138,0,0,"2025/05/27 18:40:03",138,0.39,0.39,0.38,0.38,0.38,0.38,3.49,3.49,0.01,0.01,0.1,0.1,0,0,0,0,0.94,0.94,0,0,FIRM
D,TRADING,PRICE,3,"2025/05/27 18:45:00",1,NSW1,225,123.24,0,0,"2025/05/27 18:40:03",123.24,0.39,0.39,0.38,0.38,0.38,0.38,3.49,3.49,0.01,0.01,0.1,0.1,0,0,0,0,0.94,0.94,0,0,FIRM
D,TRADING,PRICE,3,"2025/05/27 18:45:00",1,QLD1,225,123.51,0,0,"2025/05/27 18:40:03",123.51,0.39,0.39,0.38,0.38,0.38,0.38,3.49,3.49,0.01,0.01,0.1,0.1,0,0,0,0,0.94,0.94,0,0,FIRM
D,TRADING,PRICE,3,"2025/05/27 18:45:00",1,TAS1,225,136.12,0,0,"2025/05/27 18:40:03",136.12,0.39,0.39,0.38,0.38,0.38,0.38,8.4,8.4,0.01,0.01,0.1,0.1,0,0,2.48,2.48,0.94,0.94,0,0,FIRM
D,TRADING,PRICE,3,"2025/05/27 18:45:00",1,VIC1,225,129.12,0,0,"2025/05/27 18:40:03",129.12,0.39,0.39,0.38,0.38,0.38,0.38,3.49,3.49,0.01,0.01,0.1,0.1,0,0,0,0,0.94,0.94,0,0,FIRM
C,"END OF REPORT",15
