C,NEMP.WORLD,TRADINGIS,AEMO,PUBLIC,2025/05/29,16:10:11,0000000465409701,TRADINGIS,0000000465409700
I,TRADING,INTERCONNECTORRES,2,SETTLEMENTDATE,RUNNO,INTERCONNECTORID,PERIODID,METEREDMWFLOW,MWFLOW,MWLOSSES,LASTCHANGED
D,TRADING,INTERCONNECTORRES,2,"2025/05/29 16:15:00",1,N-Q-MNSP1,195,-20.6,-25,0.65,"2025/05/29 16:10:03"
D,TRADING,INTERCONNECTORRES,2,"2025/05/29 16:15:00",1,NSW1-QLD1,195,-553.1,-703.43,9.24,"2025/05/29 16:10:03"
D,TRADING,INTERCONNECTORRES,2,"2025/05/29 16:15:00",1,T-V-MNSP1,195,-393.7,-364,15.2,"2025/05/29 16:10:03"
D,TRADING,INTERCONNECTORRES,2,"2025/05/29 16:15:00",1,V-S-MNSP1,195,18,9.06,-0.57,"2025/05/29 16:10:03"
D,TRADING,INTERCONNECTORRES,2,"2025/05/29 16:15:00",1,V-SA,195,-63.55,-68,2.14,"2025/05/29 16:10:03"
D,TRADING,INTERCONNECTORRES,2,"2025/05/29 16:15:00",1,VIC1-NSW1,195,-601.51,-501.51,-4.95,"2025/05/29 16:10:03"
I,TRADING,PRICE,3,SETTLEMENTDATE,RUNNO,REGIONID,PERIODID,RRP,EEP,INVALIDFLAG,LASTCHANGED,ROP,RAISE6SECRRP,RAISE6SECROP,RAISE60SECRRP,RAISE60SECROP,RAISE5MINRRP,RAISE5MINROP,RAISEREGRRP,RAISEREGROP,LOWER6SECRRP,LOWER6SECROP,LOWER60SECRRP,LOWER60SECROP,LOWER5MINRRP,LOWER5MINROP,LOWERREGRRP,LOWERREGROP,RAISE1SECRRP,RAISE1SECROP,LOWER1SECRRP,LOWER1SECROP,PRICE_STATUS
D,TRADING,PRICE,3,"2025/05/29 16:15:00",1,SA1,195,90.34,0,0,"2025/05/29 16:10:03",90.34,0.38,0.38,0.15,0.15,0.15,0.15,12,12,0.38,0.38,0.38,0.38,0.39,0.39,3.7,3.7,0.36,0.36,0,0,FIRM
D,TRADING,PRICE,3,"2025/05/29 16:15:00",1,NSW1,195,287.43,0,0,"2025/05/29 16:10:03",287.43,0.38,0.38,0.15,0.15,0.15,0.15,12,12,0.38,0.38,0.38,0.38,0.39,0.39,3.7,3.7,0.36,0.36,0,0,FIRM
D,TRADING,PRICE,3,"2025/05/29 16:15:00",1,QLD1,195,265.62,0,0,"2025/05/29 16:10:03",265.62,0.38,0.38,0.15,0.15,0.15,0.15,12,12,0.38,0.38,0.38,0.38,0.39,0.39,3.7,3.7,0.36,0.36,0,0,FIRM
D,TRADING,PRICE,3,"2025/05/29 16:15:00",1,TAS1,195,100.24,0,0,"2025/05/29 16:10:03",100.24,0.38,0.38,0.38,0.38,0.15,0.15,7.54,7.54,0.38,0.38,0.38,0.38,0.39,0.39,2.46,2.46,0.36,0.36,0,0,FIRM
D,TRADING,PRICE,3,"2025/05/29 16:15:00",1,VIC1,195,94.16,0,0,"2025/05/29 16:10:03",94.16,0.38,0.38,0.15,0.15,0.15,0.15,12,12,0.38,0.38,0.38,0.38,0.39,0.39,3.7,3.7,0.36,0.36,0,0,FIRM
C,"END OF REPORT",15
