C,NEMP.WORLD,TRADINGIS,AEMO,PUBLIC,2025/05/27,11:50:14,0000000465090125,TRADINGIS,0000000465090124
I,TRADING,INTERCONNECTORRES,2,SETTLEMENTDATE,RUNNO,INTERCONNECTORID,PERIODID,METEREDMWFLOW,MWFLOW,MWLOSSES,LASTCHANGED
D,TRADING,INTERCONNECTORRES,2,"2025/05/27 11:55:00",1,N-Q-MNSP1,143,-5.7,-9,-0.16,"2025/05/27 11:50:07"
D,TRADING,INTERCONNECTORRES,2,"2025/05/27 11:55:00",1,NSW1-QLD1,143,-64.4,-26.93,-0.05,"2025/05/27 11:50:07"
D,TRADING,INTERCONNECTORRES,2,"2025/05/27 11:55:00",1,T-V-MNSP1,143,-371.7,-446.13,22.44,"2025/05/27 11:50:07"
D,TRADING,INTERCONNECTORRES,2,"2025/05/27 11:55:00",1,V-S-MNSP1,143,82,56.44,-0.3,"2025/05/27 11:50:07"
D,TRADING,INTERCONNECTORRES,2,"2025/05/27 11:55:00",1,V-SA,143,-553.1,-608.92,56.01,"2025/05/27 11:50:07"
D,TRADING,INTERCONNECTORRES,2,"2025/05/27 11:55:00",1,VIC1-NSW1,143,343.25,370.5,30.64,"2025/05/27 11:50:07"
I,TRADING,PRICE,3,SETTLEMENTDATE,RUNNO,REGIONID,PERIODID,RRP,EEP,INVALIDFLAG,LASTCHANGED,ROP,RAISE6SECRRP,RAISE6SECROP,RAISE60SECRRP,RAISE60SECROP,RAISE5MINRRP,RAISE5MINROP,RAISEREGRRP,RAISEREGROP,LOWER6SECRRP,LOWER6SECROP,LOWER60SECRRP,LOWER60SECROP,LOWER5MINRRP,LOWER5MINROP,LOWERREGRRP,LOWERREGROP,RAISE1SECRRP,RAISE1SECROP,LOWER1SECRRP,LOWER1SECROP,PRICE_STATUS
D,TRADING,PRICE,3,"2025/05/27 11:55:00",1,SA1,143,-19.03,0,0,"2025/05/27 11:50:07",-19.03,0,0,0,0,0.04,0.04,4.23,4.23,0.1,0.1,0.39,0.39,0.1,0.1,0.1,0.1,0.01,0.01,0,0,FIRM
D,TRADING,PRICE,3,"2025/05/27 11:55:00",1,NSW1,143,11.14,0,0,"2025/05/27 11:50:07",11.14,0,0,0,0,0.04,0.04,4.23,4.23,0.1,0.1,0.39,0.39,0.1,0.1,0.1,0.1,0.01,0.01,0,0,FIRM
D,TRADING,PRICE,3,"2025/05/27 11:55:00",1,QLD1,143,13.64,0,0,"2025/05/27 11:50:07",13.64,0.38,0.38,0.38,0.38,1.8,1.8,5.99,5.99,0.1,0.1,0.39,0.39,0.1,0.1,0.1,0.1,0.01,0.01,0,0,FIRM
D,TRADING,PRICE,3,"2025/05/27 11:55:00",1,TAS1,143,11.18,0,0,"2025/05/27 11:50:07",11.18,0.38,0.38,0.38,0.38,0.04,0.04,7.4,7.4,0.1,0.1,0.38,0.38,0,0,1.5,1.5,0.01,0.01,0,0,FIRM
D,TRADING,PRICE,3,"2025/05/27 11:55:00",1,VIC1,143,2.03,0,0,"2025/05/27 11:50:07",2.03,0,0,0,0,0.04,0.04,4.23,4.23,0.1,0.1,0.39,0.39,0.1,0.1,0.1,0.1,0.01,0.01,0,0,FIRM
C,"END OF REPORT",15
