C,NEMP.WORLD,TRADINGIS,AEMO,PUBLIC,2025/05/28,15:05:11,0000000465259583,TRADINGIS,0000000465259582
I,TRADING,INTERCONNECTORRES,2,SETTLEMENTDATE,RUNNO,INTERCONNECTORID,PERIODID,METEREDMWFLOW,MWFLOW,MWLOSSES,LASTCHANGED
D,TRADING,INTERCONNECTORRES,2,"2025/05/28 15:10:00",1,N-Q-MNSP1,182,-18,-17,0.07,"2025/05/28 15:05:04"
D,TRADING,INTERCONNECTORRES,2,"2025/05/28 15:10:00",1,NSW1-QLD1,182,-214.7,-306.58,3.45,"2025/05/28 15:05:04"
D,TRADING,INTERCONNECTORRES,2,"2025/05/28 15:10:00",1,T-V-MNSP1,182,-429.7,-382.41,16.7,"2025/05/28 15:05:04"
D,TRADING,INTERCONNECTORRES,2,"2025/05/28 15:10:00",1,V-S-MNSP1,182,72,76.82,1.48,"2025/05/28 15:05:04"
D,TRADING,INTERCONNECTORRES,2,"2025/05/28 15:10:00",1,V-SA,182,552.34,565,24.65,"2025/05/28 15:05:04"
D,TRADING,INTERCONNECTORRES,2,"2025/05/28 15:10:00",1,VIC1-NSW1,182,-578.07,-524.84,-0.88,"2025/05/28 15:05:04"
I,TRADING,PRICE,3,SETTLEMENTDATE,RUNNO,REGIONID,PERIODID,RRP,EEP,INVALIDFLAG,LASTCHANGED,ROP,RAISE6SECRRP,RAISE6SECROP,RAISE60SECRRP,RAISE60SECROP,RAISE5MINRRP,RAISE5MINROP,RAISEREGRRP,RAISEREGROP,LOWER6SECRRP,LOWER6SECROP,LOWER60SECRRP,LOWER60SECROP,LOWER5MINRRP,LOWER5MINROP,LOWERREGRRP,LOWERREGROP,RAISE1SECRRP,RAISE1SECROP,LOWER1SECRRP,LOWER1SECROP,PRICE_STATUS
D,TRADING,PRICE,3,"2025/05/28 15:10:00",1,SA1,182,147.93,0,0,"2025/05/28 15:05:04",147.93,0.38,0.38,0.1,0.1,0.1,0.1,11,11,0.38,0.38,0.86,0.86,0.38,0.38,5.25,5.25,0.38,0.38,0,0,FIRM
D,TRADING,PRICE,3,"2025/05/28 15:10:00",1,NSW1,182,52.76,0,0,"2025/05/28 15:05:04",52.76,0.38,0.38,0.1,0.1,0.1,0.1,11,11,0.38,0.38,0.86,0.86,0.38,0.38,5.25,5.25,0.38,0.38,0,0,FIRM
D,TRADING,PRICE,3,"2025/05/28 15:10:00",1,QLD1,182,50.75,0,0,"2025/05/28 15:05:04",50.75,0.38,0.38,0.1,0.1,0.1,0.1,11,11,0.38,0.38,0.86,0.86,0.38,0.38,5.25,5.25,0.38,0.38,0,0,FIRM
D,TRADING,PRICE,3,"2025/05/28 15:10:00",1,TAS1,182,142.17,0,0,"2025/05/28 15:05:04",142.17,0.38,0.38,0.38,0.38,0.1,0.1,7.4,7.4,0.38,0.38,0.38,0.38,0.38,0.38,3.48,3.48,0.38,0.38,0,0,FIRM
D,TRADING,PRICE,3,"2025/05/28 15:10:00",1,VIC1,182,132.72,0,0,"2025/05/28 15:05:04",132.72,0.38,0.38,0.1,0.1,0.1,0.1,11,11,0.38,0.38,0.86,0.86,0.38,0.38,5.25,5.25,0.38,0.38,0,0,FIRM
C,"END OF REPORT",15
