C,NEMP.WORLD,TRADINGIS,AEMO,PUBLIC,2025/05/27,21:20:10,0000000465152923,TRADINGIS,0000000465152922
I,TRADING,INTERCONNECTORRES,2,SETTLEMENTDATE,RUNNO,INTERCONNECTORID,PERIODID,METEREDMWFLOW,MWFLOW,MWLOSSES,LASTCHANGED
D,TRADING,INTERCONNECTORRES,2,"2025/05/27 21:25:00",1,N-Q-MNSP1,257,0.9,0,0,"2025/05/27 21:20:03"
D,TRADING,INTERCONNECTORRES,2,"2025/05/27 21:25:00",1,NSW1-QLD1,257,-141.4,-99.89,-3.32,"2025/05/27 21:20:03"
D,TRADING,INTERCONNECTORRES,2,"2025/05/27 21:25:00",1,T-V-MNSP1,257,-476.8,-478,25.62,"2025/05/27 21:20:03"
D,TRADING,INTERCONNECTORRES,2,"2025/05/27 21:25:00",1,V-S-MNSP1,257,81,90,3.14,"2025/05/27 21:20:03"
D,TRADING,INTERCONNECTORRES,2,"2025/05/27 21:25:00",1,V-SA,257,562.61,565,43.33,"2025/05/27 21:20:03"
D,TRADING,INTERCONNECTORRES,2,"2025/05/27 21:25:00",1,VIC1-NSW1,257,-130.92,-111.16,0.13,"2025/05/27 21:20:03"
I,TRADING,PRICE,3,SETTLEMENTDATE,RUNNO,REGIONID,PERIODID,RRP,EEP,INVALIDFLAG,LASTCHANGED,ROP,RAISE6SECRRP,RAISE6SECROP,RAISE60SECRRP,RAISE60SECROP,RAISE5MINRRP,RAISE5MINROP,RAISEREGRRP,RAISEREGROP,LOWER6SECRRP,LOWER6SECROP,LOWER60SECRRP,LOWER60SECROP,LOWER5MINRRP,LOWER5MINROP,LOWERREGRRP,LOWERREGROP,RAISE1SECRRP,RAISE1SECROP,LOWER1SECRRP,LOWER1SECROP,PRICE_STATUS
D,TRADING,PRICE,3,"2025/05/27 21:25:00",1,SA1,257,91.44,0,0,"2025/05/27 21:20:03",91.44,0.23,0.23,0.1,0.1,0.1,0.1,19.92,19.92,0.01,0.01,0.1,0.1,0.01,0.01,8.5,8.5,0.36,0.36,0,0,FIRM
D,TRADING,PRICE,3,"2025/05/27 21:25:00",1,NSW1,257,78.89,0,0,"2025/05/27 21:20:03",78.89,0.23,0.23,0.1,0.1,0.1,0.1,19.92,19.92,0.01,0.01,0.1,0.1,0.01,0.01,8.5,8.5,0.36,0.36,0,0,FIRM
D,TRADING,PRICE,3,"2025/05/27 21:25:00",1,QLD1,257,80.79,0,0,"2025/05/27 21:20:03",80.79,0.23,0.23,0.1,0.1,0.1,0.1,19.92,19.92,0.01,0.01,0.1,0.1,0.01,0.01,8.5,8.5,0.36,0.36,0,0,FIRM
D,TRADING,PRICE,3,"2025/05/27 21:25:00",1,TAS1,257,100.02,0,0,"2025/05/27 21:20:03",100.02,0.38,0.38,0.38,0.38,0.36,0.36,7.4,7.4,0.01,0.01,0.1,0.1,0,0,2.48,2.48,0.36,0.36,0,0,FIRM
D,TRADING,PRICE,3,"2025/05/27 21:25:00",1,VIC1,257,79.73,0,0,"2025/05/27 21:20:03",79.73,0.23,0.23,0.1,0.1,0.1,0.1,19.92,19.92,0.01,0.01,0.1,0.1,0.01,0.01,8.5,8.5,0.36,0.36,0,0,FIRM
C,"END OF REPORT",15
