C,NEMP.WORLD,TRADINGIS,AEMO,PUBLIC,2025/05/29,06:40:11,0000000465351178,TRADINGIS,0000000465351177
I,TRADING,INTERCONNECTORRES,2,SETTLEMENTDATE,RUNNO,INTERCONNECTORID,PERIODID,METEREDMWFLOW,MWFLOW,MWLOSSES,LASTCHANGED
D,TRADING,INTERCONNECTORRES,2,"2025/05/29 06:45:00",1,N-Q-MNSP1,81,-49.1,-17,0.07,"2025/05/29 06:40:03"
D,TRADING,INTERCONNECTORRES,2,"2025/05/29 06:45:00",1,NSW1-QLD1,81,-423.5,-419.25,1.13,"2025/05/29 06:40:03"
D,TRADING,INTERCONNECTORRES,2,"2025/05/29 06:45:00",1,T-V-MNSP1,81,-412,-419.1,19.9,"2025/05/29 06:40:03"
D,TRADING,INTERCONNECTORRES,2,"2025/05/29 06:45:00",1,V-S-MNSP1,81,27,27,-1.11,"2025/05/29 06:40:03"
D,TRADING,INTERCONNECTORRES,2,"2025/05/29 06:45:00",1,V-SA,81,14.78,-28.43,0.15,"2025/05/29 06:40:03"
D,TRADING,INTERCONNECTORRES,2,"2025/05/29 06:45:00",1,VIC1-NSW1,81,-128.94,-51.79,-1.11,"2025/05/29 06:40:03"
I,TRADING,PRICE,3,SETTLEMENTDATE,RUNNO,REGIONID,PERIODID,RRP,EEP,INVALIDFLAG,LASTCHANGED,ROP,RAISE6SECRRP,RAISE6SECROP,RAISE60SECRRP,RAISE60SECROP,RAISE5MINRRP,RAISE5MINROP,RAISEREGRRP,RAISEREGROP,LOWER6SECRRP,LOWER6SECROP,LOWER60SECRRP,LOWER60SECROP,LOWER5MINRRP,LOWER5MINROP,LOWERREGRRP,LOWERREGROP,RAISE1SECRRP,RAISE1SECROP,LOWER1SECRRP,LOWER1SECROP,PRICE_STATUS
D,TRADING,PRICE,3,"2025/05/29 06:45:00",1,SA1,81,124,0,0,"2025/05/29 06:40:03",124,0.38,0.38,0.15,0.15,0.15,0.15,3.38,3.38,0.1,0.1,0.38,0.38,0.1,0.1,3.7,3.7,0.38,0.38,0,0,FIRM
D,TRADING,PRICE,3,"2025/05/29 06:45:00",1,NSW1,81,126.85,0,0,"2025/05/29 06:40:03",126.85,0.38,0.38,0.15,0.15,0.15,0.15,3.38,3.38,0.1,0.1,0.38,0.38,0.1,0.1,3.7,3.7,0.38,0.38,0,0,FIRM
D,TRADING,PRICE,3,"2025/05/29 06:45:00",1,QLD1,81,122.07,0,0,"2025/05/29 06:40:03",122.07,0.38,0.38,0.15,0.15,0.15,0.15,3.38,3.38,0.1,0.1,0.38,0.38,0.1,0.1,3.7,3.7,0.38,0.38,0,0,FIRM
D,TRADING,PRICE,3,"2025/05/29 06:45:00",1,TAS1,81,138.57,0,0,"2025/05/29 06:40:03",138.57,0.38,0.38,0.38,0.38,0.38,0.38,7.54,7.54,0.1,0.1,0.38,0.38,0,0,2.46,2.46,0.38,0.38,0,0,FIRM
D,TRADING,PRICE,3,"2025/05/29 06:45:00",1,VIC1,81,124.96,0,0,"2025/05/29 06:40:03",124.96,0.38,0.38,0.15,0.15,0.15,0.15,3.38,3.38,0.1,0.1,0.38,0.38,0.1,0.1,3.7,3.7,0.38,0.38,0,0,FIRM
C,"END OF REPORT",15
