C,NEMP.WORLD,TRADINGIS,AEMO,PUBLIC,2025/05/28,13:05:19,0000000465247626,TRADINGIS,0000000465247625
I,TRADING,INTERCONNECTORRES,2,SETTLEMENTDATE,RUNNO,INTERCONNECTORID,PERIODID,METEREDMWFLOW,MWFLOW,MWLOSSES,LASTCHANGED
D,TRADING,INTERCONNECTORRES,2,"2025/05/28 13:10:00",1,N-Q-MNSP1,158,96.2,96.99,29.94,"2025/05/28 13:05:07"
D,TRADING,INTERCONNECTORRES,2,"2025/05/28 13:10:00",1,NSW1-QLD1,158,-358.8,-285.1,12.72,"2025/05/28 13:05:07"
D,TRADING,INTERCONNECTORRES,2,"2025/05/28 13:10:00",1,T-V-MNSP1,158,-447.4,-433.49,21.23,"2025/05/28 13:05:07"
D,TRADING,INTERCONNECTORRES,2,"2025/05/28 13:10:00",1,V-S-MNSP1,158,104,151.93,16.65,"2025/05/28 13:05:07"
D,TRADING,INTERCONNECTORRES,2,"2025/05/28 13:10:00",1,V-SA,158,622.94,519.42,22.26,"2025/05/28 13:05:07"
D,TRADING,INTERCONNECTORRES,2,"2025/05/28 13:10:00",1,VIC1-NSW1,158,-453.17,-302.26,-7.13,"2025/05/28 13:05:07"
I,TRADING,PRICE,3,SETTLEMENTDATE,RUNNO,REGIONID,PERIODID,RRP,EEP,INVALIDFLAG,LASTCHANGED,ROP,RAISE6SECRRP,RAISE6SECROP,RAISE60SECRRP,RAISE60SECROP,RAISE5MINRRP,RAISE5MINROP,RAISEREGRRP,RAISEREGROP,LOWER6SECRRP,LOWER6SECROP,LOWER60SECRRP,LOWER60SECROP,LOWER5MINRRP,LOWER5MINROP,LOWERREGRRP,LOWERREGROP,RAISE1SECRRP,RAISE1SECROP,LOWER1SECRRP,LOWER1SECROP,PRICE_STATUS
D,TRADING,PRICE,3,"2025/05/28 13:10:00",1,SA1,158,26.06,0,0,"2025/05/28 13:05:07",26.06,0.1,0.1,0.1,0.1,0.1,0.1,10,10,0.01,0.01,1.14,1.14,0.1,0.1,0.1,0.1,0.01,0.01,0,0,FIRM
D,TRADING,PRICE,3,"2025/05/28 13:10:00",1,NSW1,158,-17,0,0,"2025/05/28 13:05:07",-17,0.1,0.1,0.1,0.1,0.1,0.1,10,10,0.01,0.01,1.14,1.14,0.1,0.1,0.1,0.1,0.01,0.01,0,0,FIRM
D,TRADING,PRICE,3,"2025/05/28 13:10:00",1,QLD1,158,-24.23,0,0,"2025/05/28 13:05:07",-24.23,0.1,0.1,0.1,0.1,0.1,0.1,10,10,7.89,7.89,1.83,1.83,0.1,0.1,0.1,0.1,0.01,0.01,0,0,FIRM
D,TRADING,PRICE,3,"2025/05/28 13:10:00",1,TAS1,158,35.12,0,0,"2025/05/28 13:05:07",35.12,0.38,0.38,0.38,0.38,0.1,0.1,6.44,6.44,0.01,0.01,1.14,1.14,0,0,2.48,2.48,0.01,0.01,0,0,FIRM
D,TRADING,PRICE,3,"2025/05/28 13:10:00",1,VIC1,158,8.95,0,0,"2025/05/28 13:05:07",8.95,0.1,0.1,0.1,0.1,0.1,0.1,10,10,0.01,0.01,1.14,1.14,0.1,0.1,0.1,0.1,0.01,0.01,0,0,FIRM
C,"END OF REPORT",15
