C,NEMP.WORLD,TRADINGIS,AEMO,PUBLIC,2025/05/27,11:20:13,0000000465086877,TRADINGIS,0000000465086876
I,TRADING,INTERCONNECTORRES,2,SETTLEMENTDATE,RUNNO,INTERCONNECTORID,PERIODID,METEREDMWFLOW,MWFLOW,MWLOSSES,LASTCHANGED
D,TRADING,INTERCONNECTORRES,2,"2025/05/27 11:25:00",1,N-Q-MNSP1,137,-131.1,-131,41.56,"2025/05/27 11:20:06"
D,TRADING,INTERCONNECTORRES,2,"2025/05/27 11:25:00",1,NSW1-QLD1,137,-152.8,-286.77,8.81,"2025/05/27 11:20:06"
D,TRADING,INTERCONNECTORRES,2,"2025/05/27 11:25:00",1,T-V-MNSP1,137,-411.4,-436.75,21.54,"2025/05/27 11:20:06"
D,TRADING,INTERCONNECTORRES,2,"2025/05/27 11:25:00",1,V-S-MNSP1,137,-12,-82.64,14.33,"2025/05/27 11:20:06"
D,TRADING,INTERCONNECTORRES,2,"2025/05/27 11:25:00",1,V-SA,137,-608.36,-538.86,41.09,"2025/05/27 11:20:06"
D,TRADING,INTERCONNECTORRES,2,"2025/05/27 11:25:00",1,VIC1-NSW1,137,-244.11,-435.39,-4.5,"2025/05/27 11:20:06"
I,TRADING,PRICE,3,SETTLEMENTDATE,RUNNO,REGIONID,PERIODID,RRP,EEP,INVALIDFLAG,LASTCHANGED,ROP,RAISE6SECRRP,RAISE6SECROP,RAISE60SECRRP,RAISE60SECROP,RAISE5MINRRP,RAISE5MINROP,RAISEREGRRP,RAISEREGROP,LOWER6SECRRP,LOWER6SECROP,LOWER60SECRRP,LOWER60SECROP,LOWER5MINRRP,LOWER5MINROP,LOWERREGRRP,LOWERREGROP,RAISE1SECRRP,RAISE1SECROP,LOWER1SECRRP,LOWER1SECROP,PRICE_STATUS
D,TRADING,PRICE,3,"2025/05/27 11:25:00",1,SA1,137,-19.54,0,0,"2025/05/27 11:20:06",-19.54,0.01,0.01,0.01,0.01,0.01,0.01,7.85,7.85,0.37,0.37,0.39,0.39,9.74,9.74,9.74,9.74,0.04,0.04,0,0,FIRM
D,TRADING,PRICE,3,"2025/05/27 11:25:00",1,NSW1,137,-16.45,0,0,"2025/05/27 11:20:06",-16.45,0.01,0.01,0.01,0.01,0.01,0.01,7.85,7.85,0.37,0.37,0.39,0.39,9.74,9.74,9.74,9.74,0.04,0.04,0,0,FIRM
D,TRADING,PRICE,3,"2025/05/27 11:25:00",1,QLD1,137,-15.74,0,0,"2025/05/27 11:20:06",-15.74,0.01,0.01,0.01,0.01,0.01,0.01,7.85,7.85,0.38,0.38,0.39,0.39,9.89,9.89,9.89,9.89,0.04,0.04,0,0,FIRM
D,TRADING,PRICE,3,"2025/05/27 11:25:00",1,TAS1,137,11.25,0,0,"2025/05/27 11:20:06",11.25,0.38,0.38,0.38,0.38,0.01,0.01,7.4,7.4,0.37,0.37,0.39,0.39,0,0,2.48,2.48,0.04,0.04,0,0,FIRM
D,TRADING,PRICE,3,"2025/05/27 11:25:00",1,VIC1,137,-20,0,0,"2025/05/27 11:20:06",-20,0.01,0.01,0.01,0.01,0.01,0.01,7.85,7.85,0.37,0.37,0.39,0.39,9.74,9.74,9.74,9.74,0.04,0.04,0,0,FIRM
C,"END OF REPORT",15
