C,NEMP.WORLD,TRADINGIS,AEMO,PUBLIC,2025/05/29,17:55:10,0000000465420698,TRADINGIS,0000000465420697
I,TRADING,INTERCONNECTORRES,2,SETTLEMENTDATE,RUNNO,INTERCONNECTORID,PERIODID,METEREDMWFLOW,MWFLOW,MWLOSSES,LASTCHANGED
D,TRADING,INTERCONNECTORRES,2,"2025/05/29 18:00:00",1,N-Q-MNSP1,216,-8.9,-9,-0.16,"2025/05/29 17:55:03"
D,TRADING,INTERCONNECTORRES,2,"2025/05/29 18:00:00",1,NSW1-QLD1,216,-516.1,-492.91,-12.2,"2025/05/29 17:55:03"
D,TRADING,INTERCONNECTORRES,2,"2025/05/29 18:00:00",1,T-V-MNSP1,216,407.2,460.61,20.25,"2025/05/29 17:55:03"
D,TRADING,INTERCONNECTORRES,2,"2025/05/29 18:00:00",1,V-S-MNSP1,216,27,27,-1.11,"2025/05/29 17:55:03"
D,TRADING,INTERCONNECTORRES,2,"2025/05/29 18:00:00",1,V-SA,216,-35.79,-6.61,0.04,"2025/05/29 17:55:03"
D,TRADING,INTERCONNECTORRES,2,"2025/05/29 18:00:00",1,VIC1-NSW1,216,309.04,305.96,11.24,"2025/05/29 17:55:03"
I,TRADING,PRICE,3,SETTLEMENTDATE,RUNNO,REGIONID,PERIODID,RRP,EEP,INVALIDFLAG,LASTCHANGED,ROP,RAISE6SECRRP,RAISE6SECROP,RAISE60SECRRP,RAISE60SECROP,RAISE5MINRRP,RAISE5MINROP,RAISEREGRRP,RAISEREGROP,LOWER6SECRRP,LOWER6SECROP,LOWER60SECRRP,LOWER60SECROP,LOWER5MINRRP,LOWER5MINROP,LOWERREGRRP,LOWERREGROP,RAISE1SECRRP,RAISE1SECROP,LOWER1SECRRP,LOWER1SECROP,PRICE_STATUS
D,TRADING,PRICE,3,"2025/05/29 18:00:00",1,SA1,216,215.04,0,0,"2025/05/29 17:55:03",215.04,0.38,0.38,0.38,0.38,0.32,0.32,0.32,0.32,0.14,0.14,0.38,0.38,0.38,0.38,3.7,3.7,0.3,0.3,0,0,FIRM
D,TRADING,PRICE,3,"2025/05/29 18:00:00",1,NSW1,216,281.6,0,0,"2025/05/29 17:55:03",281.6,0.38,0.38,0.38,0.38,0.32,0.32,0.32,0.32,0.14,0.14,0.38,0.38,0.38,0.38,3.7,3.7,0.3,0.3,0,0,FIRM
D,TRADING,PRICE,3,"2025/05/29 18:00:00",1,QLD1,216,277,0,0,"2025/05/29 17:55:03",277,0.38,0.38,0.38,0.38,0.32,0.32,0.32,0.32,0.14,0.14,0.38,0.38,0.38,0.38,3.7,3.7,0.3,0.3,0,0,FIRM
D,TRADING,PRICE,3,"2025/05/29 18:00:00",1,TAS1,216,193.35,0,0,"2025/05/29 17:55:03",193.35,0.38,0.38,0.38,0.38,0.32,0.32,38.73,38.73,0.38,0.38,0.38,0.38,0.38,0.38,2.46,2.46,0.3,0.3,0,0,FIRM
D,TRADING,PRICE,3,"2025/05/29 18:00:00",1,VIC1,216,216.22,0,0,"2025/05/29 17:55:03",216.22,0.38,0.38,0.38,0.38,0.32,0.32,0.32,0.32,0.14,0.14,0.38,0.38,0.38,0.38,3.7,3.7,0.3,0.3,0,0,FIRM
C,"END OF REPORT",15
