C,NEMP.WORLD,TRADINGIS,AEMO,PUBLIC,2025/05/28,04:10:13,0000000465193335,TRADINGIS,0000000465193334
I,TRADING,INTERCONNECTORRES,2,SETTLEMENTDATE,RUNNO,INTERCONNECTORID,PERIODID,METEREDMWFLOW,MWFLOW,MWLOSSES,LASTCHANGED
D,TRADING,INTERCONNECTORRES,2,"2025/05/28 04:15:00",1,N-Q-MNSP1,51,0.1,0,0,"2025/05/28 04:10:03"
D,TRADING,INTERCONNECTORRES,2,"2025/05/28 04:15:00",1,NSW1-QLD1,51,161,88.8,0.81,"2025/05/28 04:10:03"
D,TRADING,INTERCONNECTORRES,2,"2025/05/28 04:15:00",1,T-V-MNSP1,51,-387.6,-439.08,21.76,"2025/05/28 04:10:03"
D,TRADING,INTERCONNECTORRES,2,"2025/05/28 04:15:00",1,V-S-MNSP1,51,170,168.24,21.75,"2025/05/28 04:10:03"
D,TRADING,INTERCONNECTORRES,2,"2025/05/28 04:15:00",1,V-SA,51,577.35,565.61,43.99,"2025/05/28 04:10:03"
D,TRADING,INTERCONNECTORRES,2,"2025/05/28 04:15:00",1,VIC1-NSW1,51,716.13,663.41,55.89,"2025/05/28 04:10:03"
I,TRADING,PRICE,3,SETTLEMENTDATE,RUNNO,REGIONID,PERIODID,RRP,EEP,INVALIDFLAG,LASTCHANGED,ROP,RAISE6SECRRP,RAISE6SECROP,RAISE60SECRRP,RAISE60SECROP,RAISE5MINRRP,RAISE5MINROP,RAISEREGRRP,RAISEREGROP,LOWER6SECRRP,LOWER6SECROP,LOWER60SECRRP,LOWER60SECROP,LOWER5MINRRP,LOWER5MINROP,LOWERREGRRP,LOWERREGROP,RAISE1SECRRP,RAISE1SECROP,LOWER1SECRRP,LOWER1SECROP,PRICE_STATUS
D,TRADING,PRICE,3,"2025/05/28 04:15:00",1,SA1,51,99.45,0,0,"2025/05/28 04:10:03",99.45,0.38,0.38,0.38,0.38,0.36,0.36,3,3,0.1,0.1,0.38,0.38,0.1,0.1,1,1,0.36,0.36,0,0,FIRM
D,TRADING,PRICE,3,"2025/05/28 04:15:00",1,NSW1,51,57.01,0,0,"2025/05/28 04:10:03",57.01,0.38,0.38,0.38,0.38,0.36,0.36,3,3,0.1,0.1,0.38,0.38,0.1,0.1,1,1,0.36,0.36,0,0,FIRM
D,TRADING,PRICE,3,"2025/05/28 04:15:00",1,QLD1,51,58.14,0,0,"2025/05/28 04:10:03",58.14,0.38,0.38,0.38,0.38,0.36,0.36,3,3,0.1,0.1,0.38,0.38,0.1,0.1,1,1,0.36,0.36,0,0,FIRM
D,TRADING,PRICE,3,"2025/05/28 04:15:00",1,TAS1,51,35.1,0,0,"2025/05/28 04:10:03",35.1,0.38,0.38,0.38,0.38,0.36,0.36,7.4,7.4,0.1,0.1,0.38,0.38,0,0,2.48,2.48,0.36,0.36,0,0,FIRM
D,TRADING,PRICE,3,"2025/05/28 04:15:00",1,VIC1,51,19.19,0,0,"2025/05/28 04:10:03",19.19,0.38,0.38,0.38,0.38,0.36,0.36,3,3,0.1,0.1,0.38,0.38,0.1,0.1,1,1,0.36,0.36,0,0,FIRM
C,"END OF REPORT",15
