C,NEMP.WORLD,TRADINGIS,AEMO,PUBLIC,2025/05/29,13:40:11,0000000465393685,TRADINGIS,0000000465393684
I,TRADING,INTERCONNECTORRES,2,SETTLEMENTDATE,RUNNO,INTERCONNECTORID,PERIODID,METEREDMWFLOW,MWFLOW,MWLOSSES,LASTCHANGED
D,TRADING,INTERCONNECTORRES,2,"2025/05/29 13:45:00",1,N-Q-MNSP1,165,-6.6,-9,-0.16,"2025/05/29 13:40:04"
D,TRADING,INTERCONNECTORRES,2,"2025/05/29 13:45:00",1,NSW1-QLD1,165,-14.3,-57.21,-0.85,"2025/05/29 13:40:04"
D,TRADING,INTERCONNECTORRES,2,"2025/05/29 13:45:00",1,T-V-MNSP1,165,-459.7,-469.54,24.76,"2025/05/29 13:40:04"
D,TRADING,INTERCONNECTORRES,2,"2025/05/29 13:45:00",1,V-S-MNSP1,165,-18,8.88,-0.56,"2025/05/29 13:40:04"
D,TRADING,INTERCONNECTORRES,2,"2025/05/29 13:45:00",1,V-SA,165,-311.02,-119,5.75,"2025/05/29 13:40:04"
D,TRADING,INTERCONNECTORRES,2,"2025/05/29 13:45:00",1,VIC1-NSW1,165,552.01,488.1,58.53,"2025/05/29 13:40:04"
I,TRADING,PRICE,3,SETTLEMENTDATE,RUNNO,REGIONID,PERIODID,RRP,EEP,INVALIDFLAG,LASTCHANGED,ROP,RAISE6SECRRP,RAISE6SECROP,RAISE60SECRRP,RAISE60SECROP,RAISE5MINRRP,RAISE5MINROP,RAISEREGRRP,RAISEREGROP,LOWER6SECRRP,LOWER6SECROP,LOWER60SECRRP,LOWER60SECROP,LOWER5MINRRP,LOWER5MINROP,LOWERREGRRP,LOWERREGROP,RAISE1SECRRP,RAISE1SECROP,LOWER1SECRRP,LOWER1SECROP,PRICE_STATUS
D,TRADING,PRICE,3,"2025/05/29 13:45:00",1,SA1,165,53.28,0,0,"2025/05/29 13:40:04",53.28,0,0,0.01,0.01,0.01,0.01,7.99,7.99,0.14,0.14,0.39,0.39,0.37,0.37,0.5,0.5,0.38,0.38,0,0,FIRM
D,TRADING,PRICE,3,"2025/05/29 13:45:00",1,NSW1,165,67,0,0,"2025/05/29 13:40:04",67,0,0,0.01,0.01,0.01,0.01,7.99,7.99,0.14,0.14,0.39,0.39,0.37,0.37,0.5,0.5,0.38,0.38,0,0,FIRM
D,TRADING,PRICE,3,"2025/05/29 13:45:00",1,QLD1,165,129.45,0,0,"2025/05/29 13:40:04",129.45,4.89,4.89,19.9,19.9,0.38,0.38,8.36,8.36,0.14,0.14,0.38,0.38,0.37,0.37,0.5,0.5,0.38,0.38,0,0,FIRM
D,TRADING,PRICE,3,"2025/05/29 13:45:00",1,TAS1,165,100.12,0,0,"2025/05/29 13:40:04",100.12,0.38,0.38,0.38,0.38,0.38,0.38,7.54,7.54,0.14,0.14,0.39,0.39,0,0,2.46,2.46,0.38,0.38,0,0,FIRM
D,TRADING,PRICE,3,"2025/05/29 13:45:00",1,VIC1,165,56.78,0,0,"2025/05/29 13:40:04",56.78,0,0,0.01,0.01,0.01,0.01,7.99,7.99,0.14,0.14,0.39,0.39,0.37,0.37,0.5,0.5,0.38,0.38,0,0,FIRM
C,"END OF REPORT",15
