C,NEMP.WORLD,TRADINGIS,AEMO,PUBLIC,2025/05/27,17:55:10,0000000465132146,TRADINGIS,0000000465132145
I,TRADING,INTERCONNECTORRES,2,SETTLEMENTDATE,RUNNO,INTERCONNECTORID,PERIODID,METEREDMWFLOW,MWFLOW,MWLOSSES,LASTCHANGED
D,TRADING,INTERCONNECTORRES,2,"2025/05/27 18:00:00",1,N-Q-MNSP1,216,0.6,0,0,"2025/05/27 17:55:03"
D,TRADING,INTERCONNECTORRES,2,"2025/05/27 18:00:00",1,NSW1-QLD1,216,-176.1,-190.75,-11.38,"2025/05/27 17:55:03"
D,TRADING,INTERCONNECTORRES,2,"2025/05/27 18:00:00",1,T-V-MNSP1,216,-448.7,-478,25.62,"2025/05/27 17:55:03"
D,TRADING,INTERCONNECTORRES,2,"2025/05/27 18:00:00",1,V-S-MNSP1,216,27,36,-1.09,"2025/05/27 17:55:03"
D,TRADING,INTERCONNECTORRES,2,"2025/05/27 18:00:00",1,V-SA,216,45.06,36.06,0.01,"2025/05/27 17:55:03"
D,TRADING,INTERCONNECTORRES,2,"2025/05/27 18:00:00",1,VIC1-NSW1,216,-839.84,-562.6,22.38,"2025/05/27 17:55:03"
I,TRADING,PRICE,3,SETTLEMENTDATE,RUNNO,REGIONID,PERIODID,RRP,EEP,INVALIDFLAG,LASTCHANGED,ROP,RAISE6SECRRP,RAISE6SECROP,RAISE60SECRRP,RAISE60SECROP,RAISE5MINRRP,RAISE5MINROP,RAISEREGRRP,RAISEREGROP,LOWER6SECRRP,LOWER6SECROP,LOWER60SECRRP,LOWER60SECROP,LOWER5MINRRP,LOWER5MINROP,LOWERREGRRP,LOWERREGROP,RAISE1SECRRP,RAISE1SECROP,LOWER1SECRRP,LOWER1SECROP,PRICE_STATUS
D,TRADING,PRICE,3,"2025/05/27 18:00:00",1,SA1,216,124,0,0,"2025/05/27 17:55:03",124,0.37,0.37,0.1,0.1,0.1,0.1,0.1,0.1,0.03,0.03,0.38,0.38,0.1,0.1,13.5,13.5,0.37,0.37,0,0,"NOT FIRM"
D,TRADING,PRICE,3,"2025/05/27 18:00:00",1,NSW1,216,96.89,0,0,"2025/05/27 17:55:03",96.89,0.37,0.37,0.1,0.1,0.1,0.1,0.1,0.1,0.03,0.03,0.38,0.38,0.1,0.1,13.5,13.5,0.37,0.37,0,0,"NOT FIRM"
D,TRADING,PRICE,3,"2025/05/27 18:00:00",1,QLD1,216,100.83,0,0,"2025/05/27 17:55:03",100.83,0.37,0.37,0.1,0.1,0.1,0.1,0.1,0.1,0.03,0.03,0.38,0.38,0.1,0.1,13.5,13.5,0.37,0.37,0,0,"NOT FIRM"
D,TRADING,PRICE,3,"2025/05/27 18:00:00",1,TAS1,216,150.24,0,0,"2025/05/27 17:55:03",150.24,0.38,0.38,0.38,0.38,0.38,0.38,8.4,8.4,0.03,0.03,0.38,0.38,0,0,2.48,2.48,0.37,0.37,0,0,"NOT FIRM"
D,TRADING,PRICE,3,"2025/05/27 18:00:00",1,VIC1,216,108.11,0,0,"2025/05/27 17:55:03",108.11,0.37,0.37,0.1,0.1,0.1,0.1,0.1,0.1,0.03,0.03,0.38,0.38,0.1,0.1,13.5,13.5,0.37,0.37,0,0,"NOT FIRM"
C,"END OF REPORT",15
