C,NEMP.WORLD,TRADINGIS,AEMO,PUBLIC,2025/05/29,21:40:12,0000000465443451,TRADINGIS,0000000465443450
I,TRADING,INTERCONNECTORRES,2,SETTLEMENTDATE,RUNNO,INTERCONNECTORID,PERIODID,METEREDMWFLOW,MWFLOW,MWLOSSES,LASTCHANGED
D,TRADING,INTERCONNECTORRES,2,"2025/05/29 21:45:00",1,N-Q-MNSP1,261,-8.2,-9,-0.16,"2025/05/29 21:40:04"
D,TRADING,INTERCONNECTORRES,2,"2025/05/29 21:45:00",1,NSW1-QLD1,261,-219.1,-216.95,-4.1,"2025/05/29 21:40:04"
D,TRADING,INTERCONNECTORRES,2,"2025/05/29 21:45:00",1,T-V-MNSP1,261,-462.7,-457.67,23.57,"2025/05/29 21:40:04"
D,TRADING,INTERCONNECTORRES,2,"2025/05/29 21:45:00",1,V-S-MNSP1,261,0,0,0,"2025/05/29 21:40:04"
D,TRADING,INTERCONNECTORRES,2,"2025/05/29 21:45:00",1,V-SA,261,-400.48,-403.9,15.33,"2025/05/29 21:40:04"
D,TRADING,INTERCONNECTORRES,2,"2025/05/29 21:45:00",1,VIC1-NSW1,261,28.87,95.39,1.75,"2025/05/29 21:40:04"
I,TRADING,PRICE,3,SETTLEMENTDATE,RUNNO,REGIONID,PERIODID,RRP,EEP,INVALIDFLAG,LASTCHANGED,ROP,RAISE6SECRRP,RAISE6SECROP,RAISE60SECRRP,RAISE60SECROP,RAISE5MINRRP,RAISE5MINROP,RAISEREGRRP,RAISEREGROP,LOWER6SECRRP,LOWER6SECROP,LOWER60SECRRP,LOWER60SECROP,LOWER5MINRRP,LOWER5MINROP,LOWERREGRRP,LOWERREGROP,RAISE1SECRRP,RAISE1SECROP,LOWER1SECRRP,LOWER1SECROP,PRICE_STATUS
D,TRADING,PRICE,3,"2025/05/29 21:45:00",1,SA1,261,97.81,0,0,"2025/05/29 21:40:04",97.81,0.37,0.37,0.1,0.1,0.1,0.1,9.89,9.89,0.14,0.14,0.38,0.38,0.07,0.07,0.07,0.07,0.3,0.3,0,0,FIRM
D,TRADING,PRICE,3,"2025/05/29 21:45:00",1,NSW1,261,108.89,0,0,"2025/05/29 21:40:04",108.89,0.37,0.37,0.1,0.1,0.1,0.1,9.89,9.89,0.14,0.14,0.38,0.38,0.07,0.07,0.07,0.07,0.3,0.3,0,0,FIRM
D,TRADING,PRICE,3,"2025/05/29 21:45:00",1,QLD1,261,109.08,0,0,"2025/05/29 21:40:04",109.08,0.37,0.37,0.1,0.1,0.1,0.1,9.89,9.89,0.14,0.14,0.38,0.38,0.07,0.07,0.07,0.07,0.3,0.3,0,0,FIRM
D,TRADING,PRICE,3,"2025/05/29 21:45:00",1,TAS1,261,115.95,0,0,"2025/05/29 21:40:04",115.95,0.38,0.38,0.38,0.38,0.36,0.36,7.54,7.54,0.14,0.14,0.38,0.38,0,0,3.46,3.46,0.3,0.3,0,0,FIRM
D,TRADING,PRICE,3,"2025/05/29 21:45:00",1,VIC1,261,106.44,0,0,"2025/05/29 21:40:04",106.44,0.37,0.37,0.1,0.1,0.1,0.1,9.89,9.89,0.14,0.14,0.38,0.38,0.07,0.07,0.07,0.07,0.3,0.3,0,0,FIRM
C,"END OF REPORT",15
