C,NEMP.WORLD,TRADINGIS,AEMO,PUBLIC,2025/05/27,21:05:10,0000000465151464,TRADINGIS,0000000465151463
I,TRADING,INTERCONNECTORRES,2,SETTLEMENTDATE,RUNNO,INTERCONNECTORID,PERIODID,METEREDMWFLOW,MWFLOW,MWLOSSES,LASTCHANGED
D,TRADING,INTERCONNECTORRES,2,"2025/05/27 21:10:00",1,N-Q-MNSP1,254,-6.6,-9,-0.16,"2025/05/27 21:05:03"
D,TRADING,INTERCONNECTORRES,2,"2025/05/27 21:10:00",1,NSW1-QLD1,254,-247.4,-188.02,-5.67,"2025/05/27 21:05:03"
D,TRADING,INTERCONNECTORRES,2,"2025/05/27 21:10:00",1,T-V-MNSP1,254,-470.6,-432.78,21.17,"2025/05/27 21:05:03"
D,TRADING,INTERCONNECTORRES,2,"2025/05/27 21:10:00",1,V-S-MNSP1,254,81,81,1.95,"2025/05/27 21:05:03"
D,TRADING,INTERCONNECTORRES,2,"2025/05/27 21:10:00",1,V-SA,254,459.7,458.3,28.59,"2025/05/27 21:05:03"
D,TRADING,INTERCONNECTORRES,2,"2025/05/27 21:10:00",1,VIC1-NSW1,254,-205.86,-153.56,0.79,"2025/05/27 21:05:03"
I,TRADING,PRICE,3,SETTLEMENTDATE,RUNNO,REGIONID,PERIODID,RRP,EEP,INVALIDFLAG,LASTCHANGED,ROP,RAISE6SECRRP,RAISE6SECROP,RAISE60SECRRP,RAISE60SECROP,RAISE5MINRRP,RAISE5MINROP,RAISEREGRRP,RAISEREGROP,LOWER6SECRRP,LOWER6SECROP,LOWER60SECRRP,LOWER60SECROP,LOWER5MINRRP,LOWER5MINROP,LOWERREGRRP,LOWERREGROP,RAISE1SECRRP,RAISE1SECROP,LOWER1SECRRP,LOWER1SECROP,PRICE_STATUS
D,TRADING,PRICE,3,"2025/05/27 21:10:00",1,SA1,254,95.2,0,0,"2025/05/27 21:05:03",95.2,0.36,0.36,0.1,0.1,0.04,0.04,0.04,0.04,0.01,0.01,0.38,0.38,0.1,0.1,8.5,8.5,0.1,0.1,0,0,FIRM
D,TRADING,PRICE,3,"2025/05/27 21:10:00",1,NSW1,254,83.58,0,0,"2025/05/27 21:05:03",83.58,0.36,0.36,0.1,0.1,0.04,0.04,0.04,0.04,0.01,0.01,0.38,0.38,0.1,0.1,8.5,8.5,0.1,0.1,0,0,FIRM
D,TRADING,PRICE,3,"2025/05/27 21:10:00",1,QLD1,254,84.45,0,0,"2025/05/27 21:05:03",84.45,0.36,0.36,0.1,0.1,0.04,0.04,0.04,0.04,0.01,0.01,0.38,0.38,0.1,0.1,8.5,8.5,0.1,0.1,0,0,FIRM
D,TRADING,PRICE,3,"2025/05/27 21:10:00",1,TAS1,254,100.02,0,0,"2025/05/27 21:05:03",100.02,0.38,0.38,0.38,0.38,0.04,0.04,6.4,6.4,0.01,0.01,0.38,0.38,0,0,3.48,3.48,0.1,0.1,0,0,FIRM
D,TRADING,PRICE,3,"2025/05/27 21:10:00",1,VIC1,254,85.17,0,0,"2025/05/27 21:05:03",85.17,0.36,0.36,0.1,0.1,0.04,0.04,0.04,0.04,0.01,0.01,0.38,0.38,0.1,0.1,8.5,8.5,0.1,0.1,0,0,FIRM
C,"END OF REPORT",15
