C,NEMP.WORLD,TRADINGIS,AEMO,PUBLIC,2025/05/27,00:05:18,0000000465018973,TRADINGIS,0000000465018972
I,TRADING,INTERCONNECTORRES,2,SETTLEMENTDATE,RUNNO,INTERCONNECTORID,PERIODID,METEREDMWFLOW,MWFLOW,MWLOSSES,LASTCHANGED
D,TRADING,INTERCONNECTORRES,2,"2025/05/27 00:10:00",1,N-Q-MNSP1,2,9,9,0.6,"2025/05/27 00:05:09"
D,TRADING,INTERCONNECTORRES,2,"2025/05/27 00:10:00",1,NSW1-QLD1,2,530.4,481.32,26.46,"2025/05/27 00:05:09"
D,TRADING,INTERCONNECTORRES,2,"2025/05/27 00:10:00",1,T-V-MNSP1,2,-457.8,-454.87,23.29,"2025/05/27 00:05:09"
D,TRADING,INTERCONNECTORRES,2,"2025/05/27 00:10:00",1,V-S-MNSP1,2,-145,-145.25,36.13,"2025/05/27 00:05:09"
D,TRADING,INTERCONNECTORRES,2,"2025/05/27 00:10:00",1,V-SA,2,-313.93,-343.53,6.73,"2025/05/27 00:05:09"
D,TRADING,INTERCONNECTORRES,2,"2025/05/27 00:10:00",1,VIC1-NSW1,2,1102.35,1089.09,116,"2025/05/27 00:05:09"
I,TRADING,PRICE,3,SETTLEMENTDATE,RUNNO,REGIONID,PERIODID,RRP,EEP,INVALIDFLAG,LASTCHANGED,ROP,RAISE6SECRRP,RAISE6SECROP,RAISE60SECRRP,RAISE60SECROP,RAISE5MINRRP,RAISE5MINROP,RAISEREGRRP,RAISEREGROP,LOWER6SECRRP,LOWER6SECROP,LOWER60SECRRP,LOWER60SECROP,LOWER5MINRRP,LOWER5MINROP,LOWERREGRRP,LOWERREGROP,RAISE1SECRRP,RAISE1SECROP,LOWER1SECRRP,LOWER1SECROP,PRICE_STATUS
D,TRADING,PRICE,3,"2025/05/27 00:10:00",1,SA1,2,-9.23,0,0,"2025/05/27 00:05:09",-9.23,0.01,0.01,0.01,0.01,0.01,0.01,7.6,7.6,0.1,0.1,0.39,0.39,0,0,0,0,0.04,0.04,0,0,FIRM
D,TRADING,PRICE,3,"2025/05/27 00:10:00",1,NSW1,2,46.1,0,0,"2025/05/27 00:05:09",46.1,0.01,0.01,0.01,0.01,0.01,0.01,7.6,7.6,0.1,0.1,0.39,0.39,0,0,0,0,0.04,0.04,0,0,FIRM
D,TRADING,PRICE,3,"2025/05/27 00:10:00",1,QLD1,2,50.75,0,0,"2025/05/27 00:05:09",50.75,0.01,0.01,0.01,0.01,0.01,0.01,7.6,7.6,0.1,0.1,0.39,0.39,0,0,0,0,0.04,0.04,0,0,FIRM
D,TRADING,PRICE,3,"2025/05/27 00:10:00",1,TAS1,2,11.25,0,0,"2025/05/27 00:05:09",11.25,0.38,0.38,0.38,0.38,0.01,0.01,7.97,7.97,0.1,0.1,0.38,0.38,0,0,1.55,1.55,0.04,0.04,0,0,FIRM
D,TRADING,PRICE,3,"2025/05/27 00:10:00",1,VIC1,2,-9.81,0,0,"2025/05/27 00:05:09",-9.81,0.01,0.01,0.01,0.01,0.01,0.01,7.6,7.6,0.1,0.1,0.39,0.39,0,0,0,0,0.04,0.04,0,0,FIRM
C,"END OF REPORT",15
