C,NEMP.WORLD,TRADINGIS,AEMO,PUBLIC,2025/05/28,06:00:11,0000000465203710,TRADINGIS,0000000465203709
I,TRADING,INTERCONNECTORRES,2,SETTLEMENTDATE,RUNNO,INTERCONNECTORID,PERIODID,METEREDMWFLOW,MWFLOW,MWLOSSES,LASTCHANGED
D,TRADING,INTERCONNECTORRES,2,"2025/05/28 06:05:00",1,N-Q-MNSP1,73,7.7,9,0.6,"2025/05/28 06:00:03"
D,TRADING,INTERCONNECTORRES,2,"2025/05/28 06:05:00",1,NSW1-QLD1,73,324.6,349.57,18.1,"2025/05/28 06:00:03"
D,TRADING,INTERCONNECTORRES,2,"2025/05/28 06:05:00",1,T-V-MNSP1,73,-347.9,-428.08,20.72,"2025/05/28 06:00:03"
D,TRADING,INTERCONNECTORRES,2,"2025/05/28 06:05:00",1,V-S-MNSP1,73,169,171.25,22.75,"2025/05/28 06:00:03"
D,TRADING,INTERCONNECTORRES,2,"2025/05/28 06:05:00",1,V-SA,73,540.27,569.9,40.63,"2025/05/28 06:00:03"
D,TRADING,INTERCONNECTORRES,2,"2025/05/28 06:05:00",1,VIC1-NSW1,73,803.45,692.86,59.21,"2025/05/28 06:00:03"
I,TRADING,PRICE,3,SETTLEMENTDATE,RUNNO,REGIONID,PERIODID,RRP,EEP,INVALIDFLAG,LASTCHANGED,ROP,RAISE6SECRRP,RAISE6SECROP,RAISE60SECRRP,RAISE60SECROP,RAISE5MINRRP,RAISE5MINROP,RAISEREGRRP,RAISEREGROP,LOWER6SECRRP,LOWER6SECROP,LOWER60SECRRP,LOWER60SECROP,LOWER5MINRRP,LOWER5MINROP,LOWERREGRRP,LOWERREGROP,RAISE1SECRRP,RAISE1SECROP,LOWER1SECRRP,LOWER1SECROP,PRICE_STATUS
D,TRADING,PRICE,3,"2025/05/28 06:05:00",1,SA1,73,70.44,0,0,"2025/05/28 06:00:03",70.44,0.38,0.38,0.38,0.38,0.38,0.38,9.55,9.55,0.39,0.39,1,1,0,0,0,0,0.94,0.94,0,0,FIRM
D,TRADING,PRICE,3,"2025/05/28 06:05:00",1,NSW1,73,76.8,0,0,"2025/05/28 06:00:03",76.8,0.38,0.38,0.38,0.38,0.38,0.38,9.55,9.55,0.39,0.39,1,1,0,0,0,0,0.94,0.94,0,0,FIRM
D,TRADING,PRICE,3,"2025/05/28 06:05:00",1,QLD1,73,83.25,0,0,"2025/05/28 06:00:03",83.25,0.38,0.38,0.38,0.38,0.38,0.38,9.55,9.55,0.39,0.39,1,1,0,0,0,0,0.94,0.94,0,0,FIRM
D,TRADING,PRICE,3,"2025/05/28 06:05:00",1,TAS1,73,33.35,0,0,"2025/05/28 06:00:03",33.35,0.38,0.38,0.38,0.38,0.38,0.38,7.4,7.4,0.39,0.39,0.38,0.38,0,0,4.48,4.48,0.94,0.94,0,0,FIRM
D,TRADING,PRICE,3,"2025/05/28 06:05:00",1,VIC1,73,30.43,0,0,"2025/05/28 06:00:03",30.43,0.38,0.38,0.38,0.38,0.38,0.38,9.55,9.55,0.39,0.39,1,1,0,0,0,0,0.94,0.94,0,0,FIRM
C,"END OF REPORT",15
