C,NEMP.WORLD,TRADINGIS,AEMO,PUBLIC,2025/06/05,15:55:11,0000000466406601,TRADINGIS,0000000466406600
I,TRADING,INTERCONNECTORRES,2,SETTLEMENTDATE,RUNNO,INTERCONNECTORID,PERIODID,METEREDMWFLOW,MWFLOW,MWLOSSES,LASTCHANGED
D,TRADING,INTERCONNECTORRES,2,"2025/06/05 16:00:00",1,N-Q-MNSP1,192,-35,-33,1.59,"2025/06/05 15:55:03"
D,TRADING,INTERCONNECTORRES,2,"2025/06/05 16:00:00",1,NSW1-QLD1,192,-821,-869.73,37.46,"2025/06/05 15:55:03"
D,TRADING,INTERCONNECTORRES,2,"2025/06/05 16:00:00",1,T-V-MNSP1,192,-360.8,-209.24,5.37,"2025/06/05 15:55:03"
D,TRADING,INTERCONNECTORRES,2,"2025/06/05 16:00:00",1,V-S-MNSP1,192,11,10.3,-0.62,"2025/06/05 15:55:03"
D,TRADING,INTERCONNECTORRES,2,"2025/06/05 16:00:00",1,V-SA,192,49.54,161.17,4.79,"2025/06/05 15:55:03"
D,TRADING,INTERCONNECTORRES,2,"2025/06/05 16:00:00",1,VIC1-NSW1,192,-194.41,-218.63,2.06,"2025/06/05 15:55:03"
I,TRADING,PRICE,3,SETTLEMENTDATE,RUNNO,REGIONID,PERIODID,RRP,EEP,INVALIDFLAG,LASTCHANGED,ROP,RAISE6SECRRP,RAISE6SECROP,RAISE60SECRRP,RAISE60SECROP,RAISE5MINRRP,RAISE5MINROP,RAISEREGRRP,RAISEREGROP,LOWER6SECRRP,LOWER6SECROP,LOWER60SECRRP,LOWER60SECROP,LOWER5MINRRP,LOWER5MINROP,LOWERREGRRP,LOWERREGROP,RAISE1SECRRP,RAISE1SECROP,LOWER1SECRRP,LOWER1SECROP,PRICE_STATUS
D,TRADING,PRICE,3,"2025/06/05 16:00:00",1,SA1,192,193.72,0,0,"2025/06/05 15:55:03",193.72,0.38,0.38,0.1,0.1,0.1,0.1,5,5,0.38,0.38,0.38,0.38,0.38,0.38,3.7,3.7,0.37,0.37,0,0,FIRM
D,TRADING,PRICE,3,"2025/06/05 16:00:00",1,NSW1,192,180.01,0,0,"2025/06/05 15:55:03",180.01,0.38,0.38,0.1,0.1,0.1,0.1,5,5,0.38,0.38,0.38,0.38,0.38,0.38,3.7,3.7,0.37,0.37,0,0,FIRM
D,TRADING,PRICE,3,"2025/06/05 16:00:00",1,QLD1,192,158.74,0,0,"2025/06/05 15:55:03",158.74,0.38,0.38,0.1,0.1,0.1,0.1,5,5,0.38,0.38,0.38,0.38,0.38,0.38,3.7,3.7,0.37,0.37,0,0,FIRM
D,TRADING,PRICE,3,"2025/06/05 16:00:00",1,TAS1,192,190.76,0,0,"2025/06/05 15:55:03",190.76,0.38,0.38,0.38,0.38,0.1,0.1,8.59,8.59,0.38,0.38,0.38,0.38,0.38,0.38,3.7,3.7,0.37,0.37,0,0,FIRM
D,TRADING,PRICE,3,"2025/06/05 16:00:00",1,VIC1,192,184.67,0,0,"2025/06/05 15:55:03",184.67,0.38,0.38,0.1,0.1,0.1,0.1,5,5,0.38,0.38,0.38,0.38,0.38,0.38,3.7,3.7,0.37,0.37,0,0,FIRM
C,"END OF REPORT",15
