C,NEMP.WORLD,TRADINGIS,AEMO,PUBLIC,2025/05/27,18:00:11,0000000465132797,TRADINGIS,0000000465132796
I,TRADING,INTERCONNECTORRES,2,SETTLEMENTDATE,RUNNO,INTERCONNECTORID,PERIODID,METEREDMWFLOW,MWFLOW,MWLOSSES,LASTCHANGED
D,TRADING,INTERCONNECTORRES,2,"2025/05/27 18:05:00",1,N-Q-MNSP1,217,0,0,0,"2025/05/27 18:00:03"
D,TRADING,INTERCONNECTORRES,2,"2025/05/27 18:05:00",1,NSW1-QLD1,217,-287.5,-294.76,-14.6,"2025/05/27 18:00:03"
D,TRADING,INTERCONNECTORRES,2,"2025/05/27 18:05:00",1,T-V-MNSP1,217,-438.9,-478,25.62,"2025/05/27 18:00:03"
D,TRADING,INTERCONNECTORRES,2,"2025/05/27 18:05:00",1,V-S-MNSP1,217,36,36,-1.09,"2025/05/27 18:00:03"
D,TRADING,INTERCONNECTORRES,2,"2025/05/27 18:05:00",1,V-SA,217,62.78,91.83,0.88,"2025/05/27 18:00:03"
D,TRADING,INTERCONNECTORRES,2,"2025/05/27 18:05:00",1,VIC1-NSW1,217,-540.57,-491.74,17.68,"2025/05/27 18:00:03"
I,TRADING,PRICE,3,SETTLEMENTDATE,RUNNO,REGIONID,PERIODID,RRP,EEP,INVALIDFLAG,LASTCHANGED,ROP,RAISE6SECRRP,RAISE6SECROP,RAISE60SECRRP,RAISE60SECROP,RAISE5MINRRP,RAISE5MINROP,RAISEREGRRP,RAISEREGROP,LOWER6SECRRP,LOWER6SECROP,LOWER60SECRRP,LOWER60SECROP,LOWER5MINRRP,LOWER5MINROP,LOWERREGRRP,LOWERREGROP,RAISE1SECRRP,RAISE1SECROP,LOWER1SECRRP,LOWER1SECROP,PRICE_STATUS
D,TRADING,PRICE,3,"2025/05/27 18:05:00",1,SA1,217,111.25,0,0,"2025/05/27 18:00:03",111.25,0.23,0.23,0.04,0.04,0.1,0.1,0.1,0.1,0.01,0.01,0.15,0.15,0.1,0.1,3.7,3.7,0.04,0.04,0,0,FIRM
D,TRADING,PRICE,3,"2025/05/27 18:05:00",1,NSW1,217,105.87,0,0,"2025/05/27 18:00:03",105.87,0.23,0.23,0.04,0.04,0.1,0.1,0.1,0.1,0.01,0.01,0.15,0.15,0.1,0.1,3.7,3.7,0.04,0.04,0,0,FIRM
D,TRADING,PRICE,3,"2025/05/27 18:05:00",1,QLD1,217,108.12,0,0,"2025/05/27 18:00:03",108.12,0.23,0.23,0.04,0.04,0.1,0.1,0.1,0.1,0.01,0.01,0.15,0.15,0.1,0.1,3.7,3.7,0.04,0.04,0,0,FIRM
D,TRADING,PRICE,3,"2025/05/27 18:05:00",1,TAS1,217,150.24,0,0,"2025/05/27 18:00:03",150.24,0.38,0.38,0.38,0.38,0.38,0.38,8.4,8.4,0.01,0.01,0.15,0.15,0,0,2.48,2.48,0.04,0.04,0,0,FIRM
D,TRADING,PRICE,3,"2025/05/27 18:05:00",1,VIC1,217,109,0,0,"2025/05/27 18:00:03",109,0.23,0.23,0.04,0.04,0.1,0.1,0.1,0.1,0.01,0.01,0.15,0.15,0.1,0.1,3.7,3.7,0.04,0.04,0,0,FIRM
C,"END OF REPORT",15
