C,NEMP.WORLD,TRADINGIS,AEMO,PUBLIC,2025/05/28,00:35:11,0000000465172040,TRADINGIS,0000000465172039
I,TRADING,INTERCONNECTORRES,2,SETTLEMENTDATE,RUNNO,INTERCONNECTORID,PERIODID,METEREDMWFLOW,MWFLOW,MWLOSSES,LASTCHANGED
D,TRADING,INTERCONNECTORRES,2,"2025/05/28 00:40:00",1,N-Q-MNSP1,8,-2.1,0,0,"2025/05/28 00:35:04"
D,TRADING,INTERCONNECTORRES,2,"2025/05/28 00:40:00",1,NSW1-QLD1,8,108.9,135.92,2.67,"2025/05/28 00:35:04"
D,TRADING,INTERCONNECTORRES,2,"2025/05/28 00:40:00",1,T-V-MNSP1,8,-425.5,-471.37,24.94,"2025/05/28 00:35:04"
D,TRADING,INTERCONNECTORRES,2,"2025/05/28 00:40:00",1,V-S-MNSP1,8,173,152.07,16.69,"2025/05/28 00:35:04"
D,TRADING,INTERCONNECTORRES,2,"2025/05/28 00:40:00",1,V-SA,8,577.12,576.22,46.72,"2025/05/28 00:35:04"
D,TRADING,INTERCONNECTORRES,2,"2025/05/28 00:40:00",1,VIC1-NSW1,8,673.04,673.83,50.92,"2025/05/28 00:35:04"
I,TRADING,PRICE,3,SETTLEMENTDATE,RUNNO,REGIONID,PERIODID,RRP,EEP,INVALIDFLAG,LASTCHANGED,ROP,RAISE6SECRRP,RAISE6SECROP,RAISE60SECRRP,RAISE60SECROP,RAISE5MINRRP,RAISE5MINROP,RAISEREGRRP,RAISEREGROP,LOWER6SECRRP,LOWER6SECROP,LOWER60SECRRP,LOWER60SECROP,LOWER5MINRRP,LOWER5MINROP,LOWERREGRRP,LOWERREGROP,RAISE1SECRRP,RAISE1SECROP,LOWER1SECRRP,LOWER1SECROP,PRICE_STATUS
D,TRADING,PRICE,3,"2025/05/28 00:40:00",1,SA1,8,11.73,0,0,"2025/05/28 00:35:04",11.73,0.1,0.1,0.1,0.1,0.01,0.01,0.01,0.01,0.01,0.01,0.38,0.38,0.01,0.01,2,2,0.04,0.04,0,0,FIRM
D,TRADING,PRICE,3,"2025/05/28 00:40:00",1,NSW1,8,57.01,0,0,"2025/05/28 00:35:04",57.01,0.1,0.1,0.1,0.1,0.01,0.01,0.01,0.01,0.01,0.01,0.38,0.38,0.01,0.01,2,2,0.04,0.04,0,0,FIRM
D,TRADING,PRICE,3,"2025/05/28 00:40:00",1,QLD1,8,58.84,0,0,"2025/05/28 00:35:04",58.84,0.1,0.1,0.1,0.1,0.01,0.01,0.01,0.01,0.01,0.01,0.38,0.38,0.01,0.01,2,2,0.04,0.04,0,0,FIRM
D,TRADING,PRICE,3,"2025/05/28 00:40:00",1,TAS1,8,35.02,0,0,"2025/05/28 00:35:04",35.02,0.38,0.38,0.38,0.38,0.36,0.36,7.4,7.4,0.01,0.01,0.38,0.38,0,0,2.48,2.48,0.04,0.04,0,0,FIRM
D,TRADING,PRICE,3,"2025/05/28 00:40:00",1,VIC1,8,8.95,0,0,"2025/05/28 00:35:04",8.95,0.1,0.1,0.1,0.1,0.01,0.01,0.01,0.01,0.01,0.01,0.38,0.38,0.01,0.01,2,2,0.04,0.04,0,0,FIRM
C,"END OF REPORT",15
