C,NEMP.WORLD,TRADINGIS,AEMO,PUBLIC,2025/05/28,01:20:10,0000000465176596,TRADINGIS,0000000465176595
I,TRADING,INTERCONNECTORRES,2,SETTLEMENTDATE,RUNNO,INTERCONNECTORID,PERIODID,METEREDMWFLOW,MWFLOW,MWLOSSES,LASTCHANGED
D,TRADING,INTERCONNECTORRES,2,"2025/05/28 01:25:00",1,N-Q-MNSP1,17,-7.5,-9,-0.16,"2025/05/28 01:20:03"
D,TRADING,INTERCONNECTORRES,2,"2025/05/28 01:25:00",1,NSW1-QLD1,17,-53.6,-25.38,-0.03,"2025/05/28 01:20:03"
D,TRADING,INTERCONNECTORRES,2,"2025/05/28 01:25:00",1,T-V-MNSP1,17,-421.8,-478,25.62,"2025/05/28 01:20:03"
D,TRADING,INTERCONNECTORRES,2,"2025/05/28 01:25:00",1,V-S-MNSP1,17,137,173.27,23.45,"2025/05/28 01:20:03"
D,TRADING,INTERCONNECTORRES,2,"2025/05/28 01:25:00",1,V-SA,17,602.65,571.5,45.41,"2025/05/28 01:20:03"
D,TRADING,INTERCONNECTORRES,2,"2025/05/28 01:25:00",1,VIC1-NSW1,17,601.16,626.11,47.57,"2025/05/28 01:20:03"
I,TRADING,PRICE,3,SETTLEMENTDATE,RUNNO,REGIONID,PERIODID,RRP,EEP,INVALIDFLAG,LASTCHANGED,ROP,RAISE6SECRRP,RAISE6SECROP,RAISE60SECRRP,RAISE60SECROP,RAISE5MINRRP,RAISE5MINROP,RAISEREGRRP,RAISEREGROP,LOWER6SECRRP,LOWER6SECROP,LOWER60SECRRP,LOWER60SECROP,LOWER5MINRRP,LOWER5MINROP,LOWERREGRRP,LOWERREGROP,RAISE1SECRRP,RAISE1SECROP,LOWER1SECRRP,LOWER1SECROP,PRICE_STATUS
D,TRADING,PRICE,3,"2025/05/28 01:25:00",1,SA1,17,51.55,0,0,"2025/05/28 01:20:03",51.55,0.37,0.37,0.24,0.24,0.1,0.1,0.1,0.1,0.38,0.38,0.94,0.94,0.1,0.1,1,1,0.37,0.37,0,0,FIRM
D,TRADING,PRICE,3,"2025/05/28 01:25:00",1,NSW1,17,56.52,0,0,"2025/05/28 01:20:03",56.52,0.37,0.37,0.24,0.24,0.1,0.1,0.1,0.1,0.38,0.38,0.94,0.94,0.1,0.1,1,1,0.37,0.37,0,0,FIRM
D,TRADING,PRICE,3,"2025/05/28 01:25:00",1,QLD1,17,56.36,0,0,"2025/05/28 01:20:03",56.36,0.37,0.37,0.24,0.24,0.1,0.1,0.1,0.1,0.38,0.38,0.94,0.94,0.1,0.1,1,1,0.37,0.37,0,0,FIRM
D,TRADING,PRICE,3,"2025/05/28 01:25:00",1,TAS1,17,35.02,0,0,"2025/05/28 01:20:03",35.02,0.38,0.38,0.38,0.38,0.36,0.36,7.4,7.4,0.38,0.38,0.38,0.38,0,0,2.48,2.48,0.37,0.37,0,0,FIRM
D,TRADING,PRICE,3,"2025/05/28 01:25:00",1,VIC1,17,8.95,0,0,"2025/05/28 01:20:03",8.95,0.37,0.37,0.24,0.24,0.1,0.1,0.1,0.1,0.38,0.38,0.94,0.94,0.1,0.1,1,1,0.37,0.37,0,0,FIRM
C,"END OF REPORT",15
