C,NEMP.WORLD,TRADINGIS,AEMO,PUBLIC,2025/06/08,03:15:10,0000000466752159,TRADINGIS,0000000466752158
I,TRADING,INTERCONNECTORRES,2,SETTLEMENTDATE,RUNNO,INTERCONNECTORID,PERIODID,METEREDMWFLOW,MWFLOW,MWLOSSES,LASTCHANGED
D,TRADING,INTERCONNECTORRES,2,"2025/06/08 03:20:00",1,N-Q-MNSP1,40,-1.1,0,0,"2025/06/08 03:15:03"
D,TRADING,INTERCONNECTORRES,2,"2025/06/08 03:20:00",1,NSW1-QLD1,40,190.8,147.51,2.15,"2025/06/08 03:15:03"
D,TRADING,INTERCONNECTORRES,2,"2025/06/08 03:20:00",1,T-V-MNSP1,40,-450.5,-478,25.62,"2025/06/08 03:15:03"
D,TRADING,INTERCONNECTORRES,2,"2025/06/08 03:20:00",1,V-S-MNSP1,40,-9,0,0,"2025/06/08 03:15:03"
D,TRADING,INTERCONNECTORRES,2,"2025/06/08 03:20:00",1,V-SA,40,-410.68,-440.93,14.1,"2025/06/08 03:15:03"
D,TRADING,INTERCONNECTORRES,2,"2025/06/08 03:20:00",1,VIC1-NSW1,40,783.23,746.26,64.65,"2025/06/08 03:15:03"
I,TRADING,PRICE,3,SETTLEMENTDATE,RUNNO,REGIONID,PERIODID,RRP,EEP,INVALIDFLAG,LASTCHANGED,ROP,RAISE6SECRRP,RAISE6SECROP,RAISE60SECRRP,RAISE60SECROP,RAISE5MINRRP,RAISE5MINROP,RAISEREGRRP,RAISEREGROP,LOWER6SECRRP,LOWER6SECROP,LOWER60SECRRP,LOWER60SECROP,LOWER5MINRRP,LOWER5MINROP,LOWERREGRRP,LOWERREGROP,RAISE1SECRRP,RAISE1SECROP,LOWER1SECRRP,LOWER1SECROP,PRICE_STATUS
D,TRADING,PRICE,3,"2025/06/08 03:20:00",1,SA1,40,0.18,0,0,"2025/06/08 03:15:03",0.18,0.37,0.37,0.1,0.1,0.1,0.1,11.68,11.68,0.38,0.38,0.38,0.38,0.38,0.38,1,1,0.38,0.38,0.01,0.01,FIRM
D,TRADING,PRICE,3,"2025/06/08 03:20:00",1,NSW1,40,57.01,0,0,"2025/06/08 03:15:03",57.01,0.37,0.37,0.1,0.1,0.1,0.1,11.68,11.68,0.38,0.38,0.38,0.38,0.38,0.38,1,1,0.38,0.38,0.01,0.01,FIRM
D,TRADING,PRICE,3,"2025/06/08 03:20:00",1,QLD1,40,58.5,0,0,"2025/06/08 03:15:03",58.5,0.37,0.37,0.1,0.1,0.1,0.1,11.68,11.68,0.38,0.38,0.38,0.38,0.38,0.38,1,1,0.38,0.38,0.01,0.01,FIRM
D,TRADING,PRICE,3,"2025/06/08 03:20:00",1,TAS1,40,80.24,0,0,"2025/06/08 03:15:03",80.24,0.38,0.38,0.38,0.38,0.36,0.36,7.38,7.38,0.38,0.38,0.38,0.38,0,0,3.01,3.01,0.38,0.38,0,0,FIRM
D,TRADING,PRICE,3,"2025/06/08 03:20:00",1,VIC1,40,0.2,0,0,"2025/06/08 03:15:03",0.2,0.37,0.37,0.1,0.1,0.1,0.1,11.68,11.68,0.38,0.38,0.38,0.38,0.38,0.38,1,1,0.38,0.38,0.01,0.01,FIRM
C,"END OF REPORT",15
