C,NEMP.WORLD,TRADINGIS,AEMO,PUBLIC,2025/05/27,04:50:18,0000000465047658,TRADINGIS,0000000465047657
I,TRADING,INTERCONNECTORRES,2,SETTLEMENTDATE,RUNNO,INTERCONNECTORID,PERIODID,METEREDMWFLOW,MWFLOW,MWLOSSES,LASTCHANGED
D,TRADING,INTERCONNECTORRES,2,"2025/05/27 04:55:00",1,N-Q-MNSP1,59,9.1,9,0.6,"2025/05/27 04:50:08"
D,TRADING,INTERCONNECTORRES,2,"2025/05/27 04:55:00",1,NSW1-QLD1,59,404.7,373.28,13.48,"2025/05/27 04:50:08"
D,TRADING,INTERCONNECTORRES,2,"2025/05/27 04:55:00",1,T-V-MNSP1,59,-449.3,-459.06,23.7,"2025/05/27 04:50:08"
D,TRADING,INTERCONNECTORRES,2,"2025/05/27 04:55:00",1,V-S-MNSP1,59,-142,-142.78,35.09,"2025/05/27 04:50:08"
D,TRADING,INTERCONNECTORRES,2,"2025/05/27 04:55:00",1,V-SA,59,-236.09,-271.15,3.88,"2025/05/27 04:50:08"
D,TRADING,INTERCONNECTORRES,2,"2025/05/27 04:55:00",1,VIC1-NSW1,59,965.52,946.37,97.68,"2025/05/27 04:50:08"
I,TRADING,PRICE,3,SETTLEMENTDATE,RUNNO,REGIONID,PERIODID,RRP,EEP,INVALIDFLAG,LASTCHANGED,ROP,RAISE6SECRRP,RAISE6SECROP,RAISE60SECRRP,RAISE60SECROP,RAISE5MINRRP,RAISE5MINROP,RAISEREGRRP,RAISEREGROP,LOWER6SECRRP,LOWER6SECROP,LOWER60SECRRP,LOWER60SECROP,LOWER5MINRRP,LOWER5MINROP,LOWERREGRRP,LOWERREGROP,RAISE1SECRRP,RAISE1SECROP,LOWER1SECRRP,LOWER1SECROP,PRICE_STATUS
D,TRADING,PRICE,3,"2025/05/27 04:55:00",1,SA1,59,-13.17,0,0,"2025/05/27 04:50:08",-13.17,0.1,0.1,0.04,0.04,0.1,0.1,3.99,3.99,0.1,0.1,0.38,0.38,0.1,0.1,0.1,0.1,0.37,0.37,0,0,FIRM
D,TRADING,PRICE,3,"2025/05/27 04:55:00",1,NSW1,59,47.36,0,0,"2025/05/27 04:50:08",47.36,0.1,0.1,0.04,0.04,0.1,0.1,3.99,3.99,0.1,0.1,0.38,0.38,0.1,0.1,0.1,0.1,0.37,0.37,0,0,FIRM
D,TRADING,PRICE,3,"2025/05/27 04:55:00",1,QLD1,59,50.75,0,0,"2025/05/27 04:50:08",50.75,0.1,0.1,0.04,0.04,0.1,0.1,3.99,3.99,0.1,0.1,0.38,0.38,0.1,0.1,0.1,0.1,0.37,0.37,0,0,FIRM
D,TRADING,PRICE,3,"2025/05/27 04:55:00",1,TAS1,59,11.25,0,0,"2025/05/27 04:50:08",11.25,0.38,0.38,0.38,0.38,0.1,0.1,6.6,6.6,0.1,0.1,0.38,0.38,0,0,2.48,2.48,0.37,0.37,0,0,FIRM
D,TRADING,PRICE,3,"2025/05/27 04:55:00",1,VIC1,59,-13.76,0,0,"2025/05/27 04:50:08",-13.76,0.1,0.1,0.04,0.04,0.1,0.1,3.99,3.99,0.1,0.1,0.38,0.38,0.1,0.1,0.1,0.1,0.37,0.37,0,0,FIRM
C,"END OF REPORT",15
