C,NEMP.WORLD,TRADINGIS,AEMO,PUBLIC,2025/05/27,23:30:11,0000000465165689,TRADINGIS,0000000465165688
I,TRADING,INTERCONNECTORRES,2,SETTLEMENTDATE,RUNNO,INTERCONNECTORID,PERIODID,METEREDMWFLOW,MWFLOW,MWLOSSES,LASTCHANGED
D,TRADING,INTERCONNECTORRES,2,"2025/05/27 23:35:00",1,N-Q-MNSP1,283,1.4,0,0,"2025/05/27 23:30:03"
D,TRADING,INTERCONNECTORRES,2,"2025/05/27 23:35:00",1,NSW1-QLD1,283,78,15.83,0.29,"2025/05/27 23:30:03"
D,TRADING,INTERCONNECTORRES,2,"2025/05/27 23:35:00",1,T-V-MNSP1,283,-462.1,-472,25.01,"2025/05/27 23:30:03"
D,TRADING,INTERCONNECTORRES,2,"2025/05/27 23:35:00",1,V-S-MNSP1,283,90,169.68,22.22,"2025/05/27 23:30:03"
D,TRADING,INTERCONNECTORRES,2,"2025/05/27 23:35:00",1,V-SA,283,605.5,569.61,40.34,"2025/05/27 23:30:03"
D,TRADING,INTERCONNECTORRES,2,"2025/05/27 23:35:00",1,VIC1-NSW1,283,590.27,572.85,40.44,"2025/05/27 23:30:03"
I,TRADING,PRICE,3,SETTLEMENTDATE,RUNNO,REGIONID,PERIODID,RRP,EEP,INVALIDFLAG,LASTCHANGED,ROP,RAISE6SECRRP,RAISE6SECROP,RAISE60SECRRP,RAISE60SECROP,RAISE5MINRRP,RAISE5MINROP,RAISEREGRRP,RAISEREGROP,LOWER6SECRRP,LOWER6SECROP,LOWER60SECRRP,LOWER60SECROP,LOWER5MINRRP,LOWER5MINROP,LOWERREGRRP,LOWERREGROP,RAISE1SECRRP,RAISE1SECROP,LOWER1SECRRP,LOWER1SECROP,PRICE_STATUS
D,TRADING,PRICE,3,"2025/05/27 23:35:00",1,SA1,283,54.47,0,0,"2025/05/27 23:30:03",54.47,0.01,0.01,0.04,0.04,0.04,0.04,1,1,0.1,0.1,0.45,0.45,0,0,0,0,0.04,0.04,0,0,FIRM
D,TRADING,PRICE,3,"2025/05/27 23:35:00",1,NSW1,283,74.28,0,0,"2025/05/27 23:30:03",74.28,0.01,0.01,0.04,0.04,0.04,0.04,1,1,0.1,0.1,0.45,0.45,0,0,0,0,0.04,0.04,0,0,FIRM
D,TRADING,PRICE,3,"2025/05/27 23:35:00",1,QLD1,283,75.63,0,0,"2025/05/27 23:30:03",75.63,0.01,0.01,0.04,0.04,0.04,0.04,1,1,0.1,0.1,0.45,0.45,0,0,0,0,0.04,0.04,0,0,FIRM
D,TRADING,PRICE,3,"2025/05/27 23:35:00",1,TAS1,283,100.24,0,0,"2025/05/27 23:30:03",100.24,0.38,0.38,0.38,0.38,0.38,0.38,8.4,8.4,0.1,0.1,0.38,0.38,0,0,2.48,2.48,0.04,0.04,0,0,FIRM
D,TRADING,PRICE,3,"2025/05/27 23:35:00",1,VIC1,283,39.95,0,0,"2025/05/27 23:30:03",39.95,0.01,0.01,0.04,0.04,0.04,0.04,1,1,0.1,0.1,0.45,0.45,0,0,0,0,0.04,0.04,0,0,FIRM
C,"END OF REPORT",15
