C,NEMP.WORLD,TRADINGIS,AEMO,PUBLIC,2025/06/07,16:05:11,0000000466690716,TRADINGIS,0000000466690715
I,TRADING,INTERCONNECTORRES,2,SETTLEMENTDATE,RUNNO,INTERCONNECTORID,PERIODID,METEREDMWFLOW,MWFLOW,MWLOSSES,LASTCHANGED
D,TRADING,INTERCONNECTORRES,2,"2025/06/07 16:10:00",1,N-Q-MNSP1,194,-26.1,-25,0.65,"2025/06/07 16:05:04"
D,TRADING,INTERCONNECTORRES,2,"2025/06/07 16:10:00",1,NSW1-QLD1,194,-552.4,-603.2,16.67,"2025/06/07 16:05:04"
D,TRADING,INTERCONNECTORRES,2,"2025/06/07 16:10:00",1,T-V-MNSP1,194,-327.8,-478,25.62,"2025/06/07 16:05:04"
D,TRADING,INTERCONNECTORRES,2,"2025/06/07 16:10:00",1,V-S-MNSP1,194,-130,-130,29.96,"2025/06/07 16:05:04"
D,TRADING,INTERCONNECTORRES,2,"2025/06/07 16:10:00",1,V-SA,194,-603.01,-637.62,50.51,"2025/06/07 16:05:04"
D,TRADING,INTERCONNECTORRES,2,"2025/06/07 16:10:00",1,VIC1-NSW1,194,236.19,141.55,4.92,"2025/06/07 16:05:04"
I,TRADING,PRICE,3,SETTLEMENTDATE,RUNNO,REGIONID,PERIODID,RRP,EEP,INVALIDFLAG,LASTCHANGED,ROP,RAISE6SECRRP,RAISE6SECROP,RAISE60SECRRP,RAISE60SECROP,RAISE5MINRRP,RAISE5MINROP,RAISEREGRRP,RAISEREGROP,LOWER6SECRRP,LOWER6SECROP,LOWER60SECRRP,LOWER60SECROP,LOWER5MINRRP,LOWER5MINROP,LOWERREGRRP,LOWERREGROP,RAISE1SECRRP,RAISE1SECROP,LOWER1SECRRP,LOWER1SECROP,PRICE_STATUS
D,TRADING,PRICE,3,"2025/06/07 16:10:00",1,SA1,194,138,0,0,"2025/06/07 16:05:04",138,0.23,0.23,0.1,0.1,0.1,0.1,3,3,0.39,0.39,0.45,0.45,0.38,0.38,0.38,0.38,0.37,0.37,0,0,"NOT FIRM"
D,TRADING,PRICE,3,"2025/06/07 16:10:00",1,NSW1,194,59.57,0,0,"2025/06/07 16:05:04",59.57,0.23,0.23,0.1,0.1,0.1,0.1,3,3,0.39,0.39,0.45,0.45,0.38,0.38,0.38,0.38,0.37,0.37,0,0,"NOT FIRM"
D,TRADING,PRICE,3,"2025/06/07 16:10:00",1,QLD1,194,54.76,0,0,"2025/06/07 16:05:04",54.76,0.23,0.23,0.1,0.1,0.1,0.1,3,3,0.39,0.39,0.45,0.45,0.38,0.38,0.38,0.38,0.37,0.37,0,0,"NOT FIRM"
D,TRADING,PRICE,3,"2025/06/07 16:10:00",1,TAS1,194,150.1,0,0,"2025/06/07 16:05:04",150.1,0.38,0.38,0.38,0.38,0.36,0.36,8.38,8.38,0.38,0.38,0.38,0.38,0,0,2.15,2.15,0.37,0.37,0,0,"NOT FIRM"
D,TRADING,PRICE,3,"2025/06/07 16:10:00",1,VIC1,194,133.49,0,0,"2025/06/07 16:05:04",133.49,0.23,0.23,0.1,0.1,0.1,0.1,3,3,0.39,0.39,0.45,0.45,0.38,0.38,0.38,0.38,0.37,0.37,0,0,"NOT FIRM"
C,"END OF REPORT",15
