C,NEMP.WORLD,TRADINGIS,AEMO,PUBLIC,2025/05/29,11:25:11,0000000465378044,TRADINGIS,0000000465378043
I,TRADING,INTERCONNECTORRES,2,SETTLEMENTDATE,RUNNO,INTERCONNECTORID,PERIODID,METEREDMWFLOW,MWFLOW,MWLOSSES,LASTCHANGED
D,TRADING,INTERCONNECTORRES,2,"2025/05/29 11:30:00",1,N-Q-MNSP1,138,-23.6,-17,0.07,"2025/05/29 11:25:03"
D,TRADING,INTERCONNECTORRES,2,"2025/05/29 11:30:00",1,NSW1-QLD1,138,-332.7,-365.23,7.72,"2025/05/29 11:25:03"
D,TRADING,INTERCONNECTORRES,2,"2025/05/29 11:30:00",1,T-V-MNSP1,138,-440.7,-452.43,23.05,"2025/05/29 11:25:03"
D,TRADING,INTERCONNECTORRES,2,"2025/05/29 11:30:00",1,V-S-MNSP1,138,18,18,-0.93,"2025/05/29 11:25:03"
D,TRADING,INTERCONNECTORRES,2,"2025/05/29 11:30:00",1,V-SA,138,38.06,17.74,-0.43,"2025/05/29 11:25:03"
D,TRADING,INTERCONNECTORRES,2,"2025/05/29 11:30:00",1,VIC1-NSW1,138,92.51,114.24,8.33,"2025/05/29 11:25:03"
I,TRADING,PRICE,3,SETTLEMENTDATE,RUNNO,REGIONID,PERIODID,RRP,EEP,INVALIDFLAG,LASTCHANGED,ROP,RAISE6SECRRP,RAISE6SECROP,RAISE60SECRRP,RAISE60SECROP,RAISE5MINRRP,RAISE5MINROP,RAISEREGRRP,RAISEREGROP,LOWER6SECRRP,LOWER6SECROP,LOWER60SECRRP,LOWER60SECROP,LOWER5MINRRP,LOWER5MINROP,LOWERREGRRP,LOWERREGROP,RAISE1SECRRP,RAISE1SECROP,LOWER1SECRRP,LOWER1SECROP,PRICE_STATUS
D,TRADING,PRICE,3,"2025/05/29 11:30:00",1,SA1,138,73.66,0,0,"2025/05/29 11:25:03",73.66,0.37,0.37,0.1,0.1,0.1,0.1,5.99,5.99,0.1,0.1,0.86,0.86,0.01,0.01,0.01,0.01,0.81,0.81,0,0,FIRM
D,TRADING,PRICE,3,"2025/05/29 11:30:00",1,NSW1,138,81.79,0,0,"2025/05/29 11:25:03",81.79,0.37,0.37,0.1,0.1,0.1,0.1,5.99,5.99,0.1,0.1,0.86,0.86,0.01,0.01,0.01,0.01,0.81,0.81,0,0,FIRM
D,TRADING,PRICE,3,"2025/05/29 11:30:00",1,QLD1,138,77.35,0,0,"2025/05/29 11:25:03",77.35,0.37,0.37,0.1,0.1,0.1,0.1,5.99,5.99,0.1,0.1,0.86,0.86,0.01,0.01,0.01,0.01,0.81,0.81,0,0,FIRM
D,TRADING,PRICE,3,"2025/05/29 11:30:00",1,TAS1,138,100.24,0,0,"2025/05/29 11:25:03",100.24,0.38,0.38,0.38,0.38,0.36,0.36,7.54,7.54,0.1,0.1,0.38,0.38,0,0,2.46,2.46,0.81,0.81,0,0,FIRM
D,TRADING,PRICE,3,"2025/05/29 11:30:00",1,VIC1,138,75.19,0,0,"2025/05/29 11:25:03",75.19,0.37,0.37,0.1,0.1,0.1,0.1,5.99,5.99,0.1,0.1,0.86,0.86,0.01,0.01,0.01,0.01,0.81,0.81,0,0,FIRM
C,"END OF REPORT",15
