C,NEMP.WORLD,TRADINGIS,AEMO,PUBLIC,2025/05/27,19:50:11,0000000465144383,TRADINGIS,0000000465144382
I,TRADING,INTERCONNECTORRES,2,SETTLEMENTDATE,RUNNO,INTERCONNECTORID,PERIODID,METEREDMWFLOW,MWFLOW,MWLOSSES,LASTCHANGED
D,TRADING,INTERCONNECTORRES,2,"2025/05/27 19:55:00",1,N-Q-MNSP1,239,-8.4,-9,-0.16,"2025/05/27 19:50:04"
D,TRADING,INTERCONNECTORRES,2,"2025/05/27 19:55:00",1,NSW1-QLD1,239,-344.4,-356.64,-9.03,"2025/05/27 19:50:04"
D,TRADING,INTERCONNECTORRES,2,"2025/05/27 19:55:00",1,T-V-MNSP1,239,-252.7,-232.51,6.53,"2025/05/27 19:50:04"
D,TRADING,INTERCONNECTORRES,2,"2025/05/27 19:55:00",1,V-S-MNSP1,239,63,63,0.15,"2025/05/27 19:50:04"
D,TRADING,INTERCONNECTORRES,2,"2025/05/27 19:55:00",1,V-SA,239,271.24,320.14,13.3,"2025/05/27 19:50:04"
D,TRADING,INTERCONNECTORRES,2,"2025/05/27 19:55:00",1,VIC1-NSW1,239,-240.67,-286.32,5.46,"2025/05/27 19:50:04"
I,TRADING,PRICE,3,SETTLEMENTDATE,RUNNO,REGIONID,PERIODID,RRP,EEP,INVALIDFLAG,LASTCHANGED,ROP,RAISE6SECRRP,RAISE6SECROP,RAISE60SECRRP,RAISE60SECROP,RAISE5MINRRP,RAISE5MINROP,RAISEREGRRP,RAISEREGROP,LOWER6SECRRP,LOWER6SECROP,LOWER60SECRRP,LOWER60SECROP,LOWER5MINRRP,LOWER5MINROP,LOWERREGRRP,LOWERREGROP,RAISE1SECRRP,RAISE1SECROP,LOWER1SECRRP,LOWER1SECROP,PRICE_STATUS
D,TRADING,PRICE,3,"2025/05/27 19:55:00",1,SA1,239,135.42,0,0,"2025/05/27 19:50:04",135.42,0.38,0.38,0.1,0.1,0.1,0.1,0.1,0.1,0.1,0.1,0.38,0.38,0.1,0.1,8.5,8.5,0.3,0.3,0,0,FIRM
D,TRADING,PRICE,3,"2025/05/27 19:55:00",1,NSW1,239,84.79,0,0,"2025/05/27 19:50:04",84.79,0.38,0.38,0.1,0.1,0.1,0.1,0.1,0.1,0.1,0.1,0.38,0.38,0.1,0.1,8.5,8.5,0.3,0.3,0,0,FIRM
D,TRADING,PRICE,3,"2025/05/27 19:55:00",1,QLD1,239,84.48,0,0,"2025/05/27 19:50:04",84.48,0.38,0.38,0.1,0.1,0.1,0.1,0.1,0.1,0.1,0.1,0.38,0.38,0.1,0.1,8.5,8.5,0.3,0.3,0,0,FIRM
D,TRADING,PRICE,3,"2025/05/27 19:55:00",1,TAS1,239,129.97,0,0,"2025/05/27 19:50:04",129.97,0.38,0.38,0.36,0.36,0.1,0.1,8.4,8.4,0.1,0.1,0.38,0.38,0.1,0.1,2.48,2.48,0.3,0.3,0,0,FIRM
D,TRADING,PRICE,3,"2025/05/27 19:55:00",1,VIC1,239,125.5,0,0,"2025/05/27 19:50:04",125.5,0.38,0.38,0.1,0.1,0.1,0.1,0.1,0.1,0.1,0.1,0.38,0.38,0.1,0.1,8.5,8.5,0.3,0.3,0,0,FIRM
C,"END OF REPORT",15
