C,NEMP.WORLD,TRADINGIS,AEMO,PUBLIC,2025/05/27,05:05:14,0000000465049176,TRADINGIS,0000000465049175
I,TRADING,INTERCONNECTORRES,2,SETTLEMENTDATE,RUNNO,INTERCONNECTORID,PERIODID,METEREDMWFLOW,MWFLOW,MWLOSSES,LASTCHANGED
D,TRADING,INTERCONNECTORRES,2,"2025/05/27 05:10:00",1,N-Q-MNSP1,62,4.3,0,0,"2025/05/27 05:05:07"
D,TRADING,INTERCONNECTORRES,2,"2025/05/27 05:10:00",1,NSW1-QLD1,62,379.3,317.3,10.94,"2025/05/27 05:05:07"
D,TRADING,INTERCONNECTORRES,2,"2025/05/27 05:10:00",1,T-V-MNSP1,62,-454.2,-453.77,23.18,"2025/05/27 05:05:07"
D,TRADING,INTERCONNECTORRES,2,"2025/05/27 05:10:00",1,V-S-MNSP1,62,-149,-146.56,36.7,"2025/05/27 05:05:07"
D,TRADING,INTERCONNECTORRES,2,"2025/05/27 05:10:00",1,V-SA,62,-348.47,-301.22,5.91,"2025/05/27 05:05:07"
D,TRADING,INTERCONNECTORRES,2,"2025/05/27 05:10:00",1,VIC1-NSW1,62,1048.94,949.98,98.99,"2025/05/27 05:05:07"
I,TRADING,PRICE,3,SETTLEMENTDATE,RUNNO,REGIONID,PERIODID,RRP,EEP,INVALIDFLAG,LASTCHANGED,ROP,RAISE6SECRRP,RAISE6SECROP,RAISE60SECRRP,RAISE60SECROP,RAISE5MINRRP,RAISE5MINROP,RAISEREGRRP,RAISEREGROP,LOWER6SECRRP,LOWER6SECROP,LOWER60SECRRP,LOWER60SECROP,LOWER5MINRRP,LOWER5MINROP,LOWERREGRRP,LOWERREGROP,RAISE1SECRRP,RAISE1SECROP,LOWER1SECRRP,LOWER1SECROP,PRICE_STATUS
D,TRADING,PRICE,3,"2025/05/27 05:10:00",1,SA1,62,-13.04,0,0,"2025/05/27 05:05:07",-13.04,0.15,0.15,0.1,0.1,0.1,0.1,3.99,3.99,0.03,0.03,0.15,0.15,0.1,0.1,0.93,0.93,0.38,0.38,0,0,FIRM
D,TRADING,PRICE,3,"2025/05/27 05:10:00",1,NSW1,62,47.77,0,0,"2025/05/27 05:05:07",47.77,0.15,0.15,0.1,0.1,0.1,0.1,3.99,3.99,0.03,0.03,0.15,0.15,0.1,0.1,0.93,0.93,0.38,0.38,0,0,FIRM
D,TRADING,PRICE,3,"2025/05/27 05:10:00",1,QLD1,62,50.75,0,0,"2025/05/27 05:05:07",50.75,0.15,0.15,0.1,0.1,0.1,0.1,3.99,3.99,0.03,0.03,0.15,0.15,0.1,0.1,0.93,0.93,0.38,0.38,0,0,FIRM
D,TRADING,PRICE,3,"2025/05/27 05:10:00",1,TAS1,62,12.03,0,0,"2025/05/27 05:05:07",12.03,0.38,0.38,0.38,0.38,0.1,0.1,7.4,7.4,0.03,0.03,0.15,0.15,0,0,2.48,2.48,0.38,0.38,0,0,FIRM
D,TRADING,PRICE,3,"2025/05/27 05:10:00",1,VIC1,62,-13.76,0,0,"2025/05/27 05:05:07",-13.76,0.15,0.15,0.1,0.1,0.1,0.1,3.99,3.99,0.03,0.03,0.15,0.15,0.1,0.1,0.93,0.93,0.38,0.38,0,0,FIRM
C,"END OF REPORT",15
