C,NEMP.WORLD,TRADINGIS,AEMO,PUBLIC,2025/05/28,01:55:10,0000000465179907,TRADINGIS,0000000465179906
I,TRADING,INTERCONNECTORRES,2,SETTLEMENTDATE,RUNNO,INTERCONNECTORID,PERIODID,METEREDMWFLOW,MWFLOW,MWLOSSES,LASTCHANGED
D,TRADING,INTERCONNECTORRES,2,"2025/05/28 02:00:00",1,N-Q-MNSP1,24,-8.6,0,0,"2025/05/28 01:55:03"
D,TRADING,INTERCONNECTORRES,2,"2025/05/28 02:00:00",1,NSW1-QLD1,24,-7.7,97.83,0.88,"2025/05/28 01:55:03"
D,TRADING,INTERCONNECTORRES,2,"2025/05/28 02:00:00",1,T-V-MNSP1,24,-432.2,-472.35,25.04,"2025/05/28 01:55:03"
D,TRADING,INTERCONNECTORRES,2,"2025/05/28 02:00:00",1,V-S-MNSP1,24,169,167.19,21.41,"2025/05/28 01:55:03"
D,TRADING,INTERCONNECTORRES,2,"2025/05/28 02:00:00",1,V-SA,24,585.87,569.26,44.77,"2025/05/28 01:55:03"
D,TRADING,INTERCONNECTORRES,2,"2025/05/28 02:00:00",1,VIC1-NSW1,24,557,625.34,49.11,"2025/05/28 01:55:03"
I,TRADING,PRICE,3,SETTLEMENTDATE,RUNNO,REGIONID,PERIODID,RRP,EEP,INVALIDFLAG,LASTCHANGED,ROP,RAISE6SECRRP,RAISE6SECROP,RAISE60SECRRP,RAISE60SECROP,RAISE5MINRRP,RAISE5MINROP,RAISEREGRRP,RAISEREGROP,LOWER6SECRRP,LOWER6SECROP,LOWER60SECRRP,LOWER60SECROP,LOWER5MINRRP,LOWER5MINROP,LOWERREGRRP,LOWERREGROP,RAISE1SECRRP,RAISE1SECROP,LOWER1SECRRP,LOWER1SECROP,PRICE_STATUS
D,TRADING,PRICE,3,"2025/05/28 02:00:00",1,SA1,24,91.44,0,0,"2025/05/28 01:55:03",91.44,0.38,0.38,0.36,0.36,0.15,0.15,0.15,0.15,0.01,0.01,0.1,0.1,0,0,0,0,0.1,0.1,0,0,FIRM
D,TRADING,PRICE,3,"2025/05/28 02:00:00",1,NSW1,24,44.12,0,0,"2025/05/28 01:55:03",44.12,0.38,0.38,0.36,0.36,0.15,0.15,0.15,0.15,0.01,0.01,0.1,0.1,0,0,0,0,0.1,0.1,0,0,FIRM
D,TRADING,PRICE,3,"2025/05/28 02:00:00",1,QLD1,24,44.94,0,0,"2025/05/28 01:55:03",44.94,0.38,0.38,0.36,0.36,0.15,0.15,0.15,0.15,0.01,0.01,0.1,0.1,0,0,0,0,0.1,0.1,0,0,FIRM
D,TRADING,PRICE,3,"2025/05/28 02:00:00",1,TAS1,24,35.02,0,0,"2025/05/28 01:55:03",35.02,0.38,0.38,0.38,0.38,0.36,0.36,7.4,7.4,0.01,0.01,0.1,0.1,0,0,2.48,2.48,0.1,0.1,0,0,FIRM
D,TRADING,PRICE,3,"2025/05/28 02:00:00",1,VIC1,24,8.95,0,0,"2025/05/28 01:55:03",8.95,0.38,0.38,0.36,0.36,0.15,0.15,0.15,0.15,0.01,0.01,0.1,0.1,0,0,0,0,0.1,0.1,0,0,FIRM
C,"END OF REPORT",15
