C,NEMP.WORLD,TRADINGIS,AEMO,PUBLIC,2025/05/27,21:55:10,0000000465156510,TRADINGIS,0000000465156509
I,TRADING,INTERCONNECTORRES,2,SETTLEMENTDATE,RUNNO,INTERCONNECTORID,PERIODID,METEREDMWFLOW,MWFLOW,MWLOSSES,LASTCHANGED
D,TRADING,INTERCONNECTORRES,2,"2025/05/27 22:00:00",1,N-Q-MNSP1,264,-2.8,9,0.6,"2025/05/27 21:55:03"
D,TRADING,INTERCONNECTORRES,2,"2025/05/27 22:00:00",1,NSW1-QLD1,264,87.7,239,12.67,"2025/05/27 21:55:03"
D,TRADING,INTERCONNECTORRES,2,"2025/05/27 22:00:00",1,T-V-MNSP1,264,-461.5,-468.54,24.65,"2025/05/27 21:55:03"
D,TRADING,INTERCONNECTORRES,2,"2025/05/27 22:00:00",1,V-S-MNSP1,264,126,126,9.86,"2025/05/27 21:55:03"
D,TRADING,INTERCONNECTORRES,2,"2025/05/27 22:00:00",1,V-SA,264,566.29,570.29,43.18,"2025/05/27 21:55:03"
D,TRADING,INTERCONNECTORRES,2,"2025/05/27 22:00:00",1,VIC1-NSW1,264,5.7,13.12,0.21,"2025/05/27 21:55:03"
I,TRADING,PRICE,3,SETTLEMENTDATE,RUNNO,REGIONID,PERIODID,RRP,EEP,INVALIDFLAG,LASTCHANGED,ROP,RAISE6SECRRP,RAISE6SECROP,RAISE60SECRRP,RAISE60SECROP,RAISE5MINRRP,RAISE5MINROP,RAISEREGRRP,RAISEREGROP,LOWER6SECRRP,LOWER6SECROP,LOWER60SECRRP,LOWER60SECROP,LOWER5MINRRP,LOWER5MINROP,LOWERREGRRP,LOWERREGROP,RAISE1SECRRP,RAISE1SECROP,LOWER1SECRRP,LOWER1SECROP,PRICE_STATUS
D,TRADING,PRICE,3,"2025/05/27 22:00:00",1,SA1,264,80.44,0,0,"2025/05/27 21:55:03",80.44,0.23,0.23,0.1,0.1,0.1,0.1,5.99,5.99,0.01,0.01,0.39,0.39,0,0,0,0,0.36,0.36,0,0,FIRM
D,TRADING,PRICE,3,"2025/05/27 22:00:00",1,NSW1,264,65.16,0,0,"2025/05/27 21:55:03",65.16,0.23,0.23,0.1,0.1,0.1,0.1,5.99,5.99,0.01,0.01,0.39,0.39,0,0,0,0,0.36,0.36,0,0,FIRM
D,TRADING,PRICE,3,"2025/05/27 22:00:00",1,QLD1,264,70.14,0,0,"2025/05/27 21:55:03",70.14,0.23,0.23,0.1,0.1,0.1,0.1,5.99,5.99,0.01,0.01,0.39,0.39,0,0,0,0,0.36,0.36,0,0,FIRM
D,TRADING,PRICE,3,"2025/05/27 22:00:00",1,TAS1,264,100.24,0,0,"2025/05/27 21:55:03",100.24,0.38,0.38,0.38,0.38,0.36,0.36,8.4,8.4,0.01,0.01,0.38,0.38,0,0,3.48,3.48,0.36,0.36,0,0,FIRM
D,TRADING,PRICE,3,"2025/05/27 22:00:00",1,VIC1,264,64,0,0,"2025/05/27 21:55:03",64,0.23,0.23,0.1,0.1,0.1,0.1,5.99,5.99,0.01,0.01,0.39,0.39,0,0,0,0,0.36,0.36,0,0,FIRM
C,"END OF REPORT",15
