C,NEMP.WORLD,TRADINGIS,AEMO,PUBLIC,2025/05/28,03:35:10,0000000465189426,TRADINGIS,0000000465189425
I,TRADING,INTERCONNECTORRES,2,SETTLEMENTDATE,RUNNO,INTERCONNECTORID,PERIODID,METEREDMWFLOW,MWFLOW,MWLOSSES,LASTCHANGED
D,TRADING,INTERCONNECTORRES,2,"2025/05/28 03:40:00",1,N-Q-MNSP1,44,-0.8,0,0,"2025/05/28 03:35:03"
D,TRADING,INTERCONNECTORRES,2,"2025/05/28 03:40:00",1,NSW1-QLD1,44,257.1,277.22,6.16,"2025/05/28 03:35:03"
D,TRADING,INTERCONNECTORRES,2,"2025/05/28 03:40:00",1,T-V-MNSP1,44,-424.2,-475.62,25.38,"2025/05/28 03:35:03"
D,TRADING,INTERCONNECTORRES,2,"2025/05/28 03:40:00",1,V-S-MNSP1,44,166,166.67,21.24,"2025/05/28 03:35:03"
D,TRADING,INTERCONNECTORRES,2,"2025/05/28 03:40:00",1,V-SA,44,580.38,568.47,44.47,"2025/05/28 03:35:03"
D,TRADING,INTERCONNECTORRES,2,"2025/05/28 03:40:00",1,VIC1-NSW1,44,780.35,761.03,71.4,"2025/05/28 03:35:03"
I,TRADING,PRICE,3,SETTLEMENTDATE,RUNNO,REGIONID,PERIODID,RRP,EEP,INVALIDFLAG,LASTCHANGED,ROP,RAISE6SECRRP,RAISE6SECROP,RAISE60SECRRP,RAISE60SECROP,RAISE5MINRRP,RAISE5MINROP,RAISEREGRRP,RAISEREGROP,LOWER6SECRRP,LOWER6SECROP,LOWER60SECRRP,LOWER60SECROP,LOWER5MINRRP,LOWER5MINROP,LOWERREGRRP,LOWERREGROP,RAISE1SECRRP,RAISE1SECROP,LOWER1SECRRP,LOWER1SECROP,PRICE_STATUS
D,TRADING,PRICE,3,"2025/05/28 03:40:00",1,SA1,44,91.44,0,0,"2025/05/28 03:35:03",91.44,0.38,0.38,0.36,0.36,0.1,0.1,0.1,0.1,0.1,0.1,0.39,0.39,0,0,0,0,0.36,0.36,0,0,FIRM
D,TRADING,PRICE,3,"2025/05/28 03:40:00",1,NSW1,44,57.01,0,0,"2025/05/28 03:35:03",57.01,0.38,0.38,0.36,0.36,0.1,0.1,0.1,0.1,0.1,0.1,0.39,0.39,0,0,0,0,0.36,0.36,0,0,FIRM
D,TRADING,PRICE,3,"2025/05/28 03:40:00",1,QLD1,44,59.69,0,0,"2025/05/28 03:35:03",59.69,0.38,0.38,0.36,0.36,0.1,0.1,0.1,0.1,0.1,0.1,0.39,0.39,0,0,0,0,0.36,0.36,0,0,FIRM
D,TRADING,PRICE,3,"2025/05/28 03:40:00",1,TAS1,44,35.02,0,0,"2025/05/28 03:35:03",35.02,0.38,0.38,0.38,0.38,0.36,0.36,7.4,7.4,0.1,0.1,0.38,0.38,0,0,3.48,3.48,0.36,0.36,0,0,FIRM
D,TRADING,PRICE,3,"2025/05/28 03:40:00",1,VIC1,44,19.19,0,0,"2025/05/28 03:35:03",19.19,0.38,0.38,0.36,0.36,0.1,0.1,0.1,0.1,0.1,0.1,0.39,0.39,0,0,0,0,0.36,0.36,0,0,FIRM
C,"END OF REPORT",15
