C,NEMP.WORLD,TRADINGIS,AEMO,PUBLIC,2025/05/27,07:05:10,0000000465061300,TRADINGIS,0000000465061299
I,TRADING,INTERCONNECTORRES,2,SETTLEMENTDATE,RUNNO,INTERCONNECTORID,PERIODID,METEREDMWFLOW,MWFLOW,MWLOSSES,LASTCHANGED
D,TRADING,INTERCONNECTORRES,2,"2025/05/27 07:10:00",1,N-Q-MNSP1,86,-9.4,-9,-0.16,"2025/05/27 07:05:03"
D,TRADING,INTERCONNECTORRES,2,"2025/05/27 07:10:00",1,NSW1-QLD1,86,-147.8,-191.7,-2.92,"2025/05/27 07:05:03"
D,TRADING,INTERCONNECTORRES,2,"2025/05/27 07:10:00",1,T-V-MNSP1,86,-463.3,-459.98,23.8,"2025/05/27 07:05:03"
D,TRADING,INTERCONNECTORRES,2,"2025/05/27 07:10:00",1,V-S-MNSP1,86,-80,-17.23,1.63,"2025/05/27 07:05:03"
D,TRADING,INTERCONNECTORRES,2,"2025/05/27 07:10:00",1,V-SA,86,-104.07,-80.39,0.87,"2025/05/27 07:05:03"
D,TRADING,INTERCONNECTORRES,2,"2025/05/27 07:10:00",1,VIC1-NSW1,86,876.45,821.8,70.88,"2025/05/27 07:05:03"
I,TRADING,PRICE,3,SETTLEMENTDATE,RUNNO,REGIONID,PERIODID,RRP,EEP,INVALIDFLAG,LASTCHANGED,ROP,RAISE6SECRRP,RAISE6SECROP,RAISE60SECRRP,RAISE60SECROP,RAISE5MINRRP,RAISE5MINROP,RAISEREGRRP,RAISEREGROP,LOWER6SECRRP,LOWER6SECROP,LOWER60SECRRP,LOWER60SECROP,LOWER5MINRRP,LOWER5MINROP,LOWERREGRRP,LOWERREGROP,RAISE1SECRRP,RAISE1SECROP,LOWER1SECRRP,LOWER1SECROP,PRICE_STATUS
D,TRADING,PRICE,3,"2025/05/27 07:10:00",1,SA1,86,54.46,0,0,"2025/05/27 07:05:03",54.46,0.23,0.23,0.1,0.1,0.1,0.1,1.3,1.3,0.1,0.1,0.38,0.38,0.1,0.1,3.99,3.99,0.38,0.38,0,0,FIRM
D,TRADING,PRICE,3,"2025/05/27 07:10:00",1,NSW1,86,65.02,0,0,"2025/05/27 07:05:03",65.02,0.23,0.23,0.1,0.1,0.1,0.1,1.3,1.3,0.1,0.1,0.38,0.38,0.1,0.1,3.99,3.99,0.38,0.38,0,0,FIRM
D,TRADING,PRICE,3,"2025/05/27 07:10:00",1,QLD1,86,98.45,0,0,"2025/05/27 07:05:03",98.45,16.68,16.68,17.13,17.13,0.38,0.38,1.58,1.58,0.1,0.1,0.38,0.38,0.1,0.1,3.99,3.99,0.38,0.38,0,0,FIRM
D,TRADING,PRICE,3,"2025/05/27 07:10:00",1,TAS1,86,100.28,0,0,"2025/05/27 07:05:03",100.28,0.38,0.38,0.38,0.38,0.1,0.1,8.4,8.4,0.1,0.1,0.38,0.38,0,0,2.48,2.48,0.38,0.38,0,0,FIRM
D,TRADING,PRICE,3,"2025/05/27 07:10:00",1,VIC1,86,55.51,0,0,"2025/05/27 07:05:03",55.51,0.23,0.23,0.1,0.1,0.1,0.1,1.3,1.3,0.1,0.1,0.38,0.38,0.1,0.1,3.99,3.99,0.38,0.38,0,0,FIRM
C,"END OF REPORT",15
