C,NEMP.WORLD,TRADINGIS,AEMO,PUBLIC,2025/05/28,18:20:12,0000000465280200,TRADINGIS,0000000465280199
I,TRADING,INTERCONNECTORRES,2,SETTLEMENTDATE,RUNNO,INTERCONNECTORID,PERIODID,METEREDMWFLOW,MWFLOW,MWLOSSES,LASTCHANGED
D,TRADING,INTERCONNECTORRES,2,"2025/05/28 18:25:00",1,N-Q-MNSP1,221,-161.1,-81.1,14.6,"2025/05/28 18:20:03"
D,TRADING,INTERCONNECTORRES,2,"2025/05/28 18:25:00",1,NSW1-QLD1,221,-365.3,-601.32,-6.9,"2025/05/28 18:20:03"
D,TRADING,INTERCONNECTORRES,2,"2025/05/28 18:25:00",1,T-V-MNSP1,221,224,100,0.65,"2025/05/28 18:20:03"
D,TRADING,INTERCONNECTORRES,2,"2025/05/28 18:25:00",1,V-S-MNSP1,221,108,117,7.89,"2025/05/28 18:20:03"
D,TRADING,INTERCONNECTORRES,2,"2025/05/28 18:25:00",1,V-SA,221,517.53,562.59,40.92,"2025/05/28 18:20:03"
D,TRADING,INTERCONNECTORRES,2,"2025/05/28 18:25:00",1,VIC1-NSW1,221,-842.75,-1106.11,105.23,"2025/05/28 18:20:03"
I,TRADING,PRICE,3,SETTLEMENTDATE,RUNNO,REGIONID,PERIODID,RRP,EEP,INVALIDFLAG,LASTCHANGED,ROP,RAISE6SECRRP,RAISE6SECROP,RAISE60SECRRP,RAISE60SECROP,RAISE5MINRRP,RAISE5MINROP,RAISEREGRRP,RAISEREGROP,LOWER6SECRRP,LOWER6SECROP,LOWER60SECRRP,LOWER60SECROP,LOWER5MINRRP,LOWER5MINROP,LOWERREGRRP,LOWERREGROP,RAISE1SECRRP,RAISE1SECROP,LOWER1SECRRP,LOWER1SECROP,PRICE_STATUS
D,TRADING,PRICE,3,"2025/05/28 18:25:00",1,SA1,221,125,0,0,"2025/05/28 18:20:03",125,0.37,0.37,0.15,0.15,0.15,0.15,7.84,7.84,0.1,0.1,0.38,0.38,0.15,0.15,7.95,7.95,0.04,0.04,0,0,FIRM
D,TRADING,PRICE,3,"2025/05/28 18:25:00",1,NSW1,221,82.7,0,0,"2025/05/28 18:20:03",82.7,0.37,0.37,0.15,0.15,0.15,0.15,7.84,7.84,0.1,0.1,0.38,0.38,0.15,0.15,7.95,7.95,0.04,0.04,0,0,FIRM
D,TRADING,PRICE,3,"2025/05/28 18:25:00",1,QLD1,221,79.09,0,0,"2025/05/28 18:20:03",79.09,0.37,0.37,0.15,0.15,0.15,0.15,7.84,7.84,0.1,0.1,0.38,0.38,0.15,0.15,7.95,7.95,0.04,0.04,0,0,FIRM
D,TRADING,PRICE,3,"2025/05/28 18:25:00",1,TAS1,221,100.2,0,0,"2025/05/28 18:20:03",100.2,0.38,0.38,0.38,0.38,0.38,0.38,6.5,6.5,0.1,0.1,0.38,0.38,0,0,3.48,3.48,0.04,0.04,0,0,FIRM
D,TRADING,PRICE,3,"2025/05/28 18:25:00",1,VIC1,221,99.12,0,0,"2025/05/28 18:20:03",99.12,0.37,0.37,0.15,0.15,0.15,0.15,7.84,7.84,0.1,0.1,0.38,0.38,0.15,0.15,7.95,7.95,0.04,0.04,0,0,FIRM
C,"END OF REPORT",15
