C,NEMP.WORLD,TRADINGIS,AEMO,PUBLIC,2025/05/28,14:45:11,0000000465257463,TRADINGIS,0000000465257462
I,TRADING,INTERCONNECTORRES,2,SETTLEMENTDATE,RUNNO,INTERCONNECTORID,PERIODID,METEREDMWFLOW,MWFLOW,MWLOSSES,LASTCHANGED
D,TRADING,INTERCONNECTORRES,2,"2025/05/28 14:50:00",1,N-Q-MNSP1,178,-19.5,-17,0.07,"2025/05/28 14:45:03"
D,TRADING,INTERCONNECTORRES,2,"2025/05/28 14:50:00",1,NSW1-QLD1,178,-323.9,-382.71,10.26,"2025/05/28 14:45:03"
D,TRADING,INTERCONNECTORRES,2,"2025/05/28 14:50:00",1,T-V-MNSP1,178,-456.6,-434.08,21.29,"2025/05/28 14:45:03"
D,TRADING,INTERCONNECTORRES,2,"2025/05/28 14:50:00",1,V-S-MNSP1,178,155,155.01,17.57,"2025/05/28 14:45:03"
D,TRADING,INTERCONNECTORRES,2,"2025/05/28 14:50:00",1,V-SA,178,546.5,560.82,26.81,"2025/05/28 14:45:03"
D,TRADING,INTERCONNECTORRES,2,"2025/05/28 14:50:00",1,VIC1-NSW1,178,-335.86,-429.14,-2.85,"2025/05/28 14:45:03"
I,TRADING,PRICE,3,SETTLEMENTDATE,RUNNO,REGIONID,PERIODID,RRP,EEP,INVALIDFLAG,LASTCHANGED,ROP,RAISE6SECRRP,RAISE6SECROP,RAISE60SECRRP,RAISE60SECROP,RAISE5MINRRP,RAISE5MINROP,RAISEREGRRP,RAISEREGROP,LOWER6SECRRP,LOWER6SECROP,LOWER60SECRRP,LOWER60SECROP,LOWER5MINRRP,LOWER5MINROP,LOWERREGRRP,LOWERREGROP,RAISE1SECRRP,RAISE1SECROP,LOWER1SECRRP,LOWER1SECROP,PRICE_STATUS
D,TRADING,PRICE,3,"2025/05/28 14:50:00",1,SA1,178,149,0,0,"2025/05/28 14:45:03",149,0.23,0.23,0.1,0.1,0.1,0.1,9.24,9.24,0.1,0.1,1.37,1.37,0.39,0.39,3.7,3.7,0.36,0.36,0,0,FIRM
D,TRADING,PRICE,3,"2025/05/28 14:50:00",1,NSW1,178,57.01,0,0,"2025/05/28 14:45:03",57.01,0.23,0.23,0.1,0.1,0.1,0.1,9.24,9.24,0.1,0.1,1.37,1.37,0.39,0.39,3.7,3.7,0.36,0.36,0,0,FIRM
D,TRADING,PRICE,3,"2025/05/28 14:50:00",1,QLD1,178,44.94,0,0,"2025/05/28 14:45:03",44.94,0.23,0.23,0.1,0.1,0.1,0.1,9.24,9.24,5.52,5.52,4.89,4.89,0.39,0.39,3.7,3.7,0.36,0.36,0,0,FIRM
D,TRADING,PRICE,3,"2025/05/28 14:50:00",1,TAS1,178,100.12,0,0,"2025/05/28 14:45:03",100.12,0.38,0.38,0.38,0.38,0.1,0.1,6.44,6.44,0.1,0.1,1.37,1.37,0,0,2.48,2.48,0.36,0.36,0,0,FIRM
D,TRADING,PRICE,3,"2025/05/28 14:50:00",1,VIC1,178,58.8,0,0,"2025/05/28 14:45:03",58.8,0.23,0.23,0.1,0.1,0.1,0.1,9.24,9.24,0.1,0.1,1.37,1.37,0.39,0.39,3.7,3.7,0.36,0.36,0,0,FIRM
C,"END OF REPORT",15
