C,NEMP.WORLD,TRADINGIS,AEMO,PUBLIC,2025/05/28,16:15:11,0000000465266965,TRADINGIS,0000000465266964
I,TRADING,INTERCONNECTORRES,2,SETTLEMENTDATE,RUNNO,INTERCONNECTORID,PERIODID,METEREDMWFLOW,MWFLOW,MWLOSSES,LASTCHANGED
D,TRADING,INTERCONNECTORRES,2,"2025/05/28 16:20:00",1,N-Q-MNSP1,196,-26.1,-25,0.65,"2025/05/28 16:15:03"
D,TRADING,INTERCONNECTORRES,2,"2025/05/28 16:20:00",1,NSW1-QLD1,196,-663.8,-708.8,17.3,"2025/05/28 16:15:03"
D,TRADING,INTERCONNECTORRES,2,"2025/05/28 16:20:00",1,T-V-MNSP1,196,0,-27.4,0.19,"2025/05/28 16:15:03"
D,TRADING,INTERCONNECTORRES,2,"2025/05/28 16:20:00",1,V-S-MNSP1,196,63,63,0.15,"2025/05/28 16:15:03"
D,TRADING,INTERCONNECTORRES,2,"2025/05/28 16:20:00",1,V-SA,196,375.47,386.02,9.43,"2025/05/28 16:15:03"
D,TRADING,INTERCONNECTORRES,2,"2025/05/28 16:20:00",1,VIC1-NSW1,196,219.42,90.91,3.85,"2025/05/28 16:15:03"
I,TRADING,PRICE,3,SETTLEMENTDATE,RUNNO,REGIONID,PERIODID,RRP,EEP,INVALIDFLAG,LASTCHANGED,ROP,RAISE6SECRRP,RAISE6SECROP,RAISE60SECRRP,RAISE60SECROP,RAISE5MINRRP,RAISE5MINROP,RAISEREGRRP,RAISEREGROP,LOWER6SECRRP,LOWER6SECROP,LOWER60SECRRP,LOWER60SECROP,LOWER5MINRRP,LOWER5MINROP,LOWERREGRRP,LOWERREGROP,RAISE1SECRRP,RAISE1SECROP,LOWER1SECRRP,LOWER1SECROP,PRICE_STATUS
D,TRADING,PRICE,3,"2025/05/28 16:20:00",1,SA1,196,172.14,0,0,"2025/05/28 16:15:03",172.14,0.39,0.39,0.38,0.38,0.24,0.24,5,5,0,0,0.01,0.01,0,0,8.5,8.5,0.38,0.38,0,0,FIRM
D,TRADING,PRICE,3,"2025/05/28 16:20:00",1,NSW1,196,168.73,0,0,"2025/05/28 16:15:03",168.73,0.39,0.39,0.38,0.38,0.24,0.24,5,5,0,0,0.01,0.01,0,0,8.5,8.5,0.38,0.38,0,0,FIRM
D,TRADING,PRICE,3,"2025/05/28 16:20:00",1,QLD1,196,96.83,0,0,"2025/05/28 16:15:03",96.83,0.39,0.39,0.38,0.38,0.24,0.24,5,5,42.23,42.23,16.68,16.68,0.38,0.38,8.88,8.88,0.38,0.38,0,0,FIRM
D,TRADING,PRICE,3,"2025/05/28 16:20:00",1,TAS1,196,160.28,0,0,"2025/05/28 16:15:03",160.28,29.81,29.81,0.38,0.38,0.38,0.38,18.44,18.44,0.38,0.38,0.38,0.38,0.38,0.38,2.48,2.48,0,0,0,0,FIRM
D,TRADING,PRICE,3,"2025/05/28 16:20:00",1,VIC1,196,160.95,0,0,"2025/05/28 16:15:03",160.95,0.39,0.39,0.38,0.38,0.24,0.24,5,5,0,0,0.01,0.01,0,0,8.5,8.5,0.38,0.38,0,0,FIRM
C,"END OF REPORT",15
