C,NEMP.WORLD,TRADINGIS,AEMO,PUBLIC,2025/05/27,00:45:15,0000000465023005,TRADINGIS,0000000465023004
I,TRADING,INTERCONNECTORRES,2,SETTLEMENTDATE,RUNNO,INTERCONNECTORID,PERIODID,METEREDMWFLOW,MWFLOW,MWLOSSES,LASTCHANGED
D,TRADING,INTERCONNECTORRES,2,"2025/05/27 00:50:00",1,N-Q-MNSP1,10,7.5,9,0.6,"2025/05/27 00:45:07"
D,TRADING,INTERCONNECTORRES,2,"2025/05/27 00:50:00",1,NSW1-QLD1,10,433.4,366.42,14.24,"2025/05/27 00:45:07"
D,TRADING,INTERCONNECTORRES,2,"2025/05/27 00:50:00",1,T-V-MNSP1,10,-435.2,-458.3,23.63,"2025/05/27 00:45:07"
D,TRADING,INTERCONNECTORRES,2,"2025/05/27 00:50:00",1,V-S-MNSP1,10,-142,-143.32,35.31,"2025/05/27 00:45:07"
D,TRADING,INTERCONNECTORRES,2,"2025/05/27 00:50:00",1,V-SA,10,-221.67,-288.22,2.78,"2025/05/27 00:45:07"
D,TRADING,INTERCONNECTORRES,2,"2025/05/27 00:50:00",1,VIC1-NSW1,10,1063.29,1059.56,109.12,"2025/05/27 00:45:07"
I,TRADING,PRICE,3,SETTLEMENTDATE,RUNNO,REGIONID,PERIODID,RRP,EEP,INVALIDFLAG,LASTCHANGED,ROP,RAISE6SECRRP,RAISE6SECROP,RAISE60SECRRP,RAISE60SECROP,RAISE5MINRRP,RAISE5MINROP,RAISEREGRRP,RAISEREGROP,LOWER6SECRRP,LOWER6SECROP,LOWER60SECRRP,LOWER60SECROP,LOWER5MINRRP,LOWER5MINROP,LOWERREGRRP,LOWERREGROP,RAISE1SECRRP,RAISE1SECROP,LOWER1SECRRP,LOWER1SECROP,PRICE_STATUS
D,TRADING,PRICE,3,"2025/05/27 00:50:00",1,SA1,10,-13.2,0,0,"2025/05/27 00:45:07",-13.2,0.01,0.01,0.01,0.01,0.04,0.04,5.99,5.99,0.39,0.39,1,1,0,0,0,0,0.04,0.04,0,0,FIRM
D,TRADING,PRICE,3,"2025/05/27 00:50:00",1,NSW1,10,47.21,0,0,"2025/05/27 00:45:07",47.21,0.01,0.01,0.01,0.01,0.04,0.04,5.99,5.99,0.39,0.39,1,1,0,0,0,0,0.04,0.04,0,0,FIRM
D,TRADING,PRICE,3,"2025/05/27 00:50:00",1,QLD1,10,50.75,0,0,"2025/05/27 00:45:07",50.75,0.01,0.01,0.01,0.01,0.04,0.04,5.99,5.99,0.39,0.39,1,1,0,0,0,0,0.04,0.04,0,0,FIRM
D,TRADING,PRICE,3,"2025/05/27 00:50:00",1,TAS1,10,12.05,0,0,"2025/05/27 00:45:07",12.05,0.38,0.38,0.38,0.38,0.36,0.36,7.8,7.8,0.38,0.38,0.38,0.38,0,0,2.55,2.55,0.04,0.04,0,0,FIRM
D,TRADING,PRICE,3,"2025/05/27 00:50:00",1,VIC1,10,-13.76,0,0,"2025/05/27 00:45:07",-13.76,0.01,0.01,0.01,0.01,0.04,0.04,5.99,5.99,0.39,0.39,1,1,0,0,0,0,0.04,0.04,0,0,FIRM
C,"END OF REPORT",15
