C,NEMP.WORLD,TRADINGIS,AEMO,PUBLIC,2025/05/28,03:00:11,0000000465186122,TRADINGIS,0000000465186121
I,TRADING,INTERCONNECTORRES,2,SETTLEMENTDATE,RUNNO,INTERCONNECTORID,PERIODID,METEREDMWFLOW,MWFLOW,MWLOSSES,LASTCHANGED
D,TRADING,INTERCONNECTORRES,2,"2025/05/28 03:05:00",1,N-Q-MNSP1,37,-0.6,0,0,"2025/05/28 03:00:03"
D,TRADING,INTERCONNECTORRES,2,"2025/05/28 03:05:00",1,NSW1-QLD1,37,170.9,138.44,1.28,"2025/05/28 03:00:03"
D,TRADING,INTERCONNECTORRES,2,"2025/05/28 03:05:00",1,T-V-MNSP1,37,-431,-476.7,25.49,"2025/05/28 03:00:03"
D,TRADING,INTERCONNECTORRES,2,"2025/05/28 03:05:00",1,V-S-MNSP1,37,166,166.79,21.28,"2025/05/28 03:00:03"
D,TRADING,INTERCONNECTORRES,2,"2025/05/28 03:05:00",1,V-SA,37,587.22,565.35,44.59,"2025/05/28 03:00:03"
D,TRADING,INTERCONNECTORRES,2,"2025/05/28 03:05:00",1,VIC1-NSW1,37,623.63,612.2,48.79,"2025/05/28 03:00:03"
I,TRADING,PRICE,3,SETTLEMENTDATE,RUNNO,REGIONID,PERIODID,RRP,EEP,INVALIDFLAG,LASTCHANGED,ROP,RAISE6SECRRP,RAISE6SECROP,RAISE60SECRRP,RAISE60SECROP,RAISE5MINRRP,RAISE5MINROP,RAISEREGRRP,RAISEREGROP,LOWER6SECRRP,LOWER6SECROP,LOWER60SECRRP,LOWER60SECROP,LOWER5MINRRP,LOWER5MINROP,LOWERREGRRP,LOWERREGROP,RAISE1SECRRP,RAISE1SECROP,LOWER1SECRRP,LOWER1SECROP,PRICE_STATUS
D,TRADING,PRICE,3,"2025/05/28 03:05:00",1,SA1,37,99.45,0,0,"2025/05/28 03:00:03",99.45,0.37,0.37,0.23,0.23,0.1,0.1,0.1,0.1,0.1,0.1,0.38,0.38,0.01,0.01,3.6,3.6,0.1,0.1,0,0,FIRM
D,TRADING,PRICE,3,"2025/05/28 03:05:00",1,NSW1,37,56.98,0,0,"2025/05/28 03:00:03",56.98,0.37,0.37,0.23,0.23,0.1,0.1,0.1,0.1,0.1,0.1,0.38,0.38,0.01,0.01,3.6,3.6,0.1,0.1,0,0,FIRM
D,TRADING,PRICE,3,"2025/05/28 03:05:00",1,QLD1,37,58.2,0,0,"2025/05/28 03:00:03",58.2,0.37,0.37,0.23,0.23,0.1,0.1,0.1,0.1,0.1,0.1,0.38,0.38,0.01,0.01,3.6,3.6,0.1,0.1,0,0,FIRM
D,TRADING,PRICE,3,"2025/05/28 03:05:00",1,TAS1,37,35.02,0,0,"2025/05/28 03:00:03",35.02,0.38,0.38,0.38,0.38,0.36,0.36,7.4,7.4,0.1,0.1,0.38,0.38,0,0,2.48,2.48,0.1,0.1,0,0,FIRM
D,TRADING,PRICE,3,"2025/05/28 03:05:00",1,VIC1,37,12.42,0,0,"2025/05/28 03:00:03",12.42,0.37,0.37,0.23,0.23,0.1,0.1,0.1,0.1,0.1,0.1,0.38,0.38,0.01,0.01,3.6,3.6,0.1,0.1,0,0,FIRM
C,"END OF REPORT",15
