C,NEMP.WORLD,TRADINGIS,AEMO,PUBLIC,2025/05/28,02:30:11,0000000465183294,TRADINGIS,0000000465183293
I,TRADING,INTERCONNECTORRES,2,SETTLEMENTDATE,RUNNO,INTERCONNECTORID,PERIODID,METEREDMWFLOW,MWFLOW,MWLOSSES,LASTCHANGED
D,TRADING,INTERCONNECTORRES,2,"2025/05/28 02:35:00",1,N-Q-MNSP1,31,-8.3,-9,-0.16,"2025/05/28 02:30:03"
D,TRADING,INTERCONNECTORRES,2,"2025/05/28 02:35:00",1,NSW1-QLD1,31,94.6,24.31,0.03,"2025/05/28 02:30:03"
D,TRADING,INTERCONNECTORRES,2,"2025/05/28 02:35:00",1,T-V-MNSP1,31,-426.1,-475.97,25.41,"2025/05/28 02:30:03"
D,TRADING,INTERCONNECTORRES,2,"2025/05/28 02:35:00",1,V-S-MNSP1,31,167,171.37,22.79,"2025/05/28 02:30:03"
D,TRADING,INTERCONNECTORRES,2,"2025/05/28 02:35:00",1,V-SA,31,584.48,568.72,44.87,"2025/05/28 02:30:03"
D,TRADING,INTERCONNECTORRES,2,"2025/05/28 02:35:00",1,VIC1-NSW1,31,713.98,650.84,53.5,"2025/05/28 02:30:03"
I,TRADING,PRICE,3,SETTLEMENTDATE,RUNNO,REGIONID,PERIODID,RRP,EEP,INVALIDFLAG,LASTCHANGED,ROP,RAISE6SECRRP,RAISE6SECROP,RAISE60SECRRP,RAISE60SECROP,RAISE5MINRRP,RAISE5MINROP,RAISEREGRRP,RAISEREGROP,LOWER6SECRRP,LOWER6SECROP,LOWER60SECRRP,LOWER60SECROP,LOWER5MINRRP,LOWER5MINROP,LOWERREGRRP,LOWERREGROP,RAISE1SECRRP,RAISE1SECROP,LOWER1SECRRP,LOWER1SECROP,PRICE_STATUS
D,TRADING,PRICE,3,"2025/05/28 02:35:00",1,SA1,31,99.45,0,0,"2025/05/28 02:30:03",99.45,0.37,0.37,0.23,0.23,0.23,0.23,0.23,0.23,0.1,0.1,0.38,0.38,0.1,0.1,3.75,3.75,0.04,0.04,0,0,FIRM
D,TRADING,PRICE,3,"2025/05/28 02:35:00",1,NSW1,31,55.44,0,0,"2025/05/28 02:30:03",55.44,0.37,0.37,0.23,0.23,0.23,0.23,0.23,0.23,0.1,0.1,0.38,0.38,0.1,0.1,3.75,3.75,0.04,0.04,0,0,FIRM
D,TRADING,PRICE,3,"2025/05/28 02:35:00",1,QLD1,31,55.73,0,0,"2025/05/28 02:30:03",55.73,0.37,0.37,0.23,0.23,0.23,0.23,0.23,0.23,0.1,0.1,0.38,0.38,0.1,0.1,3.75,3.75,0.04,0.04,0,0,FIRM
D,TRADING,PRICE,3,"2025/05/28 02:35:00",1,TAS1,31,35.02,0,0,"2025/05/28 02:30:03",35.02,0.38,0.38,0.38,0.38,0.38,0.38,7.4,7.4,0.1,0.1,0.38,0.38,0,0,2.48,2.48,0.04,0.04,0,0,FIRM
D,TRADING,PRICE,3,"2025/05/28 02:35:00",1,VIC1,31,8.95,0,0,"2025/05/28 02:30:03",8.95,0.37,0.37,0.23,0.23,0.23,0.23,0.23,0.23,0.1,0.1,0.38,0.38,0.1,0.1,3.75,3.75,0.04,0.04,0,0,FIRM
C,"END OF REPORT",15
