C,NEMP.WORLD,TRADINGIS,AEMO,PUBLIC,2025/06/06,17:40:11,0000000466562825,TRADINGIS,0000000466562824
I,TRADING,INTERCONNECTORRES,2,SETTLEMENTDATE,RUNNO,INTERCONNECTORID,PERIODID,METEREDMWFLOW,MWFLOW,MWLOSSES,LASTCHANGED
D,TRADING,INTERCONNECTORRES,2,"2025/06/06 17:45:00",1,N-Q-MNSP1,213,-11.4,-9,-0.16,"2025/06/06 17:40:04"
D,TRADING,INTERCONNECTORRES,2,"2025/06/06 17:45:00",1,NSW1-QLD1,213,-507.1,-490.72,-15.95,"2025/06/06 17:40:04"
D,TRADING,INTERCONNECTORRES,2,"2025/06/06 17:45:00",1,T-V-MNSP1,213,-448.7,-460.49,23.85,"2025/06/06 17:40:04"
D,TRADING,INTERCONNECTORRES,2,"2025/06/06 17:45:00",1,V-S-MNSP1,213,-125,-125,28.04,"2025/06/06 17:40:04"
D,TRADING,INTERCONNECTORRES,2,"2025/06/06 17:45:00",1,V-SA,213,83.94,52.84,0.65,"2025/06/06 17:40:04"
D,TRADING,INTERCONNECTORRES,2,"2025/06/06 17:45:00",1,VIC1-NSW1,213,-61.29,-36.32,0.23,"2025/06/06 17:40:04"
I,TRADING,PRICE,3,SETTLEMENTDATE,RUNNO,REGIONID,PERIODID,RRP,EEP,INVALIDFLAG,LASTCHANGED,ROP,RAISE6SECRRP,RAISE6SECROP,RAISE60SECRRP,RAISE60SECROP,RAISE5MINRRP,RAISE5MINROP,RAISEREGRRP,RAISEREGROP,LOWER6SECRRP,LOWER6SECROP,LOWER60SECRRP,LOWER60SECROP,LOWER5MINRRP,LOWER5MINROP,LOWERREGRRP,LOWERREGROP,RAISE1SECRRP,RAISE1SECROP,LOWER1SECRRP,LOWER1SECROP,PRICE_STATUS
D,TRADING,PRICE,3,"2025/06/06 17:45:00",1,SA1,213,-19.9,0,0,"2025/06/06 17:40:04",-19.9,1.84,1.84,0.24,0.24,0.32,0.32,5.99,5.99,0.1,0.1,0.38,0.38,0.38,0.38,3.7,3.7,0.37,0.37,0,0,"NOT FIRM"
D,TRADING,PRICE,3,"2025/06/06 17:45:00",1,NSW1,213,145.01,0,0,"2025/06/06 17:40:04",145.01,1.84,1.84,0.24,0.24,0.32,0.32,5.99,5.99,0.1,0.1,0.38,0.38,0.38,0.38,3.7,3.7,0.37,0.37,0,0,"NOT FIRM"
D,TRADING,PRICE,3,"2025/06/06 17:45:00",1,QLD1,213,143.73,0,0,"2025/06/06 17:40:04",143.73,1.84,1.84,0.24,0.24,0.32,0.32,5.99,5.99,0.1,0.1,0.38,0.38,0.38,0.38,3.7,3.7,0.37,0.37,0,0,"NOT FIRM"
D,TRADING,PRICE,3,"2025/06/06 17:45:00",1,TAS1,213,120.08,0,0,"2025/06/06 17:40:04",120.08,7.84,7.84,0.38,0.38,0.36,0.36,7.62,7.62,0.1,0.1,0.38,0.38,0,0,3.06,3.06,0.37,0.37,0,0,"NOT FIRM"
D,TRADING,PRICE,3,"2025/06/06 17:45:00",1,VIC1,213,75.89,0,0,"2025/06/06 17:40:04",75.89,1.84,1.84,0.24,0.24,0.32,0.32,5.99,5.99,0.1,0.1,0.38,0.38,0.38,0.38,3.7,3.7,0.37,0.37,0,0,"NOT FIRM"
C,"END OF REPORT",15
