C,NEMP.WORLD,TRADINGIS,AEMO,PUBLIC,2025/05/27,08:35:11,0000000465069869,TRADINGIS,0000000465069868
I,TRADING,INTERCONNECTORRES,2,SETTLEMENTDATE,RUNNO,INTERCONNECTORID,PERIODID,METEREDMWFLOW,MWFLOW,MWLOSSES,LASTCHANGED
D,TRADING,INTERCONNECTORRES,2,"2025/05/27 08:40:00",1,N-Q-MNSP1,104,-27.6,-17,0.07,"2025/05/27 08:35:03"
D,TRADING,INTERCONNECTORRES,2,"2025/05/27 08:40:00",1,NSW1-QLD1,104,-417.3,-300.24,3.24,"2025/05/27 08:35:03"
D,TRADING,INTERCONNECTORRES,2,"2025/05/27 08:40:00",1,T-V-MNSP1,104,-413.9,-385.21,16.94,"2025/05/27 08:35:03"
D,TRADING,INTERCONNECTORRES,2,"2025/05/27 08:40:00",1,V-S-MNSP1,104,-85,-83.79,14.65,"2025/05/27 08:35:03"
D,TRADING,INTERCONNECTORRES,2,"2025/05/27 08:40:00",1,V-SA,104,193.35,169.33,4.06,"2025/05/27 08:35:03"
D,TRADING,INTERCONNECTORRES,2,"2025/05/27 08:40:00",1,VIC1-NSW1,104,535.98,596.91,34.96,"2025/05/27 08:35:03"
I,TRADING,PRICE,3,SETTLEMENTDATE,RUNNO,REGIONID,PERIODID,RRP,EEP,INVALIDFLAG,LASTCHANGED,ROP,RAISE6SECRRP,RAISE6SECROP,RAISE60SECRRP,RAISE60SECROP,RAISE5MINRRP,RAISE5MINROP,RAISEREGRRP,RAISEREGROP,LOWER6SECRRP,LOWER6SECROP,LOWER60SECRRP,LOWER60SECROP,LOWER5MINRRP,LOWER5MINROP,LOWERREGRRP,LOWERREGROP,RAISE1SECRRP,RAISE1SECROP,LOWER1SECRRP,LOWER1SECROP,PRICE_STATUS
D,TRADING,PRICE,3,"2025/05/27 08:40:00",1,SA1,104,72.92,0,0,"2025/05/27 08:35:03",72.92,0.1,0.1,0.04,0.04,0.04,0.04,11,11,0.01,0.01,0.15,0.15,0.07,0.07,3.7,3.7,0.04,0.04,0,0,FIRM
D,TRADING,PRICE,3,"2025/05/27 08:40:00",1,NSW1,104,77.97,0,0,"2025/05/27 08:35:03",77.97,0.1,0.1,0.04,0.04,0.04,0.04,11,11,0.01,0.01,0.15,0.15,0.07,0.07,3.7,3.7,0.04,0.04,0,0,FIRM
D,TRADING,PRICE,3,"2025/05/27 08:40:00",1,QLD1,104,75,0,0,"2025/05/27 08:35:03",75,0.1,0.1,0.04,0.04,0.04,0.04,11,11,0.01,0.01,0.15,0.15,0.07,0.07,3.7,3.7,0.04,0.04,0,0,FIRM
D,TRADING,PRICE,3,"2025/05/27 08:40:00",1,TAS1,104,75.28,0,0,"2025/05/27 08:35:03",75.28,0.36,0.36,0.36,0.36,0.04,0.04,8.4,8.4,0.01,0.01,0.15,0.15,0.07,0.07,2.48,2.48,0.04,0.04,0,0,FIRM
D,TRADING,PRICE,3,"2025/05/27 08:40:00",1,VIC1,104,69.97,0,0,"2025/05/27 08:35:03",69.97,0.1,0.1,0.04,0.04,0.04,0.04,11,11,0.01,0.01,0.15,0.15,0.07,0.07,3.7,3.7,0.04,0.04,0,0,FIRM
C,"END OF REPORT",15
