C,NEMP.WORLD,TRADINGIS,AEMO,PUBLIC,2025/05/26,16:00:11,0000000464968131,TRADINGIS,0000000464968130
I,TRADING,INTERCONNECTORRES,2,SETTLEMENTDATE,RUNNO,INTERCONNECTORID,PERIODID,METEREDMWFLOW,MWFLOW,MWLOSSES,LASTCHANGED
D,TRADING,INTERCONNECTORRES,2,"2025/05/26 16:05:00",1,N-Q-MNSP1,193,-1.1,0,0,"2025/05/26 16:00:04"
D,TRADING,INTERCONNECTORRES,2,"2025/05/26 16:05:00",1,NSW1-QLD1,193,-147.6,-57.39,-2.51,"2025/05/26 16:00:04"
D,TRADING,INTERCONNECTORRES,2,"2025/05/26 16:05:00",1,T-V-MNSP1,193,-415.1,-437.88,21.65,"2025/05/26 16:00:04"
D,TRADING,INTERCONNECTORRES,2,"2025/05/26 16:05:00",1,V-S-MNSP1,193,-158,-78,13.1,"2025/05/26 16:00:04"
D,TRADING,INTERCONNECTORRES,2,"2025/05/26 16:05:00",1,V-SA,193,-99.72,-124.85,1.09,"2025/05/26 16:00:04"
D,TRADING,INTERCONNECTORRES,2,"2025/05/26 16:05:00",1,VIC1-NSW1,193,868.97,1034.96,117.44,"2025/05/26 16:00:04"
I,TRADING,PRICE,3,SETTLEMENTDATE,RUNNO,REGIONID,PERIODID,RRP,EEP,INVALIDFLAG,LASTCHANGED,ROP,RAISE6SECRRP,RAISE6SECROP,RAISE60SECRRP,RAISE60SECROP,RAISE5MINRRP,RAISE5MINROP,RAISEREGRRP,RAISEREGROP,LOWER6SECRRP,LOWER6SECROP,LOWER60SECRRP,LOWER60SECROP,LOWER5MINRRP,LOWER5MINROP,LOWERREGRRP,LOWERREGROP,RAISE1SECRRP,RAISE1SECROP,LOWER1SECRRP,LOWER1SECROP,PRICE_STATUS
D,TRADING,PRICE,3,"2025/05/26 16:05:00",1,SA1,193,-19.9,0,0,"2025/05/26 16:00:04",-19.9,0.37,0.37,0.1,0.1,0.15,0.15,25.75,25.75,0.38,0.38,0.45,0.45,0.04,0.04,0.04,0.04,0.37,0.37,0,0,FIRM
D,TRADING,PRICE,3,"2025/05/26 16:05:00",1,NSW1,193,90.4,0,0,"2025/05/26 16:00:04",90.4,0.37,0.37,0.1,0.1,0.15,0.15,25.75,25.75,0.38,0.38,0.45,0.45,0.04,0.04,0.04,0.04,0.37,0.37,0,0,FIRM
D,TRADING,PRICE,3,"2025/05/26 16:05:00",1,QLD1,193,93.75,0,0,"2025/05/26 16:00:04",93.75,0.37,0.37,0.1,0.1,0.15,0.15,25.75,25.75,0.38,0.38,0.45,0.45,0.04,0.04,0.04,0.04,0.37,0.37,0,0,FIRM
D,TRADING,PRICE,3,"2025/05/26 16:05:00",1,TAS1,193,55.28,0,0,"2025/05/26 16:00:04",55.28,0.38,0.38,0.38,0.38,0.36,0.36,8.8,8.8,0.38,0.38,0.38,0.38,0,0,2.55,2.55,0.37,0.37,0,0,FIRM
D,TRADING,PRICE,3,"2025/05/26 16:05:00",1,VIC1,193,34.86,0,0,"2025/05/26 16:00:04",34.86,0.37,0.37,0.1,0.1,0.15,0.15,25.75,25.75,0.38,0.38,0.45,0.45,0.04,0.04,0.04,0.04,0.37,0.37,0,0,FIRM
C,"END OF REPORT",15
