C,NEMP.WORLD,TRADINGIS,AEMO,PUBLIC,2025/05/27,08:55:11,0000000465071956,TRADINGIS,0000000465071955
I,TRADING,INTERCONNECTORRES,2,SETTLEMENTDATE,RUNNO,INTERCONNECTORID,PERIODID,METEREDMWFLOW,MWFLOW,MWLOSSES,LASTCHANGED
D,TRADING,INTERCONNECTORRES,2,"2025/05/27 09:00:00",1,N-Q-MNSP1,108,-8,-9,-0.16,"2025/05/27 08:55:04"
D,TRADING,INTERCONNECTORRES,2,"2025/05/27 09:00:00",1,NSW1-QLD1,108,-100.4,-100.43,-0.93,"2025/05/27 08:55:04"
D,TRADING,INTERCONNECTORRES,2,"2025/05/27 09:00:00",1,T-V-MNSP1,108,-429.1,-454.79,23.28,"2025/05/27 08:55:04"
D,TRADING,INTERCONNECTORRES,2,"2025/05/27 09:00:00",1,V-S-MNSP1,108,-60,9.05,-0.57,"2025/05/27 08:55:04"
D,TRADING,INTERCONNECTORRES,2,"2025/05/27 09:00:00",1,V-SA,108,335.43,212.75,6.41,"2025/05/27 08:55:04"
D,TRADING,INTERCONNECTORRES,2,"2025/05/27 09:00:00",1,VIC1-NSW1,108,694.23,632.1,40.38,"2025/05/27 08:55:04"
I,TRADING,PRICE,3,SETTLEMENTDATE,RUNNO,REGIONID,PERIODID,RRP,EEP,INVALIDFLAG,LASTCHANGED,ROP,RAISE6SECRRP,RAISE6SECROP,RAISE60SECRRP,RAISE60SECROP,RAISE5MINRRP,RAISE5MINROP,RAISEREGRRP,RAISEREGROP,LOWER6SECRRP,LOWER6SECROP,LOWER60SECRRP,LOWER60SECROP,LOWER5MINRRP,LOWER5MINROP,LOWERREGRRP,LOWERREGROP,RAISE1SECRRP,RAISE1SECROP,LOWER1SECRRP,LOWER1SECROP,PRICE_STATUS
D,TRADING,PRICE,3,"2025/05/27 09:00:00",1,SA1,108,13.71,0,0,"2025/05/27 08:55:04",13.71,0,0,0,0,0.01,0.01,5,5,0.01,0.01,0.37,0.37,0,0,0,0,0.04,0.04,0,0,FIRM
D,TRADING,PRICE,3,"2025/05/27 09:00:00",1,NSW1,108,14.15,0,0,"2025/05/27 08:55:04",14.15,0,0,0,0,0.01,0.01,5,5,0.01,0.01,0.37,0.37,0,0,0,0,0.04,0.04,0,0,FIRM
D,TRADING,PRICE,3,"2025/05/27 09:00:00",1,QLD1,108,44.94,0,0,"2025/05/27 08:55:04",44.94,13.74,13.74,16.68,16.68,0.38,0.38,5.37,5.37,0.01,0.01,0.37,0.37,0,0,0,0,0.04,0.04,0,0,FIRM
D,TRADING,PRICE,3,"2025/05/27 09:00:00",1,TAS1,108,35.24,0,0,"2025/05/27 08:55:04",35.24,0.38,0.38,0.38,0.38,0.01,0.01,8.4,8.4,0.01,0.01,0.37,0.37,0,0,4.48,4.48,0.04,0.04,0,0,FIRM
D,TRADING,PRICE,3,"2025/05/27 09:00:00",1,VIC1,108,12.57,0,0,"2025/05/27 08:55:04",12.57,0,0,0,0,0.01,0.01,5,5,0.01,0.01,0.37,0.37,0,0,0,0,0.04,0.04,0,0,FIRM
C,"END OF REPORT",15
