C,NEMP.WORLD,TRADINGIS,AEMO,PUBLIC,2025/05/27,16:05:10,0000000465120153,TRADINGIS,0000000465120152
I,TRADING,INTERCONNECTORRES,2,SETTLEMENTDATE,RUNNO,INTERCONNECTORID,PERIODID,METEREDMWFLOW,MWFLOW,MWLOSSES,LASTCHANGED
D,TRADING,INTERCONNECTORRES,2,"2025/05/27 16:10:00",1,N-Q-MNSP1,194,-0.9,-9,-0.16,"2025/05/27 16:05:03"
D,TRADING,INTERCONNECTORRES,2,"2025/05/27 16:10:00",1,NSW1-QLD1,194,-273.1,-192.63,-6.4,"2025/05/27 16:05:03"
D,TRADING,INTERCONNECTORRES,2,"2025/05/27 16:10:00",1,T-V-MNSP1,194,-467.6,-475.86,25.4,"2025/05/27 16:05:03"
D,TRADING,INTERCONNECTORRES,2,"2025/05/27 16:10:00",1,V-S-MNSP1,194,157,159.13,18.83,"2025/05/27 16:05:03"
D,TRADING,INTERCONNECTORRES,2,"2025/05/27 16:10:00",1,V-SA,194,-42.11,-43.4,1.19,"2025/05/27 16:05:03"
D,TRADING,INTERCONNECTORRES,2,"2025/05/27 16:10:00",1,VIC1-NSW1,194,230.65,360.02,24.75,"2025/05/27 16:05:03"
I,TRADING,PRICE,3,SETTLEMENTDATE,RUNNO,REGIONID,PERIODID,RRP,EEP,INVALIDFLAG,LASTCHANGED,ROP,RAISE6SECRRP,RAISE6SECROP,RAISE60SECRRP,RAISE60SECROP,RAISE5MINRRP,RAISE5MINROP,RAISEREGRRP,RAISEREGROP,LOWER6SECRRP,LOWER6SECROP,LOWER60SECRRP,LOWER60SECROP,LOWER5MINRRP,LOWER5MINROP,LOWERREGRRP,LOWERREGROP,RAISE1SECRRP,RAISE1SECROP,LOWER1SECRRP,LOWER1SECROP,PRICE_STATUS
D,TRADING,PRICE,3,"2025/05/27 16:10:00",1,SA1,194,-38.69,0,0,"2025/05/27 16:05:03",-38.69,0.1,0.1,0.1,0.1,0.38,0.38,5.99,5.99,0.1,0.1,0.38,0.38,0.38,0.38,15.17,15.17,0.38,0.38,0,0,FIRM
D,TRADING,PRICE,3,"2025/05/27 16:10:00",1,NSW1,194,65.02,0,0,"2025/05/27 16:05:03",65.02,0.1,0.1,0.1,0.1,0.38,0.38,5.99,5.99,0.1,0.1,0.38,0.38,0.38,0.38,15.17,15.17,0.38,0.38,0,0,FIRM
D,TRADING,PRICE,3,"2025/05/27 16:10:00",1,QLD1,194,101.73,0,0,"2025/05/27 16:05:03",101.73,16.68,16.68,19.14,19.14,0.38,0.38,5.99,5.99,0.1,0.1,0.38,0.38,0.38,0.38,15.17,15.17,0.38,0.38,0,0,FIRM
D,TRADING,PRICE,3,"2025/05/27 16:10:00",1,TAS1,194,79.68,0,0,"2025/05/27 16:05:03",79.68,0.38,0.38,0.38,0.38,0.38,0.38,11.84,11.84,0.1,0.1,0.38,0.38,0,0,2.48,2.48,0.38,0.38,0,0,FIRM
D,TRADING,PRICE,3,"2025/05/27 16:10:00",1,VIC1,194,58.89,0,0,"2025/05/27 16:05:03",58.89,0.1,0.1,0.1,0.1,0.38,0.38,5.99,5.99,0.1,0.1,0.38,0.38,0.38,0.38,15.17,15.17,0.38,0.38,0,0,FIRM
C,"END OF REPORT",15
