C,NEMP.WORLD,TRADINGIS,AEMO,PUBLIC,2025/05/27,10:50:13,0000000465083856,TRADINGIS,0000000465083855
I,TRADING,INTERCONNECTORRES,2,SETTLEMENTDATE,RUNNO,INTERCONNECTORID,PERIODID,METEREDMWFLOW,MWFLOW,MWLOSSES,LASTCHANGED
D,TRADING,INTERCONNECTORRES,2,"2025/05/27 10:55:00",1,N-Q-MNSP1,131,-100.3,-20.3,0.31,"2025/05/27 10:50:06"
D,TRADING,INTERCONNECTORRES,2,"2025/05/27 10:55:00",1,NSW1-QLD1,131,-178.6,-250.97,6.34,"2025/05/27 10:50:06"
D,TRADING,INTERCONNECTORRES,2,"2025/05/27 10:55:00",1,T-V-MNSP1,131,-437.7,-438.35,21.69,"2025/05/27 10:50:06"
D,TRADING,INTERCONNECTORRES,2,"2025/05/27 10:55:00",1,V-S-MNSP1,131,152,152.9,16.93,"2025/05/27 10:50:06"
D,TRADING,INTERCONNECTORRES,2,"2025/05/27 10:55:00",1,V-SA,131,-543.3,-614.65,46.77,"2025/05/27 10:50:06"
D,TRADING,INTERCONNECTORRES,2,"2025/05/27 10:55:00",1,VIC1-NSW1,131,170.21,-27.23,-0.92,"2025/05/27 10:50:06"
I,TRADING,PRICE,3,SETTLEMENTDATE,RUNNO,REGIONID,PERIODID,RRP,EEP,INVALIDFLAG,LASTCHANGED,ROP,RAISE6SECRRP,RAISE6SECROP,RAISE60SECRRP,RAISE60SECROP,RAISE5MINRRP,RAISE5MINROP,RAISEREGRRP,RAISEREGROP,LOWER6SECRRP,LOWER6SECROP,LOWER60SECRRP,LOWER60SECROP,LOWER5MINRRP,LOWER5MINROP,LOWERREGRRP,LOWERREGROP,RAISE1SECRRP,RAISE1SECROP,LOWER1SECRRP,LOWER1SECROP,PRICE_STATUS
D,TRADING,PRICE,3,"2025/05/27 10:55:00",1,SA1,131,-10.8,0,0,"2025/05/27 10:50:06",-10.8,0.1,0.1,0.01,0.01,0.1,0.1,7.85,7.85,0.39,0.39,3,3,0.01,0.01,0.01,0.01,0.04,0.04,0,0,FIRM
D,TRADING,PRICE,3,"2025/05/27 10:55:00",1,NSW1,131,14.15,0,0,"2025/05/27 10:50:06",14.15,0.1,0.1,0.01,0.01,0.1,0.1,7.85,7.85,0.39,0.39,3,3,0.01,0.01,0.01,0.01,0.04,0.04,0,0,FIRM
D,TRADING,PRICE,3,"2025/05/27 10:55:00",1,QLD1,131,13.52,0,0,"2025/05/27 10:50:06",13.52,0.1,0.1,0.01,0.01,0.1,0.1,7.85,7.85,0.39,0.39,3,3,0.01,0.01,0.01,0.01,0.04,0.04,0,0,FIRM
D,TRADING,PRICE,3,"2025/05/27 10:55:00",1,TAS1,131,11.25,0,0,"2025/05/27 10:50:06",11.25,0.38,0.38,0.38,0.38,0.1,0.1,7.4,7.4,0.38,0.38,0.38,0.38,0,0,2.48,2.48,0.04,0.04,0,0,FIRM
D,TRADING,PRICE,3,"2025/05/27 10:55:00",1,VIC1,131,-20,0,0,"2025/05/27 10:50:06",-20,0.1,0.1,0.01,0.01,0.1,0.1,7.85,7.85,0.39,0.39,3,3,0.01,0.01,0.01,0.01,0.04,0.04,0,0,FIRM
C,"END OF REPORT",15
