C,NEMP.WORLD,TRADINGIS,AEMO,PUBLIC,2025/05/27,08:00:11,0000000465066424,TRADINGIS,0000000465066423
I,TRADING,INTERCONNECTORRES,2,SETTLEMENTDATE,RUNNO,INTERCONNECTORID,PERIODID,METEREDMWFLOW,MWFLOW,MWLOSSES,LASTCHANGED
D,TRADING,INTERCONNECTORRES,2,"2025/05/27 08:05:00",1,N-Q-MNSP1,97,-11.7,-9,-0.16,"2025/05/27 08:00:03"
D,TRADING,INTERCONNECTORRES,2,"2025/05/27 08:05:00",1,NSW1-QLD1,97,-298.7,-221,-1.56,"2025/05/27 08:00:03"
D,TRADING,INTERCONNECTORRES,2,"2025/05/27 08:05:00",1,T-V-MNSP1,97,-454.2,-449.51,22.77,"2025/05/27 08:00:03"
D,TRADING,INTERCONNECTORRES,2,"2025/05/27 08:05:00",1,V-S-MNSP1,97,-68,-75.38,12.42,"2025/05/27 08:00:03"
D,TRADING,INTERCONNECTORRES,2,"2025/05/27 08:05:00",1,V-SA,97,206.91,203.93,5.81,"2025/05/27 08:00:03"
D,TRADING,INTERCONNECTORRES,2,"2025/05/27 08:05:00",1,VIC1-NSW1,97,766.69,808.59,59.63,"2025/05/27 08:00:03"
I,TRADING,PRICE,3,SETTLEMENTDATE,RUNNO,REGIONID,PERIODID,RRP,EEP,INVALIDFLAG,LASTCHANGED,ROP,RAISE6SECRRP,RAISE6SECROP,RAISE60SECRRP,RAISE60SECROP,RAISE5MINRRP,RAISE5MINROP,RAISEREGRRP,RAISEREGROP,LOWER6SECRRP,LOWER6SECROP,LOWER60SECRRP,LOWER60SECROP,LOWER5MINRRP,LOWER5MINROP,LOWERREGRRP,LOWERREGROP,RAISE1SECRRP,RAISE1SECROP,LOWER1SECRRP,LOWER1SECROP,PRICE_STATUS
D,TRADING,PRICE,3,"2025/05/27 08:05:00",1,SA1,97,69.73,0,0,"2025/05/27 08:00:03",69.73,0.23,0.23,0.1,0.1,0.1,0.1,9.25,9.25,0.03,0.03,0.38,0.38,0.1,0.1,3.75,3.75,0.37,0.37,0,0,FIRM
D,TRADING,PRICE,3,"2025/05/27 08:05:00",1,NSW1,97,76.8,0,0,"2025/05/27 08:00:03",76.8,0.23,0.23,0.1,0.1,0.1,0.1,9.25,9.25,0.03,0.03,0.38,0.38,0.1,0.1,3.75,3.75,0.37,0.37,0,0,FIRM
D,TRADING,PRICE,3,"2025/05/27 08:05:00",1,QLD1,97,75.63,0,0,"2025/05/27 08:00:03",75.63,0.23,0.23,0.1,0.1,0.1,0.1,9.25,9.25,0.03,0.03,0.38,0.38,0.1,0.1,3.75,3.75,0.37,0.37,0,0,FIRM
D,TRADING,PRICE,3,"2025/05/27 08:05:00",1,TAS1,97,75.9,0,0,"2025/05/27 08:00:03",75.9,0.38,0.38,0.38,0.38,0.1,0.1,8.4,8.4,0.03,0.03,0.38,0.38,0,0,2.48,2.48,0.37,0.37,0,0,FIRM
D,TRADING,PRICE,3,"2025/05/27 08:05:00",1,VIC1,97,66.35,0,0,"2025/05/27 08:00:03",66.35,0.23,0.23,0.1,0.1,0.1,0.1,9.25,9.25,0.03,0.03,0.38,0.38,0.1,0.1,3.75,3.75,0.37,0.37,0,0,FIRM
C,"END OF REPORT",15
