C,NEMP.WORLD,TRADINGIS,AEMO,PUBLIC,2025/05/28,00:50:11,0000000465173534,TRADINGIS,0000000465173533
I,TRADING,INTERCONNECTORRES,2,SETTLEMENTDATE,RUNNO,INTERCONNECTORID,PERIODID,METEREDMWFLOW,MWFLOW,MWLOSSES,LASTCHANGED
D,TRADING,INTERCONNECTORRES,2,"2025/05/28 00:55:00",1,N-Q-MNSP1,11,-10.4,-9,-0.16,"2025/05/28 00:50:03"
D,TRADING,INTERCONNECTORRES,2,"2025/05/28 00:55:00",1,NSW1-QLD1,11,42.5,59.79,0.64,"2025/05/28 00:50:03"
D,TRADING,INTERCONNECTORRES,2,"2025/05/28 00:55:00",1,T-V-MNSP1,11,-444.4,-477.5,25.57,"2025/05/28 00:50:03"
D,TRADING,INTERCONNECTORRES,2,"2025/05/28 00:55:00",1,V-S-MNSP1,11,137,179.14,25.5,"2025/05/28 00:50:03"
D,TRADING,INTERCONNECTORRES,2,"2025/05/28 00:55:00",1,V-SA,11,574.77,573.96,47.06,"2025/05/28 00:50:03"
D,TRADING,INTERCONNECTORRES,2,"2025/05/28 00:55:00",1,VIC1-NSW1,11,687.01,653.95,49.23,"2025/05/28 00:50:03"
I,TRADING,PRICE,3,SETTLEMENTDATE,RUNNO,REGIONID,PERIODID,RRP,EEP,INVALIDFLAG,LASTCHANGED,ROP,RAISE6SECRRP,RAISE6SECROP,RAISE60SECRRP,RAISE60SECROP,RAISE5MINRRP,RAISE5MINROP,RAISEREGRRP,RAISEREGROP,LOWER6SECRRP,LOWER6SECROP,LOWER60SECRRP,LOWER60SECROP,LOWER5MINRRP,LOWER5MINROP,LOWERREGRRP,LOWERREGROP,RAISE1SECRRP,RAISE1SECROP,LOWER1SECRRP,LOWER1SECROP,PRICE_STATUS
D,TRADING,PRICE,3,"2025/05/28 00:55:00",1,SA1,11,65.72,0,0,"2025/05/28 00:50:03",65.72,0.1,0.1,0.1,0.1,0.1,0.1,0.1,0.1,0.1,0.1,0.38,0.38,0.2,0.2,0.93,0.93,0.04,0.04,0,0,FIRM
D,TRADING,PRICE,3,"2025/05/28 00:55:00",1,NSW1,11,57.01,0,0,"2025/05/28 00:50:03",57.01,0.1,0.1,0.1,0.1,0.1,0.1,0.1,0.1,0.1,0.1,0.38,0.38,0.2,0.2,0.93,0.93,0.04,0.04,0,0,FIRM
D,TRADING,PRICE,3,"2025/05/28 00:55:00",1,QLD1,11,58.02,0,0,"2025/05/28 00:50:03",58.02,0.1,0.1,0.1,0.1,0.1,0.1,0.1,0.1,0.1,0.1,0.38,0.38,0.2,0.2,0.93,0.93,0.04,0.04,0,0,FIRM
D,TRADING,PRICE,3,"2025/05/28 00:55:00",1,TAS1,11,35.02,0,0,"2025/05/28 00:50:03",35.02,0.38,0.38,0.38,0.38,0.36,0.36,7.4,7.4,0.1,0.1,0.38,0.38,0,0,2.48,2.48,0.04,0.04,0,0,FIRM
D,TRADING,PRICE,3,"2025/05/28 00:55:00",1,VIC1,11,8.95,0,0,"2025/05/28 00:50:03",8.95,0.1,0.1,0.1,0.1,0.1,0.1,0.1,0.1,0.1,0.1,0.38,0.38,0.2,0.2,0.93,0.93,0.04,0.04,0,0,FIRM
C,"END OF REPORT",15
