C,NEMP.WORLD,TRADINGIS,AEMO,PUBLIC,2025/05/29,04:25:10,0000000465338596,TRADINGIS,0000000465338595
I,TRADING,INTERCONNECTORRES,2,SETTLEMENTDATE,RUNNO,INTERCONNECTORID,PERIODID,METEREDMWFLOW,MWFLOW,MWLOSSES,LASTCHANGED
D,TRADING,INTERCONNECTORRES,2,"2025/05/29 04:30:00",1,N-Q-MNSP1,54,-18.1,-17,0.07,"2025/05/29 04:25:03"
D,TRADING,INTERCONNECTORRES,2,"2025/05/29 04:30:00",1,NSW1-QLD1,54,-353.8,-320.21,9.22,"2025/05/29 04:25:03"
D,TRADING,INTERCONNECTORRES,2,"2025/05/29 04:30:00",1,T-V-MNSP1,54,-429.1,-438,21.66,"2025/05/29 04:25:03"
D,TRADING,INTERCONNECTORRES,2,"2025/05/29 04:30:00",1,V-S-MNSP1,54,63,63,0.15,"2025/05/29 04:25:03"
D,TRADING,INTERCONNECTORRES,2,"2025/05/29 04:30:00",1,V-SA,54,309.52,326.19,15.5,"2025/05/29 04:25:03"
D,TRADING,INTERCONNECTORRES,2,"2025/05/29 04:30:00",1,VIC1-NSW1,54,499.75,548.53,42.31,"2025/05/29 04:25:03"
I,TRADING,PRICE,3,SETTLEMENTDATE,RUNNO,REGIONID,PERIODID,RRP,EEP,INVALIDFLAG,LASTCHANGED,ROP,RAISE6SECRRP,RAISE6SECROP,RAISE60SECRRP,RAISE60SECROP,RAISE5MINRRP,RAISE5MINROP,RAISEREGRRP,RAISEREGROP,LOWER6SECRRP,LOWER6SECROP,LOWER60SECRRP,LOWER60SECROP,LOWER5MINRRP,LOWER5MINROP,LOWERREGRRP,LOWERREGROP,RAISE1SECRRP,RAISE1SECROP,LOWER1SECRRP,LOWER1SECROP,PRICE_STATUS
D,TRADING,PRICE,3,"2025/05/29 04:30:00",1,SA1,54,70.44,0,0,"2025/05/29 04:25:03",70.44,0.37,0.37,0.1,0.1,0.1,0.1,11.68,11.68,0.38,0.38,0.38,0.38,0.1,0.1,0.72,0.72,0.38,0.38,0,0,FIRM
D,TRADING,PRICE,3,"2025/05/29 04:30:00",1,NSW1,54,73.21,0,0,"2025/05/29 04:25:03",73.21,0.37,0.37,0.1,0.1,0.1,0.1,11.68,11.68,0.38,0.38,0.38,0.38,0.1,0.1,0.72,0.72,0.38,0.38,0,0,FIRM
D,TRADING,PRICE,3,"2025/05/29 04:30:00",1,QLD1,54,69.27,0,0,"2025/05/29 04:25:03",69.27,0.37,0.37,0.1,0.1,0.1,0.1,11.68,11.68,0.38,0.38,0.38,0.38,0.1,0.1,0.72,0.72,0.38,0.38,0,0,FIRM
D,TRADING,PRICE,3,"2025/05/29 04:30:00",1,TAS1,54,100.24,0,0,"2025/05/29 04:25:03",100.24,0.38,0.38,0.38,0.38,0.38,0.38,7.54,7.54,0.38,0.38,0.38,0.38,0,0,2.46,2.46,0.38,0.38,0,0,FIRM
D,TRADING,PRICE,3,"2025/05/29 04:30:00",1,VIC1,54,64.7,0,0,"2025/05/29 04:25:03",64.7,0.37,0.37,0.1,0.1,0.1,0.1,11.68,11.68,0.38,0.38,0.38,0.38,0.1,0.1,0.72,0.72,0.38,0.38,0,0,FIRM
C,"END OF REPORT",15
