C,NEMP.WORLD,TRADINGIS,AEMO,PUBLIC,2025/05/28,08:40:14,0000000465219323,TRADINGIS,0000000465219322
I,TRADING,INTERCONNECTORRES,2,SETTLEMENTDATE,RUNNO,INTERCONNECTORID,PERIODID,METEREDMWFLOW,MWFLOW,MWLOSSES,LASTCHANGED
D,TRADING,INTERCONNECTORRES,2,"2025/05/28 08:45:00",1,N-Q-MNSP1,105,36.2,93.7,28.12,"2025/05/28 08:40:06"
D,TRADING,INTERCONNECTORRES,2,"2025/05/28 08:45:00",1,NSW1-QLD1,105,-454.7,-590.84,26.03,"2025/05/28 08:40:06"
D,TRADING,INTERCONNECTORRES,2,"2025/05/28 08:45:00",1,T-V-MNSP1,105,-413.3,-410.49,19.13,"2025/05/28 08:40:06"
D,TRADING,INTERCONNECTORRES,2,"2025/05/28 08:45:00",1,V-S-MNSP1,105,169,169.4,22.13,"2025/05/28 08:40:06"
D,TRADING,INTERCONNECTORRES,2,"2025/05/28 08:45:00",1,V-SA,105,499.1,436.9,23.51,"2025/05/28 08:40:06"
D,TRADING,INTERCONNECTORRES,2,"2025/05/28 08:45:00",1,VIC1-NSW1,105,-328.49,-323.8,5.21,"2025/05/28 08:40:06"
I,TRADING,PRICE,3,SETTLEMENTDATE,RUNNO,REGIONID,PERIODID,RRP,EEP,INVALIDFLAG,LASTCHANGED,ROP,RAISE6SECRRP,RAISE6SECROP,RAISE60SECRRP,RAISE60SECROP,RAISE5MINRRP,RAISE5MINROP,RAISEREGRRP,RAISEREGROP,LOWER6SECRRP,LOWER6SECROP,LOWER60SECRRP,LOWER60SECROP,LOWER5MINRRP,LOWER5MINROP,LOWERREGRRP,LOWERREGROP,RAISE1SECRRP,RAISE1SECROP,LOWER1SECRRP,LOWER1SECROP,PRICE_STATUS
D,TRADING,PRICE,3,"2025/05/28 08:45:00",1,SA1,105,218.55,0,0,"2025/05/28 08:40:06",218.55,0.36,0.36,0.1,0.1,0.1,0.1,20.68,20.68,0.01,0.01,0.38,0.38,0.37,0.37,3.7,3.7,0.36,0.36,0,0,FIRM
D,TRADING,PRICE,3,"2025/05/28 08:45:00",1,NSW1,105,-4.01,0,0,"2025/05/28 08:40:06",-4.01,0.36,0.36,0.1,0.1,0.1,0.1,20.68,20.68,0.01,0.01,0.38,0.38,0.37,0.37,3.7,3.7,0.36,0.36,0,0,FIRM
D,TRADING,PRICE,3,"2025/05/28 08:45:00",1,QLD1,105,-18.51,0,0,"2025/05/28 08:40:06",-18.51,0.36,0.36,0.1,0.1,0.1,0.1,20.68,20.68,7.89,7.89,7.89,7.89,0.37,0.37,3.7,3.7,0.36,0.36,0,0,FIRM
D,TRADING,PRICE,3,"2025/05/28 08:45:00",1,TAS1,105,106.65,0,0,"2025/05/28 08:40:06",106.65,0.38,0.38,0.38,0.38,0.1,0.1,8.4,8.4,0.01,0.01,0.38,0.38,0.37,0.37,3.48,3.48,0.36,0.36,0,0,FIRM
D,TRADING,PRICE,3,"2025/05/28 08:45:00",1,VIC1,105,99.12,0,0,"2025/05/28 08:40:06",99.12,0.36,0.36,0.1,0.1,0.1,0.1,20.68,20.68,0.01,0.01,0.38,0.38,0.37,0.37,3.7,3.7,0.36,0.36,0,0,FIRM
C,"END OF REPORT",15
