C,NEMP.WORLD,TRADINGIS,AEMO,PUBLIC,2025/05/28,03:15:10,0000000465187509,TRADINGIS,0000000465187508
I,TRADING,INTERCONNECTORRES,2,SETTLEMENTDATE,RUNNO,INTERCONNECTORID,PERIODID,METEREDMWFLOW,MWFLOW,MWLOSSES,LASTCHANGED
D,TRADING,INTERCONNECTORRES,2,"2025/05/28 03:20:00",1,N-Q-MNSP1,40,-0.1,0,0,"2025/05/28 03:15:03"
D,TRADING,INTERCONNECTORRES,2,"2025/05/28 03:20:00",1,NSW1-QLD1,40,189,222.33,3.55,"2025/05/28 03:15:03"
D,TRADING,INTERCONNECTORRES,2,"2025/05/28 03:20:00",1,T-V-MNSP1,40,-429.7,-478,25.62,"2025/05/28 03:15:03"
D,TRADING,INTERCONNECTORRES,2,"2025/05/28 03:20:00",1,V-S-MNSP1,40,167,167.25,21.43,"2025/05/28 03:15:03"
D,TRADING,INTERCONNECTORRES,2,"2025/05/28 03:20:00",1,V-SA,40,583.69,566.97,43.25,"2025/05/28 03:15:03"
D,TRADING,INTERCONNECTORRES,2,"2025/05/28 03:20:00",1,VIC1-NSW1,40,621.13,679.73,59.66,"2025/05/28 03:15:03"
I,TRADING,PRICE,3,SETTLEMENTDATE,RUNNO,REGIONID,PERIODID,RRP,EEP,INVALIDFLAG,LASTCHANGED,ROP,RAISE6SECRRP,RAISE6SECROP,RAISE60SECRRP,RAISE60SECROP,RAISE5MINRRP,RAISE5MINROP,RAISEREGRRP,RAISEREGROP,LOWER6SECRRP,LOWER6SECROP,LOWER60SECRRP,LOWER60SECROP,LOWER5MINRRP,LOWER5MINROP,LOWERREGRRP,LOWERREGROP,RAISE1SECRRP,RAISE1SECROP,LOWER1SECRRP,LOWER1SECROP,PRICE_STATUS
D,TRADING,PRICE,3,"2025/05/28 03:20:00",1,SA1,40,99.45,0,0,"2025/05/28 03:15:03",99.45,0.23,0.23,0.15,0.15,0.04,0.04,0.04,0.04,0.1,0.1,0.39,0.39,0,0,0,0,0.04,0.04,0,0,FIRM
D,TRADING,PRICE,3,"2025/05/28 03:20:00",1,NSW1,40,57.01,0,0,"2025/05/28 03:15:03",57.01,0.23,0.23,0.15,0.15,0.04,0.04,0.04,0.04,0.1,0.1,0.39,0.39,0,0,0,0,0.04,0.04,0,0,FIRM
D,TRADING,PRICE,3,"2025/05/28 03:20:00",1,QLD1,40,59.25,0,0,"2025/05/28 03:15:03",59.25,0.23,0.23,0.15,0.15,0.04,0.04,0.04,0.04,0.1,0.1,0.39,0.39,0,0,0,0,0.04,0.04,0,0,FIRM
D,TRADING,PRICE,3,"2025/05/28 03:20:00",1,TAS1,40,35.02,0,0,"2025/05/28 03:15:03",35.02,0.38,0.38,0.38,0.38,0.38,0.38,7.4,7.4,0.1,0.1,0.38,0.38,0,0,3.48,3.48,0.04,0.04,0,0,FIRM
D,TRADING,PRICE,3,"2025/05/28 03:20:00",1,VIC1,40,19.19,0,0,"2025/05/28 03:15:03",19.19,0.23,0.23,0.15,0.15,0.04,0.04,0.04,0.04,0.1,0.1,0.39,0.39,0,0,0,0,0.04,0.04,0,0,FIRM
C,"END OF REPORT",15
