C,NEMP.WORLD,TRADINGIS,AEMO,PUBLIC,2025/05/28,03:25:11,0000000465188437,TRADINGIS,0000000465188436
I,TRADING,INTERCONNECTORRES,2,SETTLEMENTDATE,RUNNO,INTERCONNECTORID,PERIODID,METEREDMWFLOW,MWFLOW,MWLOSSES,LASTCHANGED
D,TRADING,INTERCONNECTORRES,2,"2025/05/28 03:30:00",1,N-Q-MNSP1,42,0,0,0,"2025/05/28 03:25:03"
D,TRADING,INTERCONNECTORRES,2,"2025/05/28 03:30:00",1,NSW1-QLD1,42,244.1,226.77,4.12,"2025/05/28 03:25:03"
D,TRADING,INTERCONNECTORRES,2,"2025/05/28 03:30:00",1,T-V-MNSP1,42,-448.7,-478,25.62,"2025/05/28 03:25:03"
D,TRADING,INTERCONNECTORRES,2,"2025/05/28 03:30:00",1,V-S-MNSP1,42,166,166.13,21.06,"2025/05/28 03:25:03"
D,TRADING,INTERCONNECTORRES,2,"2025/05/28 03:30:00",1,V-SA,42,540.9,566.12,43.06,"2025/05/28 03:25:03"
D,TRADING,INTERCONNECTORRES,2,"2025/05/28 03:30:00",1,VIC1-NSW1,42,779.97,721.92,66.01,"2025/05/28 03:25:03"
I,TRADING,PRICE,3,SETTLEMENTDATE,RUNNO,REGIONID,PERIODID,RRP,EEP,INVALIDFLAG,LASTCHANGED,ROP,RAISE6SECRRP,RAISE6SECROP,RAISE60SECRRP,RAISE60SECROP,RAISE5MINRRP,RAISE5MINROP,RAISEREGRRP,RAISEREGROP,LOWER6SECRRP,LOWER6SECROP,LOWER60SECRRP,LOWER60SECROP,LOWER5MINRRP,LOWER5MINROP,LOWERREGRRP,LOWERREGROP,RAISE1SECRRP,RAISE1SECROP,LOWER1SECRRP,LOWER1SECROP,PRICE_STATUS
D,TRADING,PRICE,3,"2025/05/28 03:30:00",1,SA1,42,99.45,0,0,"2025/05/28 03:25:03",99.45,0.37,0.37,0.23,0.23,0.15,0.15,7.6,7.6,0.1,0.1,0.39,0.39,0,0,0,0,0.3,0.3,0,0,FIRM
D,TRADING,PRICE,3,"2025/05/28 03:30:00",1,NSW1,42,72.83,0,0,"2025/05/28 03:25:03",72.83,0.37,0.37,0.23,0.23,0.15,0.15,7.6,7.6,0.1,0.1,0.39,0.39,0,0,0,0,0.3,0.3,0,0,FIRM
D,TRADING,PRICE,3,"2025/05/28 03:30:00",1,QLD1,42,75.83,0,0,"2025/05/28 03:25:03",75.83,0.37,0.37,0.23,0.23,0.15,0.15,7.6,7.6,0.1,0.1,0.39,0.39,0,0,0,0,0.3,0.3,0,0,FIRM
D,TRADING,PRICE,3,"2025/05/28 03:30:00",1,TAS1,42,35.02,0,0,"2025/05/28 03:25:03",35.02,0.38,0.38,0.38,0.38,0.38,0.38,7.4,7.4,0.1,0.1,0.38,0.38,0,0,2.48,2.48,0.3,0.3,0,0,FIRM
D,TRADING,PRICE,3,"2025/05/28 03:30:00",1,VIC1,42,19.19,0,0,"2025/05/28 03:25:03",19.19,0.37,0.37,0.23,0.23,0.15,0.15,7.6,7.6,0.1,0.1,0.39,0.39,0,0,0,0,0.3,0.3,0,0,FIRM
C,"END OF REPORT",15
