C,NEMP.WORLD,TRADINGIS,AEMO,PUBLIC,2025/05/28,19:20:11,0000000465286114,TRADINGIS,0000000465286113
I,TRADING,INTERCONNECTORRES,2,SETTLEMENTDATE,RUNNO,INTERCONNECTORID,PERIODID,METEREDMWFLOW,MWFLOW,MWLOSSES,LASTCHANGED
D,TRADING,INTERCONNECTORRES,2,"2025/05/28 19:25:00",1,N-Q-MNSP1,233,-23.9,-28.59,1.07,"2025/05/28 19:20:04"
D,TRADING,INTERCONNECTORRES,2,"2025/05/28 19:25:00",1,NSW1-QLD1,233,-1014.9,-1003,30.81,"2025/05/28 19:20:04"
D,TRADING,INTERCONNECTORRES,2,"2025/05/28 19:25:00",1,T-V-MNSP1,233,329.6,134.8,1.36,"2025/05/28 19:20:04"
D,TRADING,INTERCONNECTORRES,2,"2025/05/28 19:25:00",1,V-S-MNSP1,233,63,54,-0.46,"2025/05/28 19:20:04"
D,TRADING,INTERCONNECTORRES,2,"2025/05/28 19:25:00",1,V-SA,233,257.61,198.65,6.51,"2025/05/28 19:20:04"
D,TRADING,INTERCONNECTORRES,2,"2025/05/28 19:25:00",1,VIC1-NSW1,233,-70.94,-91,0.69,"2025/05/28 19:20:04"
I,TRADING,PRICE,3,SETTLEMENTDATE,RUNNO,REGIONID,PERIODID,RRP,EEP,INVALIDFLAG,LASTCHANGED,ROP,RAISE6SECRRP,RAISE6SECROP,RAISE60SECRRP,RAISE60SECROP,RAISE5MINRRP,RAISE5MINROP,RAISEREGRRP,RAISEREGROP,LOWER6SECRRP,LOWER6SECROP,LOWER60SECRRP,LOWER60SECROP,LOWER5MINRRP,LOWER5MINROP,LOWERREGRRP,LOWERREGROP,RAISE1SECRRP,RAISE1SECROP,LOWER1SECRRP,LOWER1SECROP,PRICE_STATUS
D,TRADING,PRICE,3,"2025/05/28 19:25:00",1,SA1,233,140.13,0,0,"2025/05/28 19:20:04",140.13,0.38,0.38,0.23,0.23,0.15,0.15,5,5,0.14,0.14,0.38,0.38,0.38,0.38,3.7,3.7,0.37,0.37,0,0,FIRM
D,TRADING,PRICE,3,"2025/05/28 19:25:00",1,NSW1,233,130.3,0,0,"2025/05/28 19:20:04",130.3,0.38,0.38,0.23,0.23,0.15,0.15,5,5,0.14,0.14,0.38,0.38,0.38,0.38,3.7,3.7,0.37,0.37,0,0,FIRM
D,TRADING,PRICE,3,"2025/05/28 19:25:00",1,QLD1,233,115.61,0,0,"2025/05/28 19:20:04",115.61,0.38,0.38,0.23,0.23,0.15,0.15,5,5,0.14,0.14,0.38,0.38,0.38,0.38,3.7,3.7,0.37,0.37,0,0,FIRM
D,TRADING,PRICE,3,"2025/05/28 19:25:00",1,TAS1,233,126.8,0,0,"2025/05/28 19:20:04",126.8,0.38,0.38,0.38,0.38,0.15,0.15,8.4,8.4,0.14,0.14,0.38,0.38,0.38,0.38,3.48,3.48,0.37,0.37,0,0,FIRM
D,TRADING,PRICE,3,"2025/05/28 19:25:00",1,VIC1,233,132.72,0,0,"2025/05/28 19:20:04",132.72,0.38,0.38,0.23,0.23,0.15,0.15,5,5,0.14,0.14,0.38,0.38,0.38,0.38,3.7,3.7,0.37,0.37,0,0,FIRM
C,"END OF REPORT",15
