C,NEMP.WORLD,TRADINGIS,AEMO,PUBLIC,2025/05/29,13:05:10,0000000465390096,TRADINGIS,0000000465390095
I,TRADING,INTERCONNECTORRES,2,SETTLEMENTDATE,RUNNO,INTERCONNECTORID,PERIODID,METEREDMWFLOW,MWFLOW,MWLOSSES,LASTCHANGED
D,TRADING,INTERCONNECTORRES,2,"2025/05/29 13:10:00",1,N-Q-MNSP1,158,-11.3,-9,-0.16,"2025/05/29 13:05:03"
D,TRADING,INTERCONNECTORRES,2,"2025/05/29 13:10:00",1,NSW1-QLD1,158,-206,-201.86,1.36,"2025/05/29 13:05:03"
D,TRADING,INTERCONNECTORRES,2,"2025/05/29 13:10:00",1,T-V-MNSP1,158,-438.9,-454.07,23.21,"2025/05/29 13:05:03"
D,TRADING,INTERCONNECTORRES,2,"2025/05/29 13:10:00",1,V-S-MNSP1,158,7,9,-0.56,"2025/05/29 13:05:03"
D,TRADING,INTERCONNECTORRES,2,"2025/05/29 13:10:00",1,V-SA,158,-113.07,-91.28,4.06,"2025/05/29 13:05:03"
D,TRADING,INTERCONNECTORRES,2,"2025/05/29 13:10:00",1,VIC1-NSW1,158,257.32,219.63,21.31,"2025/05/29 13:05:03"
I,TRADING,PRICE,3,SETTLEMENTDATE,RUNNO,REGIONID,PERIODID,RRP,EEP,INVALIDFLAG,LASTCHANGED,ROP,RAISE6SECRRP,RAISE6SECROP,RAISE60SECRRP,RAISE60SECROP,RAISE5MINRRP,RAISE5MINROP,RAISEREGRRP,RAISEREGROP,LOWER6SECRRP,LOWER6SECROP,LOWER60SECRRP,LOWER60SECROP,LOWER5MINRRP,LOWER5MINROP,LOWERREGRRP,LOWERREGROP,RAISE1SECRRP,RAISE1SECROP,LOWER1SECRRP,LOWER1SECROP,PRICE_STATUS
D,TRADING,PRICE,3,"2025/05/29 13:10:00",1,SA1,158,64.66,0,0,"2025/05/29 13:05:03",64.66,0.1,0.1,0.1,0.1,0.1,0.1,5.99,5.99,0.39,0.39,0.86,0.86,0.39,0.39,3.59,3.59,0.38,0.38,0,0,FIRM
D,TRADING,PRICE,3,"2025/05/29 13:10:00",1,NSW1,158,76.8,0,0,"2025/05/29 13:05:03",76.8,0.1,0.1,0.1,0.1,0.1,0.1,5.99,5.99,0.39,0.39,0.86,0.86,0.39,0.39,3.59,3.59,0.38,0.38,0,0,FIRM
D,TRADING,PRICE,3,"2025/05/29 13:10:00",1,QLD1,158,84.3,0,0,"2025/05/29 13:05:03",84.3,4.85,4.85,4.85,4.85,0.1,0.1,5.99,5.99,0.39,0.39,0.86,0.86,0.39,0.39,3.59,3.59,0.38,0.38,0,0,FIRM
D,TRADING,PRICE,3,"2025/05/29 13:10:00",1,TAS1,158,150.23,0,0,"2025/05/29 13:05:03",150.23,0.38,0.38,0.38,0.38,0.36,0.36,7.54,7.54,0.39,0.39,0.38,0.38,0,0,2.47,2.47,0.38,0.38,0,0,FIRM
D,TRADING,PRICE,3,"2025/05/29 13:10:00",1,VIC1,158,68.38,0,0,"2025/05/29 13:05:03",68.38,0.1,0.1,0.1,0.1,0.1,0.1,5.99,5.99,0.39,0.39,0.86,0.86,0.39,0.39,3.59,3.59,0.38,0.38,0,0,FIRM
C,"END OF REPORT",15
