C,NEMP.WORLD,TRADINGIS,AEMO,PUBLIC,2025/05/27,03:30:13,0000000465039336,TRADINGIS,0000000465039335
I,TRADING,INTERCONNECTORRES,2,SETTLEMENTDATE,RUNNO,INTERCONNECTORID,PERIODID,METEREDMWFLOW,MWFLOW,MWLOSSES,LASTCHANGED
D,TRADING,INTERCONNECTORRES,2,"2025/05/27 03:35:00",1,N-Q-MNSP1,43,8.1,9,0.6,"2025/05/27 03:30:06"
D,TRADING,INTERCONNECTORRES,2,"2025/05/27 03:35:00",1,NSW1-QLD1,43,398.3,419.59,14.54,"2025/05/27 03:30:06"
D,TRADING,INTERCONNECTORRES,2,"2025/05/27 03:35:00",1,T-V-MNSP1,43,-457.8,-458.54,23.65,"2025/05/27 03:30:06"
D,TRADING,INTERCONNECTORRES,2,"2025/05/27 03:35:00",1,V-S-MNSP1,43,-146,-146.28,36.58,"2025/05/27 03:30:06"
D,TRADING,INTERCONNECTORRES,2,"2025/05/27 03:35:00",1,V-SA,43,-375.09,-350.02,7.98,"2025/05/27 03:30:06"
D,TRADING,INTERCONNECTORRES,2,"2025/05/27 03:35:00",1,VIC1-NSW1,43,949.13,948.18,97.84,"2025/05/27 03:30:06"
I,TRADING,PRICE,3,SETTLEMENTDATE,RUNNO,REGIONID,PERIODID,RRP,EEP,INVALIDFLAG,LASTCHANGED,ROP,RAISE6SECRRP,RAISE6SECROP,RAISE60SECRRP,RAISE60SECROP,RAISE5MINRRP,RAISE5MINROP,RAISEREGRRP,RAISEREGROP,LOWER6SECRRP,LOWER6SECROP,LOWER60SECRRP,LOWER60SECROP,LOWER5MINRRP,LOWER5MINROP,LOWERREGRRP,LOWERREGROP,RAISE1SECRRP,RAISE1SECROP,LOWER1SECRRP,LOWER1SECROP,PRICE_STATUS
D,TRADING,PRICE,3,"2025/05/27 03:35:00",1,SA1,43,-14.3,0,0,"2025/05/27 03:30:06",-14.3,0.1,0.1,0.1,0.1,0.1,0.1,7.6,7.6,0.38,0.38,0.86,0.86,0.1,0.1,3.57,3.57,0.38,0.38,0,0,FIRM
D,TRADING,PRICE,3,"2025/05/27 03:35:00",1,NSW1,43,47.34,0,0,"2025/05/27 03:30:06",47.34,0.1,0.1,0.1,0.1,0.1,0.1,7.6,7.6,0.38,0.38,0.86,0.86,0.1,0.1,3.57,3.57,0.38,0.38,0,0,FIRM
D,TRADING,PRICE,3,"2025/05/27 03:35:00",1,QLD1,43,50.75,0,0,"2025/05/27 03:30:06",50.75,0.1,0.1,0.1,0.1,0.1,0.1,7.6,7.6,0.38,0.38,0.86,0.86,0.1,0.1,3.57,3.57,0.38,0.38,0,0,FIRM
D,TRADING,PRICE,3,"2025/05/27 03:35:00",1,TAS1,43,11.25,0,0,"2025/05/27 03:30:06",11.25,0.38,0.38,0.38,0.38,0.1,0.1,8.8,8.8,0.38,0.38,0.38,0.38,0,0,2.55,2.55,0.38,0.38,0,0,FIRM
D,TRADING,PRICE,3,"2025/05/27 03:35:00",1,VIC1,43,-15.24,0,0,"2025/05/27 03:30:06",-15.24,0.1,0.1,0.1,0.1,0.1,0.1,7.6,7.6,0.38,0.38,0.86,0.86,0.1,0.1,3.57,3.57,0.38,0.38,0,0,FIRM
C,"END OF REPORT",15
