C,NEMP.WORLD,TRADINGIS,AEMO,PUBLIC,2025/05/27,08:25:11,0000000465068968,TRADINGIS,0000000465068967
I,TRADING,INTERCONNECTORRES,2,SETTLEMENTDATE,RUNNO,INTERCONNECTORID,PERIODID,METEREDMWFLOW,MWFLOW,MWLOSSES,LASTCHANGED
D,TRADING,INTERCONNECTORRES,2,"2025/05/27 08:30:00",1,N-Q-MNSP1,102,-14.5,-25,0.65,"2025/05/27 08:25:04"
D,TRADING,INTERCONNECTORRES,2,"2025/05/27 08:30:00",1,NSW1-QLD1,102,-589.1,-542.95,15.07,"2025/05/27 08:25:04"
D,TRADING,INTERCONNECTORRES,2,"2025/05/27 08:30:00",1,T-V-MNSP1,102,-467.6,-458.86,23.68,"2025/05/27 08:25:04"
D,TRADING,INTERCONNECTORRES,2,"2025/05/27 08:30:00",1,V-S-MNSP1,102,-82,-81.09,13.9,"2025/05/27 08:25:04"
D,TRADING,INTERCONNECTORRES,2,"2025/05/27 08:30:00",1,V-SA,102,223.21,149.03,3.42,"2025/05/27 08:25:04"
D,TRADING,INTERCONNECTORRES,2,"2025/05/27 08:30:00",1,VIC1-NSW1,102,389,425.45,17.88,"2025/05/27 08:25:04"
I,TRADING,PRICE,3,SETTLEMENTDATE,RUNNO,REGIONID,PERIODID,RRP,EEP,INVALIDFLAG,LASTCHANGED,ROP,RAISE6SECRRP,RAISE6SECROP,RAISE60SECRRP,RAISE60SECROP,RAISE5MINRRP,RAISE5MINROP,RAISEREGRRP,RAISEREGROP,LOWER6SECRRP,LOWER6SECROP,LOWER60SECRRP,LOWER60SECROP,LOWER5MINRRP,LOWER5MINROP,LOWERREGRRP,LOWERREGROP,RAISE1SECRRP,RAISE1SECROP,LOWER1SECRRP,LOWER1SECROP,PRICE_STATUS
D,TRADING,PRICE,3,"2025/05/27 08:30:00",1,SA1,102,66.53,0,0,"2025/05/27 08:25:04",66.53,0.1,0.1,0.04,0.04,0.04,0.04,11,11,0,0,0.01,0.01,0.01,0.01,4.94,4.94,0.1,0.1,0,0,FIRM
D,TRADING,PRICE,3,"2025/05/27 08:30:00",1,NSW1,102,68.92,0,0,"2025/05/27 08:25:04",68.92,0.1,0.1,0.04,0.04,0.04,0.04,11,11,0,0,0.01,0.01,0.01,0.01,4.94,4.94,0.1,0.1,0,0,FIRM
D,TRADING,PRICE,3,"2025/05/27 08:30:00",1,QLD1,102,62.7,0,0,"2025/05/27 08:25:04",62.7,0.1,0.1,0.04,0.04,0.04,0.04,11,11,0.38,0.38,0.38,0.38,0.38,0.38,5.31,5.31,0.1,0.1,0,0,FIRM
D,TRADING,PRICE,3,"2025/05/27 08:30:00",1,TAS1,102,75.28,0,0,"2025/05/27 08:25:04",75.28,0.38,0.38,0.38,0.38,0.04,0.04,8.4,8.4,0,0,0.01,0.01,0,0,2.48,2.48,0.1,0.1,0,0,FIRM
D,TRADING,PRICE,3,"2025/05/27 08:30:00",1,VIC1,102,64,0,0,"2025/05/27 08:25:04",64,0.1,0.1,0.04,0.04,0.04,0.04,11,11,0,0,0.01,0.01,0.01,0.01,4.94,4.94,0.1,0.1,0,0,FIRM
C,"END OF REPORT",15
