C,NEMP.WORLD,TRADINGIS,AEMO,PUBLIC,2025/05/29,16:50:11,0000000465413951,TRADINGIS,0000000465413950
I,TRADING,INTERCONNECTORRES,2,SETTLEMENTDATE,RUNNO,INTERCONNECTORID,PERIODID,METEREDMWFLOW,MWFLOW,MWLOSSES,LASTCHANGED
D,TRADING,INTERCONNECTORRES,2,"2025/05/29 16:55:00",1,N-Q-MNSP1,203,-25.4,-33,1.59,"2025/05/29 16:50:04"
D,TRADING,INTERCONNECTORRES,2,"2025/05/29 16:55:00",1,NSW1-QLD1,203,-977.6,-1020.44,35.48,"2025/05/29 16:50:04"
D,TRADING,INTERCONNECTORRES,2,"2025/05/29 16:55:00",1,T-V-MNSP1,203,0,86.3,0.44,"2025/05/29 16:50:04"
D,TRADING,INTERCONNECTORRES,2,"2025/05/29 16:55:00",1,V-S-MNSP1,203,18,27,-1.11,"2025/05/29 16:50:04"
D,TRADING,INTERCONNECTORRES,2,"2025/05/29 16:55:00",1,V-SA,203,-10.27,-4.7,0.07,"2025/05/29 16:50:04"
D,TRADING,INTERCONNECTORRES,2,"2025/05/29 16:55:00",1,VIC1-NSW1,203,-8.31,0,0,"2025/05/29 16:50:04"
I,TRADING,PRICE,3,SETTLEMENTDATE,RUNNO,REGIONID,PERIODID,RRP,EEP,INVALIDFLAG,LASTCHANGED,ROP,RAISE6SECRRP,RAISE6SECROP,RAISE60SECRRP,RAISE60SECROP,RAISE5MINRRP,RAISE5MINROP,RAISEREGRRP,RAISEREGROP,LOWER6SECRRP,LOWER6SECROP,LOWER60SECRRP,LOWER60SECROP,LOWER5MINRRP,LOWER5MINROP,LOWERREGRRP,LOWERREGROP,RAISE1SECRRP,RAISE1SECROP,LOWER1SECRRP,LOWER1SECROP,PRICE_STATUS
D,TRADING,PRICE,3,"2025/05/29 16:55:00",1,SA1,203,152.12,0,0,"2025/05/29 16:50:04",152.12,2.49,2.49,0.39,0.39,0.32,0.32,23.56,23.56,0.38,0.38,0.38,0.38,0.38,0.38,3.7,3.7,0.86,0.86,0,0,FIRM
D,TRADING,PRICE,3,"2025/05/29 16:55:00",1,NSW1,203,254.37,0,0,"2025/05/29 16:50:04",254.37,2.49,2.49,0.39,0.39,0.32,0.32,23.56,23.56,0.38,0.38,0.38,0.38,0.38,0.38,3.7,3.7,0.86,0.86,0,0,FIRM
D,TRADING,PRICE,3,"2025/05/29 16:55:00",1,QLD1,203,223.73,0,0,"2025/05/29 16:50:04",223.73,2.49,2.49,0.39,0.39,0.32,0.32,23.56,23.56,0.38,0.38,0.38,0.38,0.38,0.38,3.7,3.7,0.86,0.86,0,0,FIRM
D,TRADING,PRICE,3,"2025/05/29 16:55:00",1,TAS1,203,149.07,0,0,"2025/05/29 16:50:04",149.07,0.38,0.38,0.38,0.38,0.38,0.38,7.54,7.54,1.59,1.59,1.37,1.37,0.38,0.38,3.46,3.46,0,0,0,0,FIRM
D,TRADING,PRICE,3,"2025/05/29 16:55:00",1,VIC1,203,154.56,0,0,"2025/05/29 16:50:04",154.56,2.49,2.49,0.39,0.39,0.32,0.32,23.56,23.56,0.38,0.38,0.38,0.38,0.38,0.38,3.7,3.7,0.86,0.86,0,0,FIRM
C,"END OF REPORT",15
