C,NEMP.WORLD,TRADINGIS,AEMO,PUBLIC,2025/05/27,01:50:15,0000000465029558,TRADINGIS,0000000465029557
I,TRADING,INTERCONNECTORRES,2,SETTLEMENTDATE,RUNNO,INTERCONNECTORID,PERIODID,METEREDMWFLOW,MWFLOW,MWLOSSES,LASTCHANGED
D,TRADING,INTERCONNECTORRES,2,"2025/05/27 01:55:00",1,N-Q-MNSP1,23,9.5,9,0.6,"2025/05/27 01:50:07"
D,TRADING,INTERCONNECTORRES,2,"2025/05/27 01:55:00",1,NSW1-QLD1,23,399.8,473.66,20.72,"2025/05/27 01:50:07"
D,TRADING,INTERCONNECTORRES,2,"2025/05/27 01:55:00",1,T-V-MNSP1,23,-466.4,-454.9,23.29,"2025/05/27 01:50:07"
D,TRADING,INTERCONNECTORRES,2,"2025/05/27 01:55:00",1,V-S-MNSP1,23,-145,-146.41,36.63,"2025/05/27 01:50:07"
D,TRADING,INTERCONNECTORRES,2,"2025/05/27 01:55:00",1,V-SA,23,-325.19,-346.55,6.17,"2025/05/27 01:50:07"
D,TRADING,INTERCONNECTORRES,2,"2025/05/27 01:55:00",1,VIC1-NSW1,23,910.12,939.2,92.06,"2025/05/27 01:50:07"
I,TRADING,PRICE,3,SETTLEMENTDATE,RUNNO,REGIONID,PERIODID,RRP,EEP,INVALIDFLAG,LASTCHANGED,ROP,RAISE6SECRRP,RAISE6SECROP,RAISE60SECRRP,RAISE60SECROP,RAISE5MINRRP,RAISE5MINROP,RAISEREGRRP,RAISEREGROP,LOWER6SECRRP,LOWER6SECROP,LOWER60SECRRP,LOWER60SECROP,LOWER5MINRRP,LOWER5MINROP,LOWERREGRRP,LOWERREGROP,RAISE1SECRRP,RAISE1SECROP,LOWER1SECRRP,LOWER1SECROP,PRICE_STATUS
D,TRADING,PRICE,3,"2025/05/27 01:55:00",1,SA1,23,-17.45,0,0,"2025/05/27 01:50:07",-17.45,0.01,0.01,0.01,0.01,0.01,0.01,7.6,7.6,0.37,0.37,0.38,0.38,0.38,0.38,2,2,0.04,0.04,0,0,FIRM
D,TRADING,PRICE,3,"2025/05/27 01:55:00",1,NSW1,23,41.25,0,0,"2025/05/27 01:50:07",41.25,0.01,0.01,0.01,0.01,0.01,0.01,7.6,7.6,0.37,0.37,0.38,0.38,0.38,0.38,2,2,0.04,0.04,0,0,FIRM
D,TRADING,PRICE,3,"2025/05/27 01:55:00",1,QLD1,23,44.94,0,0,"2025/05/27 01:50:07",44.94,0.01,0.01,0.01,0.01,0.01,0.01,7.6,7.6,0.37,0.37,0.38,0.38,0.38,0.38,2,2,0.04,0.04,0,0,FIRM
D,TRADING,PRICE,3,"2025/05/27 01:55:00",1,TAS1,23,34.28,0,0,"2025/05/27 01:50:07",34.28,0.38,0.38,0.38,0.38,0.01,0.01,8.8,8.8,0.37,0.37,0.38,0.38,0,0,2.55,2.55,0.04,0.04,0,0,FIRM
D,TRADING,PRICE,3,"2025/05/27 01:55:00",1,VIC1,23,-18.5,0,0,"2025/05/27 01:50:07",-18.5,0.01,0.01,0.01,0.01,0.01,0.01,7.6,7.6,0.37,0.37,0.38,0.38,0.38,0.38,2,2,0.04,0.04,0,0,FIRM
C,"END OF REPORT",15
