C,NEMP.WORLD,TRADINGIS,AEMO,PUBLIC,2025/05/28,11:15:15,0000000465234606,TRADINGIS,0000000465234605
I,TRADING,INTERCONNECTORRES,2,SETTLEMENTDATE,RUNNO,INTERCONNECTORID,PERIODID,METEREDMWFLOW,MWFLOW,MWLOSSES,LASTCHANGED
D,TRADING,INTERCONNECTORRES,2,"2025/05/28 11:20:00",1,N-Q-MNSP1,136,96.7,96.83,29.84,"2025/05/28 11:15:07"
D,TRADING,INTERCONNECTORRES,2,"2025/05/28 11:20:00",1,NSW1-QLD1,136,-303.8,-281.45,12.24,"2025/05/28 11:15:07"
D,TRADING,INTERCONNECTORRES,2,"2025/05/28 11:20:00",1,T-V-MNSP1,136,-403.5,-408.8,18.98,"2025/05/28 11:15:07"
D,TRADING,INTERCONNECTORRES,2,"2025/05/28 11:20:00",1,V-S-MNSP1,136,171,165.72,20.93,"2025/05/28 11:15:07"
D,TRADING,INTERCONNECTORRES,2,"2025/05/28 11:20:00",1,V-SA,136,584.78,603.79,35.83,"2025/05/28 11:15:07"
D,TRADING,INTERCONNECTORRES,2,"2025/05/28 11:20:00",1,VIC1-NSW1,136,-106.75,-142.63,-3.73,"2025/05/28 11:15:07"
I,TRADING,PRICE,3,SETTLEMENTDATE,RUNNO,REGIONID,PERIODID,RRP,EEP,INVALIDFLAG,LASTCHANGED,ROP,RAISE6SECRRP,RAISE6SECROP,RAISE60SECRRP,RAISE60SECROP,RAISE5MINRRP,RAISE5MINROP,RAISEREGRRP,RAISEREGROP,LOWER6SECRRP,LOWER6SECROP,LOWER60SECRRP,LOWER60SECROP,LOWER5MINRRP,LOWER5MINROP,LOWERREGRRP,LOWERREGROP,RAISE1SECRRP,RAISE1SECROP,LOWER1SECRRP,LOWER1SECROP,PRICE_STATUS
D,TRADING,PRICE,3,"2025/05/28 11:20:00",1,SA1,136,47.36,0,0,"2025/05/28 11:15:07",47.36,0.38,0.38,0.38,0.38,0.15,0.15,10,10,0.39,0.39,1.4,1.4,0.38,0.38,0.93,0.93,0.36,0.36,0,0,FIRM
D,TRADING,PRICE,3,"2025/05/28 11:20:00",1,NSW1,136,-20.51,0,0,"2025/05/28 11:15:07",-20.51,0.38,0.38,0.38,0.38,0.15,0.15,10,10,0.39,0.39,1.4,1.4,0.38,0.38,0.93,0.93,0.36,0.36,0,0,FIRM
D,TRADING,PRICE,3,"2025/05/28 11:20:00",1,QLD1,136,-32.82,0,0,"2025/05/28 11:15:07",-32.82,0.38,0.38,0.38,0.38,0.15,0.15,10,10,7.89,7.89,7.89,7.89,0.38,0.38,0.93,0.93,0.36,0.36,0,0,FIRM
D,TRADING,PRICE,3,"2025/05/28 11:20:00",1,TAS1,136,35.11,0,0,"2025/05/28 11:15:07",35.11,0.38,0.38,0.38,0.38,0.15,0.15,7.43,7.43,0.39,0.39,0.38,0.38,0.38,0.38,2.49,2.49,0.36,0.36,0,0,FIRM
D,TRADING,PRICE,3,"2025/05/28 11:20:00",1,VIC1,136,8.95,0,0,"2025/05/28 11:15:07",8.95,0.38,0.38,0.38,0.38,0.15,0.15,10,10,0.39,0.39,1.4,1.4,0.38,0.38,0.93,0.93,0.36,0.36,0,0,FIRM
C,"END OF REPORT",15
