C,NEMP.WORLD,TRADINGIS,AEMO,PUBLIC,2025/05/28,01:30:11,0000000465177560,TRADINGIS,0000000465177559
I,TRADING,INTERCONNECTORRES,2,SETTLEMENTDATE,RUNNO,INTERCONNECTORID,PERIODID,METEREDMWFLOW,MWFLOW,MWLOSSES,LASTCHANGED
D,TRADING,INTERCONNECTORRES,2,"2025/05/28 01:35:00",1,N-Q-MNSP1,19,-7.6,-9,-0.16,"2025/05/28 01:30:03"
D,TRADING,INTERCONNECTORRES,2,"2025/05/28 01:35:00",1,NSW1-QLD1,19,110.1,22.15,0.09,"2025/05/28 01:30:03"
D,TRADING,INTERCONNECTORRES,2,"2025/05/28 01:35:00",1,T-V-MNSP1,19,-430.4,-477.83,25.6,"2025/05/28 01:30:03"
D,TRADING,INTERCONNECTORRES,2,"2025/05/28 01:35:00",1,V-S-MNSP1,19,172,167.87,21.63,"2025/05/28 01:30:03"
D,TRADING,INTERCONNECTORRES,2,"2025/05/28 01:35:00",1,V-SA,19,545.89,571.09,45,"2025/05/28 01:30:03"
D,TRADING,INTERCONNECTORRES,2,"2025/05/28 01:35:00",1,VIC1-NSW1,19,763.41,665.09,53.89,"2025/05/28 01:30:03"
I,TRADING,PRICE,3,SETTLEMENTDATE,RUNNO,REGIONID,PERIODID,RRP,EEP,INVALIDFLAG,LASTCHANGED,ROP,RAISE6SECRRP,RAISE6SECROP,RAISE60SECRRP,RAISE60SECROP,RAISE5MINRRP,RAISE5MINROP,RAISEREGRRP,RAISEREGROP,LOWER6SECRRP,LOWER6SECROP,LOWER60SECRRP,LOWER60SECROP,LOWER5MINRRP,LOWER5MINROP,LOWERREGRRP,LOWERREGROP,RAISE1SECRRP,RAISE1SECROP,LOWER1SECRRP,LOWER1SECROP,PRICE_STATUS
D,TRADING,PRICE,3,"2025/05/28 01:35:00",1,SA1,19,91.44,0,0,"2025/05/28 01:30:03",91.44,0.38,0.38,0.36,0.36,0.23,0.23,3.99,3.99,0.1,0.1,0.39,0.39,0.1,0.1,1.2,1.2,0.36,0.36,0,0,FIRM
D,TRADING,PRICE,3,"2025/05/28 01:35:00",1,NSW1,19,55.25,0,0,"2025/05/28 01:30:03",55.25,0.38,0.38,0.36,0.36,0.23,0.23,3.99,3.99,0.1,0.1,0.39,0.39,0.1,0.1,1.2,1.2,0.36,0.36,0,0,FIRM
D,TRADING,PRICE,3,"2025/05/28 01:35:00",1,QLD1,19,55.73,0,0,"2025/05/28 01:30:03",55.73,0.38,0.38,0.36,0.36,0.23,0.23,3.99,3.99,0.1,0.1,0.39,0.39,0.1,0.1,1.2,1.2,0.36,0.36,0,0,FIRM
D,TRADING,PRICE,3,"2025/05/28 01:35:00",1,TAS1,19,35.02,0,0,"2025/05/28 01:30:03",35.02,0.38,0.38,0.38,0.38,0.36,0.36,7.4,7.4,0.1,0.1,0.38,0.38,0,0,2.48,2.48,0.36,0.36,0,0,FIRM
D,TRADING,PRICE,3,"2025/05/28 01:35:00",1,VIC1,19,8.95,0,0,"2025/05/28 01:30:03",8.95,0.38,0.38,0.36,0.36,0.23,0.23,3.99,3.99,0.1,0.1,0.39,0.39,0.1,0.1,1.2,1.2,0.36,0.36,0,0,FIRM
C,"END OF REPORT",15
