C,NEMP.WORLD,TRADINGIS,AEMO,PUBLIC,2025/05/29,18:25:11,0000000465423918,TRADINGIS,0000000465423917
I,TRADING,INTERCONNECTORRES,2,SETTLEMENTDATE,RUNNO,INTERCONNECTORID,PERIODID,METEREDMWFLOW,MWFLOW,MWLOSSES,LASTCHANGED
D,TRADING,INTERCONNECTORRES,2,"2025/05/29 18:30:00",1,N-Q-MNSP1,222,-8.3,-9,-0.16,"2025/05/29 18:25:03"
D,TRADING,INTERCONNECTORRES,2,"2025/05/29 18:30:00",1,NSW1-QLD1,222,-350.6,-430.1,-12.5,"2025/05/29 18:25:03"
D,TRADING,INTERCONNECTORRES,2,"2025/05/29 18:30:00",1,T-V-MNSP1,222,214.8,224.61,4.37,"2025/05/29 18:25:03"
D,TRADING,INTERCONNECTORRES,2,"2025/05/29 18:30:00",1,V-S-MNSP1,222,45,45,-0.87,"2025/05/29 18:25:03"
D,TRADING,INTERCONNECTORRES,2,"2025/05/29 18:30:00",1,V-SA,222,62.59,91.4,1.35,"2025/05/29 18:25:03"
D,TRADING,INTERCONNECTORRES,2,"2025/05/29 18:30:00",1,VIC1-NSW1,222,95.31,71.33,0.78,"2025/05/29 18:25:03"
I,TRADING,PRICE,3,SETTLEMENTDATE,RUNNO,REGIONID,PERIODID,RRP,EEP,INVALIDFLAG,LASTCHANGED,ROP,RAISE6SECRRP,RAISE6SECROP,RAISE60SECRRP,RAISE60SECROP,RAISE5MINRRP,RAISE5MINROP,RAISEREGRRP,RAISEREGROP,LOWER6SECRRP,LOWER6SECROP,LOWER60SECRRP,LOWER60SECROP,LOWER5MINRRP,LOWER5MINROP,LOWERREGRRP,LOWERREGROP,RAISE1SECRRP,RAISE1SECROP,LOWER1SECRRP,LOWER1SECROP,PRICE_STATUS
D,TRADING,PRICE,3,"2025/05/29 18:30:00",1,SA1,222,175.35,0,0,"2025/05/29 18:25:03",175.35,0.38,0.38,0.36,0.36,0.32,0.32,5.99,5.99,0.38,0.38,0.38,0.38,0.38,0.38,3.71,3.71,0.04,0.04,0,0,FIRM
D,TRADING,PRICE,3,"2025/05/29 18:30:00",1,NSW1,222,200,0,0,"2025/05/29 18:25:03",200,0.38,0.38,0.36,0.36,0.32,0.32,5.99,5.99,0.38,0.38,0.38,0.38,0.38,0.38,3.71,3.71,0.04,0.04,0,0,FIRM
D,TRADING,PRICE,3,"2025/05/29 18:30:00",1,QLD1,222,197.69,0,0,"2025/05/29 18:25:03",197.69,0.38,0.38,0.36,0.36,0.32,0.32,5.99,5.99,0.38,0.38,0.38,0.38,0.38,0.38,3.71,3.71,0.04,0.04,0,0,FIRM
D,TRADING,PRICE,3,"2025/05/29 18:30:00",1,TAS1,222,160.16,0,0,"2025/05/29 18:25:03",160.16,0.38,0.38,0.36,0.36,0.32,0.32,7.62,7.62,0.38,0.38,0.38,0.38,0.38,0.38,2.46,2.46,0.04,0.04,0,0,FIRM
D,TRADING,PRICE,3,"2025/05/29 18:30:00",1,VIC1,222,170.93,0,0,"2025/05/29 18:25:03",170.93,0.38,0.38,0.36,0.36,0.32,0.32,5.99,5.99,0.38,0.38,0.38,0.38,0.38,0.38,3.71,3.71,0.04,0.04,0,0,FIRM
C,"END OF REPORT",15
