C,NEMP.WORLD,TRADINGIS,AEMO,PUBLIC,2025/05/27,04:25:14,0000000465045395,TRADINGIS,0000000465045394
I,TRADING,INTERCONNECTORRES,2,SETTLEMENTDATE,RUNNO,INTERCONNECTORID,PERIODID,METEREDMWFLOW,MWFLOW,MWLOSSES,LASTCHANGED
D,TRADING,INTERCONNECTORRES,2,"2025/05/27 04:30:00",1,N-Q-MNSP1,54,8.1,9,0.6,"2025/05/27 04:25:07"
D,TRADING,INTERCONNECTORRES,2,"2025/05/27 04:30:00",1,NSW1-QLD1,54,363.1,430.78,16.78,"2025/05/27 04:25:07"
D,TRADING,INTERCONNECTORRES,2,"2025/05/27 04:30:00",1,T-V-MNSP1,54,-452.3,-449.43,22.76,"2025/05/27 04:25:07"
D,TRADING,INTERCONNECTORRES,2,"2025/05/27 04:30:00",1,V-S-MNSP1,54,-143,-143.2,35.26,"2025/05/27 04:25:07"
D,TRADING,INTERCONNECTORRES,2,"2025/05/27 04:30:00",1,V-SA,54,-194.62,-267.99,3.71,"2025/05/27 04:25:07"
D,TRADING,INTERCONNECTORRES,2,"2025/05/27 04:30:00",1,VIC1-NSW1,54,861.8,944.75,98.92,"2025/05/27 04:25:07"
I,TRADING,PRICE,3,SETTLEMENTDATE,RUNNO,REGIONID,PERIODID,RRP,EEP,INVALIDFLAG,LASTCHANGED,ROP,RAISE6SECRRP,RAISE6SECROP,RAISE60SECRRP,RAISE60SECROP,RAISE5MINRRP,RAISE5MINROP,RAISEREGRRP,RAISEREGROP,LOWER6SECRRP,LOWER6SECROP,LOWER60SECRRP,LOWER60SECROP,LOWER5MINRRP,LOWER5MINROP,LOWERREGRRP,LOWERREGROP,RAISE1SECRRP,RAISE1SECROP,LOWER1SECRRP,LOWER1SECROP,PRICE_STATUS
D,TRADING,PRICE,3,"2025/05/27 04:30:00",1,SA1,54,-17.51,0,0,"2025/05/27 04:25:07",-17.51,0.17,0.17,0.1,0.1,0.1,0.1,3.99,3.99,0.38,0.38,0.39,0.39,0.39,0.39,1.51,1.51,0.38,0.38,0,0,FIRM
D,TRADING,PRICE,3,"2025/05/27 04:30:00",1,NSW1,54,46.9,0,0,"2025/05/27 04:25:07",46.9,0.17,0.17,0.1,0.1,0.1,0.1,3.99,3.99,0.38,0.38,0.39,0.39,0.39,0.39,1.51,1.51,0.38,0.38,0,0,FIRM
D,TRADING,PRICE,3,"2025/05/27 04:30:00",1,QLD1,54,50.75,0,0,"2025/05/27 04:25:07",50.75,0.17,0.17,0.1,0.1,0.1,0.1,3.99,3.99,0.38,0.38,0.39,0.39,0.39,0.39,1.51,1.51,0.38,0.38,0,0,FIRM
D,TRADING,PRICE,3,"2025/05/27 04:30:00",1,TAS1,54,11.25,0,0,"2025/05/27 04:25:07",11.25,0.38,0.38,0.38,0.38,0.1,0.1,6.6,6.6,0.38,0.38,0.39,0.39,0,0,3.48,3.48,0.38,0.38,0,0,FIRM
D,TRADING,PRICE,3,"2025/05/27 04:30:00",1,VIC1,54,-18.3,0,0,"2025/05/27 04:25:07",-18.3,0.17,0.17,0.1,0.1,0.1,0.1,3.99,3.99,0.38,0.38,0.39,0.39,0.39,0.39,1.51,1.51,0.38,0.38,0,0,FIRM
C,"END OF REPORT",15
