C,NEMP.WORLD,TRADINGIS,AEMO,PUBLIC,2025/05/28,03:30:10,0000000465188988,TRADINGIS,0000000465188987
I,TRADING,INTERCONNECTORRES,2,SETTLEMENTDATE,RUNNO,INTERCONNECTORID,PERIODID,METEREDMWFLOW,MWFLOW,MWLOSSES,LASTCHANGED
D,TRADING,INTERCONNECTORRES,2,"2025/05/28 03:35:00",1,N-Q-MNSP1,43,-0.3,0,0,"2025/05/28 03:30:03"
D,TRADING,INTERCONNECTORRES,2,"2025/05/28 03:35:00",1,NSW1-QLD1,43,211.2,279.8,6.08,"2025/05/28 03:30:03"
D,TRADING,INTERCONNECTORRES,2,"2025/05/28 03:35:00",1,T-V-MNSP1,43,-457.2,-477.42,25.56,"2025/05/28 03:30:03"
D,TRADING,INTERCONNECTORRES,2,"2025/05/28 03:35:00",1,V-S-MNSP1,43,166,166.55,21.2,"2025/05/28 03:30:03"
D,TRADING,INTERCONNECTORRES,2,"2025/05/28 03:35:00",1,V-SA,43,555.08,567.79,43.27,"2025/05/28 03:30:03"
D,TRADING,INTERCONNECTORRES,2,"2025/05/28 03:35:00",1,VIC1-NSW1,43,689.38,722.63,66.15,"2025/05/28 03:30:03"
I,TRADING,PRICE,3,SETTLEMENTDATE,RUNNO,REGIONID,PERIODID,RRP,EEP,INVALIDFLAG,LASTCHANGED,ROP,RAISE6SECRRP,RAISE6SECROP,RAISE60SECRRP,RAISE60SECROP,RAISE5MINRRP,RAISE5MINROP,RAISEREGRRP,RAISEREGROP,LOWER6SECRRP,LOWER6SECROP,LOWER60SECRRP,LOWER60SECROP,LOWER5MINRRP,LOWER5MINROP,LOWERREGRRP,LOWERREGROP,RAISE1SECRRP,RAISE1SECROP,LOWER1SECRRP,LOWER1SECROP,PRICE_STATUS
D,TRADING,PRICE,3,"2025/05/28 03:35:00",1,SA1,43,91.44,0,0,"2025/05/28 03:30:03",91.44,0.38,0.38,0.36,0.36,0.23,0.23,3,3,0.1,0.1,0.38,0.38,0.01,0.01,1.2,1.2,0.36,0.36,0,0,FIRM
D,TRADING,PRICE,3,"2025/05/28 03:35:00",1,NSW1,43,57.01,0,0,"2025/05/28 03:30:03",57.01,0.38,0.38,0.36,0.36,0.23,0.23,3,3,0.1,0.1,0.38,0.38,0.01,0.01,1.2,1.2,0.36,0.36,0,0,FIRM
D,TRADING,PRICE,3,"2025/05/28 03:35:00",1,QLD1,43,59.64,0,0,"2025/05/28 03:30:03",59.64,0.38,0.38,0.36,0.36,0.23,0.23,3,3,0.1,0.1,0.38,0.38,0.01,0.01,1.2,1.2,0.36,0.36,0,0,FIRM
D,TRADING,PRICE,3,"2025/05/28 03:35:00",1,TAS1,43,35.02,0,0,"2025/05/28 03:30:03",35.02,0.38,0.38,0.38,0.38,0.36,0.36,7.4,7.4,0.1,0.1,0.38,0.38,0,0,2.48,2.48,0.36,0.36,0,0,FIRM
D,TRADING,PRICE,3,"2025/05/28 03:35:00",1,VIC1,43,19.19,0,0,"2025/05/28 03:30:03",19.19,0.38,0.38,0.36,0.36,0.23,0.23,3,3,0.1,0.1,0.38,0.38,0.01,0.01,1.2,1.2,0.36,0.36,0,0,FIRM
C,"END OF REPORT",15
