C,NEMP.WORLD,TRADINGIS,AEMO,PUBLIC,2025/05/27,00:10:15,0000000465019380,TRADINGIS,0000000465019379
I,TRADING,INTERCONNECTORRES,2,SETTLEMENTDATE,RUNNO,INTERCONNECTORID,PERIODID,METEREDMWFLOW,MWFLOW,MWLOSSES,LASTCHANGED
D,TRADING,INTERCONNECTORRES,2,"2025/05/27 00:15:00",1,N-Q-MNSP1,3,10.6,9,0.6,"2025/05/27 00:10:08"
D,TRADING,INTERCONNECTORRES,2,"2025/05/27 00:15:00",1,NSW1-QLD1,3,472.4,448.31,23.33,"2025/05/27 00:10:08"
D,TRADING,INTERCONNECTORRES,2,"2025/05/27 00:15:00",1,T-V-MNSP1,3,-444.4,-454.4,23.24,"2025/05/27 00:10:08"
D,TRADING,INTERCONNECTORRES,2,"2025/05/27 00:15:00",1,V-S-MNSP1,3,-145,-144.6,35.85,"2025/05/27 00:10:08"
D,TRADING,INTERCONNECTORRES,2,"2025/05/27 00:15:00",1,V-SA,3,-344.94,-349.5,7.23,"2025/05/27 00:10:08"
D,TRADING,INTERCONNECTORRES,2,"2025/05/27 00:15:00",1,VIC1-NSW1,3,1066.9,1084.66,114.81,"2025/05/27 00:10:08"
I,TRADING,PRICE,3,SETTLEMENTDATE,RUNNO,REGIONID,PERIODID,RRP,EEP,INVALIDFLAG,LASTCHANGED,ROP,RAISE6SECRRP,RAISE6SECROP,RAISE60SECRRP,RAISE60SECROP,RAISE5MINRRP,RAISE5MINROP,RAISEREGRRP,RAISEREGROP,LOWER6SECRRP,LOWER6SECROP,LOWER60SECRRP,LOWER60SECROP,LOWER5MINRRP,LOWER5MINROP,LOWERREGRRP,LOWERREGROP,RAISE1SECRRP,RAISE1SECROP,LOWER1SECRRP,LOWER1SECROP,PRICE_STATUS
D,TRADING,PRICE,3,"2025/05/27 00:15:00",1,SA1,3,-7.98,0,0,"2025/05/27 00:10:08",-7.98,0.01,0.01,0.01,0.01,0.04,0.04,5.99,5.99,0.39,0.39,0.45,0.45,0,0,0,0,0.1,0.1,0,0,FIRM
D,TRADING,PRICE,3,"2025/05/27 00:15:00",1,NSW1,3,50.93,0,0,"2025/05/27 00:10:08",50.93,0.01,0.01,0.01,0.01,0.04,0.04,5.99,5.99,0.39,0.39,0.45,0.45,0,0,0,0,0.1,0.1,0,0,FIRM
D,TRADING,PRICE,3,"2025/05/27 00:15:00",1,QLD1,3,55.73,0,0,"2025/05/27 00:10:08",55.73,0.01,0.01,0.01,0.01,0.04,0.04,5.99,5.99,0.39,0.39,0.45,0.45,0,0,0,0,0.1,0.1,0,0,FIRM
D,TRADING,PRICE,3,"2025/05/27 00:15:00",1,TAS1,3,11.25,0,0,"2025/05/27 00:10:08",11.25,0.38,0.38,0.38,0.38,0.04,0.04,7.97,7.97,0.38,0.38,0.38,0.38,0,0,1.55,1.55,0.1,0.1,0,0,FIRM
D,TRADING,PRICE,3,"2025/05/27 00:15:00",1,VIC1,3,-8.48,0,0,"2025/05/27 00:10:08",-8.48,0.01,0.01,0.01,0.01,0.04,0.04,5.99,5.99,0.39,0.39,0.45,0.45,0,0,0,0,0.1,0.1,0,0,FIRM
C,"END OF REPORT",15
