C,NEMP.WORLD,TRADINGIS,AEMO,PUBLIC,2025/05/28,17:40:11,0000000465275927,TRADINGIS,0000000465275926
I,TRADING,INTERCONNECTORRES,2,SETTLEMENTDATE,RUNNO,INTERCONNECTORID,PERIODID,METEREDMWFLOW,MWFLOW,MWLOSSES,LASTCHANGED
D,TRADING,INTERCONNECTORRES,2,"2025/05/28 17:45:00",1,N-Q-MNSP1,213,-18.6,-17,0.07,"2025/05/28 17:40:04"
D,TRADING,INTERCONNECTORRES,2,"2025/05/28 17:45:00",1,NSW1-QLD1,213,-646.8,-579.69,-9.5,"2025/05/28 17:40:04"
D,TRADING,INTERCONNECTORRES,2,"2025/05/28 17:45:00",1,T-V-MNSP1,213,313.1,263.28,6.18,"2025/05/28 17:40:04"
D,TRADING,INTERCONNECTORRES,2,"2025/05/28 17:45:00",1,V-S-MNSP1,213,45,27,-1.11,"2025/05/28 17:40:04"
D,TRADING,INTERCONNECTORRES,2,"2025/05/28 17:45:00",1,V-SA,213,151.35,26.41,-0.08,"2025/05/28 17:40:04"
D,TRADING,INTERCONNECTORRES,2,"2025/05/28 17:45:00",1,VIC1-NSW1,213,-25.87,-25.87,-0.17,"2025/05/28 17:40:04"
I,TRADING,PRICE,3,SETTLEMENTDATE,RUNNO,REGIONID,PERIODID,RRP,EEP,INVALIDFLAG,LASTCHANGED,ROP,RAISE6SECRRP,RAISE6SECROP,RAISE60SECRRP,RAISE60SECROP,RAISE5MINRRP,RAISE5MINROP,RAISEREGRRP,RAISEREGROP,LOWER6SECRRP,LOWER6SECROP,LOWER60SECRRP,LOWER60SECROP,LOWER5MINRRP,LOWER5MINROP,LOWERREGRRP,LOWERREGROP,RAISE1SECRRP,RAISE1SECROP,LOWER1SECRRP,LOWER1SECROP,PRICE_STATUS
D,TRADING,PRICE,3,"2025/05/28 17:45:00",1,SA1,213,160.45,0,0,"2025/05/28 17:40:04",160.45,4.61,4.61,0.38,0.38,0.32,0.32,5.45,5.45,0.1,0.1,0.38,0.38,0.1,0.1,0.72,0.72,0.04,0.04,0,0,FIRM
D,TRADING,PRICE,3,"2025/05/28 17:45:00",1,NSW1,213,117.93,0,0,"2025/05/28 17:40:04",117.93,4.61,4.61,0.38,0.38,0.32,0.32,5.45,5.45,0.1,0.1,0.38,0.38,0.1,0.1,0.72,0.72,0.04,0.04,0,0,FIRM
D,TRADING,PRICE,3,"2025/05/28 17:45:00",1,QLD1,213,113.83,0,0,"2025/05/28 17:40:04",113.83,4.61,4.61,0.38,0.38,0.32,0.32,5.45,5.45,0.1,0.1,0.38,0.38,0.1,0.1,0.72,0.72,0.04,0.04,0,0,FIRM
D,TRADING,PRICE,3,"2025/05/28 17:45:00",1,TAS1,213,149.24,0,0,"2025/05/28 17:40:04",149.24,4.61,4.61,0.38,0.38,0.32,0.32,7.4,7.4,0.1,0.1,0.38,0.38,0.1,0.1,2.48,2.48,0.04,0.04,0,0,FIRM
D,TRADING,PRICE,3,"2025/05/28 17:45:00",1,VIC1,213,160.51,0,0,"2025/05/28 17:40:04",160.51,4.61,4.61,0.38,0.38,0.32,0.32,5.45,5.45,0.1,0.1,0.38,0.38,0.1,0.1,0.72,0.72,0.04,0.04,0,0,FIRM
C,"END OF REPORT",15
