C,NEMP.WORLD,TRADINGIS,AEMO,PUBLIC,2025/05/27,00:40:16,0000000465022486,TRADINGIS,0000000465022485
I,TRADING,INTERCONNECTORRES,2,SETTLEMENTDATE,RUNNO,INTERCONNECTORID,PERIODID,METEREDMWFLOW,MWFLOW,MWLOSSES,LASTCHANGED
D,TRADING,INTERCONNECTORRES,2,"2025/05/27 00:45:00",1,N-Q-MNSP1,9,10.6,9,0.6,"2025/05/27 00:40:08"
D,TRADING,INTERCONNECTORRES,2,"2025/05/27 00:45:00",1,NSW1-QLD1,9,435.9,507.93,26.97,"2025/05/27 00:40:08"
D,TRADING,INTERCONNECTORRES,2,"2025/05/27 00:45:00",1,T-V-MNSP1,9,-435.2,-449.03,22.72,"2025/05/27 00:40:08"
D,TRADING,INTERCONNECTORRES,2,"2025/05/27 00:45:00",1,V-S-MNSP1,9,-143,-142.93,35.15,"2025/05/27 00:40:08"
D,TRADING,INTERCONNECTORRES,2,"2025/05/27 00:45:00",1,V-SA,9,-208.7,-295.82,3.06,"2025/05/27 00:40:08"
D,TRADING,INTERCONNECTORRES,2,"2025/05/27 00:45:00",1,VIC1-NSW1,9,1037.72,1059.63,108.23,"2025/05/27 00:40:08"
I,TRADING,PRICE,3,SETTLEMENTDATE,RUNNO,REGIONID,PERIODID,RRP,EEP,INVALIDFLAG,LASTCHANGED,ROP,RAISE6SECRRP,RAISE6SECROP,RAISE60SECRRP,RAISE60SECROP,RAISE5MINRRP,RAISE5MINROP,RAISEREGRRP,RAISEREGROP,LOWER6SECRRP,LOWER6SECROP,LOWER60SECRRP,LOWER60SECROP,LOWER5MINRRP,LOWER5MINROP,LOWERREGRRP,LOWERREGROP,RAISE1SECRRP,RAISE1SECROP,LOWER1SECRRP,LOWER1SECROP,PRICE_STATUS
D,TRADING,PRICE,3,"2025/05/27 00:45:00",1,SA1,9,-13.15,0,0,"2025/05/27 00:40:08",-13.15,0.01,0.01,0.01,0.01,0.04,0.04,9.24,9.24,0.38,0.38,0.38,0.38,0.1,0.1,3.59,3.59,0.3,0.3,0,0,FIRM
D,TRADING,PRICE,3,"2025/05/27 00:45:00",1,NSW1,9,40.75,0,0,"2025/05/27 00:40:08",40.75,0.01,0.01,0.01,0.01,0.04,0.04,9.24,9.24,0.38,0.38,0.38,0.38,0.1,0.1,3.59,3.59,0.3,0.3,0,0,FIRM
D,TRADING,PRICE,3,"2025/05/27 00:45:00",1,QLD1,9,44.94,0,0,"2025/05/27 00:40:08",44.94,0.01,0.01,0.01,0.01,0.04,0.04,9.24,9.24,0.38,0.38,0.38,0.38,0.1,0.1,3.59,3.59,0.3,0.3,0,0,FIRM
D,TRADING,PRICE,3,"2025/05/27 00:45:00",1,TAS1,9,34.28,0,0,"2025/05/27 00:40:08",34.28,0.38,0.38,0.38,0.38,0.04,0.04,8.8,8.8,0.38,0.38,0.38,0.38,0,0,2.55,2.55,0.3,0.3,0,0,FIRM
D,TRADING,PRICE,3,"2025/05/27 00:45:00",1,VIC1,9,-13.76,0,0,"2025/05/27 00:40:08",-13.76,0.01,0.01,0.01,0.01,0.04,0.04,9.24,9.24,0.38,0.38,0.38,0.38,0.1,0.1,3.59,3.59,0.3,0.3,0,0,FIRM
C,"END OF REPORT",15
