C,NEMP.WORLD,TRADINGIS,AEMO,PUBLIC,2025/05/27,10:15:15,0000000465080395,TRADINGIS,0000000465080394
I,TRADING,INTERCONNECTORRES,2,SETTLEMENTDATE,RUNNO,INTERCONNECTORID,PERIODID,METEREDMWFLOW,MWFLOW,MWLOSSES,LASTCHANGED
D,TRADING,INTERCONNECTORRES,2,"2025/05/27 10:20:00",1,N-Q-MNSP1,124,-19,-17,0.07,"2025/05/27 10:15:08"
D,TRADING,INTERCONNECTORRES,2,"2025/05/27 10:20:00",1,NSW1-QLD1,124,-245.9,-160.71,2.06,"2025/05/27 10:15:08"
D,TRADING,INTERCONNECTORRES,2,"2025/05/27 10:20:00",1,T-V-MNSP1,124,-436.5,-462.4,24.04,"2025/05/27 10:15:08"
D,TRADING,INTERCONNECTORRES,2,"2025/05/27 10:20:00",1,V-S-MNSP1,124,21,16.18,-0.86,"2025/05/27 10:15:08"
D,TRADING,INTERCONNECTORRES,2,"2025/05/27 10:20:00",1,V-SA,124,-381.22,-471.31,27.43,"2025/05/27 10:15:08"
D,TRADING,INTERCONNECTORRES,2,"2025/05/27 10:20:00",1,VIC1-NSW1,124,711.23,756.67,69.75,"2025/05/27 10:15:08"
I,TRADING,PRICE,3,SETTLEMENTDATE,RUNNO,REGIONID,PERIODID,RRP,EEP,INVALIDFLAG,LASTCHANGED,ROP,RAISE6SECRRP,RAISE6SECROP,RAISE60SECRRP,RAISE60SECROP,RAISE5MINRRP,RAISE5MINROP,RAISEREGRRP,RAISEREGROP,LOWER6SECRRP,LOWER6SECROP,LOWER60SECRRP,LOWER60SECROP,LOWER5MINRRP,LOWER5MINROP,LOWERREGRRP,LOWERREGROP,RAISE1SECRRP,RAISE1SECROP,LOWER1SECRRP,LOWER1SECROP,PRICE_STATUS
D,TRADING,PRICE,3,"2025/05/27 10:20:00",1,SA1,124,-6.68,0,0,"2025/05/27 10:15:08",-6.68,0,0,0.01,0.01,0.04,0.04,9.24,9.24,0.1,0.1,1,1,0.37,0.37,3.71,3.71,0.1,0.1,0,0,FIRM
D,TRADING,PRICE,3,"2025/05/27 10:20:00",1,NSW1,124,45.1,0,0,"2025/05/27 10:15:08",45.1,0,0,0.01,0.01,0.04,0.04,9.24,9.24,0.1,0.1,1,1,0.37,0.37,3.71,3.71,0.1,0.1,0,0,FIRM
D,TRADING,PRICE,3,"2025/05/27 10:20:00",1,QLD1,124,44.94,0,0,"2025/05/27 10:15:08",44.94,0.23,0.23,0.1,0.1,0.86,0.86,10.06,10.06,0.1,0.1,1,1,0.37,0.37,3.71,3.71,0.1,0.1,0,0,FIRM
D,TRADING,PRICE,3,"2025/05/27 10:20:00",1,TAS1,124,35.24,0,0,"2025/05/27 10:15:08",35.24,0.38,0.38,0.38,0.38,0.04,0.04,7.4,7.4,0.1,0.1,0.38,0.38,0,0,2.48,2.48,0.1,0.1,0,0,FIRM
D,TRADING,PRICE,3,"2025/05/27 10:20:00",1,VIC1,124,-9.25,0,0,"2025/05/27 10:15:08",-9.25,0,0,0.01,0.01,0.04,0.04,9.24,9.24,0.1,0.1,1,1,0.37,0.37,3.71,3.71,0.1,0.1,0,0,FIRM
C,"END OF REPORT",15
