C,NEMP.WORLD,TRADINGIS,AEMO,PUBLIC,2025/05/27,04:55:14,0000000465048052,TRADINGIS,0000000465048051
I,TRADING,INTERCONNECTORRES,2,SETTLEMENTDATE,RUNNO,INTERCONNECTORID,PERIODID,METEREDMWFLOW,MWFLOW,MWLOSSES,LASTCHANGED
D,TRADING,INTERCONNECTORRES,2,"2025/05/27 05:00:00",1,N-Q-MNSP1,60,8.4,9,0.6,"2025/05/27 04:55:05"
D,TRADING,INTERCONNECTORRES,2,"2025/05/27 05:00:00",1,NSW1-QLD1,60,349.9,358.95,12.62,"2025/05/27 04:55:05"
D,TRADING,INTERCONNECTORRES,2,"2025/05/27 05:00:00",1,T-V-MNSP1,60,-447.4,-456.77,23.48,"2025/05/27 04:55:05"
D,TRADING,INTERCONNECTORRES,2,"2025/05/27 05:00:00",1,V-S-MNSP1,60,-142,-146.4,36.63,"2025/05/27 04:55:05"
D,TRADING,INTERCONNECTORRES,2,"2025/05/27 05:00:00",1,V-SA,60,-255.3,-301.56,5.62,"2025/05/27 04:55:05"
D,TRADING,INTERCONNECTORRES,2,"2025/05/27 05:00:00",1,VIC1-NSW1,60,912.07,945.68,97.67,"2025/05/27 04:55:05"
I,TRADING,PRICE,3,SETTLEMENTDATE,RUNNO,REGIONID,PERIODID,RRP,EEP,INVALIDFLAG,LASTCHANGED,ROP,RAISE6SECRRP,RAISE6SECROP,RAISE60SECRRP,RAISE60SECROP,RAISE5MINRRP,RAISE5MINROP,RAISEREGRRP,RAISEREGROP,LOWER6SECRRP,LOWER6SECROP,LOWER60SECRRP,LOWER60SECROP,LOWER5MINRRP,LOWER5MINROP,LOWERREGRRP,LOWERREGROP,RAISE1SECRRP,RAISE1SECROP,LOWER1SECRRP,LOWER1SECROP,PRICE_STATUS
D,TRADING,PRICE,3,"2025/05/27 05:00:00",1,SA1,60,-13.05,0,0,"2025/05/27 04:55:05",-13.05,0.37,0.37,0.1,0.1,0.1,0.1,3.99,3.99,0.1,0.1,0.38,0.38,0.1,0.1,0.2,0.2,0.38,0.38,0,0,FIRM
D,TRADING,PRICE,3,"2025/05/27 05:00:00",1,NSW1,60,47.35,0,0,"2025/05/27 04:55:05",47.35,0.37,0.37,0.1,0.1,0.1,0.1,3.99,3.99,0.1,0.1,0.38,0.38,0.1,0.1,0.2,0.2,0.38,0.38,0,0,FIRM
D,TRADING,PRICE,3,"2025/05/27 05:00:00",1,QLD1,60,50.75,0,0,"2025/05/27 04:55:05",50.75,0.37,0.37,0.1,0.1,0.1,0.1,3.99,3.99,0.1,0.1,0.38,0.38,0.1,0.1,0.2,0.2,0.38,0.38,0,0,FIRM
D,TRADING,PRICE,3,"2025/05/27 05:00:00",1,TAS1,60,11.25,0,0,"2025/05/27 04:55:05",11.25,0.38,0.38,0.38,0.38,0.1,0.1,6.6,6.6,0.1,0.1,0.38,0.38,0,0,2.48,2.48,0.38,0.38,0,0,FIRM
D,TRADING,PRICE,3,"2025/05/27 05:00:00",1,VIC1,60,-13.76,0,0,"2025/05/27 04:55:05",-13.76,0.37,0.37,0.1,0.1,0.1,0.1,3.99,3.99,0.1,0.1,0.38,0.38,0.1,0.1,0.2,0.2,0.38,0.38,0,0,FIRM
C,"END OF REPORT",15
