C,NEMP.WORLD,TRADINGIS,AEMO,PUBLIC,2025/05/29,00:20:10,0000000465314776,TRADINGIS,0000000465314775
I,TRADING,INTERCONNECTORRES,2,SETTLEMENTDATE,RUNNO,INTERCONNECTORID,PERIODID,METEREDMWFLOW,MWFLOW,MWLOSSES,LASTCHANGED
D,TRADING,INTERCONNECTORRES,2,"2025/05/29 00:25:00",1,N-Q-MNSP1,5,-15,-17,0.07,"2025/05/29 00:20:03"
D,TRADING,INTERCONNECTORRES,2,"2025/05/29 00:25:00",1,NSW1-QLD1,5,-281.9,-340.11,7.29,"2025/05/29 00:20:03"
D,TRADING,INTERCONNECTORRES,2,"2025/05/29 00:25:00",1,T-V-MNSP1,5,-420.6,-438,21.66,"2025/05/29 00:20:03"
D,TRADING,INTERCONNECTORRES,2,"2025/05/29 00:25:00",1,V-S-MNSP1,5,72,84.36,2.39,"2025/05/29 00:20:03"
D,TRADING,INTERCONNECTORRES,2,"2025/05/29 00:25:00",1,V-SA,5,369.78,529,37.53,"2025/05/29 00:20:03"
D,TRADING,INTERCONNECTORRES,2,"2025/05/29 00:25:00",1,VIC1-NSW1,5,262.62,81.8,2.51,"2025/05/29 00:20:03"
I,TRADING,PRICE,3,SETTLEMENTDATE,RUNNO,REGIONID,PERIODID,RRP,EEP,INVALIDFLAG,LASTCHANGED,ROP,RAISE6SECRRP,RAISE6SECROP,RAISE60SECRRP,RAISE60SECROP,RAISE5MINRRP,RAISE5MINROP,RAISEREGRRP,RAISEREGROP,LOWER6SECRRP,LOWER6SECROP,LOWER60SECRRP,LOWER60SECROP,LOWER5MINRRP,LOWER5MINROP,LOWERREGRRP,LOWERREGROP,RAISE1SECRRP,RAISE1SECROP,LOWER1SECRRP,LOWER1SECROP,PRICE_STATUS
D,TRADING,PRICE,3,"2025/05/29 00:25:00",1,SA1,5,93.57,0,0,"2025/05/29 00:20:03",93.57,0.23,0.23,0.1,0.1,0.1,0.1,5.99,5.99,0.1,0.1,0.38,0.38,0.1,0.1,3.99,3.99,0.37,0.37,0,0,FIRM
D,TRADING,PRICE,3,"2025/05/29 00:25:00",1,NSW1,5,85.15,0,0,"2025/05/29 00:20:03",85.15,0.23,0.23,0.1,0.1,0.1,0.1,5.99,5.99,0.1,0.1,0.38,0.38,0.1,0.1,3.99,3.99,0.37,0.37,0,0,FIRM
D,TRADING,PRICE,3,"2025/05/29 00:25:00",1,QLD1,5,80.82,0,0,"2025/05/29 00:20:03",80.82,0.23,0.23,0.1,0.1,0.1,0.1,5.99,5.99,0.1,0.1,0.38,0.38,0.1,0.1,3.99,3.99,0.37,0.37,0,0,FIRM
D,TRADING,PRICE,3,"2025/05/29 00:25:00",1,TAS1,5,100.24,0,0,"2025/05/29 00:20:03",100.24,0.38,0.38,0.38,0.38,0.38,0.38,8.4,8.4,0.1,0.1,0.38,0.38,0,0,2.48,2.48,0.37,0.37,0,0,FIRM
D,TRADING,PRICE,3,"2025/05/29 00:25:00",1,VIC1,5,82.15,0,0,"2025/05/29 00:20:03",82.15,0.23,0.23,0.1,0.1,0.1,0.1,5.99,5.99,0.1,0.1,0.38,0.38,0.1,0.1,3.99,3.99,0.37,0.37,0,0,FIRM
C,"END OF REPORT",15
