C,NEMP.WORLD,TRADINGIS,AEMO,PUBLIC,2025/05/27,05:55:10,0000000465054402,TRADINGIS,0000000465054401
I,TRADING,INTERCONNECTORRES,2,SETTLEMENTDATE,RUNNO,INTERCONNECTORID,PERIODID,METEREDMWFLOW,MWFLOW,MWLOSSES,LASTCHANGED
D,TRADING,INTERCONNECTORRES,2,"2025/05/27 06:00:00",1,N-Q-MNSP1,72,9.1,17,1.52,"2025/05/27 05:55:03"
D,TRADING,INTERCONNECTORRES,2,"2025/05/27 06:00:00",1,NSW1-QLD1,72,498.5,527,33.92,"2025/05/27 05:55:03"
D,TRADING,INTERCONNECTORRES,2,"2025/05/27 06:00:00",1,T-V-MNSP1,72,-434.6,-459.89,23.79,"2025/05/27 05:55:03"
D,TRADING,INTERCONNECTORRES,2,"2025/05/27 06:00:00",1,V-S-MNSP1,72,-148,-148.61,37.58,"2025/05/27 05:55:03"
D,TRADING,INTERCONNECTORRES,2,"2025/05/27 06:00:00",1,V-SA,72,-295.79,-226.23,4.07,"2025/05/27 05:55:03"
D,TRADING,INTERCONNECTORRES,2,"2025/05/27 06:00:00",1,VIC1-NSW1,72,974.32,973.35,102.6,"2025/05/27 05:55:03"
I,TRADING,PRICE,3,SETTLEMENTDATE,RUNNO,REGIONID,PERIODID,RRP,EEP,INVALIDFLAG,LASTCHANGED,ROP,RAISE6SECRRP,RAISE6SECROP,RAISE60SECRRP,RAISE60SECROP,RAISE5MINRRP,RAISE5MINROP,RAISEREGRRP,RAISEREGROP,LOWER6SECRRP,LOWER6SECROP,LOWER60SECRRP,LOWER60SECROP,LOWER5MINRRP,LOWER5MINROP,LOWERREGRRP,LOWERREGROP,RAISE1SECRRP,RAISE1SECROP,LOWER1SECRRP,LOWER1SECROP,PRICE_STATUS
D,TRADING,PRICE,3,"2025/05/27 06:00:00",1,SA1,72,8.49,0,0,"2025/05/27 05:55:03",8.49,0.23,0.23,0.1,0.1,0.04,0.04,0.04,0.04,0.01,0.01,0.1,0.1,0.1,0.1,3.59,3.59,0.37,0.37,0,0,FIRM
D,TRADING,PRICE,3,"2025/05/27 06:00:00",1,NSW1,72,65.01,0,0,"2025/05/27 05:55:03",65.01,0.23,0.23,0.1,0.1,0.04,0.04,0.04,0.04,0.01,0.01,0.1,0.1,0.1,0.1,3.59,3.59,0.37,0.37,0,0,FIRM
D,TRADING,PRICE,3,"2025/05/27 06:00:00",1,QLD1,72,72.75,0,0,"2025/05/27 05:55:03",72.75,0.23,0.23,0.1,0.1,0.04,0.04,0.04,0.04,0.01,0.01,0.1,0.1,0.1,0.1,3.59,3.59,0.37,0.37,0,0,FIRM
D,TRADING,PRICE,3,"2025/05/27 06:00:00",1,TAS1,72,35.24,0,0,"2025/05/27 05:55:03",35.24,0.38,0.38,0.38,0.38,0.36,0.36,8.4,8.4,0.01,0.01,0.1,0.1,0,0,2.48,2.48,0.37,0.37,0,0,FIRM
D,TRADING,PRICE,3,"2025/05/27 06:00:00",1,VIC1,72,8.88,0,0,"2025/05/27 05:55:03",8.88,0.23,0.23,0.1,0.1,0.04,0.04,0.04,0.04,0.01,0.01,0.1,0.1,0.1,0.1,3.59,3.59,0.37,0.37,0,0,FIRM
C,"END OF REPORT",15
