C,NEMP.WORLD,TRADINGIS,AEMO,PUBLIC,2025/05/28,18:50:10,0000000465283169,TRADINGIS,0000000465283168
I,TRADING,INTERCONNECTORRES,2,SETTLEMENTDATE,RUNNO,INTERCONNECTORID,PERIODID,METEREDMWFLOW,MWFLOW,MWLOSSES,LASTCHANGED
D,TRADING,INTERCONNECTORRES,2,"2025/05/28 18:55:00",1,N-Q-MNSP1,227,-32.7,-33,1.59,"2025/05/28 18:50:03"
D,TRADING,INTERCONNECTORRES,2,"2025/05/28 18:55:00",1,NSW1-QLD1,227,-1096.7,-1144.77,44,"2025/05/28 18:50:03"
D,TRADING,INTERCONNECTORRES,2,"2025/05/28 18:55:00",1,T-V-MNSP1,227,77.5,64.32,0.18,"2025/05/28 18:50:03"
D,TRADING,INTERCONNECTORRES,2,"2025/05/28 18:55:00",1,V-S-MNSP1,227,54,54,-0.46,"2025/05/28 18:50:03"
D,TRADING,INTERCONNECTORRES,2,"2025/05/28 18:55:00",1,V-SA,227,238.76,227.78,7.58,"2025/05/28 18:50:03"
D,TRADING,INTERCONNECTORRES,2,"2025/05/28 18:55:00",1,VIC1-NSW1,227,-308.23,-354.01,10.59,"2025/05/28 18:50:03"
I,TRADING,PRICE,3,SETTLEMENTDATE,RUNNO,REGIONID,PERIODID,RRP,EEP,INVALIDFLAG,LASTCHANGED,ROP,RAISE6SECRRP,RAISE6SECROP,RAISE60SECRRP,RAISE60SECROP,RAISE5MINRRP,RAISE5MINROP,RAISEREGRRP,RAISEREGROP,LOWER6SECRRP,LOWER6SECROP,LOWER60SECRRP,LOWER60SECROP,LOWER5MINRRP,LOWER5MINROP,LOWERREGRRP,LOWERREGROP,RAISE1SECRRP,RAISE1SECROP,LOWER1SECRRP,LOWER1SECROP,PRICE_STATUS
D,TRADING,PRICE,3,"2025/05/28 18:55:00",1,SA1,227,150.38,0,0,"2025/05/28 18:50:03",150.38,0.37,0.37,0.1,0.1,0.1,0.1,3.98,3.98,0.1,0.1,0.38,0.38,0.01,0.01,0.01,0.01,0.36,0.36,0,0,FIRM
D,TRADING,PRICE,3,"2025/05/28 18:55:00",1,NSW1,227,133.78,0,0,"2025/05/28 18:50:03",133.78,0.37,0.37,0.1,0.1,0.1,0.1,3.98,3.98,0.1,0.1,0.38,0.38,0.01,0.01,0.01,0.01,0.36,0.36,0,0,FIRM
D,TRADING,PRICE,3,"2025/05/28 18:55:00",1,QLD1,227,115.61,0,0,"2025/05/28 18:50:03",115.61,0.37,0.37,0.1,0.1,0.1,0.1,3.98,3.98,0.1,0.1,0.38,0.38,0.01,0.01,0.01,0.01,0.36,0.36,0,0,FIRM
D,TRADING,PRICE,3,"2025/05/28 18:55:00",1,TAS1,227,140.6,0,0,"2025/05/28 18:50:03",140.6,3,3,0.38,0.38,0.38,0.38,7.43,7.43,0.1,0.1,0.38,0.38,0,0,3.48,3.48,0.36,0.36,0,0,FIRM
D,TRADING,PRICE,3,"2025/05/28 18:55:00",1,VIC1,227,141.73,0,0,"2025/05/28 18:50:03",141.73,0.37,0.37,0.1,0.1,0.1,0.1,3.98,3.98,0.1,0.1,0.38,0.38,0.01,0.01,0.01,0.01,0.36,0.36,0,0,FIRM
C,"END OF REPORT",15
