C,NEMP.WORLD,TRADINGIS,AEMO,PUBLIC,2025/05/27,07:00:11,0000000465060828,TRADINGIS,0000000465060827
I,TRADING,INTERCONNECTORRES,2,SETTLEMENTDATE,RUNNO,INTERCONNECTORID,PERIODID,METEREDMWFLOW,MWFLOW,MWLOSSES,LASTCHANGED
D,TRADING,INTERCONNECTORRES,2,"2025/05/27 07:05:00",1,N-Q-MNSP1,85,-1.9,-9,-0.16,"2025/05/27 07:00:04"
D,TRADING,INTERCONNECTORRES,2,"2025/05/27 07:05:00",1,NSW1-QLD1,85,-104.5,-187.3,-2.69,"2025/05/27 07:00:04"
D,TRADING,INTERCONNECTORRES,2,"2025/05/27 07:05:00",1,T-V-MNSP1,85,-451.7,-459.8,23.78,"2025/05/27 07:00:04"
D,TRADING,INTERCONNECTORRES,2,"2025/05/27 07:05:00",1,V-S-MNSP1,85,-146,-66,10.13,"2025/05/27 07:00:04"
D,TRADING,INTERCONNECTORRES,2,"2025/05/27 07:05:00",1,V-SA,85,-97.48,-64.22,0.5,"2025/05/27 07:00:04"
D,TRADING,INTERCONNECTORRES,2,"2025/05/27 07:05:00",1,VIC1-NSW1,85,934.37,782.51,63.86,"2025/05/27 07:00:04"
I,TRADING,PRICE,3,SETTLEMENTDATE,RUNNO,REGIONID,PERIODID,RRP,EEP,INVALIDFLAG,LASTCHANGED,ROP,RAISE6SECRRP,RAISE6SECROP,RAISE60SECRRP,RAISE60SECROP,RAISE5MINRRP,RAISE5MINROP,RAISEREGRRP,RAISEREGROP,LOWER6SECRRP,LOWER6SECROP,LOWER60SECRRP,LOWER60SECROP,LOWER5MINRRP,LOWER5MINROP,LOWERREGRRP,LOWERREGROP,RAISE1SECRRP,RAISE1SECROP,LOWER1SECRRP,LOWER1SECROP,PRICE_STATUS
D,TRADING,PRICE,3,"2025/05/27 07:05:00",1,SA1,85,55.27,0,0,"2025/05/27 07:00:04",55.27,0.23,0.23,0.1,0.1,0.1,0.1,5,5,0.01,0.01,0.1,0.1,0.01,0.01,6,6,0.38,0.38,0,0,FIRM
D,TRADING,PRICE,3,"2025/05/27 07:05:00",1,NSW1,85,65.02,0,0,"2025/05/27 07:00:04",65.02,0.23,0.23,0.1,0.1,0.1,0.1,5,5,0.01,0.01,0.1,0.1,0.01,0.01,6,6,0.38,0.38,0,0,FIRM
D,TRADING,PRICE,3,"2025/05/27 07:05:00",1,QLD1,85,105.85,0,0,"2025/05/27 07:00:04",105.85,19.95,19.95,19.95,19.95,1.8,1.8,6.7,6.7,0.01,0.01,0.1,0.1,0.01,0.01,6,6,0.38,0.38,0,0,FIRM
D,TRADING,PRICE,3,"2025/05/27 07:05:00",1,TAS1,85,100.28,0,0,"2025/05/27 07:00:04",100.28,0.38,0.38,0.38,0.38,0.1,0.1,8.4,8.4,0.01,0.01,0.1,0.1,0,0,2.48,2.48,0.38,0.38,0,0,FIRM
D,TRADING,PRICE,3,"2025/05/27 07:05:00",1,VIC1,85,56.04,0,0,"2025/05/27 07:00:04",56.04,0.23,0.23,0.1,0.1,0.1,0.1,5,5,0.01,0.01,0.1,0.1,0.01,0.01,6,6,0.38,0.38,0,0,FIRM
C,"END OF REPORT",15
