C,NEMP.WORLD,TRADINGIS,AEMO,PUBLIC,2025/05/29,17:50:12,0000000465420184,TRADINGIS,0000000465420183
I,TRADING,INTERCONNECTORRES,2,SETTLEMENTDATE,RUNNO,INTERCONNECTORID,PERIODID,METEREDMWFLOW,MWFLOW,MWLOSSES,LASTCHANGED
D,TRADING,INTERCONNECTORRES,2,"2025/05/29 17:55:00",1,N-Q-MNSP1,215,-9.1,-9,-0.16,"2025/05/29 17:50:03"
D,TRADING,INTERCONNECTORRES,2,"2025/05/29 17:55:00",1,NSW1-QLD1,215,-539.8,-493,-12.39,"2025/05/29 17:50:03"
D,TRADING,INTERCONNECTORRES,2,"2025/05/29 17:55:00",1,T-V-MNSP1,215,420,403.71,15.36,"2025/05/29 17:50:03"
D,TRADING,INTERCONNECTORRES,2,"2025/05/29 17:55:00",1,V-S-MNSP1,215,27,27,-1.11,"2025/05/29 17:50:03"
D,TRADING,INTERCONNECTORRES,2,"2025/05/29 17:55:00",1,V-SA,215,20.16,-4.62,0.03,"2025/05/29 17:50:03"
D,TRADING,INTERCONNECTORRES,2,"2025/05/29 17:55:00",1,VIC1-NSW1,215,138.94,272.38,9.45,"2025/05/29 17:50:03"
I,TRADING,PRICE,3,SETTLEMENTDATE,RUNNO,REGIONID,PERIODID,RRP,EEP,INVALIDFLAG,LASTCHANGED,ROP,RAISE6SECRRP,RAISE6SECROP,RAISE60SECRRP,RAISE60SECROP,RAISE5MINRRP,RAISE5MINROP,RAISEREGRRP,RAISEREGROP,LOWER6SECRRP,LOWER6SECROP,LOWER60SECRRP,LOWER60SECROP,LOWER5MINRRP,LOWER5MINROP,LOWERREGRRP,LOWERREGROP,RAISE1SECRRP,RAISE1SECROP,LOWER1SECRRP,LOWER1SECROP,PRICE_STATUS
D,TRADING,PRICE,3,"2025/05/29 17:55:00",1,SA1,215,269.16,0,0,"2025/05/29 17:50:03",269.16,0.39,0.39,0.38,0.38,0.32,0.32,5.99,5.99,0.14,0.14,0.38,0.38,0.38,0.38,3.7,3.7,0.04,0.04,0,0,FIRM
D,TRADING,PRICE,3,"2025/05/29 17:55:00",1,NSW1,215,300.61,0,0,"2025/05/29 17:50:03",300.61,0.39,0.39,0.38,0.38,0.32,0.32,5.99,5.99,0.14,0.14,0.38,0.38,0.38,0.38,3.7,3.7,0.04,0.04,0,0,FIRM
D,TRADING,PRICE,3,"2025/05/29 17:55:00",1,QLD1,215,295,0,0,"2025/05/29 17:50:03",295,0.39,0.39,0.38,0.38,0.32,0.32,5.99,5.99,0.14,0.14,0.38,0.38,0.38,0.38,3.7,3.7,0.04,0.04,0,0,FIRM
D,TRADING,PRICE,3,"2025/05/29 17:55:00",1,TAS1,215,244.89,0,0,"2025/05/29 17:50:03",244.89,0.39,0.39,0.38,0.38,0.32,0.32,7.54,7.54,0.14,0.14,0.38,0.38,0.38,0.38,2.46,2.46,0.04,0.04,0,0,FIRM
D,TRADING,PRICE,3,"2025/05/29 17:55:00",1,VIC1,215,270.82,0,0,"2025/05/29 17:50:03",270.82,0.39,0.39,0.38,0.38,0.32,0.32,5.99,5.99,0.14,0.14,0.38,0.38,0.38,0.38,3.7,3.7,0.04,0.04,0,0,FIRM
C,"END OF REPORT",15
