C,NEMP.WORLD,TRADINGIS,AEMO,PUBLIC,2025/05/27,18:25:11,0000000465135662,TRADINGIS,0000000465135661
I,TRADING,INTERCONNECTORRES,2,SETTLEMENTDATE,RUNNO,INTERCONNECTORID,PERIODID,METEREDMWFLOW,MWFLOW,MWLOSSES,LASTCHANGED
D,TRADING,INTERCONNECTORRES,2,"2025/05/27 18:30:00",1,N-Q-MNSP1,222,-7.4,-9,-0.16,"2025/05/27 18:25:03"
D,TRADING,INTERCONNECTORRES,2,"2025/05/27 18:30:00",1,NSW1-QLD1,222,-422.3,-417.52,-14.22,"2025/05/27 18:25:03"
D,TRADING,INTERCONNECTORRES,2,"2025/05/27 18:30:00",1,T-V-MNSP1,222,-460.9,-435.5,21.42,"2025/05/27 18:25:03"
D,TRADING,INTERCONNECTORRES,2,"2025/05/27 18:30:00",1,V-S-MNSP1,222,36,45,-0.87,"2025/05/27 18:25:03"
D,TRADING,INTERCONNECTORRES,2,"2025/05/27 18:30:00",1,V-SA,222,85.04,134.93,2.49,"2025/05/27 18:25:03"
D,TRADING,INTERCONNECTORRES,2,"2025/05/27 18:30:00",1,VIC1-NSW1,222,-381.49,-391.41,11.9,"2025/05/27 18:25:03"
I,TRADING,PRICE,3,SETTLEMENTDATE,RUNNO,REGIONID,PERIODID,RRP,EEP,INVALIDFLAG,LASTCHANGED,ROP,RAISE6SECRRP,RAISE6SECROP,RAISE60SECRRP,RAISE60SECROP,RAISE5MINRRP,RAISE5MINROP,RAISEREGRRP,RAISEREGROP,LOWER6SECRRP,LOWER6SECROP,LOWER60SECRRP,LOWER60SECROP,LOWER5MINRRP,LOWER5MINROP,LOWERREGRRP,LOWERREGROP,RAISE1SECRRP,RAISE1SECROP,LOWER1SECRRP,LOWER1SECROP,PRICE_STATUS
D,TRADING,PRICE,3,"2025/05/27 18:30:00",1,SA1,222,138,0,0,"2025/05/27 18:25:03",138,0.38,0.38,0.23,0.23,0.1,0.1,0.1,0.1,0.03,0.03,0.15,0.15,0.2,0.2,3.59,3.59,0.36,0.36,0,0,FIRM
D,TRADING,PRICE,3,"2025/05/27 18:30:00",1,NSW1,222,120.89,0,0,"2025/05/27 18:25:03",120.89,0.38,0.38,0.23,0.23,0.1,0.1,0.1,0.1,0.03,0.03,0.15,0.15,0.2,0.2,3.59,3.59,0.36,0.36,0,0,FIRM
D,TRADING,PRICE,3,"2025/05/27 18:30:00",1,QLD1,222,120.69,0,0,"2025/05/27 18:25:03",120.69,0.38,0.38,0.23,0.23,0.1,0.1,0.1,0.1,0.03,0.03,0.15,0.15,0.2,0.2,3.59,3.59,0.36,0.36,0,0,FIRM
D,TRADING,PRICE,3,"2025/05/27 18:30:00",1,TAS1,222,148.1,0,0,"2025/05/27 18:25:03",148.1,0.38,0.38,0.38,0.38,0.36,0.36,8.4,8.4,0.03,0.03,0.15,0.15,0,0,2.48,2.48,0.36,0.36,0,0,FIRM
D,TRADING,PRICE,3,"2025/05/27 18:30:00",1,VIC1,222,133.64,0,0,"2025/05/27 18:25:03",133.64,0.38,0.38,0.23,0.23,0.1,0.1,0.1,0.1,0.03,0.03,0.15,0.15,0.2,0.2,3.59,3.59,0.36,0.36,0,0,FIRM
C,"END OF REPORT",15
