C,NEMP.WORLD,TRADINGIS,AEMO,PUBLIC,2025/05/28,22:10:10,0000000465302684,TRADINGIS,0000000465302683
I,TRADING,INTERCONNECTORRES,2,SETTLEMENTDATE,RUNNO,INTERCONNECTORID,PERIODID,METEREDMWFLOW,MWFLOW,MWLOSSES,LASTCHANGED
D,TRADING,INTERCONNECTORRES,2,"2025/05/28 22:15:00",1,N-Q-MNSP1,267,-24.7,-25,0.65,"2025/05/28 22:10:03"
D,TRADING,INTERCONNECTORRES,2,"2025/05/28 22:15:00",1,NSW1-QLD1,267,-757.6,-767.45,27.53,"2025/05/28 22:10:03"
D,TRADING,INTERCONNECTORRES,2,"2025/05/28 22:15:00",1,T-V-MNSP1,267,-457.2,-438,21.66,"2025/05/28 22:10:03"
D,TRADING,INTERCONNECTORRES,2,"2025/05/28 22:15:00",1,V-S-MNSP1,267,63,62.3,0.1,"2025/05/28 22:10:03"
D,TRADING,INTERCONNECTORRES,2,"2025/05/28 22:15:00",1,V-SA,267,248.84,255,9.9,"2025/05/28 22:10:03"
D,TRADING,INTERCONNECTORRES,2,"2025/05/28 22:15:00",1,VIC1-NSW1,267,119.72,131.88,3.64,"2025/05/28 22:10:03"
I,TRADING,PRICE,3,SETTLEMENTDATE,RUNNO,REGIONID,PERIODID,RRP,EEP,INVALIDFLAG,LASTCHANGED,ROP,RAISE6SECRRP,RAISE6SECROP,RAISE60SECRRP,RAISE60SECROP,RAISE5MINRRP,RAISE5MINROP,RAISEREGRRP,RAISEREGROP,LOWER6SECRRP,LOWER6SECROP,LOWER60SECRRP,LOWER60SECROP,LOWER5MINRRP,LOWER5MINROP,LOWERREGRRP,LOWERREGROP,RAISE1SECRRP,RAISE1SECROP,LOWER1SECRRP,LOWER1SECROP,PRICE_STATUS
D,TRADING,PRICE,3,"2025/05/28 22:15:00",1,SA1,267,116.88,0,0,"2025/05/28 22:10:03",116.88,0.37,0.37,0.1,0.1,0.15,0.15,32,32,0.1,0.1,0.39,0.39,0,0,0,0,0.37,0.37,0,0,FIRM
D,TRADING,PRICE,3,"2025/05/28 22:15:00",1,NSW1,267,113.43,0,0,"2025/05/28 22:10:03",113.43,0.37,0.37,0.1,0.1,0.15,0.15,32,32,0.1,0.1,0.39,0.39,0,0,0,0,0.37,0.37,0,0,FIRM
D,TRADING,PRICE,3,"2025/05/28 22:15:00",1,QLD1,267,101.73,0,0,"2025/05/28 22:10:03",101.73,0.37,0.37,0.1,0.1,0.15,0.15,32,32,0.1,0.1,0.39,0.39,0,0,0,0,0.37,0.37,0,0,FIRM
D,TRADING,PRICE,3,"2025/05/28 22:15:00",1,TAS1,267,150.24,0,0,"2025/05/28 22:10:03",150.24,0.38,0.38,0.38,0.38,0.36,0.36,8.4,8.4,0,0,0,0,0,0,2.48,2.48,0.37,0.37,0,0,FIRM
D,TRADING,PRICE,3,"2025/05/28 22:15:00",1,VIC1,267,109.36,0,0,"2025/05/28 22:10:03",109.36,0.37,0.37,0.1,0.1,0.15,0.15,32,32,0.1,0.1,0.39,0.39,0,0,0,0,0.37,0.37,0,0,FIRM
C,"END OF REPORT",15
