C,NEMP.WORLD,TRADINGIS,AEMO,PUBLIC,2025/05/27,03:35:14,0000000465039807,TRADINGIS,0000000465039806
I,TRADING,INTERCONNECTORRES,2,SETTLEMENTDATE,RUNNO,INTERCONNECTORID,PERIODID,METEREDMWFLOW,MWFLOW,MWLOSSES,LASTCHANGED
D,TRADING,INTERCONNECTORRES,2,"2025/05/27 03:40:00",1,N-Q-MNSP1,44,9.8,9,0.6,"2025/05/27 03:35:07"
D,TRADING,INTERCONNECTORRES,2,"2025/05/27 03:40:00",1,NSW1-QLD1,44,450,424.77,14.8,"2025/05/27 03:35:07"
D,TRADING,INTERCONNECTORRES,2,"2025/05/27 03:40:00",1,T-V-MNSP1,44,-457.8,-459.65,23.76,"2025/05/27 03:35:07"
D,TRADING,INTERCONNECTORRES,2,"2025/05/27 03:40:00",1,V-S-MNSP1,44,-146,-148.76,37.65,"2025/05/27 03:35:07"
D,TRADING,INTERCONNECTORRES,2,"2025/05/27 03:40:00",1,V-SA,44,-370.42,-364.35,8.63,"2025/05/27 03:35:07"
D,TRADING,INTERCONNECTORRES,2,"2025/05/27 03:40:00",1,VIC1-NSW1,44,1010.77,944.09,97.32,"2025/05/27 03:35:07"
I,TRADING,PRICE,3,SETTLEMENTDATE,RUNNO,REGIONID,PERIODID,RRP,EEP,INVALIDFLAG,LASTCHANGED,ROP,RAISE6SECRRP,RAISE6SECROP,RAISE60SECRRP,RAISE60SECROP,RAISE5MINRRP,RAISE5MINROP,RAISEREGRRP,RAISEREGROP,LOWER6SECRRP,LOWER6SECROP,LOWER60SECRRP,LOWER60SECROP,LOWER5MINRRP,LOWER5MINROP,LOWERREGRRP,LOWERREGROP,RAISE1SECRRP,RAISE1SECROP,LOWER1SECRRP,LOWER1SECROP,PRICE_STATUS
D,TRADING,PRICE,3,"2025/05/27 03:40:00",1,SA1,44,-18.68,0,0,"2025/05/27 03:35:07",-18.68,0.1,0.1,0.1,0.1,0.1,0.1,9.24,9.24,0.38,0.38,4.89,4.89,0.1,0.1,5,5,0.38,0.38,0,0,FIRM
D,TRADING,PRICE,3,"2025/05/27 03:40:00",1,NSW1,44,47.35,0,0,"2025/05/27 03:35:07",47.35,0.1,0.1,0.1,0.1,0.1,0.1,9.24,9.24,0.38,0.38,4.89,4.89,0.1,0.1,5,5,0.38,0.38,0,0,FIRM
D,TRADING,PRICE,3,"2025/05/27 03:40:00",1,QLD1,44,50.75,0,0,"2025/05/27 03:35:07",50.75,0.1,0.1,0.1,0.1,0.1,0.1,9.24,9.24,0.38,0.38,4.89,4.89,0.1,0.1,5,5,0.38,0.38,0,0,FIRM
D,TRADING,PRICE,3,"2025/05/27 03:40:00",1,TAS1,44,11.25,0,0,"2025/05/27 03:35:07",11.25,0.38,0.38,0.38,0.38,0.1,0.1,8.8,8.8,0.38,0.38,0.38,0.38,0,0,2.55,2.55,0.38,0.38,0,0,FIRM
D,TRADING,PRICE,3,"2025/05/27 03:40:00",1,VIC1,44,-19.97,0,0,"2025/05/27 03:35:07",-19.97,0.1,0.1,0.1,0.1,0.1,0.1,9.24,9.24,0.38,0.38,4.89,4.89,0.1,0.1,5,5,0.38,0.38,0,0,FIRM
C,"END OF REPORT",15
