C,NEMP.WORLD,TRADINGIS,AEMO,PUBLIC,2025/05/28,05:55:11,0000000465203215,TRADINGIS,0000000465203214
I,TRADING,INTERCONNECTORRES,2,SETTLEMENTDATE,RUNNO,INTERCONNECTORID,PERIODID,METEREDMWFLOW,MWFLOW,MWLOSSES,LASTCHANGED
D,TRADING,INTERCONNECTORRES,2,"2025/05/28 06:00:00",1,N-Q-MNSP1,72,7.2,9,0.6,"2025/05/28 05:55:04"
D,TRADING,INTERCONNECTORRES,2,"2025/05/28 06:00:00",1,NSW1-QLD1,72,316.5,276.35,11.94,"2025/05/28 05:55:04"
D,TRADING,INTERCONNECTORRES,2,"2025/05/28 06:00:00",1,T-V-MNSP1,72,-359.5,-370.32,15.71,"2025/05/28 05:55:04"
D,TRADING,INTERCONNECTORRES,2,"2025/05/28 06:00:00",1,V-S-MNSP1,72,175,169.6,22.2,"2025/05/28 05:55:04"
D,TRADING,INTERCONNECTORRES,2,"2025/05/28 06:00:00",1,V-SA,72,527.16,569.65,40.39,"2025/05/28 05:55:04"
D,TRADING,INTERCONNECTORRES,2,"2025/05/28 06:00:00",1,VIC1-NSW1,72,867.84,779.23,72.83,"2025/05/28 05:55:04"
I,TRADING,PRICE,3,SETTLEMENTDATE,RUNNO,REGIONID,PERIODID,RRP,EEP,INVALIDFLAG,LASTCHANGED,ROP,RAISE6SECRRP,RAISE6SECROP,RAISE60SECRRP,RAISE60SECROP,RAISE5MINRRP,RAISE5MINROP,RAISEREGRRP,RAISEREGROP,LOWER6SECRRP,LOWER6SECROP,LOWER60SECRRP,LOWER60SECROP,LOWER5MINRRP,LOWER5MINROP,LOWERREGRRP,LOWERREGROP,RAISE1SECRRP,RAISE1SECROP,LOWER1SECRRP,LOWER1SECROP,PRICE_STATUS
D,TRADING,PRICE,3,"2025/05/28 06:00:00",1,SA1,72,83.44,0,0,"2025/05/28 05:55:04",83.44,0.38,0.38,0.38,0.38,0.32,0.32,11.68,11.68,0.38,0.38,0.38,0.38,0.38,0.38,3.78,3.78,0.38,0.38,0,0,FIRM
D,TRADING,PRICE,3,"2025/05/28 06:00:00",1,NSW1,72,76.8,0,0,"2025/05/28 05:55:04",76.8,0.38,0.38,0.38,0.38,0.32,0.32,11.68,11.68,0.38,0.38,0.38,0.38,0.38,0.38,3.78,3.78,0.38,0.38,0,0,FIRM
D,TRADING,PRICE,3,"2025/05/28 06:00:00",1,QLD1,72,82.09,0,0,"2025/05/28 05:55:04",82.09,0.38,0.38,0.38,0.38,0.32,0.32,11.68,11.68,0.38,0.38,0.38,0.38,0.38,0.38,3.78,3.78,0.38,0.38,0,0,FIRM
D,TRADING,PRICE,3,"2025/05/28 06:00:00",1,TAS1,72,35.1,0,0,"2025/05/28 05:55:04",35.1,0.38,0.38,0.38,0.38,0.32,0.32,7.4,7.4,0.38,0.38,0.38,0.38,0.38,0.38,2.48,2.48,0.38,0.38,0,0,FIRM
D,TRADING,PRICE,3,"2025/05/28 06:00:00",1,VIC1,72,32.96,0,0,"2025/05/28 05:55:04",32.96,0.38,0.38,0.38,0.38,0.32,0.32,11.68,11.68,0.38,0.38,0.38,0.38,0.38,0.38,3.78,3.78,0.38,0.38,0,0,FIRM
C,"END OF REPORT",15
