C,NEMP.WORLD,TRADINGIS,AEMO,PUBLIC,2025/05/27,13:40:14,0000000465103839,TRADINGIS,0000000465103838
I,TRADING,INTERCONNECTORRES,2,SETTLEMENTDATE,RUNNO,INTERCONNECTORID,PERIODID,METEREDMWFLOW,MWFLOW,MWLOSSES,LASTCHANGED
D,TRADING,INTERCONNECTORRES,2,"2025/05/27 13:45:00",1,N-Q-MNSP1,165,-5.9,-9,-0.16,"2025/05/27 13:40:07"
D,TRADING,INTERCONNECTORRES,2,"2025/05/27 13:45:00",1,NSW1-QLD1,165,28.8,50.99,0.57,"2025/05/27 13:40:07"
D,TRADING,INTERCONNECTORRES,2,"2025/05/27 13:45:00",1,T-V-MNSP1,165,-449.9,-452.81,23.09,"2025/05/27 13:40:07"
D,TRADING,INTERCONNECTORRES,2,"2025/05/27 13:45:00",1,V-S-MNSP1,165,165,162.89,20,"2025/05/27 13:40:07"
D,TRADING,INTERCONNECTORRES,2,"2025/05/27 13:45:00",1,V-SA,165,115.75,65.1,-1.36,"2025/05/27 13:40:07"
D,TRADING,INTERCONNECTORRES,2,"2025/05/27 13:45:00",1,VIC1-NSW1,165,139.38,267.79,21.32,"2025/05/27 13:40:07"
I,TRADING,PRICE,3,SETTLEMENTDATE,RUNNO,REGIONID,PERIODID,RRP,EEP,INVALIDFLAG,LASTCHANGED,ROP,RAISE6SECRRP,RAISE6SECROP,RAISE60SECRRP,RAISE60SECROP,RAISE5MINRRP,RAISE5MINROP,RAISEREGRRP,RAISEREGROP,LOWER6SECRRP,LOWER6SECROP,LOWER60SECRRP,LOWER60SECROP,LOWER5MINRRP,LOWER5MINROP,LOWERREGRRP,LOWERREGROP,RAISE1SECRRP,RAISE1SECROP,LOWER1SECRRP,LOWER1SECROP,PRICE_STATUS
D,TRADING,PRICE,3,"2025/05/27 13:45:00",1,SA1,165,-64.86,0,0,"2025/05/27 13:40:07",-64.86,0.1,0.1,0.1,0.1,0.1,0.1,9.61,9.61,0.39,0.39,1.84,1.84,0,0,0,0,0.1,0.1,0,0,FIRM
D,TRADING,PRICE,3,"2025/05/27 13:45:00",1,NSW1,165,32.28,0,0,"2025/05/27 13:40:07",32.28,0.1,0.1,0.1,0.1,0.1,0.1,9.61,9.61,0.39,0.39,1.84,1.84,0,0,0,0,0.1,0.1,0,0,FIRM
D,TRADING,PRICE,3,"2025/05/27 13:45:00",1,QLD1,165,44.94,0,0,"2025/05/27 13:40:07",44.94,0.23,0.23,0.1,0.1,0.38,0.38,9.89,9.89,0.39,0.39,1.84,1.84,0,0,0,0,0.1,0.1,0,0,FIRM
D,TRADING,PRICE,3,"2025/05/27 13:45:00",1,TAS1,165,34.18,0,0,"2025/05/27 13:40:07",34.18,0.38,0.38,0.38,0.38,0.36,0.36,9.4,9.4,0.38,0.38,0,0,0,0,3.48,3.48,0.1,0.1,0,0,FIRM
D,TRADING,PRICE,3,"2025/05/27 13:45:00",1,VIC1,165,29.15,0,0,"2025/05/27 13:40:07",29.15,0.1,0.1,0.1,0.1,0.1,0.1,9.61,9.61,0.39,0.39,1.84,1.84,0,0,0,0,0.1,0.1,0,0,FIRM
C,"END OF REPORT",15
