C,NEMP.WORLD,TRADINGIS,AEMO,PUBLIC,2025/05/28,05:15:10,0000000465199706,TRADINGIS,0000000465199705
I,TRADING,INTERCONNECTORRES,2,SETTLEMENTDATE,RUNNO,INTERCONNECTORID,PERIODID,METEREDMWFLOW,MWFLOW,MWLOSSES,LASTCHANGED
D,TRADING,INTERCONNECTORRES,2,"2025/05/28 05:20:00",1,N-Q-MNSP1,64,0.4,0,0,"2025/05/28 05:15:03"
D,TRADING,INTERCONNECTORRES,2,"2025/05/28 05:20:00",1,NSW1-QLD1,64,213.6,216.37,6.25,"2025/05/28 05:15:03"
D,TRADING,INTERCONNECTORRES,2,"2025/05/28 05:20:00",1,T-V-MNSP1,64,-393.7,-439.42,21.79,"2025/05/28 05:15:03"
D,TRADING,INTERCONNECTORRES,2,"2025/05/28 05:20:00",1,V-S-MNSP1,64,169,166.61,21.22,"2025/05/28 05:15:03"
D,TRADING,INTERCONNECTORRES,2,"2025/05/28 05:20:00",1,V-SA,64,585.36,568.02,40.95,"2025/05/28 05:15:03"
D,TRADING,INTERCONNECTORRES,2,"2025/05/28 05:20:00",1,VIC1-NSW1,64,683.67,727.55,67.37,"2025/05/28 05:15:03"
I,TRADING,PRICE,3,SETTLEMENTDATE,RUNNO,REGIONID,PERIODID,RRP,EEP,INVALIDFLAG,LASTCHANGED,ROP,RAISE6SECRRP,RAISE6SECROP,RAISE60SECRRP,RAISE60SECROP,RAISE5MINRRP,RAISE5MINROP,RAISEREGRRP,RAISEREGROP,LOWER6SECRRP,LOWER6SECROP,LOWER60SECRRP,LOWER60SECROP,LOWER5MINRRP,LOWER5MINROP,LOWERREGRRP,LOWERREGROP,RAISE1SECRRP,RAISE1SECROP,LOWER1SECRRP,LOWER1SECROP,PRICE_STATUS
D,TRADING,PRICE,3,"2025/05/28 05:20:00",1,SA1,64,138,0,0,"2025/05/28 05:15:03",138,0.38,0.38,0.36,0.36,0.32,0.32,9.24,9.24,0.2,0.2,0.39,0.39,0,0,0,0,0.38,0.38,0,0,FIRM
D,TRADING,PRICE,3,"2025/05/28 05:20:00",1,NSW1,64,64.89,0,0,"2025/05/28 05:15:03",64.89,0.38,0.38,0.36,0.36,0.32,0.32,9.24,9.24,0.2,0.2,0.39,0.39,0,0,0,0,0.38,0.38,0,0,FIRM
D,TRADING,PRICE,3,"2025/05/28 05:20:00",1,QLD1,64,67.94,0,0,"2025/05/28 05:15:03",67.94,0.38,0.38,0.36,0.36,0.32,0.32,9.24,9.24,0.2,0.2,0.39,0.39,0,0,0,0,0.38,0.38,0,0,FIRM
D,TRADING,PRICE,3,"2025/05/28 05:20:00",1,TAS1,64,35.1,0,0,"2025/05/28 05:15:03",35.1,0.38,0.38,0.38,0.38,0.32,0.32,8.4,8.4,0.2,0.2,0.38,0.38,0,0,2.48,2.48,0.38,0.38,0,0,FIRM
D,TRADING,PRICE,3,"2025/05/28 05:20:00",1,VIC1,64,20.01,0,0,"2025/05/28 05:15:03",20.01,0.38,0.38,0.36,0.36,0.32,0.32,9.24,9.24,0.2,0.2,0.39,0.39,0,0,0,0,0.38,0.38,0,0,FIRM
C,"END OF REPORT",15
