C,NEMP.WORLD,TRADINGIS,AEMO,PUBLIC,2025/05/27,12:05:16,0000000465092394,TRADINGIS,0000000465092393
I,TRADING,INTERCONNECTORRES,2,SETTLEMENTDATE,RUNNO,INTERCONNECTORID,PERIODID,METEREDMWFLOW,MWFLOW,MWLOSSES,LASTCHANGED
D,TRADING,INTERCONNECTORRES,2,"2025/05/27 12:10:00",1,N-Q-MNSP1,146,-5.3,0,0,"2025/05/27 12:05:09"
D,TRADING,INTERCONNECTORRES,2,"2025/05/27 12:10:00",1,NSW1-QLD1,146,52.2,90.72,1.1,"2025/05/27 12:05:09"
D,TRADING,INTERCONNECTORRES,2,"2025/05/27 12:10:00",1,T-V-MNSP1,146,-379.1,-396.71,17.92,"2025/05/27 12:05:09"
D,TRADING,INTERCONNECTORRES,2,"2025/05/27 12:10:00",1,V-S-MNSP1,146,163,83,2.21,"2025/05/27 12:05:09"
D,TRADING,INTERCONNECTORRES,2,"2025/05/27 12:10:00",1,V-SA,146,-573.62,-594.14,54.42,"2025/05/27 12:05:09"
D,TRADING,INTERCONNECTORRES,2,"2025/05/27 12:10:00",1,VIC1-NSW1,146,256.01,426,36.68,"2025/05/27 12:05:09"
I,TRADING,PRICE,3,SETTLEMENTDATE,RUNNO,REGIONID,PERIODID,RRP,EEP,INVALIDFLAG,LASTCHANGED,ROP,RAISE6SECRRP,RAISE6SECROP,RAISE60SECRRP,RAISE60SECROP,RAISE5MINRRP,RAISE5MINROP,RAISEREGRRP,RAISEREGROP,LOWER6SECRRP,LOWER6SECROP,LOWER60SECRRP,LOWER60SECROP,LOWER5MINRRP,LOWER5MINROP,LOWERREGRRP,LOWERREGROP,RAISE1SECRRP,RAISE1SECROP,LOWER1SECRRP,LOWER1SECROP,PRICE_STATUS
D,TRADING,PRICE,3,"2025/05/27 12:10:00",1,SA1,146,-22,0,0,"2025/05/27 12:05:09",-22,0,0,0,0,0,0,9.24,9.24,0.38,0.38,1.37,1.37,0.01,0.01,0.01,0.01,0.01,0.01,0,0,FIRM
D,TRADING,PRICE,3,"2025/05/27 12:10:00",1,NSW1,146,32.86,0,0,"2025/05/27 12:05:09",32.86,0,0,0,0,0,0,9.24,9.24,0.38,0.38,1.37,1.37,0.01,0.01,0.01,0.01,0.01,0.01,0,0,FIRM
D,TRADING,PRICE,3,"2025/05/27 12:10:00",1,QLD1,146,34.75,0,0,"2025/05/27 12:05:09",34.75,0.38,0.38,0.38,0.38,0.38,0.38,9.62,9.62,0.38,0.38,1.37,1.37,0.01,0.01,0.01,0.01,0.01,0.01,0,0,FIRM
D,TRADING,PRICE,3,"2025/05/27 12:10:00",1,TAS1,146,4.42,0,0,"2025/05/27 12:05:09",4.42,0.38,0.38,0.38,0.38,0,0,8.4,8.4,0.38,0.38,1.37,1.37,0.01,0.01,3.48,3.48,0.01,0.01,0,0,FIRM
D,TRADING,PRICE,3,"2025/05/27 12:10:00",1,VIC1,146,3.42,0,0,"2025/05/27 12:05:09",3.42,0,0,0,0,0,0,9.24,9.24,0.38,0.38,1.37,1.37,0.01,0.01,0.01,0.01,0.01,0.01,0,0,FIRM
C,"END OF REPORT",15
