C,NEMP.WORLD,TRADINGIS,AEMO,PUBLIC,2025/05/27,15:05:15,0000000465113516,TRADINGIS,0000000465113515
I,TRADING,INTERCONNECTORRES,2,SETTLEMENTDATE,RUNNO,INTERCONNECTORID,PERIODID,METEREDMWFLOW,MWFLOW,MWLOSSES,LASTCHANGED
D,TRADING,INTERCONNECTORRES,2,"2025/05/27 15:10:00",1,N-Q-MNSP1,182,-4.1,0,0,"2025/05/27 15:05:08"
D,TRADING,INTERCONNECTORRES,2,"2025/05/27 15:10:00",1,NSW1-QLD1,182,62.7,13.47,0.34,"2025/05/27 15:05:08"
D,TRADING,INTERCONNECTORRES,2,"2025/05/27 15:10:00",1,T-V-MNSP1,182,-467.6,-478,25.62,"2025/05/27 15:05:08"
D,TRADING,INTERCONNECTORRES,2,"2025/05/27 15:10:00",1,V-S-MNSP1,182,147,149.17,15.87,"2025/05/27 15:05:08"
D,TRADING,INTERCONNECTORRES,2,"2025/05/27 15:10:00",1,V-SA,182,171.56,121.95,-1.42,"2025/05/27 15:05:08"
D,TRADING,INTERCONNECTORRES,2,"2025/05/27 15:10:00",1,VIC1-NSW1,182,147.57,215.35,14.53,"2025/05/27 15:05:08"
I,TRADING,PRICE,3,SETTLEMENTDATE,RUNNO,REGIONID,PERIODID,RRP,EEP,INVALIDFLAG,LASTCHANGED,ROP,RAISE6SECRRP,RAISE6SECROP,RAISE60SECRRP,RAISE60SECROP,RAISE5MINRRP,RAISE5MINROP,RAISEREGRRP,RAISEREGROP,LOWER6SECRRP,LOWER6SECROP,LOWER60SECRRP,LOWER60SECROP,LOWER5MINRRP,LOWER5MINROP,LOWERREGRRP,LOWERREGROP,RAISE1SECRRP,RAISE1SECROP,LOWER1SECRRP,LOWER1SECROP,PRICE_STATUS
D,TRADING,PRICE,3,"2025/05/27 15:10:00",1,SA1,182,-89.63,0,0,"2025/05/27 15:05:08",-89.63,0.1,0.1,0.1,0.1,0.1,0.1,9.24,9.24,0.39,0.39,1.07,1.07,0.39,0.39,3.7,3.7,0.1,0.1,0,0,FIRM
D,TRADING,PRICE,3,"2025/05/27 15:10:00",1,NSW1,182,35.88,0,0,"2025/05/27 15:05:08",35.88,0.1,0.1,0.1,0.1,0.1,0.1,9.24,9.24,0.39,0.39,1.07,1.07,0.39,0.39,3.7,3.7,0.1,0.1,0,0,FIRM
D,TRADING,PRICE,3,"2025/05/27 15:10:00",1,QLD1,182,55.63,0,0,"2025/05/27 15:05:08",55.63,0.38,0.38,0.38,0.38,0.38,0.38,9.52,9.52,0.39,0.39,1.07,1.07,0.39,0.39,3.7,3.7,0.1,0.1,0,0,FIRM
D,TRADING,PRICE,3,"2025/05/27 15:10:00",1,TAS1,182,75.24,0,0,"2025/05/27 15:05:08",75.24,0.38,0.38,0.38,0.38,0.36,0.36,7.4,7.4,0.38,0.38,0.38,0.38,0,0,2.48,2.48,0.1,0.1,0,0,FIRM
D,TRADING,PRICE,3,"2025/05/27 15:10:00",1,VIC1,182,2.03,0,0,"2025/05/27 15:05:08",2.03,0.1,0.1,0.1,0.1,0.1,0.1,9.24,9.24,0.39,0.39,1.07,1.07,0.39,0.39,3.7,3.7,0.1,0.1,0,0,FIRM
C,"END OF REPORT",15
