C,NEMP.WORLD,TRADINGIS,AEMO,PUBLIC,2025/05/28,23:30:11,0000000465309932,TRADINGIS,0000000465309931
I,TRADING,INTERCONNECTORRES,2,SETTLEMENTDATE,RUNNO,INTERCONNECTORID,PERIODID,METEREDMWFLOW,MWFLOW,MWLOSSES,LASTCHANGED
D,TRADING,INTERCONNECTORRES,2,"2025/05/28 23:35:00",1,N-Q-MNSP1,283,-16.4,-17,0.07,"2025/05/28 23:30:03"
D,TRADING,INTERCONNECTORRES,2,"2025/05/28 23:35:00",1,NSW1-QLD1,283,-322.2,-373.34,6.32,"2025/05/28 23:30:03"
D,TRADING,INTERCONNECTORRES,2,"2025/05/28 23:35:00",1,T-V-MNSP1,283,-438.9,-438,21.66,"2025/05/28 23:30:03"
D,TRADING,INTERCONNECTORRES,2,"2025/05/28 23:35:00",1,V-S-MNSP1,283,63,63,0.15,"2025/05/28 23:30:03"
D,TRADING,INTERCONNECTORRES,2,"2025/05/28 23:35:00",1,V-SA,283,287.09,351.83,15.54,"2025/05/28 23:30:03"
D,TRADING,INTERCONNECTORRES,2,"2025/05/28 23:35:00",1,VIC1-NSW1,283,328.1,295.21,14.65,"2025/05/28 23:30:03"
I,TRADING,PRICE,3,SETTLEMENTDATE,RUNNO,REGIONID,PERIODID,RRP,EEP,INVALIDFLAG,LASTCHANGED,ROP,RAISE6SECRRP,RAISE6SECROP,RAISE60SECRRP,RAISE60SECROP,RAISE5MINRRP,RAISE5MINROP,RAISEREGRRP,RAISEREGROP,LOWER6SECRRP,LOWER6SECROP,LOWER60SECRRP,LOWER60SECROP,LOWER5MINRRP,LOWER5MINROP,LOWERREGRRP,LOWERREGROP,RAISE1SECRRP,RAISE1SECROP,LOWER1SECRRP,LOWER1SECROP,PRICE_STATUS
D,TRADING,PRICE,3,"2025/05/28 23:35:00",1,SA1,283,89.37,0,0,"2025/05/28 23:30:03",89.37,0.37,0.37,0.1,0.1,0.1,0.1,5.99,5.99,0.1,0.1,0.38,0.38,0.1,0.1,6,6,0.38,0.38,0,0,FIRM
D,TRADING,PRICE,3,"2025/05/28 23:35:00",1,NSW1,283,88.85,0,0,"2025/05/28 23:30:03",88.85,0.37,0.37,0.1,0.1,0.1,0.1,5.99,5.99,0.1,0.1,0.38,0.38,0.1,0.1,6,6,0.38,0.38,0,0,FIRM
D,TRADING,PRICE,3,"2025/05/28 23:35:00",1,QLD1,283,84.45,0,0,"2025/05/28 23:30:03",84.45,0.37,0.37,0.1,0.1,0.1,0.1,5.99,5.99,0.1,0.1,0.38,0.38,0.1,0.1,6,6,0.38,0.38,0,0,FIRM
D,TRADING,PRICE,3,"2025/05/28 23:35:00",1,TAS1,283,100.24,0,0,"2025/05/28 23:30:03",100.24,0.38,0.38,0.38,0.38,0.36,0.36,8.4,8.4,0.1,0.1,0.38,0.38,0,0,2.48,2.48,0.38,0.38,0,0,FIRM
D,TRADING,PRICE,3,"2025/05/28 23:35:00",1,VIC1,283,82.28,0,0,"2025/05/28 23:30:03",82.28,0.37,0.37,0.1,0.1,0.1,0.1,5.99,5.99,0.1,0.1,0.38,0.38,0.1,0.1,6,6,0.38,0.38,0,0,FIRM
C,"END OF REPORT",15
