C,NEMP.WORLD,TRADINGIS,AEMO,PUBLIC,2025/05/27,03:40:15,0000000465040321,TRADINGIS,0000000465040320
I,TRADING,INTERCONNECTORRES,2,SETTLEMENTDATE,RUNNO,INTERCONNECTORID,PERIODID,METEREDMWFLOW,MWFLOW,MWLOSSES,LASTCHANGED
D,TRADING,INTERCONNECTORRES,2,"2025/05/27 03:45:00",1,N-Q-MNSP1,45,8.4,0,0,"2025/05/27 03:40:08"
D,TRADING,INTERCONNECTORRES,2,"2025/05/27 03:45:00",1,NSW1-QLD1,45,458.7,379.58,12.36,"2025/05/27 03:40:08"
D,TRADING,INTERCONNECTORRES,2,"2025/05/27 03:45:00",1,T-V-MNSP1,45,-457.2,-460.31,23.83,"2025/05/27 03:40:08"
D,TRADING,INTERCONNECTORRES,2,"2025/05/27 03:45:00",1,V-S-MNSP1,45,-148,-147.38,37.05,"2025/05/27 03:40:08"
D,TRADING,INTERCONNECTORRES,2,"2025/05/27 03:45:00",1,V-SA,45,-363.78,-357.07,7.99,"2025/05/27 03:40:08"
D,TRADING,INTERCONNECTORRES,2,"2025/05/27 03:45:00",1,VIC1-NSW1,45,1004.62,943.57,97.04,"2025/05/27 03:40:08"
I,TRADING,PRICE,3,SETTLEMENTDATE,RUNNO,REGIONID,PERIODID,RRP,EEP,INVALIDFLAG,LASTCHANGED,ROP,RAISE6SECRRP,RAISE6SECROP,RAISE60SECRRP,RAISE60SECROP,RAISE5MINRRP,RAISE5MINROP,RAISEREGRRP,RAISEREGROP,LOWER6SECRRP,LOWER6SECROP,LOWER60SECRRP,LOWER60SECROP,LOWER5MINRRP,LOWER5MINROP,LOWERREGRRP,LOWERREGROP,RAISE1SECRRP,RAISE1SECROP,LOWER1SECRRP,LOWER1SECROP,PRICE_STATUS
D,TRADING,PRICE,3,"2025/05/27 03:45:00",1,SA1,45,-18.71,0,0,"2025/05/27 03:40:08",-18.71,0.1,0.1,0.04,0.04,0.1,0.1,9.24,9.24,0.38,0.38,4.89,4.89,0.1,0.1,2,2,0.38,0.38,0,0,FIRM
D,TRADING,PRICE,3,"2025/05/27 03:45:00",1,NSW1,45,52.22,0,0,"2025/05/27 03:40:08",52.22,0.1,0.1,0.04,0.04,0.1,0.1,9.24,9.24,0.38,0.38,4.89,4.89,0.1,0.1,2,2,0.38,0.38,0,0,FIRM
D,TRADING,PRICE,3,"2025/05/27 03:45:00",1,QLD1,45,55.73,0,0,"2025/05/27 03:40:08",55.73,0.1,0.1,0.04,0.04,0.1,0.1,9.24,9.24,0.38,0.38,4.89,4.89,0.1,0.1,2,2,0.38,0.38,0,0,FIRM
D,TRADING,PRICE,3,"2025/05/27 03:45:00",1,TAS1,45,11.25,0,0,"2025/05/27 03:40:08",11.25,0.38,0.38,0.38,0.38,0.1,0.1,8.8,8.8,0.38,0.38,0.38,0.38,0,0,2.55,2.55,0.38,0.38,0,0,FIRM
D,TRADING,PRICE,3,"2025/05/27 03:45:00",1,VIC1,45,-19.99,0,0,"2025/05/27 03:40:08",-19.99,0.1,0.1,0.04,0.04,0.1,0.1,9.24,9.24,0.38,0.38,4.89,4.89,0.1,0.1,2,2,0.38,0.38,0,0,FIRM
C,"END OF REPORT",15
