C,NEMP.WORLD,TRADINGIS,AEMO,PUBLIC,2025/05/28,10:40:15,0000000465231005,TRADINGIS,0000000465231004
I,TRADING,INTERCONNECTORRES,2,SETTLEMENTDATE,RUNNO,INTERCONNECTORID,PERIODID,METEREDMWFLOW,MWFLOW,MWLOSSES,LASTCHANGED
D,TRADING,INTERCONNECTORRES,2,"2025/05/28 10:45:00",1,N-Q-MNSP1,129,97.2,96.81,29.84,"2025/05/28 10:40:08"
D,TRADING,INTERCONNECTORRES,2,"2025/05/28 10:45:00",1,NSW1-QLD1,129,-397.1,-372.97,17.38,"2025/05/28 10:40:08"
D,TRADING,INTERCONNECTORRES,2,"2025/05/28 10:45:00",1,T-V-MNSP1,129,-471.9,-431.96,21.09,"2025/05/28 10:40:08"
D,TRADING,INTERCONNECTORRES,2,"2025/05/28 10:45:00",1,V-S-MNSP1,129,81,81,1.95,"2025/05/28 10:40:08"
D,TRADING,INTERCONNECTORRES,2,"2025/05/28 10:45:00",1,V-SA,129,606.95,586.55,35.13,"2025/05/28 10:40:08"
D,TRADING,INTERCONNECTORRES,2,"2025/05/28 10:45:00",1,VIC1-NSW1,129,-225.39,-161.39,-3.08,"2025/05/28 10:40:08"
I,TRADING,PRICE,3,SETTLEMENTDATE,RUNNO,REGIONID,PERIODID,RRP,EEP,INVALIDFLAG,LASTCHANGED,ROP,RAISE6SECRRP,RAISE6SECROP,RAISE60SECRRP,RAISE60SECROP,RAISE5MINRRP,RAISE5MINROP,RAISEREGRRP,RAISEREGROP,LOWER6SECRRP,LOWER6SECROP,LOWER60SECRRP,LOWER60SECROP,LOWER5MINRRP,LOWER5MINROP,LOWERREGRRP,LOWERREGROP,RAISE1SECRRP,RAISE1SECROP,LOWER1SECRRP,LOWER1SECROP,PRICE_STATUS
D,TRADING,PRICE,3,"2025/05/28 10:45:00",1,SA1,129,10.15,0,0,"2025/05/28 10:40:08",10.15,0.23,0.23,0.1,0.1,0.1,0.1,10,10,0.38,0.38,1.4,1.4,0.38,0.38,2,2,0.36,0.36,0.04,0.04,FIRM
D,TRADING,PRICE,3,"2025/05/28 10:45:00",1,NSW1,129,-18,0,0,"2025/05/28 10:40:08",-18,0.23,0.23,0.1,0.1,0.1,0.1,10,10,0.38,0.38,1.4,1.4,0.38,0.38,2,2,0.36,0.36,0.04,0.04,FIRM
D,TRADING,PRICE,3,"2025/05/28 10:45:00",1,QLD1,129,-30.19,0,0,"2025/05/28 10:40:08",-30.19,0.23,0.23,0.1,0.1,0.1,0.1,10,10,7.89,7.89,7.89,7.89,0.38,0.38,2,2,0.36,0.36,0.04,0.04,FIRM
D,TRADING,PRICE,3,"2025/05/28 10:45:00",1,TAS1,129,75.12,0,0,"2025/05/28 10:40:08",75.12,0.38,0.38,0.38,0.38,0.1,0.1,6.44,6.44,0.38,0.38,0.38,0.38,0.38,0.38,3.48,3.48,0.36,0.36,0.04,0.04,FIRM
D,TRADING,PRICE,3,"2025/05/28 10:45:00",1,VIC1,129,8.95,0,0,"2025/05/28 10:40:08",8.95,0.23,0.23,0.1,0.1,0.1,0.1,10,10,0.38,0.38,1.4,1.4,0.38,0.38,2,2,0.36,0.36,0.04,0.04,FIRM
C,"END OF REPORT",15
