C,NEMP.WORLD,TRADINGIS,AEMO,PUBLIC,2025/05/26,13:25:17,0000000464951721,TRADINGIS,0000000464951720
I,TRADING,INTERCONNECTORRES,2,SETTLEMENTDATE,RUNNO,INTERCONNECTORID,PERIODID,METEREDMWFLOW,MWFLOW,MWLOSSES,LASTCHANGED
D,TRADING,INTERCONNECTORRES,2,"2025/05/26 13:30:00",1,N-Q-MNSP1,162,-35.1,-33,1.59,"2025/05/26 13:25:10"
D,TRADING,INTERCONNECTORRES,2,"2025/05/26 13:30:00",1,NSW1-QLD1,162,-878.9,-913.51,65.23,"2025/05/26 13:25:10"
D,TRADING,INTERCONNECTORRES,2,"2025/05/26 13:30:00",1,T-V-MNSP1,162,-402.3,-440.39,21.88,"2025/05/26 13:25:10"
D,TRADING,INTERCONNECTORRES,2,"2025/05/26 13:30:00",1,V-S-MNSP1,162,166,168.21,21.74,"2025/05/26 13:25:10"
D,TRADING,INTERCONNECTORRES,2,"2025/05/26 13:30:00",1,V-SA,162,264.23,225.1,13.91,"2025/05/26 13:25:10"
D,TRADING,INTERCONNECTORRES,2,"2025/05/26 13:30:00",1,VIC1-NSW1,162,363.75,300.69,12.21,"2025/05/26 13:25:10"
I,TRADING,PRICE,3,SETTLEMENTDATE,RUNNO,REGIONID,PERIODID,RRP,EEP,INVALIDFLAG,LASTCHANGED,ROP,RAISE6SECRRP,RAISE6SECROP,RAISE60SECRRP,RAISE60SECROP,RAISE5MINRRP,RAISE5MINROP,RAISEREGRRP,RAISEREGROP,LOWER6SECRRP,LOWER6SECROP,LOWER60SECRRP,LOWER60SECROP,LOWER5MINRRP,LOWER5MINROP,LOWERREGRRP,LOWERREGROP,RAISE1SECRRP,RAISE1SECROP,LOWER1SECRRP,LOWER1SECROP,PRICE_STATUS
D,TRADING,PRICE,3,"2025/05/26 13:30:00",1,SA1,162,-20,0,0,"2025/05/26 13:25:10",-20,0.1,0.1,0.04,0.04,0.09,0.09,9.32,9.32,1.67,1.67,8.68,8.68,0.39,0.39,0.72,0.72,0.36,0.36,0,0,FIRM
D,TRADING,PRICE,3,"2025/05/26 13:30:00",1,NSW1,162,65.01,0,0,"2025/05/26 13:25:10",65.01,0.1,0.1,0.04,0.04,0.09,0.09,9.32,9.32,1.67,1.67,8.68,8.68,0.39,0.39,0.72,0.72,0.36,0.36,0,0,FIRM
D,TRADING,PRICE,3,"2025/05/26 13:30:00",1,QLD1,162,55.54,0,0,"2025/05/26 13:25:10",55.54,0.1,0.1,0.04,0.04,0.09,0.09,9.32,9.32,1.67,1.67,8.68,8.68,0.39,0.39,0.72,0.72,0.36,0.36,0,0,FIRM
D,TRADING,PRICE,3,"2025/05/26 13:30:00",1,TAS1,162,11.25,0,0,"2025/05/26 13:25:10",11.25,0.38,0.38,0.38,0.38,0.09,0.09,8.8,8.8,0.38,0.38,1.33,1.33,0,0,2.55,2.55,0.36,0.36,0,0,FIRM
D,TRADING,PRICE,3,"2025/05/26 13:30:00",1,VIC1,162,-27.8,0,0,"2025/05/26 13:25:10",-27.8,0.1,0.1,0.04,0.04,0.09,0.09,9.32,9.32,1.67,1.67,8.68,8.68,0.39,0.39,0.72,0.72,0.36,0.36,0,0,FIRM
C,"END OF REPORT",15
