C,NEMP.WORLD,TRADINGIS,AEMO,PUBLIC,2025/05/27,11:45:15,0000000465089511,TRADINGIS,0000000465089510
I,TRADING,INTERCONNECTORRES,2,SETTLEMENTDATE,RUNNO,INTERCONNECTORID,PERIODID,METEREDMWFLOW,MWFLOW,MWLOSSES,LASTCHANGED
D,TRADING,INTERCONNECTORRES,2,"2025/05/27 11:50:00",1,N-Q-MNSP1,142,-43.7,-9,-0.16,"2025/05/27 11:45:08"
D,TRADING,INTERCONNECTORRES,2,"2025/05/27 11:50:00",1,NSW1-QLD1,142,15,-23.49,-0.11,"2025/05/27 11:45:08"
D,TRADING,INTERCONNECTORRES,2,"2025/05/27 11:50:00",1,T-V-MNSP1,142,-391.9,-443.3,22.16,"2025/05/27 11:45:08"
D,TRADING,INTERCONNECTORRES,2,"2025/05/27 11:50:00",1,V-S-MNSP1,142,19,82.54,2.15,"2025/05/27 11:45:08"
D,TRADING,INTERCONNECTORRES,2,"2025/05/27 11:50:00",1,V-SA,142,-513.31,-590.72,52.36,"2025/05/27 11:45:08"
D,TRADING,INTERCONNECTORRES,2,"2025/05/27 11:50:00",1,VIC1-NSW1,142,327.5,430.5,37.14,"2025/05/27 11:45:08"
I,TRADING,PRICE,3,SETTLEMENTDATE,RUNNO,REGIONID,PERIODID,RRP,EEP,INVALIDFLAG,LASTCHANGED,ROP,RAISE6SECRRP,RAISE6SECROP,RAISE60SECRRP,RAISE60SECROP,RAISE5MINRRP,RAISE5MINROP,RAISEREGRRP,RAISEREGROP,LOWER6SECRRP,LOWER6SECROP,LOWER60SECRRP,LOWER60SECROP,LOWER5MINRRP,LOWER5MINROP,LOWERREGRRP,LOWERREGROP,RAISE1SECRRP,RAISE1SECROP,LOWER1SECRRP,LOWER1SECROP,PRICE_STATUS
D,TRADING,PRICE,3,"2025/05/27 11:50:00",1,SA1,142,-18.95,0,0,"2025/05/27 11:45:08",-18.95,0,0,0,0,0,0,3.99,3.99,0.1,0.1,0.38,0.38,0.1,0.1,0.93,0.93,0.01,0.01,0,0,FIRM
D,TRADING,PRICE,3,"2025/05/27 11:50:00",1,NSW1,142,22.09,0,0,"2025/05/27 11:45:08",22.09,0,0,0,0,0,0,3.99,3.99,0.1,0.1,0.38,0.38,0.1,0.1,0.93,0.93,0.01,0.01,0,0,FIRM
D,TRADING,PRICE,3,"2025/05/27 11:50:00",1,QLD1,142,23.24,0,0,"2025/05/27 11:45:08",23.24,0.38,0.38,0.38,0.38,0.38,0.38,4.37,4.37,0.1,0.1,0.38,0.38,0.1,0.1,0.93,0.93,0.01,0.01,0,0,FIRM
D,TRADING,PRICE,3,"2025/05/27 11:50:00",1,TAS1,142,11.2,0,0,"2025/05/27 11:45:08",11.2,0.38,0.38,0.38,0.38,0,0,7.4,7.4,0.1,0.1,0.38,0.38,0,0,1.48,1.48,0.01,0.01,0,0,FIRM
D,TRADING,PRICE,3,"2025/05/27 11:50:00",1,VIC1,142,8.8,0,0,"2025/05/27 11:45:08",8.8,0,0,0,0,0,0,3.99,3.99,0.1,0.1,0.38,0.38,0.1,0.1,0.93,0.93,0.01,0.01,0,0,FIRM
C,"END OF REPORT",15
