C,NEMP.WORLD,TRADINGIS,AEMO,PUBLIC,2025/05/28,21:30:12,0000000465298540,TRADINGIS,0000000465298539
I,TRADING,INTERCONNECTORRES,2,SETTLEMENTDATE,RUNNO,INTERCONNECTORID,PERIODID,METEREDMWFLOW,MWFLOW,MWLOSSES,LASTCHANGED
D,TRADING,INTERCONNECTORRES,2,"2025/05/28 21:35:00",1,N-Q-MNSP1,259,-32.8,-33,1.59,"2025/05/28 21:30:03"
D,TRADING,INTERCONNECTORRES,2,"2025/05/28 21:35:00",1,NSW1-QLD1,259,-887.2,-953.08,45.31,"2025/05/28 21:30:03"
D,TRADING,INTERCONNECTORRES,2,"2025/05/28 21:35:00",1,T-V-MNSP1,259,-253.9,-438,21.66,"2025/05/28 21:30:03"
D,TRADING,INTERCONNECTORRES,2,"2025/05/28 21:35:00",1,V-S-MNSP1,259,72,63,0.15,"2025/05/28 21:30:03"
D,TRADING,INTERCONNECTORRES,2,"2025/05/28 21:35:00",1,V-SA,259,390.28,273.89,11.11,"2025/05/28 21:30:03"
D,TRADING,INTERCONNECTORRES,2,"2025/05/28 21:35:00",1,VIC1-NSW1,259,15.89,-74.85,-0.38,"2025/05/28 21:30:03"
I,TRADING,PRICE,3,SETTLEMENTDATE,RUNNO,REGIONID,PERIODID,RRP,EEP,INVALIDFLAG,LASTCHANGED,ROP,RAISE6SECRRP,RAISE6SECROP,RAISE60SECRRP,RAISE60SECROP,RAISE5MINRRP,RAISE5MINROP,RAISEREGRRP,RAISEREGROP,LOWER6SECRRP,LOWER6SECROP,LOWER60SECRRP,LOWER60SECROP,LOWER5MINRRP,LOWER5MINROP,LOWERREGRRP,LOWERREGROP,RAISE1SECRRP,RAISE1SECROP,LOWER1SECRRP,LOWER1SECROP,PRICE_STATUS
D,TRADING,PRICE,3,"2025/05/28 21:35:00",1,SA1,259,146.14,0,0,"2025/05/28 21:30:03",146.14,0.38,0.38,0.15,0.15,0.23,0.23,7.86,7.86,0.1,0.1,0.39,0.39,0,0,0,0,0.37,0.37,0,0,FIRM
D,TRADING,PRICE,3,"2025/05/28 21:35:00",1,NSW1,259,115.43,0,0,"2025/05/28 21:30:03",115.43,0.38,0.38,0.15,0.15,0.23,0.23,7.86,7.86,0.1,0.1,0.39,0.39,0,0,0,0,0.37,0.37,0,0,FIRM
D,TRADING,PRICE,3,"2025/05/28 21:35:00",1,QLD1,259,100.83,0,0,"2025/05/28 21:30:03",100.83,0.38,0.38,0.15,0.15,0.23,0.23,7.86,7.86,0.1,0.1,0.39,0.39,0,0,0,0,0.37,0.37,0,0,FIRM
D,TRADING,PRICE,3,"2025/05/28 21:35:00",1,TAS1,259,150.24,0,0,"2025/05/28 21:30:03",150.24,0.38,0.38,0.38,0.38,0.36,0.36,8.4,8.4,0.1,0.1,0.38,0.38,0,0,2.48,2.48,0.37,0.37,0,0,FIRM
D,TRADING,PRICE,3,"2025/05/28 21:35:00",1,VIC1,259,135.89,0,0,"2025/05/28 21:30:03",135.89,0.38,0.38,0.15,0.15,0.23,0.23,7.86,7.86,0.1,0.1,0.39,0.39,0,0,0,0,0.37,0.37,0,0,FIRM
C,"END OF REPORT",15
