C,NEMP.WORLD,TRADINGIS,AEMO,PUBLIC,2025/05/29,02:45:10,0000000465328552,TRADINGIS,0000000465328551
I,TRADING,INTERCONNECTORRES,2,SETTLEMENTDATE,RUNNO,INTERCONNECTORID,PERIODID,METEREDMWFLOW,MWFLOW,MWLOSSES,LASTCHANGED
D,TRADING,INTERCONNECTORRES,2,"2025/05/29 02:50:00",1,N-Q-MNSP1,34,-17.7,-17,0.07,"2025/05/29 02:45:03"
D,TRADING,INTERCONNECTORRES,2,"2025/05/29 02:50:00",1,NSW1-QLD1,34,-359.4,-364.47,12.46,"2025/05/29 02:45:03"
D,TRADING,INTERCONNECTORRES,2,"2025/05/29 02:50:00",1,T-V-MNSP1,34,-407.2,-438,21.66,"2025/05/29 02:45:03"
D,TRADING,INTERCONNECTORRES,2,"2025/05/29 02:50:00",1,V-S-MNSP1,34,63,63,0.15,"2025/05/29 02:45:03"
D,TRADING,INTERCONNECTORRES,2,"2025/05/29 02:50:00",1,V-SA,34,314.92,281.21,12.41,"2025/05/29 02:45:03"
D,TRADING,INTERCONNECTORRES,2,"2025/05/29 02:50:00",1,VIC1-NSW1,34,502.78,526.48,38.65,"2025/05/29 02:45:03"
I,TRADING,PRICE,3,SETTLEMENTDATE,RUNNO,REGIONID,PERIODID,RRP,EEP,INVALIDFLAG,LASTCHANGED,ROP,RAISE6SECRRP,RAISE6SECROP,RAISE60SECRRP,RAISE60SECROP,RAISE5MINRRP,RAISE5MINROP,RAISEREGRRP,RAISEREGROP,LOWER6SECRRP,LOWER6SECROP,LOWER60SECRRP,LOWER60SECROP,LOWER5MINRRP,LOWER5MINROP,LOWERREGRRP,LOWERREGROP,RAISE1SECRRP,RAISE1SECROP,LOWER1SECRRP,LOWER1SECROP,PRICE_STATUS
D,TRADING,PRICE,3,"2025/05/29 02:50:00",1,SA1,34,73.11,0,0,"2025/05/29 02:45:03",73.11,0.37,0.37,0.1,0.1,0.15,0.15,7.6,7.6,0.38,0.38,0.39,0.39,0.1,0.1,0.93,0.93,0.86,0.86,0,0,FIRM
D,TRADING,PRICE,3,"2025/05/29 02:50:00",1,NSW1,34,76.58,0,0,"2025/05/29 02:45:03",76.58,0.37,0.37,0.1,0.1,0.15,0.15,7.6,7.6,0.38,0.38,0.39,0.39,0.1,0.1,0.93,0.93,0.86,0.86,0,0,FIRM
D,TRADING,PRICE,3,"2025/05/29 02:50:00",1,QLD1,34,71.46,0,0,"2025/05/29 02:45:03",71.46,0.37,0.37,0.1,0.1,0.15,0.15,7.6,7.6,0.38,0.38,0.39,0.39,0.1,0.1,0.93,0.93,0.86,0.86,0,0,FIRM
D,TRADING,PRICE,3,"2025/05/29 02:50:00",1,TAS1,34,100.24,0,0,"2025/05/29 02:45:03",100.24,0.38,0.38,0.38,0.38,0.38,0.38,8.4,8.4,0.38,0.38,0.38,0.38,0,0,2.48,2.48,0.86,0.86,0,0,FIRM
D,TRADING,PRICE,3,"2025/05/29 02:50:00",1,VIC1,34,67.81,0,0,"2025/05/29 02:45:03",67.81,0.37,0.37,0.1,0.1,0.15,0.15,7.6,7.6,0.38,0.38,0.39,0.39,0.1,0.1,0.93,0.93,0.86,0.86,0,0,FIRM
C,"END OF REPORT",15
