C,NEMP.WORLD,TRADINGIS,AEMO,PUBLIC,2025/05/28,01:15:10,0000000465176053,TRADINGIS,0000000465176052
I,TRADING,INTERCONNECTORRES,2,SETTLEMENTDATE,RUNNO,INTERCONNECTORID,PERIODID,METEREDMWFLOW,MWFLOW,MWLOSSES,LASTCHANGED
D,TRADING,INTERCONNECTORRES,2,"2025/05/28 01:20:00",1,N-Q-MNSP1,16,-9.6,-9,-0.16,"2025/05/28 01:15:03"
D,TRADING,INTERCONNECTORRES,2,"2025/05/28 01:20:00",1,NSW1-QLD1,16,-69.6,-36.06,-0.04,"2025/05/28 01:15:03"
D,TRADING,INTERCONNECTORRES,2,"2025/05/28 01:20:00",1,T-V-MNSP1,16,-418.8,-478,25.62,"2025/05/28 01:15:03"
D,TRADING,INTERCONNECTORRES,2,"2025/05/28 01:20:00",1,V-S-MNSP1,16,147,137.27,12.63,"2025/05/28 01:15:03"
D,TRADING,INTERCONNECTORRES,2,"2025/05/28 01:20:00",1,V-SA,16,572.95,571.63,45.61,"2025/05/28 01:15:03"
D,TRADING,INTERCONNECTORRES,2,"2025/05/28 01:20:00",1,VIC1-NSW1,16,673.26,632.09,48.03,"2025/05/28 01:15:03"
I,TRADING,PRICE,3,SETTLEMENTDATE,RUNNO,REGIONID,PERIODID,RRP,EEP,INVALIDFLAG,LASTCHANGED,ROP,RAISE6SECRRP,RAISE6SECROP,RAISE60SECRRP,RAISE60SECROP,RAISE5MINRRP,RAISE5MINROP,RAISEREGRRP,RAISEREGROP,LOWER6SECRRP,LOWER6SECROP,LOWER60SECRRP,LOWER60SECROP,LOWER5MINRRP,LOWER5MINROP,LOWERREGRRP,LOWERREGROP,RAISE1SECRRP,RAISE1SECROP,LOWER1SECRRP,LOWER1SECROP,PRICE_STATUS
D,TRADING,PRICE,3,"2025/05/28 01:20:00",1,SA1,16,11.5,0,0,"2025/05/28 01:15:03",11.5,0.23,0.23,0.15,0.15,0.1,0.1,0.1,0.1,0.01,0.01,0.38,0.38,0.01,0.01,3.75,3.75,0.36,0.36,0,0,FIRM
D,TRADING,PRICE,3,"2025/05/28 01:20:00",1,NSW1,16,56.98,0,0,"2025/05/28 01:15:03",56.98,0.23,0.23,0.15,0.15,0.1,0.1,0.1,0.1,0.01,0.01,0.38,0.38,0.01,0.01,3.75,3.75,0.36,0.36,0,0,FIRM
D,TRADING,PRICE,3,"2025/05/28 01:20:00",1,QLD1,16,56.88,0,0,"2025/05/28 01:15:03",56.88,0.23,0.23,0.15,0.15,0.1,0.1,0.1,0.1,0.01,0.01,0.38,0.38,0.01,0.01,3.75,3.75,0.36,0.36,0,0,FIRM
D,TRADING,PRICE,3,"2025/05/28 01:20:00",1,TAS1,16,35.02,0,0,"2025/05/28 01:15:03",35.02,0.38,0.38,0.38,0.38,0.36,0.36,7.4,7.4,0.01,0.01,0.38,0.38,0,0,2.48,2.48,0.36,0.36,0,0,FIRM
D,TRADING,PRICE,3,"2025/05/28 01:20:00",1,VIC1,16,8.95,0,0,"2025/05/28 01:15:03",8.95,0.23,0.23,0.15,0.15,0.1,0.1,0.1,0.1,0.01,0.01,0.38,0.38,0.01,0.01,3.75,3.75,0.36,0.36,0,0,FIRM
C,"END OF REPORT",15
