C,NEMP.WORLD,TRADINGIS,AEMO,PUBLIC,2025/05/27,06:35:11,0000000465058618,TRADINGIS,0000000465058617
I,TRADING,INTERCONNECTORRES,2,SETTLEMENTDATE,RUNNO,INTERCONNECTORID,PERIODID,METEREDMWFLOW,MWFLOW,MWLOSSES,LASTCHANGED
D,TRADING,INTERCONNECTORRES,2,"2025/05/27 06:40:00",1,N-Q-MNSP1,80,9.3,0,0,"2025/05/27 06:35:04"
D,TRADING,INTERCONNECTORRES,2,"2025/05/27 06:40:00",1,NSW1-QLD1,80,262.4,95.35,3.71,"2025/05/27 06:35:04"
D,TRADING,INTERCONNECTORRES,2,"2025/05/27 06:40:00",1,T-V-MNSP1,80,-451.7,-460.48,23.85,"2025/05/27 06:35:04"
D,TRADING,INTERCONNECTORRES,2,"2025/05/27 06:40:00",1,V-S-MNSP1,80,-104,-84.71,14.91,"2025/05/27 06:35:04"
D,TRADING,INTERCONNECTORRES,2,"2025/05/27 06:40:00",1,V-SA,80,-211.05,-198.82,4.45,"2025/05/27 06:35:04"
D,TRADING,INTERCONNECTORRES,2,"2025/05/27 06:40:00",1,VIC1-NSW1,80,981.46,822.8,74.18,"2025/05/27 06:35:04"
I,TRADING,PRICE,3,SETTLEMENTDATE,RUNNO,REGIONID,PERIODID,RRP,EEP,INVALIDFLAG,LASTCHANGED,ROP,RAISE6SECRRP,RAISE6SECROP,RAISE60SECRRP,RAISE60SECROP,RAISE5MINRRP,RAISE5MINROP,RAISEREGRRP,RAISEREGROP,LOWER6SECRRP,LOWER6SECROP,LOWER60SECRRP,LOWER60SECROP,LOWER5MINRRP,LOWER5MINROP,LOWERREGRRP,LOWERREGROP,RAISE1SECRRP,RAISE1SECROP,LOWER1SECRRP,LOWER1SECROP,PRICE_STATUS
D,TRADING,PRICE,3,"2025/05/27 06:40:00",1,SA1,80,52.86,0,0,"2025/05/27 06:35:04",52.86,0.36,0.36,0.1,0.1,0.1,0.1,3,3,0.01,0.01,0.1,0.1,0.1,0.1,3.99,3.99,0.81,0.81,0,0,FIRM
D,TRADING,PRICE,3,"2025/05/27 06:40:00",1,NSW1,80,65.01,0,0,"2025/05/27 06:35:04",65.01,0.36,0.36,0.1,0.1,0.1,0.1,3,3,0.01,0.01,0.1,0.1,0.1,0.1,3.99,3.99,0.81,0.81,0,0,FIRM
D,TRADING,PRICE,3,"2025/05/27 06:40:00",1,QLD1,80,128.73,0,0,"2025/05/27 06:35:04",128.73,0.36,0.36,0.1,0.1,0.1,0.1,3,3,0.01,0.01,0.1,0.1,0.1,0.1,3.99,3.99,0.81,0.81,0,0,FIRM
D,TRADING,PRICE,3,"2025/05/27 06:40:00",1,TAS1,80,75.24,0,0,"2025/05/27 06:35:04",75.24,0.38,0.38,0.38,0.38,0.1,0.1,8.4,8.4,0.01,0.01,0.1,0.1,0,0,3.48,3.48,0.81,0.81,0,0,FIRM
D,TRADING,PRICE,3,"2025/05/27 06:40:00",1,VIC1,80,55.28,0,0,"2025/05/27 06:35:04",55.28,0.36,0.36,0.1,0.1,0.1,0.1,3,3,0.01,0.01,0.1,0.1,0.1,0.1,3.99,3.99,0.81,0.81,0,0,FIRM
C,"END OF REPORT",15
