C,NEMP.WORLD,TRADINGIS,AEMO,PUBLIC,2025/05/29,00:15:10,0000000465314306,TRADINGIS,0000000465314305
I,TRADING,INTERCONNECTORRES,2,SETTLEMENTDATE,RUNNO,INTERCONNECTORID,PERIODID,METEREDMWFLOW,MWFLOW,MWLOSSES,LASTCHANGED
D,TRADING,INTERCONNECTORRES,2,"2025/05/29 00:20:00",1,N-Q-MNSP1,4,-19.8,-17,0.07,"2025/05/29 00:15:03"
D,TRADING,INTERCONNECTORRES,2,"2025/05/29 00:20:00",1,NSW1-QLD1,4,-369.1,-357.64,7.95,"2025/05/29 00:15:03"
D,TRADING,INTERCONNECTORRES,2,"2025/05/29 00:20:00",1,T-V-MNSP1,4,-425.5,-438,21.66,"2025/05/29 00:15:03"
D,TRADING,INTERCONNECTORRES,2,"2025/05/29 00:20:00",1,V-S-MNSP1,4,72,72,0.95,"2025/05/29 00:15:03"
D,TRADING,INTERCONNECTORRES,2,"2025/05/29 00:20:00",1,V-SA,4,430.5,343.24,17.13,"2025/05/29 00:15:03"
D,TRADING,INTERCONNECTORRES,2,"2025/05/29 00:20:00",1,VIC1-NSW1,4,237.29,220.91,9.12,"2025/05/29 00:15:03"
I,TRADING,PRICE,3,SETTLEMENTDATE,RUNNO,REGIONID,PERIODID,RRP,EEP,INVALIDFLAG,LASTCHANGED,ROP,RAISE6SECRRP,RAISE6SECROP,RAISE60SECRRP,RAISE60SECROP,RAISE5MINRRP,RAISE5MINROP,RAISEREGRRP,RAISEREGROP,LOWER6SECRRP,LOWER6SECROP,LOWER60SECRRP,LOWER60SECROP,LOWER5MINRRP,LOWER5MINROP,LOWERREGRRP,LOWERREGROP,RAISE1SECRRP,RAISE1SECROP,LOWER1SECRRP,LOWER1SECROP,PRICE_STATUS
D,TRADING,PRICE,3,"2025/05/29 00:20:00",1,SA1,4,84.32,0,0,"2025/05/29 00:15:03",84.32,0.23,0.23,0.1,0.1,0.1,0.1,5.99,5.99,0.38,0.38,0.38,0.38,0.3,0.3,0.93,0.93,0.38,0.38,0,0,FIRM
D,TRADING,PRICE,3,"2025/05/29 00:20:00",1,NSW1,4,81.79,0,0,"2025/05/29 00:15:03",81.79,0.23,0.23,0.1,0.1,0.1,0.1,5.99,5.99,0.38,0.38,0.38,0.38,0.3,0.3,0.93,0.93,0.38,0.38,0,0,FIRM
D,TRADING,PRICE,3,"2025/05/29 00:20:00",1,QLD1,4,77.2,0,0,"2025/05/29 00:15:03",77.2,0.23,0.23,0.1,0.1,0.1,0.1,5.99,5.99,0.38,0.38,0.38,0.38,0.3,0.3,0.93,0.93,0.38,0.38,0,0,FIRM
D,TRADING,PRICE,3,"2025/05/29 00:20:00",1,TAS1,4,100.24,0,0,"2025/05/29 00:15:03",100.24,0.38,0.38,0.38,0.38,0.38,0.38,8.4,8.4,0.38,0.38,0.38,0.38,0,0,2.48,2.48,0.38,0.38,0,0,FIRM
D,TRADING,PRICE,3,"2025/05/29 00:20:00",1,VIC1,4,77.12,0,0,"2025/05/29 00:15:03",77.12,0.23,0.23,0.1,0.1,0.1,0.1,5.99,5.99,0.38,0.38,0.38,0.38,0.3,0.3,0.93,0.93,0.38,0.38,0,0,FIRM
C,"END OF REPORT",15
