C,NEMP.WORLD,TRADINGIS,AEMO,PUBLIC,2025/05/29,06:30:11,0000000465350290,TRADINGIS,0000000465350289
I,TRADING,INTERCONNECTORRES,2,SETTLEMENTDATE,RUNNO,INTERCONNECTORID,PERIODID,METEREDMWFLOW,MWFLOW,MWLOSSES,LASTCHANGED
D,TRADING,INTERCONNECTORRES,2,"2025/05/29 06:35:00",1,N-Q-MNSP1,79,-18,-17,0.07,"2025/05/29 06:30:04"
D,TRADING,INTERCONNECTORRES,2,"2025/05/29 06:35:00",1,NSW1-QLD1,79,-470.7,-430.48,2.48,"2025/05/29 06:30:04"
D,TRADING,INTERCONNECTORRES,2,"2025/05/29 06:35:00",1,T-V-MNSP1,79,-385.2,-395.35,17.8,"2025/05/29 06:30:04"
D,TRADING,INTERCONNECTORRES,2,"2025/05/29 06:35:00",1,V-S-MNSP1,79,27,27,-1.11,"2025/05/29 06:30:04"
D,TRADING,INTERCONNECTORRES,2,"2025/05/29 06:35:00",1,V-SA,79,4.88,-39.25,0.34,"2025/05/29 06:30:04"
D,TRADING,INTERCONNECTORRES,2,"2025/05/29 06:35:00",1,VIC1-NSW1,79,44.15,-74.75,-1.77,"2025/05/29 06:30:04"
I,TRADING,PRICE,3,SETTLEMENTDATE,RUNNO,REGIONID,PERIODID,RRP,EEP,INVALIDFLAG,LASTCHANGED,ROP,RAISE6SECRRP,RAISE6SECROP,RAISE60SECRRP,RAISE60SECROP,RAISE5MINRRP,RAISE5MINROP,RAISEREGRRP,RAISEREGROP,LOWER6SECRRP,LOWER6SECROP,LOWER60SECRRP,LOWER60SECROP,LOWER5MINRRP,LOWER5MINROP,LOWERREGRRP,LOWERREGROP,RAISE1SECRRP,RAISE1SECROP,LOWER1SECRRP,LOWER1SECROP,PRICE_STATUS
D,TRADING,PRICE,3,"2025/05/29 06:35:00",1,SA1,79,106.44,0,0,"2025/05/29 06:30:04",106.44,0.37,0.37,0.1,0.1,0.1,0.1,13.99,13.99,0.1,0.1,0.38,0.38,0,0,0,0,0.38,0.38,0,0,FIRM
D,TRADING,PRICE,3,"2025/05/29 06:35:00",1,NSW1,79,110.01,0,0,"2025/05/29 06:30:04",110.01,0.37,0.37,0.1,0.1,0.1,0.1,13.99,13.99,0.1,0.1,0.38,0.38,0,0,0,0,0.38,0.38,0,0,FIRM
D,TRADING,PRICE,3,"2025/05/29 06:35:00",1,QLD1,79,104.99,0,0,"2025/05/29 06:30:04",104.99,0.37,0.37,0.1,0.1,0.1,0.1,13.99,13.99,0.1,0.1,0.38,0.38,0,0,0,0,0.38,0.38,0,0,FIRM
D,TRADING,PRICE,3,"2025/05/29 06:35:00",1,TAS1,79,115.79,0,0,"2025/05/29 06:30:04",115.79,0.38,0.38,0.38,0.38,0.1,0.1,7.54,7.54,0.1,0.1,0.38,0.38,0,0,2.46,2.46,0.38,0.38,0,0,FIRM
D,TRADING,PRICE,3,"2025/05/29 06:35:00",1,VIC1,79,107.92,0,0,"2025/05/29 06:30:04",107.92,0.37,0.37,0.1,0.1,0.1,0.1,13.99,13.99,0.1,0.1,0.38,0.38,0,0,0,0,0.38,0.38,0,0,FIRM
C,"END OF REPORT",15
