C,NEMP.WORLD,TRADINGIS,AEMO,PUBLIC,2025/05/27,06:50:10,0000000465059943,TRADINGIS,0000000465059942
I,TRADING,INTERCONNECTORRES,2,SETTLEMENTDATE,RUNNO,INTERCONNECTORID,PERIODID,METEREDMWFLOW,MWFLOW,MWLOSSES,LASTCHANGED
D,TRADING,INTERCONNECTORRES,2,"2025/05/27 06:55:00",1,N-Q-MNSP1,83,-0.9,0,0,"2025/05/27 06:50:03"
D,TRADING,INTERCONNECTORRES,2,"2025/05/27 06:55:00",1,NSW1-QLD1,83,-169.6,-81,-1.98,"2025/05/27 06:50:03"
D,TRADING,INTERCONNECTORRES,2,"2025/05/27 06:55:00",1,T-V-MNSP1,83,-438.3,-459.6,23.76,"2025/05/27 06:50:03"
D,TRADING,INTERCONNECTORRES,2,"2025/05/27 06:55:00",1,V-S-MNSP1,83,-135,-147.25,37,"2025/05/27 06:50:03"
D,TRADING,INTERCONNECTORRES,2,"2025/05/27 06:55:00",1,V-SA,83,-126.91,-98.76,1.03,"2025/05/27 06:50:03"
D,TRADING,INTERCONNECTORRES,2,"2025/05/27 06:55:00",1,VIC1-NSW1,83,963.21,962.07,94,"2025/05/27 06:50:03"
I,TRADING,PRICE,3,SETTLEMENTDATE,RUNNO,REGIONID,PERIODID,RRP,EEP,INVALIDFLAG,LASTCHANGED,ROP,RAISE6SECRRP,RAISE6SECROP,RAISE60SECRRP,RAISE60SECROP,RAISE5MINRRP,RAISE5MINROP,RAISEREGRRP,RAISEREGROP,LOWER6SECRRP,LOWER6SECROP,LOWER60SECRRP,LOWER60SECROP,LOWER5MINRRP,LOWER5MINROP,LOWERREGRRP,LOWERREGROP,RAISE1SECRRP,RAISE1SECROP,LOWER1SECRRP,LOWER1SECROP,PRICE_STATUS
D,TRADING,PRICE,3,"2025/05/27 06:55:00",1,SA1,83,53.06,0,0,"2025/05/27 06:50:03",53.06,0.23,0.23,0.04,0.04,0.1,0.1,1,1,0.03,0.03,0.1,0.1,0.1,0.1,3.7,3.7,0.37,0.37,0,0,FIRM
D,TRADING,PRICE,3,"2025/05/27 06:55:00",1,NSW1,83,65.01,0,0,"2025/05/27 06:50:03",65.01,0.23,0.23,0.04,0.04,0.1,0.1,1,1,0.03,0.03,0.1,0.1,0.1,0.1,3.7,3.7,0.37,0.37,0,0,FIRM
D,TRADING,PRICE,3,"2025/05/27 06:55:00",1,QLD1,83,97.73,0,0,"2025/05/27 06:50:03",97.73,0.23,0.23,0.04,0.04,0.1,0.1,1,1,0.03,0.03,0.1,0.1,0.1,0.1,3.7,3.7,0.37,0.37,0,0,FIRM
D,TRADING,PRICE,3,"2025/05/27 06:55:00",1,TAS1,83,100.28,0,0,"2025/05/27 06:50:03",100.28,0.38,0.38,0.38,0.38,0.36,0.36,8.4,8.4,0.03,0.03,0.1,0.1,0,0,2.48,2.48,0.37,0.37,0,0,FIRM
D,TRADING,PRICE,3,"2025/05/27 06:55:00",1,VIC1,83,54.16,0,0,"2025/05/27 06:50:03",54.16,0.23,0.23,0.04,0.04,0.1,0.1,1,1,0.03,0.03,0.1,0.1,0.1,0.1,3.7,3.7,0.37,0.37,0,0,FIRM
C,"END OF REPORT",15
