C,NEMP.WORLD,TRADINGIS,AEMO,PUBLIC,2025/05/28,12:50:15,0000000465246031,TRADINGIS,0000000465246030
I,TRADING,INTERCONNECTORRES,2,SETTLEMENTDATE,RUNNO,INTERCONNECTORID,PERIODID,METEREDMWFLOW,MWFLOW,MWLOSSES,LASTCHANGED
D,TRADING,INTERCONNECTORRES,2,"2025/05/28 12:55:00",1,N-Q-MNSP1,155,99.5,96.98,29.93,"2025/05/28 12:50:08"
D,TRADING,INTERCONNECTORRES,2,"2025/05/28 12:55:00",1,NSW1-QLD1,155,-430.4,-396.77,22,"2025/05/28 12:50:08"
D,TRADING,INTERCONNECTORRES,2,"2025/05/28 12:55:00",1,T-V-MNSP1,155,-431.6,-434.02,21.28,"2025/05/28 12:50:08"
D,TRADING,INTERCONNECTORRES,2,"2025/05/28 12:55:00",1,V-S-MNSP1,155,148,148.85,15.77,"2025/05/28 12:50:08"
D,TRADING,INTERCONNECTORRES,2,"2025/05/28 12:55:00",1,V-SA,155,512.31,531.59,23.23,"2025/05/28 12:50:08"
D,TRADING,INTERCONNECTORRES,2,"2025/05/28 12:55:00",1,VIC1-NSW1,155,-278.02,-123.46,-4.75,"2025/05/28 12:50:08"
I,TRADING,PRICE,3,SETTLEMENTDATE,RUNNO,REGIONID,PERIODID,RRP,EEP,INVALIDFLAG,LASTCHANGED,ROP,RAISE6SECRRP,RAISE6SECROP,RAISE60SECRRP,RAISE60SECROP,RAISE5MINRRP,RAISE5MINROP,RAISEREGRRP,RAISEREGROP,LOWER6SECRRP,LOWER6SECROP,LOWER60SECRRP,LOWER60SECROP,LOWER5MINRRP,LOWER5MINROP,LOWERREGRRP,LOWERREGROP,RAISE1SECRRP,RAISE1SECROP,LOWER1SECRRP,LOWER1SECROP,PRICE_STATUS
D,TRADING,PRICE,3,"2025/05/28 12:55:00",1,SA1,155,70.44,0,0,"2025/05/28 12:50:08",70.44,0.1,0.1,0.1,0.1,0.1,0.1,9.24,9.24,0,0,0.1,0.1,0.01,0.01,0.01,0.01,0.01,0.01,0,0,FIRM
D,TRADING,PRICE,3,"2025/05/28 12:55:00",1,NSW1,155,-6.62,0,0,"2025/05/28 12:50:08",-6.62,0.1,0.1,0.1,0.1,0.1,0.1,9.24,9.24,0,0,0.1,0.1,0.01,0.01,0.01,0.01,0.01,0.01,0,0,FIRM
D,TRADING,PRICE,3,"2025/05/28 12:55:00",1,QLD1,155,-24.23,0,0,"2025/05/28 12:50:08",-24.23,0.1,0.1,0.1,0.1,0.1,0.1,9.24,9.24,9.88,9.88,8.68,8.68,0.38,0.38,0.38,0.38,0.01,0.01,0,0,FIRM
D,TRADING,PRICE,3,"2025/05/28 12:55:00",1,TAS1,155,35.12,0,0,"2025/05/28 12:50:08",35.12,0.38,0.38,0.38,0.38,0.1,0.1,6.44,6.44,0,0,0.1,0.1,0,0,2.48,2.48,0.01,0.01,0,0,FIRM
D,TRADING,PRICE,3,"2025/05/28 12:55:00",1,VIC1,155,8.95,0,0,"2025/05/28 12:50:08",8.95,0.1,0.1,0.1,0.1,0.1,0.1,9.24,9.24,0,0,0.1,0.1,0.01,0.01,0.01,0.01,0.01,0.01,0,0,FIRM
C,"END OF REPORT",15
