C,NEMP.WORLD,TRADINGIS,AEMO,PUBLIC,2025/05/27,01:15:15,0000000465026033,TRADINGIS,0000000465026032
I,TRADING,INTERCONNECTORRES,2,SETTLEMENTDATE,RUNNO,INTERCONNECTORID,PERIODID,METEREDMWFLOW,MWFLOW,MWLOSSES,LASTCHANGED
D,TRADING,INTERCONNECTORRES,2,"2025/05/27 01:20:00",1,N-Q-MNSP1,16,9.4,9,0.6,"2025/05/27 01:15:08"
D,TRADING,INTERCONNECTORRES,2,"2025/05/27 01:20:00",1,NSW1-QLD1,16,445.5,523.79,26.1,"2025/05/27 01:15:08"
D,TRADING,INTERCONNECTORRES,2,"2025/05/27 01:20:00",1,T-V-MNSP1,16,-451.7,-455.34,23.33,"2025/05/27 01:15:08"
D,TRADING,INTERCONNECTORRES,2,"2025/05/27 01:20:00",1,V-S-MNSP1,16,-144,-145.22,36.12,"2025/05/27 01:15:08"
D,TRADING,INTERCONNECTORRES,2,"2025/05/27 01:20:00",1,V-SA,16,-312.25,-327.78,5.38,"2025/05/27 01:15:08"
D,TRADING,INTERCONNECTORRES,2,"2025/05/27 01:20:00",1,VIC1-NSW1,16,1080,1068.08,113.73,"2025/05/27 01:15:08"
I,TRADING,PRICE,3,SETTLEMENTDATE,RUNNO,REGIONID,PERIODID,RRP,EEP,INVALIDFLAG,LASTCHANGED,ROP,RAISE6SECRRP,RAISE6SECROP,RAISE60SECRRP,RAISE60SECROP,RAISE5MINRRP,RAISE5MINROP,RAISEREGRRP,RAISEREGROP,LOWER6SECRRP,LOWER6SECROP,LOWER60SECRRP,LOWER60SECROP,LOWER5MINRRP,LOWER5MINROP,LOWERREGRRP,LOWERREGROP,RAISE1SECRRP,RAISE1SECROP,LOWER1SECRRP,LOWER1SECROP,PRICE_STATUS
D,TRADING,PRICE,3,"2025/05/27 01:20:00",1,SA1,16,-13.16,0,0,"2025/05/27 01:15:08",-13.16,0.01,0.01,0.01,0.01,0.01,0.01,5.99,5.99,0.1,0.1,0.38,0.38,0.1,0.1,2,2,0.04,0.04,0,0,FIRM
D,TRADING,PRICE,3,"2025/05/27 01:20:00",1,NSW1,16,37.88,0,0,"2025/05/27 01:15:08",37.88,0.01,0.01,0.01,0.01,0.01,0.01,5.99,5.99,0.1,0.1,0.38,0.38,0.1,0.1,2,2,0.04,0.04,0,0,FIRM
D,TRADING,PRICE,3,"2025/05/27 01:20:00",1,QLD1,16,41.58,0,0,"2025/05/27 01:15:08",41.58,0.01,0.01,0.01,0.01,0.01,0.01,5.99,5.99,0.1,0.1,0.38,0.38,0.1,0.1,2,2,0.04,0.04,0,0,FIRM
D,TRADING,PRICE,3,"2025/05/27 01:20:00",1,TAS1,16,36.23,0,0,"2025/05/27 01:15:08",36.23,0.38,0.38,0.38,0.38,0.01,0.01,8.8,8.8,0.1,0.1,0.38,0.38,0,0,1.55,1.55,0.04,0.04,0,0,FIRM
D,TRADING,PRICE,3,"2025/05/27 01:20:00",1,VIC1,16,-13.91,0,0,"2025/05/27 01:15:08",-13.91,0.01,0.01,0.01,0.01,0.01,0.01,5.99,5.99,0.1,0.1,0.38,0.38,0.1,0.1,2,2,0.04,0.04,0,0,FIRM
C,"END OF REPORT",15
