C,NEMP.WORLD,TRADINGIS,AEMO,PUBLIC,2025/05/26,16:45:11,0000000464973160,TRADINGIS,0000000464973159
I,TRADING,INTERCONNECTORRES,2,SETTLEMENTDATE,RUNNO,INTERCONNECTORID,PERIODID,METEREDMWFLOW,MWFLOW,MWLOSSES,LASTCHANGED
D,TRADING,INTERCONNECTORRES,2,"2025/05/26 16:50:00",1,N-Q-MNSP1,202,-0.9,0,0,"2025/05/26 16:45:04"
D,TRADING,INTERCONNECTORRES,2,"2025/05/26 16:50:00",1,NSW1-QLD1,202,-67,-146,-7.26,"2025/05/26 16:45:04"
D,TRADING,INTERCONNECTORRES,2,"2025/05/26 16:50:00",1,T-V-MNSP1,202,-404.7,-447.28,22.55,"2025/05/26 16:45:04"
D,TRADING,INTERCONNECTORRES,2,"2025/05/26 16:50:00",1,V-S-MNSP1,202,171,170.72,22.57,"2025/05/26 16:45:04"
D,TRADING,INTERCONNECTORRES,2,"2025/05/26 16:50:00",1,V-SA,202,225.14,198.31,7.04,"2025/05/26 16:45:04"
D,TRADING,INTERCONNECTORRES,2,"2025/05/26 16:50:00",1,VIC1-NSW1,202,819.54,690.84,47.3,"2025/05/26 16:45:04"
I,TRADING,PRICE,3,SETTLEMENTDATE,RUNNO,REGIONID,PERIODID,RRP,EEP,INVALIDFLAG,LASTCHANGED,ROP,RAISE6SECRRP,RAISE6SECROP,RAISE60SECRRP,RAISE60SECROP,RAISE5MINRRP,RAISE5MINROP,RAISEREGRRP,RAISEREGROP,LOWER6SECRRP,LOWER6SECROP,LOWER60SECRRP,LOWER60SECROP,LOWER5MINRRP,LOWER5MINROP,LOWERREGRRP,LOWERREGROP,RAISE1SECRRP,RAISE1SECROP,LOWER1SECRRP,LOWER1SECROP,PRICE_STATUS
D,TRADING,PRICE,3,"2025/05/26 16:50:00",1,SA1,202,-20.07,0,0,"2025/05/26 16:45:04",-20.07,0.38,0.38,0.38,0.38,0.38,0.38,7.85,7.85,0.2,0.2,0.38,0.38,0.3,0.3,1.49,1.49,0.36,0.36,0,0,FIRM
D,TRADING,PRICE,3,"2025/05/26 16:50:00",1,NSW1,202,215.34,0,0,"2025/05/26 16:45:04",215.34,0.38,0.38,0.38,0.38,0.38,0.38,7.85,7.85,0.2,0.2,0.38,0.38,0.3,0.3,1.49,1.49,0.36,0.36,0,0,FIRM
D,TRADING,PRICE,3,"2025/05/26 16:50:00",1,QLD1,202,223.73,0,0,"2025/05/26 16:45:04",223.73,0.38,0.38,0.38,0.38,0.38,0.38,7.85,7.85,0.2,0.2,0.38,0.38,0.3,0.3,1.49,1.49,0.36,0.36,0,0,FIRM
D,TRADING,PRICE,3,"2025/05/26 16:50:00",1,TAS1,202,149.62,0,0,"2025/05/26 16:45:04",149.62,0.38,0.38,0.38,0.38,0.38,0.38,8.8,8.8,0.2,0.2,0.38,0.38,0,0,3.55,3.55,0.36,0.36,0,0,FIRM
D,TRADING,PRICE,3,"2025/05/26 16:50:00",1,VIC1,202,6.45,0,0,"2025/05/26 16:45:04",6.45,0.38,0.38,0.38,0.38,0.38,0.38,7.85,7.85,0.2,0.2,0.38,0.38,0.3,0.3,1.49,1.49,0.36,0.36,0,0,FIRM
C,"END OF REPORT",15
