C,NEMP.WORLD,TRADINGIS,AEMO,PUBLIC,2025/06/12,12:15:12,0000000467365604,TRADINGIS,0000000467365603
I,TRADING,INTERCONNECTORRES,2,SETTLEMENTDATE,RUNNO,INTERCONNECTORID,PERIODID,METEREDMWFLOW,MWFLOW,MWLOSSES,LASTCHANGED
D,TRADING,INTERCONNECTORRES,2,"2025/06/12 12:20:00",1,N-Q-MNSP1,148,83.6,52.25,9.75,"2025/06/12 12:15:04"
D,TRADING,INTERCONNECTORRES,2,"2025/06/12 12:20:00",1,NSW1-QLD1,148,-1288.5,-1244.96,140.09,"2025/06/12 12:15:04"
D,TRADING,INTERCONNECTORRES,2,"2025/06/12 12:20:00",1,T-V-MNSP1,148,-190.4,-198.91,4.9,"2025/06/12 12:15:04"
D,TRADING,INTERCONNECTORRES,2,"2025/06/12 12:20:00",1,V-S-MNSP1,148,27,36,-1.09,"2025/06/12 12:15:04"
D,TRADING,INTERCONNECTORRES,2,"2025/06/12 12:20:00",1,V-SA,148,-316.72,-287.94,18.12,"2025/06/12 12:15:04"
D,TRADING,INTERCONNECTORRES,2,"2025/06/12 12:20:00",1,VIC1-NSW1,148,-276.29,-350.86,-11.41,"2025/06/12 12:15:04"
I,TRADING,PRICE,3,SETTLEMENTDATE,RUNNO,REGIONID,PERIODID,RRP,EEP,INVALIDFLAG,LASTCHANGED,ROP,RAISE6SECRRP,RAISE6SECROP,RAISE60SECRRP,RAISE60SECROP,RAISE5MINRRP,RAISE5MINROP,RAISEREGRRP,RAISEREGROP,LOWER6SECRRP,LOWER6SECROP,LOWER60SECRRP,LOWER60SECROP,LOWER5MINRRP,LOWER5MINROP,LOWERREGRRP,LOWERREGROP,RAISE1SECRRP,RAISE1SECROP,LOWER1SECRRP,LOWER1SECROP,PRICE_STATUS
D,TRADING,PRICE,3,"2025/06/12 12:20:00",1,SA1,148,178.7,0,0,"2025/06/12 12:15:04",178.7,0.37,0.37,0.1,0.1,0.1,0.1,5.98,5.98,0.38,0.38,0.39,0.39,0.38,0.38,0.38,0.38,0.36,0.36,0,0,FIRM
D,TRADING,PRICE,3,"2025/06/12 12:20:00",1,NSW1,148,40.86,0,0,"2025/06/12 12:15:04",40.86,0.37,0.37,0.1,0.1,0.1,0.1,5.98,5.98,0.38,0.38,0.39,0.39,0.38,0.38,0.38,0.38,0.36,0.36,0,0,FIRM
D,TRADING,PRICE,3,"2025/06/12 12:20:00",1,QLD1,148,-15.01,0,0,"2025/06/12 12:15:04",-15.01,0.37,0.37,0.1,0.1,0.1,0.1,5.98,5.98,0.38,0.38,0.39,0.39,0.38,0.38,0.38,0.38,0.36,0.36,0,0,FIRM
D,TRADING,PRICE,3,"2025/06/12 12:20:00",1,TAS1,148,202.65,0,0,"2025/06/12 12:15:04",202.65,0.37,0.37,0.36,0.36,0.1,0.1,29.91,29.91,0.38,0.38,0.39,0.39,0.38,0.38,2.76,2.76,0.36,0.36,0,0,FIRM
D,TRADING,PRICE,3,"2025/06/12 12:20:00",1,VIC1,148,196.69,0,0,"2025/06/12 12:15:04",196.69,0.37,0.37,0.1,0.1,0.1,0.1,5.98,5.98,0.38,0.38,0.39,0.39,0.38,0.38,0.38,0.38,0.36,0.36,0,0,FIRM
C,"END OF REPORT",15
