C,NEMP.WORLD,TRADINGIS,AEMO,PUBLIC,2025/05/27,04:30:14,0000000465045884,TRADINGIS,0000000465045883
I,TRADING,INTERCONNECTORRES,2,SETTLEMENTDATE,RUNNO,INTERCONNECTORID,PERIODID,METEREDMWFLOW,MWFLOW,MWLOSSES,LASTCHANGED
D,TRADING,INTERCONNECTORRES,2,"2025/05/27 04:35:00",1,N-Q-MNSP1,55,9.5,9,0.6,"2025/05/27 04:30:07"
D,TRADING,INTERCONNECTORRES,2,"2025/05/27 04:35:00",1,NSW1-QLD1,55,381.8,379.41,13.22,"2025/05/27 04:30:07"
D,TRADING,INTERCONNECTORRES,2,"2025/05/27 04:35:00",1,T-V-MNSP1,55,-428.5,-445.72,22.4,"2025/05/27 04:30:07"
D,TRADING,INTERCONNECTORRES,2,"2025/05/27 04:35:00",1,V-S-MNSP1,55,-143,-144.06,35.62,"2025/05/27 04:30:07"
D,TRADING,INTERCONNECTORRES,2,"2025/05/27 04:35:00",1,V-SA,55,-239.02,-302.77,6.02,"2025/05/27 04:30:07"
D,TRADING,INTERCONNECTORRES,2,"2025/05/27 04:35:00",1,VIC1-NSW1,55,908.08,946.23,100.35,"2025/05/27 04:30:07"
I,TRADING,PRICE,3,SETTLEMENTDATE,RUNNO,REGIONID,PERIODID,RRP,EEP,INVALIDFLAG,LASTCHANGED,ROP,RAISE6SECRRP,RAISE6SECROP,RAISE60SECRRP,RAISE60SECROP,RAISE5MINRRP,RAISE5MINROP,RAISEREGRRP,RAISEREGROP,LOWER6SECRRP,LOWER6SECROP,LOWER60SECRRP,LOWER60SECROP,LOWER5MINRRP,LOWER5MINROP,LOWERREGRRP,LOWERREGROP,RAISE1SECRRP,RAISE1SECROP,LOWER1SECRRP,LOWER1SECROP,PRICE_STATUS
D,TRADING,PRICE,3,"2025/05/27 04:35:00",1,SA1,55,-13.18,0,0,"2025/05/27 04:30:07",-13.18,0.1,0.1,0.01,0.01,0.04,0.04,3.99,3.99,0.14,0.14,0.39,0.39,0,0,0,0,0.36,0.36,0,0,FIRM
D,TRADING,PRICE,3,"2025/05/27 04:35:00",1,NSW1,55,47.45,0,0,"2025/05/27 04:30:07",47.45,0.1,0.1,0.01,0.01,0.04,0.04,3.99,3.99,0.14,0.14,0.39,0.39,0,0,0,0,0.36,0.36,0,0,FIRM
D,TRADING,PRICE,3,"2025/05/27 04:35:00",1,QLD1,55,50.75,0,0,"2025/05/27 04:30:07",50.75,0.1,0.1,0.01,0.01,0.04,0.04,3.99,3.99,0.14,0.14,0.39,0.39,0,0,0,0,0.36,0.36,0,0,FIRM
D,TRADING,PRICE,3,"2025/05/27 04:35:00",1,TAS1,55,11.25,0,0,"2025/05/27 04:30:07",11.25,0.38,0.38,0.38,0.38,0.04,0.04,6.6,6.6,0.14,0.14,0.38,0.38,0,0,2.48,2.48,0.36,0.36,0,0,FIRM
D,TRADING,PRICE,3,"2025/05/27 04:35:00",1,VIC1,55,-13.91,0,0,"2025/05/27 04:30:07",-13.91,0.1,0.1,0.01,0.01,0.04,0.04,3.99,3.99,0.14,0.14,0.39,0.39,0,0,0,0,0.36,0.36,0,0,FIRM
C,"END OF REPORT",15
