C,NEMP.WORLD,TRADINGIS,AEMO,PUBLIC,2025/05/29,07:50:10,0000000465357330,TRADINGIS,0000000465357329
I,TRADING,INTERCONNECTORRES,2,SETTLEMENTDATE,RUNNO,INTERCONNECTORID,PERIODID,METEREDMWFLOW,MWFLOW,MWLOSSES,LASTCHANGED
D,TRADING,INTERCONNECTORRES,2,"2025/05/29 07:55:00",1,N-Q-MNSP1,95,-16.9,-17,0.07,"2025/05/29 07:50:03"
D,TRADING,INTERCONNECTORRES,2,"2025/05/29 07:55:00",1,NSW1-QLD1,95,-548.4,-589.4,7.63,"2025/05/29 07:50:03"
D,TRADING,INTERCONNECTORRES,2,"2025/05/29 07:55:00",1,T-V-MNSP1,95,-53.7,-116.93,1.88,"2025/05/29 07:50:03"
D,TRADING,INTERCONNECTORRES,2,"2025/05/29 07:55:00",1,V-S-MNSP1,95,27,27,-1.11,"2025/05/29 07:50:03"
D,TRADING,INTERCONNECTORRES,2,"2025/05/29 07:55:00",1,V-SA,95,-51.67,-54.77,0.56,"2025/05/29 07:50:03"
D,TRADING,INTERCONNECTORRES,2,"2025/05/29 07:55:00",1,VIC1-NSW1,95,136.69,32.9,0.68,"2025/05/29 07:50:03"
I,TRADING,PRICE,3,SETTLEMENTDATE,RUNNO,REGIONID,PERIODID,RRP,EEP,INVALIDFLAG,LASTCHANGED,ROP,RAISE6SECRRP,RAISE6SECROP,RAISE60SECRRP,RAISE60SECROP,RAISE5MINRRP,RAISE5MINROP,RAISEREGRRP,RAISEREGROP,LOWER6SECRRP,LOWER6SECROP,LOWER60SECRRP,LOWER60SECROP,LOWER5MINRRP,LOWER5MINROP,LOWERREGRRP,LOWERREGROP,RAISE1SECRRP,RAISE1SECROP,LOWER1SECRRP,LOWER1SECROP,PRICE_STATUS
D,TRADING,PRICE,3,"2025/05/29 07:55:00",1,SA1,95,145.92,0,0,"2025/05/29 07:50:03",145.92,2.49,2.49,0.39,0.39,0.15,0.15,11.4,11.4,0,0,0.07,0.07,0,0,0,0,0.86,0.86,0,0,FIRM
D,TRADING,PRICE,3,"2025/05/29 07:55:00",1,NSW1,95,151.72,0,0,"2025/05/29 07:50:03",151.72,2.49,2.49,0.39,0.39,0.15,0.15,11.4,11.4,0,0,0.07,0.07,0,0,0,0,0.86,0.86,0,0,FIRM
D,TRADING,PRICE,3,"2025/05/29 07:55:00",1,QLD1,95,133.5,0,0,"2025/05/29 07:50:03",133.5,2.49,2.49,0.39,0.39,0.15,0.15,11.4,11.4,3.43,3.43,5.62,5.62,0,0,0,0,0.86,0.86,0,0,FIRM
D,TRADING,PRICE,3,"2025/05/29 07:55:00",1,TAS1,95,150.24,0,0,"2025/05/29 07:50:03",150.24,1.75,1.75,0.38,0.38,0.38,0.38,7.54,7.54,1.59,1.59,0.38,0.38,0.38,0.38,2.46,2.46,0,0,0,0,FIRM
D,TRADING,PRICE,3,"2025/05/29 07:55:00",1,VIC1,95,148.5,0,0,"2025/05/29 07:50:03",148.5,2.49,2.49,0.39,0.39,0.15,0.15,11.4,11.4,0,0,0.07,0.07,0,0,0,0,0.86,0.86,0,0,FIRM
C,"END OF REPORT",15
