C,NEMP.WORLD,TRADINGIS,AEMO,PUBLIC,2025/05/28,04:40:14,0000000465196099,TRADINGIS,0000000465196098
I,TRADING,INTERCONNECTORRES,2,SETTLEMENTDATE,RUNNO,INTERCONNECTORID,PERIODID,METEREDMWFLOW,MWFLOW,MWLOSSES,LASTCHANGED
D,TRADING,INTERCONNECTORRES,2,"2025/05/28 04:45:00",1,N-Q-MNSP1,57,-0.9,0,0,"2025/05/28 04:40:04"
D,TRADING,INTERCONNECTORRES,2,"2025/05/28 04:45:00",1,NSW1-QLD1,57,115.6,132.46,1.92,"2025/05/28 04:40:04"
D,TRADING,INTERCONNECTORRES,2,"2025/05/28 04:45:00",1,T-V-MNSP1,57,-405.9,-441.39,21.98,"2025/05/28 04:40:04"
D,TRADING,INTERCONNECTORRES,2,"2025/05/28 04:45:00",1,V-S-MNSP1,57,169,167.55,21.53,"2025/05/28 04:40:04"
D,TRADING,INTERCONNECTORRES,2,"2025/05/28 04:45:00",1,V-SA,57,587.45,567.55,43.28,"2025/05/28 04:40:04"
D,TRADING,INTERCONNECTORRES,2,"2025/05/28 04:45:00",1,VIC1-NSW1,57,546.45,589.27,46.66,"2025/05/28 04:40:04"
I,TRADING,PRICE,3,SETTLEMENTDATE,RUNNO,REGIONID,PERIODID,RRP,EEP,INVALIDFLAG,LASTCHANGED,ROP,RAISE6SECRRP,RAISE6SECROP,RAISE60SECRRP,RAISE60SECROP,RAISE5MINRRP,RAISE5MINROP,RAISEREGRRP,RAISEREGROP,LOWER6SECRRP,LOWER6SECROP,LOWER60SECRRP,LOWER60SECROP,LOWER5MINRRP,LOWER5MINROP,LOWERREGRRP,LOWERREGROP,RAISE1SECRRP,RAISE1SECROP,LOWER1SECRRP,LOWER1SECROP,PRICE_STATUS
D,TRADING,PRICE,3,"2025/05/28 04:45:00",1,SA1,57,83.44,0,0,"2025/05/28 04:40:04",83.44,0.37,0.37,0.23,0.23,0.15,0.15,3.99,3.99,0.1,0.1,0.38,0.38,0.38,0.38,0.38,0.38,0.37,0.37,0,0,FIRM
D,TRADING,PRICE,3,"2025/05/28 04:45:00",1,NSW1,57,57.01,0,0,"2025/05/28 04:40:04",57.01,0.37,0.37,0.23,0.23,0.15,0.15,3.99,3.99,0.1,0.1,0.38,0.38,0.38,0.38,0.38,0.38,0.37,0.37,0,0,FIRM
D,TRADING,PRICE,3,"2025/05/28 04:45:00",1,QLD1,57,58.57,0,0,"2025/05/28 04:40:04",58.57,0.37,0.37,0.23,0.23,0.15,0.15,3.99,3.99,0.1,0.1,0.38,0.38,0.38,0.38,0.38,0.38,0.37,0.37,0,0,FIRM
D,TRADING,PRICE,3,"2025/05/28 04:45:00",1,TAS1,57,75.24,0,0,"2025/05/28 04:40:04",75.24,0.38,0.38,0.38,0.38,0.36,0.36,8.4,8.4,0.1,0.1,0.38,0.38,0,0,2.48,2.48,0.37,0.37,0,0,FIRM
D,TRADING,PRICE,3,"2025/05/28 04:45:00",1,VIC1,57,19.19,0,0,"2025/05/28 04:40:04",19.19,0.37,0.37,0.23,0.23,0.15,0.15,3.99,3.99,0.1,0.1,0.38,0.38,0.38,0.38,0.38,0.38,0.37,0.37,0,0,FIRM
C,"END OF REPORT",15
