C,NEMP.WORLD,TRADINGIS,AEMO,PUBLIC,2025/05/28,15:55:11,0000000465264813,TRADINGIS,0000000465264812
I,TRADING,INTERCONNECTORRES,2,SETTLEMENTDATE,RUNNO,INTERCONNECTORID,PERIODID,METEREDMWFLOW,MWFLOW,MWLOSSES,LASTCHANGED
D,TRADING,INTERCONNECTORRES,2,"2025/05/28 16:00:00",1,N-Q-MNSP1,192,-19.3,-25,0.65,"2025/05/28 15:55:03"
D,TRADING,INTERCONNECTORRES,2,"2025/05/28 16:00:00",1,NSW1-QLD1,192,-516.7,-604.74,14.66,"2025/05/28 15:55:03"
D,TRADING,INTERCONNECTORRES,2,"2025/05/28 16:00:00",1,T-V-MNSP1,192,-224,-203.59,5.11,"2025/05/28 15:55:03"
D,TRADING,INTERCONNECTORRES,2,"2025/05/28 16:00:00",1,V-S-MNSP1,192,64,63,0.15,"2025/05/28 15:55:03"
D,TRADING,INTERCONNECTORRES,2,"2025/05/28 16:00:00",1,V-SA,192,400.54,473.13,16.14,"2025/05/28 15:55:03"
D,TRADING,INTERCONNECTORRES,2,"2025/05/28 16:00:00",1,VIC1-NSW1,192,1.72,3,0.1,"2025/05/28 15:55:03"
I,TRADING,PRICE,3,SETTLEMENTDATE,RUNNO,REGIONID,PERIODID,RRP,EEP,INVALIDFLAG,LASTCHANGED,ROP,RAISE6SECRRP,RAISE6SECROP,RAISE60SECRRP,RAISE60SECROP,RAISE5MINRRP,RAISE5MINROP,RAISEREGRRP,RAISEREGROP,LOWER6SECRRP,LOWER6SECROP,LOWER60SECRRP,LOWER60SECROP,LOWER5MINRRP,LOWER5MINROP,LOWERREGRRP,LOWERREGROP,RAISE1SECRRP,RAISE1SECROP,LOWER1SECRRP,LOWER1SECROP,PRICE_STATUS
D,TRADING,PRICE,3,"2025/05/28 16:00:00",1,SA1,192,156.7,0,0,"2025/05/28 15:55:03",156.7,0.38,0.38,0.1,0.1,0.1,0.1,8,8,0,0,0.1,0.1,0.01,0.01,5.63,5.63,0.81,0.81,0,0,FIRM
D,TRADING,PRICE,3,"2025/05/28 16:00:00",1,NSW1,192,149.36,0,0,"2025/05/28 15:55:03",149.36,0.38,0.38,0.1,0.1,0.1,0.1,8,8,0,0,0.1,0.1,0.01,0.01,5.63,5.63,0.81,0.81,0,0,FIRM
D,TRADING,PRICE,3,"2025/05/28 16:00:00",1,QLD1,192,133.98,0,0,"2025/05/28 15:55:03",133.98,0.38,0.38,0.1,0.1,0.1,0.1,8,8,1.83,1.83,1.83,1.83,0.38,0.38,6,6,0.81,0.81,0,0,FIRM
D,TRADING,PRICE,3,"2025/05/28 16:00:00",1,TAS1,192,148.15,0,0,"2025/05/28 15:55:03",148.15,0.38,0.38,0.38,0.38,0.1,0.1,7.4,7.4,0,0,0.1,0.1,0.01,0.01,2.48,2.48,0.81,0.81,0,0,FIRM
D,TRADING,PRICE,3,"2025/05/28 16:00:00",1,VIC1,192,143.79,0,0,"2025/05/28 15:55:03",143.79,0.38,0.38,0.1,0.1,0.1,0.1,8,8,0,0,0.1,0.1,0.01,0.01,5.63,5.63,0.81,0.81,0,0,FIRM
C,"END OF REPORT",15
