C,NEMP.WORLD,TRADINGIS,AEMO,PUBLIC,2025/05/29,09:00:11,0000000465363987,TRADINGIS,0000000465363986
I,TRADING,INTERCONNECTORRES,2,SETTLEMENTDATE,RUNNO,INTERCONNECTORID,PERIODID,METEREDMWFLOW,MWFLOW,MWLOSSES,LASTCHANGED
D,TRADING,INTERCONNECTORRES,2,"2025/05/29 09:05:00",1,N-Q-MNSP1,109,-17.6,-17,0.07,"2025/05/29 09:00:03"
D,TRADING,INTERCONNECTORRES,2,"2025/05/29 09:05:00",1,NSW1-QLD1,109,-441.2,-375.09,2.53,"2025/05/29 09:00:03"
D,TRADING,INTERCONNECTORRES,2,"2025/05/29 09:05:00",1,T-V-MNSP1,109,-299.1,-190.59,4.53,"2025/05/29 09:00:03"
D,TRADING,INTERCONNECTORRES,2,"2025/05/29 09:05:00",1,V-S-MNSP1,109,43,36,-1.09,"2025/05/29 09:00:03"
D,TRADING,INTERCONNECTORRES,2,"2025/05/29 09:05:00",1,V-SA,109,108.25,82.08,0.08,"2025/05/29 09:00:03"
D,TRADING,INTERCONNECTORRES,2,"2025/05/29 09:05:00",1,VIC1-NSW1,109,-349.65,-238.54,-1.43,"2025/05/29 09:00:03"
I,TRADING,PRICE,3,SETTLEMENTDATE,RUNNO,REGIONID,PERIODID,RRP,EEP,INVALIDFLAG,LASTCHANGED,ROP,RAISE6SECRRP,RAISE6SECROP,RAISE60SECRRP,RAISE60SECROP,RAISE5MINRRP,RAISE5MINROP,RAISEREGRRP,RAISEREGROP,LOWER6SECRRP,LOWER6SECROP,LOWER60SECRRP,LOWER60SECROP,LOWER5MINRRP,LOWER5MINROP,LOWERREGRRP,LOWERREGROP,RAISE1SECRRP,RAISE1SECROP,LOWER1SECRRP,LOWER1SECROP,PRICE_STATUS
D,TRADING,PRICE,3,"2025/05/29 09:05:00",1,SA1,109,147.53,0,0,"2025/05/29 09:00:03",147.53,0.38,0.38,0.36,0.36,0.36,0.36,9.89,9.89,0.1,0.1,0.38,0.38,0.1,0.1,2,2,0.86,0.86,0,0,FIRM
D,TRADING,PRICE,3,"2025/05/29 09:05:00",1,NSW1,109,143.83,0,0,"2025/05/29 09:00:03",143.83,0.38,0.38,0.36,0.36,0.36,0.36,9.89,9.89,0.1,0.1,0.38,0.38,0.1,0.1,2,2,0.86,0.86,0,0,FIRM
D,TRADING,PRICE,3,"2025/05/29 09:05:00",1,QLD1,109,138.13,0,0,"2025/05/29 09:00:03",138.13,0.38,0.38,0.36,0.36,0.36,0.36,9.89,9.89,0.1,0.1,0.38,0.38,0.1,0.1,2,2,0.86,0.86,0,0,FIRM
D,TRADING,PRICE,3,"2025/05/29 09:05:00",1,TAS1,109,150.24,0,0,"2025/05/29 09:00:03",150.24,0.38,0.38,0.38,0.38,0.36,0.36,6.66,6.66,0.1,0.1,0.38,0.38,0.1,0.1,2.46,2.46,0.86,0.86,0,0,FIRM
D,TRADING,PRICE,3,"2025/05/29 09:05:00",1,VIC1,109,146.2,0,0,"2025/05/29 09:00:03",146.2,0.38,0.38,0.36,0.36,0.36,0.36,9.89,9.89,0.1,0.1,0.38,0.38,0.1,0.1,2,2,0.86,0.86,0,0,FIRM
C,"END OF REPORT",15
