C,NEMP.WORLD,TRADINGIS,AEMO,PUBLIC,2025/05/28,01:50:11,0000000465179462,TRADINGIS,0000000465179461
I,TRADING,INTERCONNECTORRES,2,SETTLEMENTDATE,RUNNO,INTERCONNECTORID,PERIODID,METEREDMWFLOW,MWFLOW,MWLOSSES,LASTCHANGED
D,TRADING,INTERCONNECTORRES,2,"2025/05/28 01:55:00",1,N-Q-MNSP1,23,-7.9,-9,-0.16,"2025/05/28 01:50:04"
D,TRADING,INTERCONNECTORRES,2,"2025/05/28 01:55:00",1,NSW1-QLD1,23,52.6,54.38,0.41,"2025/05/28 01:50:04"
D,TRADING,INTERCONNECTORRES,2,"2025/05/28 01:55:00",1,T-V-MNSP1,23,-410.2,-467.13,24.51,"2025/05/28 01:50:04"
D,TRADING,INTERCONNECTORRES,2,"2025/05/28 01:55:00",1,V-S-MNSP1,23,166,169.52,22.17,"2025/05/28 01:50:04"
D,TRADING,INTERCONNECTORRES,2,"2025/05/28 01:55:00",1,V-SA,23,535.23,572.32,45.59,"2025/05/28 01:50:04"
D,TRADING,INTERCONNECTORRES,2,"2025/05/28 01:55:00",1,VIC1-NSW1,23,696.32,620.88,48.01,"2025/05/28 01:50:04"
I,TRADING,PRICE,3,SETTLEMENTDATE,RUNNO,REGIONID,PERIODID,RRP,EEP,INVALIDFLAG,LASTCHANGED,ROP,RAISE6SECRRP,RAISE6SECROP,RAISE60SECRRP,RAISE60SECROP,RAISE5MINRRP,RAISE5MINROP,RAISEREGRRP,RAISEREGROP,LOWER6SECRRP,LOWER6SECROP,LOWER60SECRRP,LOWER60SECROP,LOWER5MINRRP,LOWER5MINROP,LOWERREGRRP,LOWERREGROP,RAISE1SECRRP,RAISE1SECROP,LOWER1SECRRP,LOWER1SECROP,PRICE_STATUS
D,TRADING,PRICE,3,"2025/05/28 01:55:00",1,SA1,23,91.44,0,0,"2025/05/28 01:50:04",91.44,0.38,0.38,0.36,0.36,0.09,0.09,0.09,0.09,0.1,0.1,0.39,0.39,0.1,0.1,1.03,1.03,0.1,0.1,0,0,FIRM
D,TRADING,PRICE,3,"2025/05/28 01:55:00",1,NSW1,23,56.98,0,0,"2025/05/28 01:50:04",56.98,0.38,0.38,0.36,0.36,0.09,0.09,0.09,0.09,0.1,0.1,0.39,0.39,0.1,0.1,1.03,1.03,0.1,0.1,0,0,FIRM
D,TRADING,PRICE,3,"2025/05/28 01:55:00",1,QLD1,23,57.84,0,0,"2025/05/28 01:50:04",57.84,0.38,0.38,0.36,0.36,0.09,0.09,0.09,0.09,0.1,0.1,0.39,0.39,0.1,0.1,1.03,1.03,0.1,0.1,0,0,FIRM
D,TRADING,PRICE,3,"2025/05/28 01:55:00",1,TAS1,23,11.05,0,0,"2025/05/28 01:50:04",11.05,0.38,0.38,0.38,0.38,0.36,0.36,7.4,7.4,0.1,0.1,0.38,0.38,0,0,26.45,26.45,0.1,0.1,0,0,FIRM
D,TRADING,PRICE,3,"2025/05/28 01:55:00",1,VIC1,23,8.95,0,0,"2025/05/28 01:50:04",8.95,0.38,0.38,0.36,0.36,0.09,0.09,0.09,0.09,0.1,0.1,0.39,0.39,0.1,0.1,1.03,1.03,0.1,0.1,0,0,FIRM
C,"END OF REPORT",15
