C,NEMP.WORLD,TRADINGIS,AEMO,PUBLIC,2025/05/27,09:35:10,0000000465076275,TRADINGIS,0000000465076274
I,TRADING,INTERCONNECTORRES,2,SETTLEMENTDATE,RUNNO,INTERCONNECTORID,PERIODID,METEREDMWFLOW,MWFLOW,MWLOSSES,LASTCHANGED
D,TRADING,INTERCONNECTORRES,2,"2025/05/27 09:40:00",1,N-Q-MNSP1,116,-13.5,-17,0.07,"2025/05/27 09:35:03"
D,TRADING,INTERCONNECTORRES,2,"2025/05/27 09:40:00",1,NSW1-QLD1,116,-116.6,-204.47,2.56,"2025/05/27 09:35:03"
D,TRADING,INTERCONNECTORRES,2,"2025/05/27 09:40:00",1,T-V-MNSP1,116,-457.2,-454.13,23.21,"2025/05/27 09:35:03"
D,TRADING,INTERCONNECTORRES,2,"2025/05/27 09:40:00",1,V-S-MNSP1,116,18,21.86,-1.01,"2025/05/27 09:35:03"
D,TRADING,INTERCONNECTORRES,2,"2025/05/27 09:40:00",1,V-SA,116,-185.14,-189.97,3.02,"2025/05/27 09:35:03"
D,TRADING,INTERCONNECTORRES,2,"2025/05/27 09:40:00",1,VIC1-NSW1,116,960.06,881.48,80.13,"2025/05/27 09:35:03"
I,TRADING,PRICE,3,SETTLEMENTDATE,RUNNO,REGIONID,PERIODID,RRP,EEP,INVALIDFLAG,LASTCHANGED,ROP,RAISE6SECRRP,RAISE6SECROP,RAISE60SECRRP,RAISE60SECROP,RAISE5MINRRP,RAISE5MINROP,RAISEREGRRP,RAISEREGROP,LOWER6SECRRP,LOWER6SECROP,LOWER60SECRRP,LOWER60SECROP,LOWER5MINRRP,LOWER5MINROP,LOWERREGRRP,LOWERREGROP,RAISE1SECRRP,RAISE1SECROP,LOWER1SECRRP,LOWER1SECROP,PRICE_STATUS
D,TRADING,PRICE,3,"2025/05/27 09:40:00",1,SA1,116,17.99,0,0,"2025/05/27 09:35:03",17.99,0.01,0.01,0.01,0.01,0.04,0.04,7.85,7.85,0.1,0.1,0.94,0.94,0.1,0.1,3.49,3.49,0.36,0.36,0,0,FIRM
D,TRADING,PRICE,3,"2025/05/27 09:40:00",1,NSW1,116,52.34,0,0,"2025/05/27 09:35:03",52.34,0.01,0.01,0.01,0.01,0.04,0.04,7.85,7.85,0.1,0.1,0.94,0.94,0.1,0.1,3.49,3.49,0.36,0.36,0,0,FIRM
D,TRADING,PRICE,3,"2025/05/27 09:40:00",1,QLD1,116,50.75,0,0,"2025/05/27 09:35:03",50.75,0.01,0.01,0.01,0.01,0.04,0.04,7.85,7.85,0.1,0.1,0.94,0.94,0.1,0.1,3.49,3.49,0.36,0.36,0,0,FIRM
D,TRADING,PRICE,3,"2025/05/27 09:40:00",1,TAS1,116,35.24,0,0,"2025/05/27 09:35:03",35.24,0.38,0.38,0.38,0.38,0.04,0.04,7.4,7.4,0.1,0.1,0.38,0.38,0,0,2.48,2.48,0.36,0.36,0,0,FIRM
D,TRADING,PRICE,3,"2025/05/27 09:40:00",1,VIC1,116,8.95,0,0,"2025/05/27 09:35:03",8.95,0.01,0.01,0.01,0.01,0.04,0.04,7.85,7.85,0.1,0.1,0.94,0.94,0.1,0.1,3.49,3.49,0.36,0.36,0,0,FIRM
C,"END OF REPORT",15
