C,NEMP.WORLD,TRADINGIS,AEMO,PUBLIC,2025/05/29,04:40:14,0000000465339880,TRADINGIS,0000000465339879
I,TRADING,INTERCONNECTORRES,2,SETTLEMENTDATE,RUNNO,INTERCONNECTORID,PERIODID,METEREDMWFLOW,MWFLOW,MWLOSSES,LASTCHANGED
D,TRADING,INTERCONNECTORRES,2,"2025/05/29 04:45:00",1,N-Q-MNSP1,57,-17.1,-17,0.07,"2025/05/29 04:40:03"
D,TRADING,INTERCONNECTORRES,2,"2025/05/29 04:45:00",1,NSW1-QLD1,57,-263.2,-268.93,6.14,"2025/05/29 04:40:03"
D,TRADING,INTERCONNECTORRES,2,"2025/05/29 04:45:00",1,T-V-MNSP1,57,-417.5,-438,21.66,"2025/05/29 04:40:03"
D,TRADING,INTERCONNECTORRES,2,"2025/05/29 04:45:00",1,V-S-MNSP1,57,63,54,-0.46,"2025/05/29 04:40:03"
D,TRADING,INTERCONNECTORRES,2,"2025/05/29 04:45:00",1,V-SA,57,265.26,185.51,5.49,"2025/05/29 04:40:03"
D,TRADING,INTERCONNECTORRES,2,"2025/05/29 04:45:00",1,VIC1-NSW1,57,531.85,524.49,39.95,"2025/05/29 04:40:03"
I,TRADING,PRICE,3,SETTLEMENTDATE,RUNNO,REGIONID,PERIODID,RRP,EEP,INVALIDFLAG,LASTCHANGED,ROP,RAISE6SECRRP,RAISE6SECROP,RAISE60SECRRP,RAISE60SECROP,RAISE5MINRRP,RAISE5MINROP,RAISEREGRRP,RAISEREGROP,LOWER6SECRRP,LOWER6SECROP,LOWER60SECRRP,LOWER60SECROP,LOWER5MINRRP,LOWER5MINROP,LOWERREGRRP,LOWERREGROP,RAISE1SECRRP,RAISE1SECROP,LOWER1SECRRP,LOWER1SECROP,PRICE_STATUS
D,TRADING,PRICE,3,"2025/05/29 04:45:00",1,SA1,57,67.21,0,0,"2025/05/29 04:40:03",67.21,0.23,0.23,0.1,0.1,0.1,0.1,5.99,5.99,0.38,0.38,0.38,0.38,0.1,0.1,3.75,3.75,0.81,0.81,0,0,FIRM
D,TRADING,PRICE,3,"2025/05/29 04:45:00",1,NSW1,57,72.5,0,0,"2025/05/29 04:40:03",72.5,0.23,0.23,0.1,0.1,0.1,0.1,5.99,5.99,0.38,0.38,0.38,0.38,0.1,0.1,3.75,3.75,0.81,0.81,0,0,FIRM
D,TRADING,PRICE,3,"2025/05/29 04:45:00",1,QLD1,57,69.12,0,0,"2025/05/29 04:40:03",69.12,0.23,0.23,0.1,0.1,0.1,0.1,5.99,5.99,0.38,0.38,0.38,0.38,0.1,0.1,3.75,3.75,0.81,0.81,0,0,FIRM
D,TRADING,PRICE,3,"2025/05/29 04:45:00",1,TAS1,57,100.24,0,0,"2025/05/29 04:40:03",100.24,0.38,0.38,0.38,0.38,0.38,0.38,7.54,7.54,0.38,0.38,0.38,0.38,0,0,2.46,2.46,0.81,0.81,0,0,FIRM
D,TRADING,PRICE,3,"2025/05/29 04:45:00",1,VIC1,57,64,0,0,"2025/05/29 04:40:03",64,0.23,0.23,0.1,0.1,0.1,0.1,5.99,5.99,0.38,0.38,0.38,0.38,0.1,0.1,3.75,3.75,0.81,0.81,0,0,FIRM
C,"END OF REPORT",15
