C,NEMP.WORLD,TRADINGIS,AEMO,PUBLIC,2025/05/29,09:30:11,0000000465366933,TRADINGIS,0000000465366932
I,TRADING,INTERCONNECTORRES,2,SETTLEMENTDATE,RUNNO,INTERCONNECTORID,PERIODID,METEREDMWFLOW,MWFLOW,MWLOSSES,LASTCHANGED
D,TRADING,INTERCONNECTORRES,2,"2025/05/29 09:35:00",1,N-Q-MNSP1,115,-14.1,-17,0.07,"2025/05/29 09:30:03"
D,TRADING,INTERCONNECTORRES,2,"2025/05/29 09:35:00",1,NSW1-QLD1,115,-388.1,-404.09,6.1,"2025/05/29 09:30:03"
D,TRADING,INTERCONNECTORRES,2,"2025/05/29 09:35:00",1,T-V-MNSP1,115,-296,-395.29,17.79,"2025/05/29 09:30:03"
D,TRADING,INTERCONNECTORRES,2,"2025/05/29 09:35:00",1,V-S-MNSP1,115,36,36,-1.09,"2025/05/29 09:30:03"
D,TRADING,INTERCONNECTORRES,2,"2025/05/29 09:35:00",1,V-SA,115,99.92,107.97,0.18,"2025/05/29 09:30:03"
D,TRADING,INTERCONNECTORRES,2,"2025/05/29 09:35:00",1,VIC1-NSW1,115,-397.4,-472.55,2.84,"2025/05/29 09:30:03"
I,TRADING,PRICE,3,SETTLEMENTDATE,RUNNO,REGIONID,PERIODID,RRP,EEP,INVALIDFLAG,LASTCHANGED,ROP,RAISE6SECRRP,RAISE6SECROP,RAISE60SECRRP,RAISE60SECROP,RAISE5MINRRP,RAISE5MINROP,RAISEREGRRP,RAISEREGROP,LOWER6SECRRP,LOWER6SECROP,LOWER60SECRRP,LOWER60SECROP,LOWER5MINRRP,LOWER5MINROP,LOWERREGRRP,LOWERREGROP,RAISE1SECRRP,RAISE1SECROP,LOWER1SECRRP,LOWER1SECROP,PRICE_STATUS
D,TRADING,PRICE,3,"2025/05/29 09:35:00",1,SA1,115,124.53,0,0,"2025/05/29 09:30:03",124.53,0.37,0.37,0.1,0.1,0.1,0.1,5.99,5.99,0.03,0.03,0.38,0.38,0.1,0.1,3.65,3.65,0.86,0.86,0,0,FIRM
D,TRADING,PRICE,3,"2025/05/29 09:35:00",1,NSW1,115,117.04,0,0,"2025/05/29 09:30:03",117.04,0.37,0.37,0.1,0.1,0.1,0.1,5.99,5.99,0.03,0.03,0.38,0.38,0.1,0.1,3.65,3.65,0.86,0.86,0,0,FIRM
D,TRADING,PRICE,3,"2025/05/29 09:35:00",1,QLD1,115,110.73,0,0,"2025/05/29 09:30:03",110.73,0.37,0.37,0.1,0.1,0.1,0.1,5.99,5.99,0.38,0.38,0.38,0.38,0.1,0.1,3.65,3.65,0.86,0.86,0,0,FIRM
D,TRADING,PRICE,3,"2025/05/29 09:35:00",1,TAS1,115,135.3,0,0,"2025/05/29 09:30:03",135.3,0.38,0.38,0.38,0.38,0.1,0.1,7.54,7.54,0.03,0.03,0.38,0.38,0,0,3.46,3.46,0.86,0.86,0,0,FIRM
D,TRADING,PRICE,3,"2025/05/29 09:35:00",1,VIC1,115,122.74,0,0,"2025/05/29 09:30:03",122.74,0.37,0.37,0.1,0.1,0.1,0.1,5.99,5.99,0.03,0.03,0.38,0.38,0.1,0.1,3.65,3.65,0.86,0.86,0,0,FIRM
C,"END OF REPORT",15
