C,NEMP.WORLD,TRADINGIS,AEMO,PUBLIC,2025/05/27,02:05:14,0000000465031004,TRADINGIS,0000000465031003
I,TRADING,INTERCONNECTORRES,2,SETTLEMENTDATE,RUNNO,INTERCONNECTORID,PERIODID,METEREDMWFLOW,MWFLOW,MWLOSSES,LASTCHANGED
D,TRADING,INTERCONNECTORRES,2,"2025/05/27 02:10:00",1,N-Q-MNSP1,26,10.5,9,0.6,"2025/05/27 02:05:07"
D,TRADING,INTERCONNECTORRES,2,"2025/05/27 02:10:00",1,NSW1-QLD1,26,534.2,528.71,25.15,"2025/05/27 02:05:07"
D,TRADING,INTERCONNECTORRES,2,"2025/05/27 02:10:00",1,T-V-MNSP1,26,-463.3,-457.02,23.5,"2025/05/27 02:05:07"
D,TRADING,INTERCONNECTORRES,2,"2025/05/27 02:10:00",1,V-S-MNSP1,26,-145,-145.55,36.26,"2025/05/27 02:05:07"
D,TRADING,INTERCONNECTORRES,2,"2025/05/27 02:10:00",1,V-SA,26,-315.28,-282.69,3.32,"2025/05/27 02:05:07"
D,TRADING,INTERCONNECTORRES,2,"2025/05/27 02:10:00",1,VIC1-NSW1,26,905.49,938.77,93.18,"2025/05/27 02:05:07"
I,TRADING,PRICE,3,SETTLEMENTDATE,RUNNO,REGIONID,PERIODID,RRP,EEP,INVALIDFLAG,LASTCHANGED,ROP,RAISE6SECRRP,RAISE6SECROP,RAISE60SECRRP,RAISE60SECROP,RAISE5MINRRP,RAISE5MINROP,RAISEREGRRP,RAISEREGROP,LOWER6SECRRP,LOWER6SECROP,LOWER60SECRRP,LOWER60SECROP,LOWER5MINRRP,LOWER5MINROP,LOWERREGRRP,LOWERREGROP,RAISE1SECRRP,RAISE1SECROP,LOWER1SECRRP,LOWER1SECROP,PRICE_STATUS
D,TRADING,PRICE,3,"2025/05/27 02:10:00",1,SA1,26,-13.31,0,0,"2025/05/27 02:05:07",-13.31,0.01,0.01,0.01,0.01,0.04,0.04,5.99,5.99,0.38,0.38,1,1,0,0,0,0,0.36,0.36,0,0,FIRM
D,TRADING,PRICE,3,"2025/05/27 02:10:00",1,NSW1,26,40.8,0,0,"2025/05/27 02:05:07",40.8,0.01,0.01,0.01,0.01,0.04,0.04,5.99,5.99,0.38,0.38,1,1,0,0,0,0,0.36,0.36,0,0,FIRM
D,TRADING,PRICE,3,"2025/05/27 02:10:00",1,QLD1,26,44.94,0,0,"2025/05/27 02:05:07",44.94,0.01,0.01,0.01,0.01,0.04,0.04,5.99,5.99,0.38,0.38,1,1,0,0,0,0,0.36,0.36,0,0,FIRM
D,TRADING,PRICE,3,"2025/05/27 02:10:00",1,TAS1,26,34.28,0,0,"2025/05/27 02:05:07",34.28,0.38,0.38,0.38,0.38,0.04,0.04,30.62,30.62,0.38,0.38,0.38,0.38,0,0,2.55,2.55,0.36,0.36,0,0,FIRM
D,TRADING,PRICE,3,"2025/05/27 02:10:00",1,VIC1,26,-13.91,0,0,"2025/05/27 02:05:07",-13.91,0.01,0.01,0.01,0.01,0.04,0.04,5.99,5.99,0.38,0.38,1,1,0,0,0,0,0.36,0.36,0,0,FIRM
C,"END OF REPORT",15
