C,NEMP.WORLD,TRADINGIS,AEMO,PUBLIC,2025/05/27,04:10:17,0000000465044142,TRADINGIS,0000000465044141
I,TRADING,INTERCONNECTORRES,2,SETTLEMENTDATE,RUNNO,INTERCONNECTORID,PERIODID,METEREDMWFLOW,MWFLOW,MWLOSSES,LASTCHANGED
D,TRADING,INTERCONNECTORRES,2,"2025/05/27 04:15:00",1,N-Q-MNSP1,51,8.7,9,0.6,"2025/05/27 04:10:07"
D,TRADING,INTERCONNECTORRES,2,"2025/05/27 04:15:00",1,NSW1-QLD1,51,559.3,496.69,22.12,"2025/05/27 04:10:07"
D,TRADING,INTERCONNECTORRES,2,"2025/05/27 04:15:00",1,T-V-MNSP1,51,-429.1,-456.39,23.44,"2025/05/27 04:10:07"
D,TRADING,INTERCONNECTORRES,2,"2025/05/27 04:15:00",1,V-S-MNSP1,51,-144,-147.47,37.09,"2025/05/27 04:10:07"
D,TRADING,INTERCONNECTORRES,2,"2025/05/27 04:15:00",1,V-SA,51,-280.64,-217.72,1.52,"2025/05/27 04:10:07"
D,TRADING,INTERCONNECTORRES,2,"2025/05/27 04:15:00",1,VIC1-NSW1,51,970.42,943.74,98.16,"2025/05/27 04:10:07"
I,TRADING,PRICE,3,SETTLEMENTDATE,RUNNO,REGIONID,PERIODID,RRP,EEP,INVALIDFLAG,LASTCHANGED,ROP,RAISE6SECRRP,RAISE6SECROP,RAISE60SECRRP,RAISE60SECROP,RAISE5MINRRP,RAISE5MINROP,RAISEREGRRP,RAISEREGROP,LOWER6SECRRP,LOWER6SECROP,LOWER60SECRRP,LOWER60SECROP,LOWER5MINRRP,LOWER5MINROP,LOWERREGRRP,LOWERREGROP,RAISE1SECRRP,RAISE1SECROP,LOWER1SECRRP,LOWER1SECROP,PRICE_STATUS
D,TRADING,PRICE,3,"2025/05/27 04:15:00",1,SA1,51,-17.51,0,0,"2025/05/27 04:10:07",-17.51,0.23,0.23,0.1,0.1,0.1,0.1,3.99,3.99,0.3,0.3,0.45,0.45,0,0,0,0,0.37,0.37,0,0,FIRM
D,TRADING,PRICE,3,"2025/05/27 04:15:00",1,NSW1,51,50.03,0,0,"2025/05/27 04:10:07",50.03,0.23,0.23,0.1,0.1,0.1,0.1,3.99,3.99,0.3,0.3,0.45,0.45,0,0,0,0,0.37,0.37,0,0,FIRM
D,TRADING,PRICE,3,"2025/05/27 04:15:00",1,QLD1,51,54.76,0,0,"2025/05/27 04:10:07",54.76,0.23,0.23,0.1,0.1,0.1,0.1,3.99,3.99,0.3,0.3,0.45,0.45,0,0,0,0,0.37,0.37,0,0,FIRM
D,TRADING,PRICE,3,"2025/05/27 04:15:00",1,TAS1,51,11.25,0,0,"2025/05/27 04:10:07",11.25,0.38,0.38,0.38,0.38,0.1,0.1,6.6,6.6,0.3,0.3,0.45,0.45,0,0,2.48,2.48,0.37,0.37,0,0,FIRM
D,TRADING,PRICE,3,"2025/05/27 04:15:00",1,VIC1,51,-18.06,0,0,"2025/05/27 04:10:07",-18.06,0.23,0.23,0.1,0.1,0.1,0.1,3.99,3.99,0.3,0.3,0.45,0.45,0,0,0,0,0.37,0.37,0,0,FIRM
C,"END OF REPORT",15
