C,NEMP.WORLD,TRADINGIS,AEMO,PUBLIC,2025/05/28,22:05:11,0000000465302160,TRADINGIS,0000000465302159
I,TRADING,INTERCONNECTORRES,2,SETTLEMENTDATE,RUNNO,INTERCONNECTORID,PERIODID,METEREDMWFLOW,MWFLOW,MWLOSSES,LASTCHANGED
D,TRADING,INTERCONNECTORRES,2,"2025/05/28 22:10:00",1,N-Q-MNSP1,266,-25,-25,0.65,"2025/05/28 22:05:03"
D,TRADING,INTERCONNECTORRES,2,"2025/05/28 22:10:00",1,NSW1-QLD1,266,-723.9,-763.74,28.86,"2025/05/28 22:05:03"
D,TRADING,INTERCONNECTORRES,2,"2025/05/28 22:10:00",1,T-V-MNSP1,266,-448.1,-438,21.66,"2025/05/28 22:05:03"
D,TRADING,INTERCONNECTORRES,2,"2025/05/28 22:10:00",1,V-S-MNSP1,266,63,63,0.15,"2025/05/28 22:05:03"
D,TRADING,INTERCONNECTORRES,2,"2025/05/28 22:10:00",1,V-SA,266,258.32,268.41,10.63,"2025/05/28 22:05:03"
D,TRADING,INTERCONNECTORRES,2,"2025/05/28 22:10:00",1,VIC1-NSW1,266,87.05,98.48,2.37,"2025/05/28 22:05:03"
I,TRADING,PRICE,3,SETTLEMENTDATE,RUNNO,REGIONID,PERIODID,RRP,EEP,INVALIDFLAG,LASTCHANGED,ROP,RAISE6SECRRP,RAISE6SECROP,RAISE60SECRRP,RAISE60SECROP,RAISE5MINRRP,RAISE5MINROP,RAISEREGRRP,RAISEREGROP,LOWER6SECRRP,LOWER6SECROP,LOWER60SECRRP,LOWER60SECROP,LOWER5MINRRP,LOWER5MINROP,LOWERREGRRP,LOWERREGROP,RAISE1SECRRP,RAISE1SECROP,LOWER1SECRRP,LOWER1SECROP,PRICE_STATUS
D,TRADING,PRICE,3,"2025/05/28 22:10:00",1,SA1,266,111.1,0,0,"2025/05/28 22:05:03",111.1,0.23,0.23,0.1,0.1,0.1,0.1,5.99,5.99,0.1,0.1,0.45,0.45,0,0,0,0,0.1,0.1,0,0,FIRM
D,TRADING,PRICE,3,"2025/05/28 22:10:00",1,NSW1,266,107.54,0,0,"2025/05/28 22:05:03",107.54,0.23,0.23,0.1,0.1,0.1,0.1,5.99,5.99,0.1,0.1,0.45,0.45,0,0,0,0,0.1,0.1,0,0,FIRM
D,TRADING,PRICE,3,"2025/05/28 22:10:00",1,QLD1,266,96.83,0,0,"2025/05/28 22:05:03",96.83,0.23,0.23,0.1,0.1,0.1,0.1,5.99,5.99,0.1,0.1,0.45,0.45,0,0,0,0,0.1,0.1,0,0,FIRM
D,TRADING,PRICE,3,"2025/05/28 22:10:00",1,TAS1,266,150.24,0,0,"2025/05/28 22:05:03",150.24,0.38,0.38,0.38,0.38,0.36,0.36,8.4,8.4,0,0,0,0,0,0,2.48,2.48,0.1,0.1,0,0,FIRM
D,TRADING,PRICE,3,"2025/05/28 22:10:00",1,VIC1,266,103.74,0,0,"2025/05/28 22:05:03",103.74,0.23,0.23,0.1,0.1,0.1,0.1,5.99,5.99,0.1,0.1,0.45,0.45,0,0,0,0,0.1,0.1,0,0,FIRM
C,"END OF REPORT",15
