C,NEMP.WORLD,TRADINGIS,AEMO,PUBLIC,2025/05/27,13:00:14,0000000465099555,TRADINGIS,0000000465099554
I,TRADING,INTERCONNECTORRES,2,SETTLEMENTDATE,RUNNO,INTERCONNECTORID,PERIODID,METEREDMWFLOW,MWFLOW,MWLOSSES,LASTCHANGED
D,TRADING,INTERCONNECTORRES,2,"2025/05/27 13:05:00",1,N-Q-MNSP1,157,-14.4,-9,-0.16,"2025/05/27 13:00:06"
D,TRADING,INTERCONNECTORRES,2,"2025/05/27 13:05:00",1,NSW1-QLD1,157,65.1,31.31,0.28,"2025/05/27 13:00:06"
D,TRADING,INTERCONNECTORRES,2,"2025/05/27 13:05:00",1,T-V-MNSP1,157,-464.5,-379.18,16.43,"2025/05/27 13:00:06"
D,TRADING,INTERCONNECTORRES,2,"2025/05/27 13:05:00",1,V-S-MNSP1,157,169,168.6,21.87,"2025/05/27 13:00:06"
D,TRADING,INTERCONNECTORRES,2,"2025/05/27 13:05:00",1,V-SA,157,-79.88,72.91,-2.24,"2025/05/27 13:00:06"
D,TRADING,INTERCONNECTORRES,2,"2025/05/27 13:05:00",1,VIC1-NSW1,157,-315.17,-201.1,-9.54,"2025/05/27 13:00:06"
I,TRADING,PRICE,3,SETTLEMENTDATE,RUNNO,REGIONID,PERIODID,RRP,EEP,INVALIDFLAG,LASTCHANGED,ROP,RAISE6SECRRP,RAISE6SECROP,RAISE60SECRRP,RAISE60SECROP,RAISE5MINRRP,RAISE5MINROP,RAISEREGRRP,RAISEREGROP,LOWER6SECRRP,LOWER6SECROP,LOWER60SECRRP,LOWER60SECROP,LOWER5MINRRP,LOWER5MINROP,LOWERREGRRP,LOWERREGROP,RAISE1SECRRP,RAISE1SECROP,LOWER1SECRRP,LOWER1SECROP,PRICE_STATUS
D,TRADING,PRICE,3,"2025/05/27 13:05:00",1,SA1,157,-96.91,0,0,"2025/05/27 13:00:06",-96.91,0.1,0.1,0.1,0.1,0.1,0.1,5.99,5.99,0.38,0.38,1.37,1.37,0.39,0.39,3.7,3.7,0.04,0.04,0,0,FIRM
D,TRADING,PRICE,3,"2025/05/27 13:05:00",1,NSW1,157,34,0,0,"2025/05/27 13:00:06",34,0.1,0.1,0.1,0.1,0.1,0.1,5.99,5.99,0.38,0.38,1.37,1.37,0.39,0.39,3.7,3.7,0.04,0.04,0,0,FIRM
D,TRADING,PRICE,3,"2025/05/27 13:05:00",1,QLD1,157,44.94,0,0,"2025/05/27 13:00:06",44.94,0.1,0.1,0.1,0.1,0.1,0.1,5.99,5.99,0.38,0.38,1.37,1.37,0.39,0.39,3.7,3.7,0.04,0.04,0,0,FIRM
D,TRADING,PRICE,3,"2025/05/27 13:05:00",1,TAS1,157,35.24,0,0,"2025/05/27 13:00:06",35.24,0.38,0.38,0.36,0.36,0.1,0.1,7.46,7.46,0.38,0.38,1.37,1.37,0.38,0.38,3.48,3.48,0.04,0.04,0,0,FIRM
D,TRADING,PRICE,3,"2025/05/27 13:05:00",1,VIC1,157,33,0,0,"2025/05/27 13:00:06",33,0.1,0.1,0.1,0.1,0.1,0.1,5.99,5.99,0.38,0.38,1.37,1.37,0.39,0.39,3.7,3.7,0.04,0.04,0,0,FIRM
C,"END OF REPORT",15
