C,NEMP.WORLD,TRADINGIS,AEMO,PUBLIC,2025/05/28,14:20:10,0000000465254892,TRADINGIS,0000000465254891
I,TRADING,INTERCONNECTORRES,2,SETTLEMENTDATE,RUNNO,INTERCONNECTORID,PERIODID,METEREDMWFLOW,MWFLOW,MWLOSSES,LASTCHANGED
D,TRADING,INTERCONNECTORRES,2,"2025/05/28 14:25:00",1,N-Q-MNSP1,173,-22.3,-17,0.07,"2025/05/28 14:20:03"
D,TRADING,INTERCONNECTORRES,2,"2025/05/28 14:25:00",1,NSW1-QLD1,173,-239,-319.18,9.99,"2025/05/28 14:20:03"
D,TRADING,INTERCONNECTORRES,2,"2025/05/28 14:25:00",1,T-V-MNSP1,173,-410.8,-434.09,21.29,"2025/05/28 14:20:03"
D,TRADING,INTERCONNECTORRES,2,"2025/05/28 14:25:00",1,V-S-MNSP1,173,152,151.66,16.57,"2025/05/28 14:20:03"
D,TRADING,INTERCONNECTORRES,2,"2025/05/28 14:25:00",1,V-SA,173,556.09,573.6,28.05,"2025/05/28 14:20:03"
D,TRADING,INTERCONNECTORRES,2,"2025/05/28 14:25:00",1,VIC1-NSW1,173,-245.71,-264.77,-6.13,"2025/05/28 14:20:03"
I,TRADING,PRICE,3,SETTLEMENTDATE,RUNNO,REGIONID,PERIODID,RRP,EEP,INVALIDFLAG,LASTCHANGED,ROP,RAISE6SECRRP,RAISE6SECROP,RAISE60SECRRP,RAISE60SECROP,RAISE5MINRRP,RAISE5MINROP,RAISEREGRRP,RAISEREGROP,LOWER6SECRRP,LOWER6SECROP,LOWER60SECRRP,LOWER60SECROP,LOWER5MINRRP,LOWER5MINROP,LOWERREGRRP,LOWERREGROP,RAISE1SECRRP,RAISE1SECROP,LOWER1SECRRP,LOWER1SECROP,PRICE_STATUS
D,TRADING,PRICE,3,"2025/05/28 14:25:00",1,SA1,173,35.94,0,0,"2025/05/28 14:20:03",35.94,0.1,0.1,0.1,0.1,0.1,0.1,5.99,5.99,0,0,0.39,0.39,0.38,0.38,0.38,0.38,0.1,0.1,0,0,FIRM
D,TRADING,PRICE,3,"2025/05/28 14:25:00",1,NSW1,173,20.07,0,0,"2025/05/28 14:20:03",20.07,0.1,0.1,0.1,0.1,0.1,0.1,5.99,5.99,0,0,0.39,0.39,0.38,0.38,0.38,0.38,0.1,0.1,0,0,FIRM
D,TRADING,PRICE,3,"2025/05/28 14:25:00",1,QLD1,173,0,0,0,"2025/05/28 14:20:03",0,0.1,0.1,0.1,0.1,0.1,0.1,5.99,5.99,8.68,8.68,11.05,11.05,0.38,0.38,0.38,0.38,0.1,0.1,0,0,FIRM
D,TRADING,PRICE,3,"2025/05/28 14:25:00",1,TAS1,173,75.08,0,0,"2025/05/28 14:20:03",75.08,0.38,0.38,0.38,0.38,0.1,0.1,6.4,6.4,0,0,0.38,0.38,0,0,3.48,3.48,0.1,0.1,0,0,FIRM
D,TRADING,PRICE,3,"2025/05/28 14:25:00",1,VIC1,173,20.01,0,0,"2025/05/28 14:20:03",20.01,0.1,0.1,0.1,0.1,0.1,0.1,5.99,5.99,0,0,0.39,0.39,0.38,0.38,0.38,0.38,0.1,0.1,0,0,FIRM
C,"END OF REPORT",15
