C,NEMP.WORLD,TRADINGIS,AEMO,PUBLIC,2025/05/27,13:55:12,0000000465105425,TRADINGIS,0000000465105424
I,TRADING,INTERCONNECTORRES,2,SETTLEMENTDATE,RUNNO,INTERCONNECTORID,PERIODID,METEREDMWFLOW,MWFLOW,MWLOSSES,LASTCHANGED
D,TRADING,INTERCONNECTORRES,2,"2025/05/27 14:00:00",1,N-Q-MNSP1,168,-9.4,0,0,"2025/05/27 13:55:04"
D,TRADING,INTERCONNECTORRES,2,"2025/05/27 14:00:00",1,NSW1-QLD1,168,111.7,32.26,0.48,"2025/05/27 13:55:04"
D,TRADING,INTERCONNECTORRES,2,"2025/05/27 14:00:00",1,T-V-MNSP1,168,-415.7,-478,25.62,"2025/05/27 13:55:04"
D,TRADING,INTERCONNECTORRES,2,"2025/05/27 14:00:00",1,V-S-MNSP1,168,153,157.58,18.36,"2025/05/27 13:55:04"
D,TRADING,INTERCONNECTORRES,2,"2025/05/27 14:00:00",1,V-SA,168,187.02,77.77,-1.94,"2025/05/27 13:55:04"
D,TRADING,INTERCONNECTORRES,2,"2025/05/27 14:00:00",1,VIC1-NSW1,168,170.31,199.61,15.12,"2025/05/27 13:55:04"
I,TRADING,PRICE,3,SETTLEMENTDATE,RUNNO,REGIONID,PERIODID,RRP,EEP,INVALIDFLAG,LASTCHANGED,ROP,RAISE6SECRRP,RAISE6SECROP,RAISE60SECRRP,RAISE60SECROP,RAISE5MINRRP,RAISE5MINROP,RAISEREGRRP,RAISEREGROP,LOWER6SECRRP,LOWER6SECROP,LOWER60SECRRP,LOWER60SECROP,LOWER5MINRRP,LOWER5MINROP,LOWERREGRRP,LOWERREGROP,RAISE1SECRRP,RAISE1SECROP,LOWER1SECRRP,LOWER1SECROP,PRICE_STATUS
D,TRADING,PRICE,3,"2025/05/27 14:00:00",1,SA1,168,-49.91,0,0,"2025/05/27 13:55:04",-49.91,0.1,0.1,0.1,0.1,0.1,0.1,11.05,11.05,0.59,0.59,1.82,1.82,0.39,0.39,0.39,0.39,0.36,0.36,0.01,0.01,FIRM
D,TRADING,PRICE,3,"2025/05/27 14:00:00",1,NSW1,168,50.51,0,0,"2025/05/27 13:55:04",50.51,0.1,0.1,0.1,0.1,0.1,0.1,11.05,11.05,0.59,0.59,1.82,1.82,0.39,0.39,0.39,0.39,0.36,0.36,0.01,0.01,FIRM
D,TRADING,PRICE,3,"2025/05/27 14:00:00",1,QLD1,168,75.63,0,0,"2025/05/27 13:55:04",75.63,0.1,0.1,0.1,0.1,0.1,0.1,11.05,11.05,0.59,0.59,1.82,1.82,0.39,0.39,0.39,0.39,0.36,0.36,0.01,0.01,FIRM
D,TRADING,PRICE,3,"2025/05/27 14:00:00",1,TAS1,168,74.24,0,0,"2025/05/27 13:55:04",74.24,0.38,0.38,0.38,0.38,0.36,0.36,7.4,7.4,0.38,0.38,0.38,0.38,0,0,3.48,3.48,0.36,0.36,0,0,FIRM
D,TRADING,PRICE,3,"2025/05/27 14:00:00",1,VIC1,168,45.89,0,0,"2025/05/27 13:55:04",45.89,0.1,0.1,0.1,0.1,0.1,0.1,11.05,11.05,0.59,0.59,1.82,1.82,0.39,0.39,0.39,0.39,0.36,0.36,0.01,0.01,FIRM
C,"END OF REPORT",15
