C,NEMP.WORLD,TRADINGIS,AEMO,PUBLIC,2025/05/28,06:45:11,0000000465208121,TRADINGIS,0000000465208120
I,TRADING,INTERCONNECTORRES,2,SETTLEMENTDATE,RUNNO,INTERCONNECTORID,PERIODID,METEREDMWFLOW,MWFLOW,MWLOSSES,LASTCHANGED
D,TRADING,INTERCONNECTORRES,2,"2025/05/28 06:50:00",1,N-Q-MNSP1,82,55.2,62.36,13.36,"2025/05/28 06:45:03"
D,TRADING,INTERCONNECTORRES,2,"2025/05/28 06:50:00",1,NSW1-QLD1,82,-224.5,-273,-3.16,"2025/05/28 06:45:03"
D,TRADING,INTERCONNECTORRES,2,"2025/05/28 06:50:00",1,T-V-MNSP1,82,-404.1,-437.5,21.61,"2025/05/28 06:45:03"
D,TRADING,INTERCONNECTORRES,2,"2025/05/28 06:50:00",1,V-S-MNSP1,82,163,171.03,22.67,"2025/05/28 06:45:03"
D,TRADING,INTERCONNECTORRES,2,"2025/05/28 06:50:00",1,V-SA,82,582.69,572.37,38.89,"2025/05/28 06:45:03"
D,TRADING,INTERCONNECTORRES,2,"2025/05/28 06:50:00",1,VIC1-NSW1,82,324.69,242.48,10.29,"2025/05/28 06:45:03"
I,TRADING,PRICE,3,SETTLEMENTDATE,RUNNO,REGIONID,PERIODID,RRP,EEP,INVALIDFLAG,LASTCHANGED,ROP,RAISE6SECRRP,RAISE6SECROP,RAISE60SECRRP,RAISE60SECROP,RAISE5MINRRP,RAISE5MINROP,RAISEREGRRP,RAISEREGROP,LOWER6SECRRP,LOWER6SECROP,LOWER60SECRRP,LOWER60SECROP,LOWER5MINRRP,LOWER5MINROP,LOWERREGRRP,LOWERREGROP,RAISE1SECRRP,RAISE1SECROP,LOWER1SECRRP,LOWER1SECROP,PRICE_STATUS
D,TRADING,PRICE,3,"2025/05/28 06:50:00",1,SA1,82,129.99,0,0,"2025/05/28 06:45:03",129.99,0.39,0.39,0.38,0.38,0.36,0.36,12.47,12.47,0.38,0.38,0.45,0.45,0.39,0.39,2,2,0.94,0.94,0,0,FIRM
D,TRADING,PRICE,3,"2025/05/28 06:50:00",1,NSW1,82,76.8,0,0,"2025/05/28 06:45:03",76.8,0.39,0.39,0.38,0.38,0.36,0.36,12.47,12.47,0.38,0.38,0.45,0.45,0.39,0.39,2,2,0.94,0.94,0,0,FIRM
D,TRADING,PRICE,3,"2025/05/28 06:50:00",1,QLD1,82,113.83,0,0,"2025/05/28 06:45:03",113.83,0.39,0.39,0.38,0.38,0.36,0.36,12.47,12.47,0.38,0.38,0.45,0.45,0.39,0.39,2,2,0.94,0.94,0,0,FIRM
D,TRADING,PRICE,3,"2025/05/28 06:50:00",1,TAS1,82,100.24,0,0,"2025/05/28 06:45:03",100.24,0.39,0.39,0.38,0.38,0.36,0.36,8.4,8.4,0.38,0.38,0.38,0.38,0,0,2.48,2.48,0.94,0.94,0,0,FIRM
D,TRADING,PRICE,3,"2025/05/28 06:50:00",1,VIC1,82,71.89,0,0,"2025/05/28 06:45:03",71.89,0.39,0.39,0.38,0.38,0.36,0.36,12.47,12.47,0.38,0.38,0.45,0.45,0.39,0.39,2,2,0.94,0.94,0,0,FIRM
C,"END OF REPORT",15
