C,NEMP.WORLD,TRADINGIS,AEMO,PUBLIC,2025/05/27,11:15:19,0000000465086380,TRADINGIS,0000000465086379
I,TRADING,INTERCONNECTORRES,2,SETTLEMENTDATE,RUNNO,INTERCONNECTORID,PERIODID,METEREDMWFLOW,MWFLOW,MWLOSSES,LASTCHANGED
D,TRADING,INTERCONNECTORRES,2,"2025/05/27 11:20:00",1,N-Q-MNSP1,136,-137.3,-136.5,45.34,"2025/05/27 11:15:11"
D,TRADING,INTERCONNECTORRES,2,"2025/05/27 11:20:00",1,NSW1-QLD1,136,-160.8,-209.61,5.23,"2025/05/27 11:15:11"
D,TRADING,INTERCONNECTORRES,2,"2025/05/27 11:20:00",1,T-V-MNSP1,136,-404.1,-437.03,21.57,"2025/05/27 11:15:11"
D,TRADING,INTERCONNECTORRES,2,"2025/05/27 11:20:00",1,V-S-MNSP1,136,66,-14,1.29,"2025/05/27 11:15:11"
D,TRADING,INTERCONNECTORRES,2,"2025/05/27 11:20:00",1,V-SA,136,-600.37,-593.7,48.97,"2025/05/27 11:15:11"
D,TRADING,INTERCONNECTORRES,2,"2025/05/27 11:20:00",1,VIC1-NSW1,136,-172.34,-371.99,-5.63,"2025/05/27 11:15:11"
I,TRADING,PRICE,3,SETTLEMENTDATE,RUNNO,REGIONID,PERIODID,RRP,EEP,INVALIDFLAG,LASTCHANGED,ROP,RAISE6SECRRP,RAISE6SECROP,RAISE60SECRRP,RAISE60SECROP,RAISE5MINRRP,RAISE5MINROP,RAISEREGRRP,RAISEREGROP,LOWER6SECRRP,LOWER6SECROP,LOWER60SECRRP,LOWER60SECROP,LOWER5MINRRP,LOWER5MINROP,LOWERREGRRP,LOWERREGROP,RAISE1SECRRP,RAISE1SECROP,LOWER1SECRRP,LOWER1SECROP,PRICE_STATUS
D,TRADING,PRICE,3,"2025/05/27 11:20:00",1,SA1,136,-17.51,0,0,"2025/05/27 11:15:11",-17.51,0.1,0.1,0.01,0.01,0.04,0.04,7.86,7.86,0.38,0.38,0.38,0.38,0.38,0.38,0.5,0.5,0.1,0.1,0,0,FIRM
D,TRADING,PRICE,3,"2025/05/27 11:20:00",1,NSW1,136,-19.77,0,0,"2025/05/27 11:15:11",-19.77,0.1,0.1,0.01,0.01,0.04,0.04,7.86,7.86,0.38,0.38,0.38,0.38,0.38,0.38,0.5,0.5,0.1,0.1,0,0,FIRM
D,TRADING,PRICE,3,"2025/05/27 11:20:00",1,QLD1,136,-18.93,0,0,"2025/05/27 11:15:11",-18.93,0.1,0.1,0.01,0.01,0.04,0.04,7.86,7.86,0.38,0.38,0.38,0.38,0.38,0.38,0.5,0.5,0.1,0.1,0,0,FIRM
D,TRADING,PRICE,3,"2025/05/27 11:20:00",1,TAS1,136,11.25,0,0,"2025/05/27 11:15:11",11.25,0.38,0.38,0.38,0.38,0.04,0.04,7.4,7.4,0.38,0.38,0.38,0.38,0,0,3.48,3.48,0.1,0.1,0,0,FIRM
D,TRADING,PRICE,3,"2025/05/27 11:20:00",1,VIC1,136,-20,0,0,"2025/05/27 11:15:11",-20,0.1,0.1,0.01,0.01,0.04,0.04,7.86,7.86,0.38,0.38,0.38,0.38,0.38,0.38,0.5,0.5,0.1,0.1,0,0,FIRM
C,"END OF REPORT",15
