C,NEMP.WORLD,TRADINGIS,AEMO,PUBLIC,2025/05/28,23:55:10,0000000465312325,TRADINGIS,0000000465312324
I,TRADING,INTERCONNECTORRES,2,SETTLEMENTDATE,RUNNO,INTERCONNECTORID,PERIODID,METEREDMWFLOW,MWFLOW,MWLOSSES,LASTCHANGED
D,TRADING,INTERCONNECTORRES,2,"2025/05/29 00:00:00",1,N-Q-MNSP1,288,-19.6,-17,0.07,"2025/05/28 23:55:03"
D,TRADING,INTERCONNECTORRES,2,"2025/05/29 00:00:00",1,NSW1-QLD1,288,-359.2,-452.41,12.47,"2025/05/28 23:55:03"
D,TRADING,INTERCONNECTORRES,2,"2025/05/29 00:00:00",1,T-V-MNSP1,288,-429.7,-438,21.66,"2025/05/28 23:55:03"
D,TRADING,INTERCONNECTORRES,2,"2025/05/29 00:00:00",1,V-S-MNSP1,288,81,110.38,6.58,"2025/05/28 23:55:03"
D,TRADING,INTERCONNECTORRES,2,"2025/05/29 00:00:00",1,V-SA,288,505.63,529.66,35.91,"2025/05/28 23:55:03"
D,TRADING,INTERCONNECTORRES,2,"2025/05/29 00:00:00",1,VIC1-NSW1,288,184.38,134.04,4.93,"2025/05/28 23:55:03"
I,TRADING,PRICE,3,SETTLEMENTDATE,RUNNO,REGIONID,PERIODID,RRP,EEP,INVALIDFLAG,LASTCHANGED,ROP,RAISE6SECRRP,RAISE6SECROP,RAISE60SECRRP,RAISE60SECROP,RAISE5MINRRP,RAISE5MINROP,RAISEREGRRP,RAISEREGROP,LOWER6SECRRP,LOWER6SECROP,LOWER60SECRRP,LOWER60SECROP,LOWER5MINRRP,LOWER5MINROP,LOWERREGRRP,LOWERREGROP,RAISE1SECRRP,RAISE1SECROP,LOWER1SECRRP,LOWER1SECROP,PRICE_STATUS
D,TRADING,PRICE,3,"2025/05/29 00:00:00",1,SA1,288,96.02,0,0,"2025/05/28 23:55:03",96.02,0.23,0.23,0.1,0.1,0.1,0.1,0.1,0.1,0.39,0.39,1,1,0,0,0,0,0.38,0.38,0,0,FIRM
D,TRADING,PRICE,3,"2025/05/29 00:00:00",1,NSW1,288,80.86,0,0,"2025/05/28 23:55:03",80.86,0.23,0.23,0.1,0.1,0.1,0.1,0.1,0.1,0.39,0.39,1,1,0,0,0,0,0.38,0.38,0,0,FIRM
D,TRADING,PRICE,3,"2025/05/29 00:00:00",1,QLD1,288,75.63,0,0,"2025/05/28 23:55:03",75.63,0.23,0.23,0.1,0.1,0.1,0.1,0.1,0.1,0.39,0.39,1,1,0,0,0,0,0.38,0.38,0,0,FIRM
D,TRADING,PRICE,3,"2025/05/29 00:00:00",1,TAS1,288,100.24,0,0,"2025/05/28 23:55:03",100.24,0.38,0.38,0.38,0.38,0.36,0.36,8.4,8.4,0.38,0.38,0.38,0.38,0,0,2.48,2.48,0.38,0.38,0,0,FIRM
D,TRADING,PRICE,3,"2025/05/29 00:00:00",1,VIC1,288,77.24,0,0,"2025/05/28 23:55:03",77.24,0.23,0.23,0.1,0.1,0.1,0.1,0.1,0.1,0.39,0.39,1,1,0,0,0,0,0.38,0.38,0,0,FIRM
C,"END OF REPORT",15
