C,NEMP.WORLD,TRADINGIS,AEMO,PUBLIC,2025/05/29,04:10:13,0000000465337217,TRADINGIS,0000000465337216
I,TRADING,INTERCONNECTORRES,2,SETTLEMENTDATE,RUNNO,INTERCONNECTORID,PERIODID,METEREDMWFLOW,MWFLOW,MWLOSSES,LASTCHANGED
D,TRADING,INTERCONNECTORRES,2,"2025/05/29 04:15:00",1,N-Q-MNSP1,51,-16.7,-17,0.07,"2025/05/29 04:10:03"
D,TRADING,INTERCONNECTORRES,2,"2025/05/29 04:15:00",1,NSW1-QLD1,51,-302.7,-298.14,8.03,"2025/05/29 04:10:03"
D,TRADING,INTERCONNECTORRES,2,"2025/05/29 04:15:00",1,T-V-MNSP1,51,-420,-438,21.66,"2025/05/29 04:10:03"
D,TRADING,INTERCONNECTORRES,2,"2025/05/29 04:15:00",1,V-S-MNSP1,51,63,63,0.15,"2025/05/29 04:10:03"
D,TRADING,INTERCONNECTORRES,2,"2025/05/29 04:15:00",1,V-SA,51,329.79,311.31,14.76,"2025/05/29 04:10:03"
D,TRADING,INTERCONNECTORRES,2,"2025/05/29 04:15:00",1,VIC1-NSW1,51,608.77,593.98,46.9,"2025/05/29 04:10:03"
I,TRADING,PRICE,3,SETTLEMENTDATE,RUNNO,REGIONID,PERIODID,RRP,EEP,INVALIDFLAG,LASTCHANGED,ROP,RAISE6SECRRP,RAISE6SECROP,RAISE60SECRRP,RAISE60SECROP,RAISE5MINRRP,RAISE5MINROP,RAISEREGRRP,RAISEREGROP,LOWER6SECRRP,LOWER6SECROP,LOWER60SECRRP,LOWER60SECROP,LOWER5MINRRP,LOWER5MINROP,LOWERREGRRP,LOWERREGROP,RAISE1SECRRP,RAISE1SECROP,LOWER1SECRRP,LOWER1SECROP,PRICE_STATUS
D,TRADING,PRICE,3,"2025/05/29 04:15:00",1,SA1,51,73.28,0,0,"2025/05/29 04:10:03",73.28,0.23,0.23,0.1,0.1,0.1,0.1,5.99,5.99,0.38,0.38,0.38,0.38,0.1,0.1,2,2,0.37,0.37,0,0,FIRM
D,TRADING,PRICE,3,"2025/05/29 04:15:00",1,NSW1,51,76.8,0,0,"2025/05/29 04:10:03",76.8,0.23,0.23,0.1,0.1,0.1,0.1,5.99,5.99,0.38,0.38,0.38,0.38,0.1,0.1,2,2,0.37,0.37,0,0,FIRM
D,TRADING,PRICE,3,"2025/05/29 04:15:00",1,QLD1,51,72.66,0,0,"2025/05/29 04:10:03",72.66,0.23,0.23,0.1,0.1,0.1,0.1,5.99,5.99,0.38,0.38,0.38,0.38,0.1,0.1,2,2,0.37,0.37,0,0,FIRM
D,TRADING,PRICE,3,"2025/05/29 04:15:00",1,TAS1,51,100.24,0,0,"2025/05/29 04:10:03",100.24,0.38,0.38,0.38,0.38,0.38,0.38,7.54,7.54,0.38,0.38,0.38,0.38,0,0,2.46,2.46,0.37,0.37,0,0,FIRM
D,TRADING,PRICE,3,"2025/05/29 04:15:00",1,VIC1,51,67.46,0,0,"2025/05/29 04:10:03",67.46,0.23,0.23,0.1,0.1,0.1,0.1,5.99,5.99,0.38,0.38,0.38,0.38,0.1,0.1,2,2,0.37,0.37,0,0,FIRM
C,"END OF REPORT",15
