C,NEMP.WORLD,TRADINGIS,AEMO,PUBLIC,2025/05/29,16:55:11,0000000465414478,TRADINGIS,0000000465414477
I,TRADING,INTERCONNECTORRES,2,SETTLEMENTDATE,RUNNO,INTERCONNECTORID,PERIODID,METEREDMWFLOW,MWFLOW,MWLOSSES,LASTCHANGED
D,TRADING,INTERCONNECTORRES,2,"2025/05/29 17:00:00",1,N-Q-MNSP1,204,-32.5,-33,1.59,"2025/05/29 16:55:04"
D,TRADING,INTERCONNECTORRES,2,"2025/05/29 17:00:00",1,NSW1-QLD1,204,-951.1,-1061.43,38.22,"2025/05/29 16:55:04"
D,TRADING,INTERCONNECTORRES,2,"2025/05/29 17:00:00",1,T-V-MNSP1,204,70.8,92.08,0.52,"2025/05/29 16:55:04"
D,TRADING,INTERCONNECTORRES,2,"2025/05/29 17:00:00",1,V-S-MNSP1,204,27,27,-1.11,"2025/05/29 16:55:04"
D,TRADING,INTERCONNECTORRES,2,"2025/05/29 17:00:00",1,V-SA,204,6.5,33.98,-0.25,"2025/05/29 16:55:04"
D,TRADING,INTERCONNECTORRES,2,"2025/05/29 17:00:00",1,VIC1-NSW1,204,65.22,0,0,"2025/05/29 16:55:04"
I,TRADING,PRICE,3,SETTLEMENTDATE,RUNNO,REGIONID,PERIODID,RRP,EEP,INVALIDFLAG,LASTCHANGED,ROP,RAISE6SECRRP,RAISE6SECROP,RAISE60SECRRP,RAISE60SECROP,RAISE5MINRRP,RAISE5MINROP,RAISEREGRRP,RAISEREGROP,LOWER6SECRRP,LOWER6SECROP,LOWER60SECRRP,LOWER60SECROP,LOWER5MINRRP,LOWER5MINROP,LOWERREGRRP,LOWERREGROP,RAISE1SECRRP,RAISE1SECROP,LOWER1SECRRP,LOWER1SECROP,PRICE_STATUS
D,TRADING,PRICE,3,"2025/05/29 17:00:00",1,SA1,204,147.03,0,0,"2025/05/29 16:55:04",147.03,0.38,0.38,0.15,0.15,0.23,0.23,20.68,20.68,0.38,0.38,0.38,0.38,0.38,0.38,7.95,7.95,0.04,0.04,0,0,FIRM
D,TRADING,PRICE,3,"2025/05/29 17:00:00",1,NSW1,204,449.97,0,0,"2025/05/29 16:55:04",449.97,0.38,0.38,0.15,0.15,0.23,0.23,20.68,20.68,0.38,0.38,0.38,0.38,0.38,0.38,7.95,7.95,0.04,0.04,0,0,FIRM
D,TRADING,PRICE,3,"2025/05/29 17:00:00",1,QLD1,204,394.26,0,0,"2025/05/29 16:55:04",394.26,0.38,0.38,0.15,0.15,0.23,0.23,20.68,20.68,0.38,0.38,0.38,0.38,0.38,0.38,7.95,7.95,0.04,0.04,0,0,FIRM
D,TRADING,PRICE,3,"2025/05/29 17:00:00",1,TAS1,204,150.24,0,0,"2025/05/29 16:55:04",150.24,0.38,0.38,0.38,0.38,0.23,0.23,7.54,7.54,0.38,0.38,0.38,0.38,0,0,2.46,2.46,0.04,0.04,0,0,FIRM
D,TRADING,PRICE,3,"2025/05/29 17:00:00",1,VIC1,204,147.82,0,0,"2025/05/29 16:55:04",147.82,0.38,0.38,0.15,0.15,0.23,0.23,20.68,20.68,0.38,0.38,0.38,0.38,0.38,0.38,7.95,7.95,0.04,0.04,0,0,FIRM
C,"END OF REPORT",15
