C,NEMP.WORLD,TRADINGIS,AEMO,PUBLIC,2025/05/28,04:20:14,0000000465194324,TRADINGIS,0000000465194323
I,TRADING,INTERCONNECTORRES,2,SETTLEMENTDATE,RUNNO,INTERCONNECTORID,PERIODID,METEREDMWFLOW,MWFLOW,MWLOSSES,LASTCHANGED
D,TRADING,INTERCONNECTORRES,2,"2025/05/28 04:25:00",1,N-Q-MNSP1,53,-0.1,0,0,"2025/05/28 04:20:04"
D,TRADING,INTERCONNECTORRES,2,"2025/05/28 04:25:00",1,NSW1-QLD1,53,58.8,99.23,0.93,"2025/05/28 04:20:04"
D,TRADING,INTERCONNECTORRES,2,"2025/05/28 04:25:00",1,T-V-MNSP1,53,-413.3,-431.82,21.08,"2025/05/28 04:20:04"
D,TRADING,INTERCONNECTORRES,2,"2025/05/28 04:25:00",1,V-S-MNSP1,53,166,166.13,21.06,"2025/05/28 04:20:04"
D,TRADING,INTERCONNECTORRES,2,"2025/05/28 04:25:00",1,V-SA,53,554.47,564.87,43.96,"2025/05/28 04:20:04"
D,TRADING,INTERCONNECTORRES,2,"2025/05/28 04:25:00",1,VIC1-NSW1,53,610.5,627.19,51.42,"2025/05/28 04:20:04"
I,TRADING,PRICE,3,SETTLEMENTDATE,RUNNO,REGIONID,PERIODID,RRP,EEP,INVALIDFLAG,LASTCHANGED,ROP,RAISE6SECRRP,RAISE6SECROP,RAISE60SECRRP,RAISE60SECROP,RAISE5MINRRP,RAISE5MINROP,RAISEREGRRP,RAISEREGROP,LOWER6SECRRP,LOWER6SECROP,LOWER60SECRRP,LOWER60SECROP,LOWER5MINRRP,LOWER5MINROP,LOWERREGRRP,LOWERREGROP,RAISE1SECRRP,RAISE1SECROP,LOWER1SECRRP,LOWER1SECROP,PRICE_STATUS
D,TRADING,PRICE,3,"2025/05/28 04:25:00",1,SA1,53,83.44,0,0,"2025/05/28 04:20:04",83.44,0.38,0.38,0.38,0.38,0.32,0.32,1.5,1.5,0.1,0.1,0.38,0.38,0.2,0.2,1.2,1.2,0.36,0.36,0,0,FIRM
D,TRADING,PRICE,3,"2025/05/28 04:25:00",1,NSW1,53,57.01,0,0,"2025/05/28 04:20:04",57.01,0.38,0.38,0.38,0.38,0.32,0.32,1.5,1.5,0.1,0.1,0.38,0.38,0.2,0.2,1.2,1.2,0.36,0.36,0,0,FIRM
D,TRADING,PRICE,3,"2025/05/28 04:25:00",1,QLD1,53,58.09,0,0,"2025/05/28 04:20:04",58.09,0.38,0.38,0.38,0.38,0.32,0.32,1.5,1.5,0.1,0.1,0.38,0.38,0.2,0.2,1.2,1.2,0.36,0.36,0,0,FIRM
D,TRADING,PRICE,3,"2025/05/28 04:25:00",1,TAS1,53,35.1,0,0,"2025/05/28 04:20:04",35.1,0.38,0.38,0.38,0.38,0.32,0.32,7.4,7.4,0.1,0.1,0.38,0.38,0.2,0.2,2.48,2.48,0.36,0.36,0,0,FIRM
D,TRADING,PRICE,3,"2025/05/28 04:25:00",1,VIC1,53,12.32,0,0,"2025/05/28 04:20:04",12.32,0.38,0.38,0.38,0.38,0.32,0.32,1.5,1.5,0.1,0.1,0.38,0.38,0.2,0.2,1.2,1.2,0.36,0.36,0,0,FIRM
C,"END OF REPORT",15
