C,NEMP.WORLD,TRADINGIS,AEMO,PUBLIC,2025/05/27,23:20:11,0000000465164763,TRADINGIS,0000000465164762
I,TRADING,INTERCONNECTORRES,2,SETTLEMENTDATE,RUNNO,INTERCONNECTORID,PERIODID,METEREDMWFLOW,MWFLOW,MWLOSSES,LASTCHANGED
D,TRADING,INTERCONNECTORRES,2,"2025/05/27 23:25:00",1,N-Q-MNSP1,281,0.6,0,0,"2025/05/27 23:20:04"
D,TRADING,INTERCONNECTORRES,2,"2025/05/27 23:25:00",1,NSW1-QLD1,281,69,57.84,1.34,"2025/05/27 23:20:04"
D,TRADING,INTERCONNECTORRES,2,"2025/05/27 23:25:00",1,T-V-MNSP1,281,-466.4,-472.43,25.05,"2025/05/27 23:20:04"
D,TRADING,INTERCONNECTORRES,2,"2025/05/27 23:25:00",1,V-S-MNSP1,281,85,81,1.95,"2025/05/27 23:20:04"
D,TRADING,INTERCONNECTORRES,2,"2025/05/27 23:25:00",1,V-SA,281,574.81,559.01,38.23,"2025/05/27 23:20:04"
D,TRADING,INTERCONNECTORRES,2,"2025/05/27 23:25:00",1,VIC1-NSW1,281,643.32,616.51,46.99,"2025/05/27 23:20:04"
I,TRADING,PRICE,3,SETTLEMENTDATE,RUNNO,REGIONID,PERIODID,RRP,EEP,INVALIDFLAG,LASTCHANGED,ROP,RAISE6SECRRP,RAISE6SECROP,RAISE60SECRRP,RAISE60SECROP,RAISE5MINRRP,RAISE5MINROP,RAISEREGRRP,RAISEREGROP,LOWER6SECRRP,LOWER6SECROP,LOWER60SECRRP,LOWER60SECROP,LOWER5MINRRP,LOWER5MINROP,LOWERREGRRP,LOWERREGROP,RAISE1SECRRP,RAISE1SECROP,LOWER1SECRRP,LOWER1SECROP,PRICE_STATUS
D,TRADING,PRICE,3,"2025/05/27 23:25:00",1,SA1,281,22.77,0,0,"2025/05/27 23:20:04",22.77,0.01,0.01,0.04,0.04,0.09,0.09,1,1,0.01,0.01,0.1,0.1,0,0,0,0,0.04,0.04,0,0,FIRM
D,TRADING,PRICE,3,"2025/05/27 23:25:00",1,NSW1,281,57.01,0,0,"2025/05/27 23:20:04",57.01,0.01,0.01,0.04,0.04,0.09,0.09,1,1,0.01,0.01,0.1,0.1,0,0,0,0,0.04,0.04,0,0,FIRM
D,TRADING,PRICE,3,"2025/05/27 23:25:00",1,QLD1,281,58.76,0,0,"2025/05/27 23:20:04",58.76,0.01,0.01,0.04,0.04,0.09,0.09,1,1,0.01,0.01,0.1,0.1,0,0,0,0,0.04,0.04,0,0,FIRM
D,TRADING,PRICE,3,"2025/05/27 23:25:00",1,TAS1,281,100.24,0,0,"2025/05/27 23:20:04",100.24,0.38,0.38,0.38,0.38,0.36,0.36,8.4,8.4,0.01,0.01,0.1,0.1,0,0,2.48,2.48,0.04,0.04,0,0,FIRM
D,TRADING,PRICE,3,"2025/05/27 23:25:00",1,VIC1,281,20.01,0,0,"2025/05/27 23:20:04",20.01,0.01,0.01,0.04,0.04,0.09,0.09,1,1,0.01,0.01,0.1,0.1,0,0,0,0,0.04,0.04,0,0,FIRM
C,"END OF REPORT",15
