C,NEMP.WORLD,TRADINGIS,AEMO,PUBLIC,2025/05/26,16:25:11,0000000464970920,TRADINGIS,0000000464970919
I,TRADING,INTERCONNECTORRES,2,SETTLEMENTDATE,RUNNO,INTERCONNECTORID,PERIODID,METEREDMWFLOW,MWFLOW,MWLOSSES,LASTCHANGED
D,TRADING,INTERCONNECTORRES,2,"2025/05/26 16:30:00",1,N-Q-MNSP1,198,-2.9,0,0,"2025/05/26 16:25:03"
D,TRADING,INTERCONNECTORRES,2,"2025/05/26 16:30:00",1,NSW1-QLD1,198,45.7,-8.36,-0.49,"2025/05/26 16:25:03"
D,TRADING,INTERCONNECTORRES,2,"2025/05/26 16:30:00",1,T-V-MNSP1,198,-445.6,-441.69,22.01,"2025/05/26 16:25:03"
D,TRADING,INTERCONNECTORRES,2,"2025/05/26 16:30:00",1,V-S-MNSP1,198,171,170.75,22.58,"2025/05/26 16:25:03"
D,TRADING,INTERCONNECTORRES,2,"2025/05/26 16:30:00",1,V-SA,198,233.78,210.3,6.7,"2025/05/26 16:25:03"
D,TRADING,INTERCONNECTORRES,2,"2025/05/26 16:30:00",1,VIC1-NSW1,198,1086.63,1016.62,106.16,"2025/05/26 16:25:03"
I,TRADING,PRICE,3,SETTLEMENTDATE,RUNNO,REGIONID,PERIODID,RRP,EEP,INVALIDFLAG,LASTCHANGED,ROP,RAISE6SECRRP,RAISE6SECROP,RAISE60SECRRP,RAISE60SECROP,RAISE5MINRRP,RAISE5MINROP,RAISEREGRRP,RAISEREGROP,LOWER6SECRRP,LOWER6SECROP,LOWER60SECRRP,LOWER60SECROP,LOWER5MINRRP,LOWER5MINROP,LOWERREGRRP,LOWERREGROP,RAISE1SECRRP,RAISE1SECROP,LOWER1SECRRP,LOWER1SECROP,PRICE_STATUS
D,TRADING,PRICE,3,"2025/05/26 16:30:00",1,SA1,198,-21,0,0,"2025/05/26 16:25:03",-21,0.38,0.38,0.38,0.38,0.36,0.36,0.36,0.36,0.38,0.38,0.45,0.45,0.39,0.39,3.59,3.59,0.36,0.36,0,0,FIRM
D,TRADING,PRICE,3,"2025/05/26 16:30:00",1,NSW1,198,126.39,0,0,"2025/05/26 16:25:03",126.39,0.38,0.38,0.38,0.38,0.36,0.36,0.36,0.36,0.38,0.38,0.45,0.45,0.39,0.39,3.59,3.59,0.36,0.36,0,0,FIRM
D,TRADING,PRICE,3,"2025/05/26 16:30:00",1,QLD1,198,133.98,0,0,"2025/05/26 16:25:03",133.98,0.38,0.38,0.38,0.38,0.36,0.36,0.36,0.36,0.38,0.38,0.45,0.45,0.39,0.39,3.59,3.59,0.36,0.36,0,0,FIRM
D,TRADING,PRICE,3,"2025/05/26 16:30:00",1,TAS1,198,83.3,0,0,"2025/05/26 16:25:03",83.3,0.38,0.38,0.38,0.38,0.36,0.36,8.8,8.8,0.38,0.38,0.38,0.38,0,0,2.55,2.55,0.36,0.36,0,0,FIRM
D,TRADING,PRICE,3,"2025/05/26 16:30:00",1,VIC1,198,73.86,0,0,"2025/05/26 16:25:03",73.86,0.38,0.38,0.38,0.38,0.36,0.36,0.36,0.36,0.38,0.38,0.45,0.45,0.39,0.39,3.59,3.59,0.36,0.36,0,0,FIRM
C,"END OF REPORT",15
