C,NEMP.WORLD,TRADINGIS,AEMO,PUBLIC,2025/05/29,03:25:10,0000000465332266,TRADINGIS,0000000465332265
I,TRADING,INTERCONNECTORRES,2,SETTLEMENTDATE,RUNNO,INTERCONNECTORID,PERIODID,METEREDMWFLOW,MWFLOW,MWLOSSES,LASTCHANGED
D,TRADING,INTERCONNECTORRES,2,"2025/05/29 03:30:00",1,N-Q-MNSP1,42,-17.9,-17,0.07,"2025/05/29 03:25:03"
D,TRADING,INTERCONNECTORRES,2,"2025/05/29 03:30:00",1,NSW1-QLD1,42,-373.3,-377.3,13.94,"2025/05/29 03:25:03"
D,TRADING,INTERCONNECTORRES,2,"2025/05/29 03:30:00",1,T-V-MNSP1,42,-442,-438,21.66,"2025/05/29 03:25:03"
D,TRADING,INTERCONNECTORRES,2,"2025/05/29 03:30:00",1,V-S-MNSP1,42,68,72,0.95,"2025/05/29 03:25:03"
D,TRADING,INTERCONNECTORRES,2,"2025/05/29 03:30:00",1,V-SA,42,340.91,354.71,18.4,"2025/05/29 03:25:03"
D,TRADING,INTERCONNECTORRES,2,"2025/05/29 03:30:00",1,VIC1-NSW1,42,380.18,412.64,26.89,"2025/05/29 03:25:03"
I,TRADING,PRICE,3,SETTLEMENTDATE,RUNNO,REGIONID,PERIODID,RRP,EEP,INVALIDFLAG,LASTCHANGED,ROP,RAISE6SECRRP,RAISE6SECROP,RAISE60SECRRP,RAISE60SECROP,RAISE5MINRRP,RAISE5MINROP,RAISEREGRRP,RAISEREGROP,LOWER6SECRRP,LOWER6SECROP,LOWER60SECRRP,LOWER60SECROP,LOWER5MINRRP,LOWER5MINROP,LOWERREGRRP,LOWERREGROP,RAISE1SECRRP,RAISE1SECROP,LOWER1SECRRP,LOWER1SECROP,PRICE_STATUS
D,TRADING,PRICE,3,"2025/05/29 03:30:00",1,SA1,42,70.02,0,0,"2025/05/29 03:25:03",70.02,0.23,0.23,0.1,0.1,0.04,0.04,0.04,0.04,0.38,0.38,0.38,0.38,0.1,0.1,0.93,0.93,0.37,0.37,0,0,FIRM
D,TRADING,PRICE,3,"2025/05/29 03:30:00",1,NSW1,42,70.65,0,0,"2025/05/29 03:25:03",70.65,0.23,0.23,0.1,0.1,0.04,0.04,0.04,0.04,0.38,0.38,0.38,0.38,0.1,0.1,0.93,0.93,0.37,0.37,0,0,FIRM
D,TRADING,PRICE,3,"2025/05/29 03:30:00",1,QLD1,42,65.82,0,0,"2025/05/29 03:25:03",65.82,0.23,0.23,0.1,0.1,0.04,0.04,0.04,0.04,0.38,0.38,0.38,0.38,0.1,0.1,0.93,0.93,0.37,0.37,0,0,FIRM
D,TRADING,PRICE,3,"2025/05/29 03:30:00",1,TAS1,42,100.24,0,0,"2025/05/29 03:25:03",100.24,0.38,0.38,0.38,0.38,0.38,0.38,8.4,8.4,0,0,0,0,0,0,2.48,2.48,0.37,0.37,0,0,FIRM
D,TRADING,PRICE,3,"2025/05/29 03:30:00",1,VIC1,42,64,0,0,"2025/05/29 03:25:03",64,0.23,0.23,0.1,0.1,0.04,0.04,0.04,0.04,0.38,0.38,0.38,0.38,0.1,0.1,0.93,0.93,0.37,0.37,0,0,FIRM
C,"END OF REPORT",15
