C,NEMP.WORLD,TRADINGIS,AEMO,PUBLIC,2025/05/29,03:35:10,0000000465333245,TRADINGIS,0000000465333244
I,TRADING,INTERCONNECTORRES,2,SETTLEMENTDATE,RUNNO,INTERCONNECTORID,PERIODID,METEREDMWFLOW,MWFLOW,MWLOSSES,LASTCHANGED
D,TRADING,INTERCONNECTORRES,2,"2025/05/29 03:40:00",1,N-Q-MNSP1,44,-18,-17,0.07,"2025/05/29 03:35:03"
D,TRADING,INTERCONNECTORRES,2,"2025/05/29 03:40:00",1,NSW1-QLD1,44,-351.5,-361.34,12.52,"2025/05/29 03:35:03"
D,TRADING,INTERCONNECTORRES,2,"2025/05/29 03:40:00",1,T-V-MNSP1,44,-419.4,-438,21.66,"2025/05/29 03:35:03"
D,TRADING,INTERCONNECTORRES,2,"2025/05/29 03:40:00",1,V-S-MNSP1,44,70,72,0.95,"2025/05/29 03:35:03"
D,TRADING,INTERCONNECTORRES,2,"2025/05/29 03:40:00",1,V-SA,44,380.29,382.11,22.49,"2025/05/29 03:35:03"
D,TRADING,INTERCONNECTORRES,2,"2025/05/29 03:40:00",1,VIC1-NSW1,44,427.95,415.79,26.01,"2025/05/29 03:35:03"
I,TRADING,PRICE,3,SETTLEMENTDATE,RUNNO,REGIONID,PERIODID,RRP,EEP,INVALIDFLAG,LASTCHANGED,ROP,RAISE6SECRRP,RAISE6SECROP,RAISE60SECRRP,RAISE60SECROP,RAISE5MINRRP,RAISE5MINROP,RAISEREGRRP,RAISEREGROP,LOWER6SECRRP,LOWER6SECROP,LOWER60SECRRP,LOWER60SECROP,LOWER5MINRRP,LOWER5MINROP,LOWERREGRRP,LOWERREGROP,RAISE1SECRRP,RAISE1SECROP,LOWER1SECRRP,LOWER1SECROP,PRICE_STATUS
D,TRADING,PRICE,3,"2025/05/29 03:40:00",1,SA1,44,67.64,0,0,"2025/05/29 03:35:03",67.64,0.37,0.37,0.1,0.1,0.1,0.1,1,1,0.38,0.38,0.38,0.38,0.1,0.1,0.94,0.94,0.38,0.38,0,0,FIRM
D,TRADING,PRICE,3,"2025/05/29 03:40:00",1,NSW1,44,67.28,0,0,"2025/05/29 03:35:03",67.28,0.37,0.37,0.1,0.1,0.1,0.1,1,1,0.38,0.38,0.38,0.38,0.1,0.1,0.94,0.94,0.38,0.38,0,0,FIRM
D,TRADING,PRICE,3,"2025/05/29 03:40:00",1,QLD1,44,62.73,0,0,"2025/05/29 03:35:03",62.73,0.37,0.37,0.1,0.1,0.1,0.1,1,1,0.38,0.38,0.38,0.38,0.1,0.1,0.94,0.94,0.38,0.38,0,0,FIRM
D,TRADING,PRICE,3,"2025/05/29 03:40:00",1,TAS1,44,100.24,0,0,"2025/05/29 03:35:03",100.24,0.38,0.38,0.38,0.38,0.38,0.38,8.4,8.4,0.38,0.38,0.38,0.38,0,0,2.48,2.48,0.38,0.38,0,0,FIRM
D,TRADING,PRICE,3,"2025/05/29 03:40:00",1,VIC1,44,61.13,0,0,"2025/05/29 03:35:03",61.13,0.37,0.37,0.1,0.1,0.1,0.1,1,1,0.38,0.38,0.38,0.38,0.1,0.1,0.94,0.94,0.38,0.38,0,0,FIRM
C,"END OF REPORT",15
