C,NEMP.WORLD,TRADINGIS,AEMO,PUBLIC,2025/05/27,14:35:16,0000000465110072,TRADINGIS,0000000465110071
I,TRADING,INTERCONNECTORRES,2,SETTLEMENTDATE,RUNNO,INTERCONNECTORID,PERIODID,METEREDMWFLOW,MWFLOW,MWLOSSES,LASTCHANGED
D,TRADING,INTERCONNECTORRES,2,"2025/05/27 14:40:00",1,N-Q-MNSP1,176,-9.1,-9,-0.16,"2025/05/27 14:35:08"
D,TRADING,INTERCONNECTORRES,2,"2025/05/27 14:40:00",1,NSW1-QLD1,176,-99.2,-28.39,-0.39,"2025/05/27 14:35:08"
D,TRADING,INTERCONNECTORRES,2,"2025/05/27 14:40:00",1,T-V-MNSP1,176,-343.7,-373.02,15.93,"2025/05/27 14:35:08"
D,TRADING,INTERCONNECTORRES,2,"2025/05/27 14:40:00",1,V-S-MNSP1,176,151,151.81,16.62,"2025/05/27 14:35:08"
D,TRADING,INTERCONNECTORRES,2,"2025/05/27 14:40:00",1,V-SA,176,173.5,154.96,-1.3,"2025/05/27 14:35:08"
D,TRADING,INTERCONNECTORRES,2,"2025/05/27 14:40:00",1,VIC1-NSW1,176,182.99,179.98,11.43,"2025/05/27 14:35:08"
I,TRADING,PRICE,3,SETTLEMENTDATE,RUNNO,REGIONID,PERIODID,RRP,EEP,INVALIDFLAG,LASTCHANGED,ROP,RAISE6SECRRP,RAISE6SECROP,RAISE60SECRRP,RAISE60SECROP,RAISE5MINRRP,RAISE5MINROP,RAISEREGRRP,RAISEREGROP,LOWER6SECRRP,LOWER6SECROP,LOWER60SECRRP,LOWER60SECROP,LOWER5MINRRP,LOWER5MINROP,LOWERREGRRP,LOWERREGROP,RAISE1SECRRP,RAISE1SECROP,LOWER1SECRRP,LOWER1SECROP,PRICE_STATUS
D,TRADING,PRICE,3,"2025/05/27 14:40:00",1,SA1,176,-66.68,0,0,"2025/05/27 14:35:08",-66.68,0.1,0.1,0.1,0.1,0.1,0.1,9.24,9.24,0.34,0.34,0.38,0.38,0.38,0.38,0.38,0.38,0.04,0.04,0,0,FIRM
D,TRADING,PRICE,3,"2025/05/27 14:40:00",1,NSW1,176,36.5,0,0,"2025/05/27 14:35:08",36.5,0.1,0.1,0.1,0.1,0.1,0.1,9.24,9.24,0.34,0.34,0.38,0.38,0.38,0.38,0.38,0.38,0.04,0.04,0,0,FIRM
D,TRADING,PRICE,3,"2025/05/27 14:40:00",1,QLD1,176,55.63,0,0,"2025/05/27 14:35:08",55.63,0.1,0.1,0.1,0.1,0.1,0.1,9.24,9.24,0.34,0.34,0.38,0.38,0.38,0.38,0.38,0.38,0.04,0.04,0,0,FIRM
D,TRADING,PRICE,3,"2025/05/27 14:40:00",1,TAS1,176,75.24,0,0,"2025/05/27 14:35:08",75.24,0.36,0.36,0.36,0.36,0.1,0.1,7.4,7.4,0.34,0.34,0.38,0.38,0.38,0.38,2.48,2.48,0.04,0.04,0,0,FIRM
D,TRADING,PRICE,3,"2025/05/27 14:40:00",1,VIC1,176,27.22,0,0,"2025/05/27 14:35:08",27.22,0.1,0.1,0.1,0.1,0.1,0.1,9.24,9.24,0.34,0.34,0.38,0.38,0.38,0.38,0.38,0.38,0.04,0.04,0,0,FIRM
C,"END OF REPORT",15
