C,NEMP.WORLD,TRADINGIS,AEMO,PUBLIC,2025/05/29,08:35:10,0000000465361436,TRADINGIS,0000000465361435
I,TRADING,INTERCONNECTORRES,2,SETTLEMENTDATE,RUNNO,INTERCONNECTORID,PERIODID,METEREDMWFLOW,MWFLOW,MWLOSSES,LASTCHANGED
D,TRADING,INTERCONNECTORRES,2,"2025/05/29 08:40:00",1,N-Q-MNSP1,104,-14.7,-17,0.07,"2025/05/29 08:35:03"
D,TRADING,INTERCONNECTORRES,2,"2025/05/29 08:40:00",1,NSW1-QLD1,104,-544.9,-482.97,3.84,"2025/05/29 08:35:03"
D,TRADING,INTERCONNECTORRES,2,"2025/05/29 08:40:00",1,T-V-MNSP1,104,-311.9,-111.9,1.74,"2025/05/29 08:35:03"
D,TRADING,INTERCONNECTORRES,2,"2025/05/29 08:40:00",1,V-S-MNSP1,104,27,27,-1.11,"2025/05/29 08:35:03"
D,TRADING,INTERCONNECTORRES,2,"2025/05/29 08:40:00",1,V-SA,104,-63.9,-3.68,0.01,"2025/05/29 08:35:03"
D,TRADING,INTERCONNECTORRES,2,"2025/05/29 08:40:00",1,VIC1-NSW1,104,-145.02,-91,-0.88,"2025/05/29 08:35:03"
I,TRADING,PRICE,3,SETTLEMENTDATE,RUNNO,REGIONID,PERIODID,RRP,EEP,INVALIDFLAG,LASTCHANGED,ROP,RAISE6SECRRP,RAISE6SECROP,RAISE60SECRRP,RAISE60SECROP,RAISE5MINRRP,RAISE5MINROP,RAISEREGRRP,RAISEREGROP,LOWER6SECRRP,LOWER6SECROP,LOWER60SECRRP,LOWER60SECROP,LOWER5MINRRP,LOWER5MINROP,LOWERREGRRP,LOWERREGROP,RAISE1SECRRP,RAISE1SECROP,LOWER1SECRRP,LOWER1SECROP,PRICE_STATUS
D,TRADING,PRICE,3,"2025/05/29 08:40:00",1,SA1,104,170.44,0,0,"2025/05/29 08:35:03",170.44,0.39,0.39,0.38,0.38,0.39,0.39,0.39,0.39,0,0,0.07,0.07,0.01,0.01,6,6,0.86,0.86,0,0,FIRM
D,TRADING,PRICE,3,"2025/05/29 08:40:00",1,NSW1,104,171.14,0,0,"2025/05/29 08:35:03",171.14,0.39,0.39,0.38,0.38,0.39,0.39,0.39,0.39,0,0,0.07,0.07,0.01,0.01,6,6,0.86,0.86,0,0,FIRM
D,TRADING,PRICE,3,"2025/05/29 08:40:00",1,QLD1,104,162.73,0,0,"2025/05/29 08:35:03",162.73,0.39,0.39,0.38,0.38,0.39,0.39,0.39,0.39,0.01,0.01,0.07,0.07,0.01,0.01,6,6,0.86,0.86,0,0,FIRM
D,TRADING,PRICE,3,"2025/05/29 08:40:00",1,TAS1,104,150.24,0,0,"2025/05/29 08:35:03",150.24,0.38,0.38,0.38,0.38,0.36,0.36,7.54,7.54,0.38,0.38,0.38,0.38,0.01,0.01,2.46,2.46,0.86,0.86,0,0,FIRM
D,TRADING,PRICE,3,"2025/05/29 08:40:00",1,VIC1,104,170.94,0,0,"2025/05/29 08:35:03",170.94,0.39,0.39,0.38,0.38,0.39,0.39,0.39,0.39,0,0,0.07,0.07,0.01,0.01,6,6,0.86,0.86,0,0,FIRM
C,"END OF REPORT",15
