C,NEMP.WORLD,TRADINGIS,AEMO,PUBLIC,2025/05/28,10:35:23,0000000465230526,TRADINGIS,0000000465230525
I,TRADING,INTERCONNECTORRES,2,SETTLEMENTDATE,RUNNO,INTERCONNECTORID,PERIODID,METEREDMWFLOW,MWFLOW,MWLOSSES,LASTCHANGED
D,TRADING,INTERCONNECTORRES,2,"2025/05/28 10:40:00",1,N-Q-MNSP1,128,90.6,96.54,29.69,"2025/05/28 10:35:11"
D,TRADING,INTERCONNECTORRES,2,"2025/05/28 10:40:00",1,NSW1-QLD1,128,-328.5,-387.77,18.51,"2025/05/28 10:35:11"
D,TRADING,INTERCONNECTORRES,2,"2025/05/28 10:40:00",1,T-V-MNSP1,128,-418.8,-431.89,21.08,"2025/05/28 10:35:11"
D,TRADING,INTERCONNECTORRES,2,"2025/05/28 10:40:00",1,V-S-MNSP1,128,135,81,1.95,"2025/05/28 10:35:11"
D,TRADING,INTERCONNECTORRES,2,"2025/05/28 10:40:00",1,V-SA,128,589.02,590.3,36.69,"2025/05/28 10:35:11"
D,TRADING,INTERCONNECTORRES,2,"2025/05/28 10:40:00",1,VIC1-NSW1,128,-248.64,-221.49,-2.61,"2025/05/28 10:35:11"
I,TRADING,PRICE,3,SETTLEMENTDATE,RUNNO,REGIONID,PERIODID,RRP,EEP,INVALIDFLAG,LASTCHANGED,ROP,RAISE6SECRRP,RAISE6SECROP,RAISE60SECRRP,RAISE60SECROP,RAISE5MINRRP,RAISE5MINROP,RAISEREGRRP,RAISEREGROP,LOWER6SECRRP,LOWER6SECROP,LOWER60SECRRP,LOWER60SECROP,LOWER5MINRRP,LOWER5MINROP,LOWERREGRRP,LOWERREGROP,RAISE1SECRRP,RAISE1SECROP,LOWER1SECRRP,LOWER1SECROP,PRICE_STATUS
D,TRADING,PRICE,3,"2025/05/28 10:40:00",1,SA1,128,22.77,0,0,"2025/05/28 10:35:11",22.77,0.23,0.23,0.1,0.1,0.1,0.1,7.85,7.85,0.38,0.38,1,1,0.38,0.38,2,2,0.1,0.1,0.04,0.04,FIRM
D,TRADING,PRICE,3,"2025/05/28 10:40:00",1,NSW1,128,-17.01,0,0,"2025/05/28 10:35:11",-17.01,0.23,0.23,0.1,0.1,0.1,0.1,7.85,7.85,0.38,0.38,1,1,0.38,0.38,2,2,0.1,0.1,0.04,0.04,FIRM
D,TRADING,PRICE,3,"2025/05/28 10:40:00",1,QLD1,128,-29.67,0,0,"2025/05/28 10:35:11",-29.67,0.23,0.23,0.1,0.1,0.1,0.1,7.85,7.85,7.89,7.89,7.89,7.89,0.38,0.38,2,2,0.1,0.1,0.04,0.04,FIRM
D,TRADING,PRICE,3,"2025/05/28 10:40:00",1,TAS1,128,75.06,0,0,"2025/05/28 10:35:11",75.06,0.38,0.38,0.38,0.38,0.1,0.1,6.4,6.4,0.38,0.38,0.38,0.38,0.38,0.38,3.54,3.54,0.1,0.1,0.04,0.04,FIRM
D,TRADING,PRICE,3,"2025/05/28 10:40:00",1,VIC1,128,20.04,0,0,"2025/05/28 10:35:11",20.04,0.23,0.23,0.1,0.1,0.1,0.1,7.85,7.85,0.38,0.38,1,1,0.38,0.38,2,2,0.1,0.1,0.04,0.04,FIRM
C,"END OF REPORT",15
