C,NEMP.WORLD,TRADINGIS,AEMO,PUBLIC,2025/05/27,15:45:15,0000000465117883,TRADINGIS,0000000465117882
I,TRADING,INTERCONNECTORRES,2,SETTLEMENTDATE,RUNNO,INTERCONNECTORID,PERIODID,METEREDMWFLOW,MWFLOW,MWLOSSES,LASTCHANGED
D,TRADING,INTERCONNECTORRES,2,"2025/05/27 15:50:00",1,N-Q-MNSP1,190,-1.3,0,0,"2025/05/27 15:45:08"
D,TRADING,INTERCONNECTORRES,2,"2025/05/27 15:50:00",1,NSW1-QLD1,190,-219.5,-141.51,-4.6,"2025/05/27 15:45:08"
D,TRADING,INTERCONNECTORRES,2,"2025/05/27 15:50:00",1,T-V-MNSP1,190,-470,-478,25.62,"2025/05/27 15:45:08"
D,TRADING,INTERCONNECTORRES,2,"2025/05/27 15:50:00",1,V-S-MNSP1,190,155,153.94,17.24,"2025/05/27 15:45:08"
D,TRADING,INTERCONNECTORRES,2,"2025/05/27 15:50:00",1,V-SA,190,177.11,314.73,5.36,"2025/05/27 15:45:08"
D,TRADING,INTERCONNECTORRES,2,"2025/05/27 15:50:00",1,VIC1-NSW1,190,-133.08,-185.59,-4.21,"2025/05/27 15:45:08"
I,TRADING,PRICE,3,SETTLEMENTDATE,RUNNO,REGIONID,PERIODID,RRP,EEP,INVALIDFLAG,LASTCHANGED,ROP,RAISE6SECRRP,RAISE6SECROP,RAISE60SECRRP,RAISE60SECROP,RAISE5MINRRP,RAISE5MINROP,RAISEREGRRP,RAISEREGROP,LOWER6SECRRP,LOWER6SECROP,LOWER60SECRRP,LOWER60SECROP,LOWER5MINRRP,LOWER5MINROP,LOWERREGRRP,LOWERREGROP,RAISE1SECRRP,RAISE1SECROP,LOWER1SECRRP,LOWER1SECROP,PRICE_STATUS
D,TRADING,PRICE,3,"2025/05/27 15:50:00",1,SA1,190,-100,0,0,"2025/05/27 15:45:08",-100,0.01,0.01,0.04,0.04,0.1,0.1,7.99,7.99,0.1,0.1,0.38,0.38,0.38,0.38,0.38,0.38,0.37,0.37,0,0,FIRM
D,TRADING,PRICE,3,"2025/05/27 15:50:00",1,NSW1,190,-15,0,0,"2025/05/27 15:45:08",-15,0.01,0.01,0.04,0.04,0.1,0.1,7.99,7.99,0.1,0.1,0.38,0.38,0.38,0.38,0.38,0.38,0.37,0.37,0,0,FIRM
D,TRADING,PRICE,3,"2025/05/27 15:50:00",1,QLD1,190,128.73,0,0,"2025/05/27 15:45:08",128.73,13.01,13.01,14.91,14.91,0.1,0.1,7.99,7.99,0.1,0.1,0.38,0.38,0.38,0.38,0.38,0.38,0.37,0.37,0,0,FIRM
D,TRADING,PRICE,3,"2025/05/27 15:50:00",1,TAS1,190,35.24,0,0,"2025/05/27 15:45:08",35.24,0.38,0.38,0.38,0.38,0.36,0.36,7.4,7.4,0.1,0.1,0.38,0.38,0,0,2.48,2.48,0.37,0.37,0,0,FIRM
D,TRADING,PRICE,3,"2025/05/27 15:50:00",1,VIC1,190,19.19,0,0,"2025/05/27 15:45:08",19.19,0.01,0.01,0.04,0.04,0.1,0.1,7.99,7.99,0.1,0.1,0.38,0.38,0.38,0.38,0.38,0.38,0.37,0.37,0,0,FIRM
C,"END OF REPORT",15
