C,NEMP.WORLD,TRADINGIS,AEMO,PUBLIC,2025/05/28,10:45:15,0000000465231489,TRADINGIS,0000000465231488
I,TRADING,INTERCONNECTORRES,2,SETTLEMENTDATE,RUNNO,INTERCONNECTORID,PERIODID,METEREDMWFLOW,MWFLOW,MWLOSSES,LASTCHANGED
D,TRADING,INTERCONNECTORRES,2,"2025/05/28 10:50:00",1,N-Q-MNSP1,130,97.5,96.78,29.82,"2025/05/28 10:45:08"
D,TRADING,INTERCONNECTORRES,2,"2025/05/28 10:50:00",1,NSW1-QLD1,130,-408.6,-383.38,18.7,"2025/05/28 10:45:08"
D,TRADING,INTERCONNECTORRES,2,"2025/05/28 10:50:00",1,T-V-MNSP1,130,-430.4,-431.65,21.06,"2025/05/28 10:45:08"
D,TRADING,INTERCONNECTORRES,2,"2025/05/28 10:50:00",1,V-S-MNSP1,130,81,127.78,10.29,"2025/05/28 10:45:08"
D,TRADING,INTERCONNECTORRES,2,"2025/05/28 10:50:00",1,V-SA,130,625.65,604.18,37.4,"2025/05/28 10:45:08"
D,TRADING,INTERCONNECTORRES,2,"2025/05/28 10:50:00",1,VIC1-NSW1,130,-155.88,-152.85,-3.16,"2025/05/28 10:45:08"
I,TRADING,PRICE,3,SETTLEMENTDATE,RUNNO,REGIONID,PERIODID,RRP,EEP,INVALIDFLAG,LASTCHANGED,ROP,RAISE6SECRRP,RAISE6SECROP,RAISE60SECRRP,RAISE60SECROP,RAISE5MINRRP,RAISE5MINROP,RAISEREGRRP,RAISEREGROP,LOWER6SECRRP,LOWER6SECROP,LOWER60SECRRP,LOWER60SECROP,LOWER5MINRRP,LOWER5MINROP,LOWERREGRRP,LOWERREGROP,RAISE1SECRRP,RAISE1SECROP,LOWER1SECRRP,LOWER1SECROP,PRICE_STATUS
D,TRADING,PRICE,3,"2025/05/28 10:50:00",1,SA1,130,11.27,0,0,"2025/05/28 10:45:08",11.27,0.36,0.36,0.1,0.1,0.1,0.1,10,10,0.38,0.38,1.4,1.4,0.38,0.38,3.59,3.59,0.36,0.36,0.04,0.04,FIRM
D,TRADING,PRICE,3,"2025/05/28 10:50:00",1,NSW1,130,-20.01,0,0,"2025/05/28 10:45:08",-20.01,0.36,0.36,0.1,0.1,0.1,0.1,10,10,0.38,0.38,1.4,1.4,0.38,0.38,3.59,3.59,0.36,0.36,0.04,0.04,FIRM
D,TRADING,PRICE,3,"2025/05/28 10:50:00",1,QLD1,130,-32.02,0,0,"2025/05/28 10:45:08",-32.02,0.36,0.36,0.1,0.1,0.1,0.1,10,10,7.89,7.89,7.89,7.89,0.38,0.38,3.59,3.59,0.36,0.36,0.04,0.04,FIRM
D,TRADING,PRICE,3,"2025/05/28 10:50:00",1,TAS1,130,75.12,0,0,"2025/05/28 10:45:08",75.12,0.38,0.38,0.38,0.38,0.1,0.1,7.44,7.44,0.38,0.38,0.38,0.38,0.38,0.38,2.48,2.48,0.36,0.36,0.04,0.04,FIRM
D,TRADING,PRICE,3,"2025/05/28 10:50:00",1,VIC1,130,8.95,0,0,"2025/05/28 10:45:08",8.95,0.36,0.36,0.1,0.1,0.1,0.1,10,10,0.38,0.38,1.4,1.4,0.38,0.38,3.59,3.59,0.36,0.36,0.04,0.04,FIRM
C,"END OF REPORT",15
