C,NEMP.WORLD,TRADINGIS,AEMO,PUBLIC,2025/05/27,13:10:14,0000000465100593,TRADINGIS,0000000465100592
I,TRADING,INTERCONNECTORRES,2,SETTLEMENTDATE,RUNNO,INTERCONNECTORID,PERIODID,METEREDMWFLOW,MWFLOW,MWLOSSES,LASTCHANGED
D,TRADING,INTERCONNECTORRES,2,"2025/05/27 13:15:00",1,N-Q-MNSP1,159,-12.1,-9,-0.16,"2025/05/27 13:10:07"
D,TRADING,INTERCONNECTORRES,2,"2025/05/27 13:15:00",1,NSW1-QLD1,159,-80.1,-22.45,-0.11,"2025/05/27 13:10:07"
D,TRADING,INTERCONNECTORRES,2,"2025/05/27 13:15:00",1,T-V-MNSP1,159,-231.9,-431.9,21.08,"2025/05/27 13:10:07"
D,TRADING,INTERCONNECTORRES,2,"2025/05/27 13:15:00",1,V-S-MNSP1,159,167,164.6,20.56,"2025/05/27 13:10:07"
D,TRADING,INTERCONNECTORRES,2,"2025/05/27 13:15:00",1,V-SA,159,48.7,155.91,-2.89,"2025/05/27 13:10:07"
D,TRADING,INTERCONNECTORRES,2,"2025/05/27 13:15:00",1,VIC1-NSW1,159,-2.32,-46.65,-2.73,"2025/05/27 13:10:07"
I,TRADING,PRICE,3,SETTLEMENTDATE,RUNNO,REGIONID,PERIODID,RRP,EEP,INVALIDFLAG,LASTCHANGED,ROP,RAISE6SECRRP,RAISE6SECROP,RAISE60SECRRP,RAISE60SECROP,RAISE5MINRRP,RAISE5MINROP,RAISEREGRRP,RAISEREGROP,LOWER6SECRRP,LOWER6SECROP,LOWER60SECRRP,LOWER60SECROP,LOWER5MINRRP,LOWER5MINROP,LOWERREGRRP,LOWERREGROP,RAISE1SECRRP,RAISE1SECROP,LOWER1SECRRP,LOWER1SECROP,PRICE_STATUS
D,TRADING,PRICE,3,"2025/05/27 13:15:00",1,SA1,159,-100.24,0,0,"2025/05/27 13:10:07",-100.24,0.1,0.1,0.1,0.1,0.1,0.1,5.99,5.99,0.39,0.39,1.37,1.37,0.39,0.39,3.75,3.75,0.1,0.1,0,0,FIRM
D,TRADING,PRICE,3,"2025/05/27 13:15:00",1,NSW1,159,30.99,0,0,"2025/05/27 13:10:07",30.99,0.1,0.1,0.1,0.1,0.1,0.1,5.99,5.99,0.39,0.39,1.37,1.37,0.39,0.39,3.75,3.75,0.1,0.1,0,0,FIRM
D,TRADING,PRICE,3,"2025/05/27 13:15:00",1,QLD1,159,31,0,0,"2025/05/27 13:10:07",31,0.1,0.1,0.1,0.1,0.1,0.1,5.99,5.99,0.39,0.39,1.37,1.37,0.39,0.39,3.75,3.75,0.1,0.1,0,0,FIRM
D,TRADING,PRICE,3,"2025/05/27 13:15:00",1,TAS1,159,35.19,0,0,"2025/05/27 13:10:07",35.19,0.38,0.38,0.38,0.38,0.1,0.1,7.41,7.41,0.39,0.39,1.37,1.37,0.38,0.38,2.49,2.49,0.1,0.1,0,0,FIRM
D,TRADING,PRICE,3,"2025/05/27 13:15:00",1,VIC1,159,29.44,0,0,"2025/05/27 13:10:07",29.44,0.1,0.1,0.1,0.1,0.1,0.1,5.99,5.99,0.39,0.39,1.37,1.37,0.39,0.39,3.75,3.75,0.1,0.1,0,0,FIRM
C,"END OF REPORT",15
