C,NEMP.WORLD,TRADINGIS,AEMO,PUBLIC,2025/05/26,17:00:11,0000000464974782,TRADINGIS,0000000464974781
I,TRADING,INTERCONNECTORRES,2,SETTLEMENTDATE,RUNNO,INTERCONNECTORID,PERIODID,METEREDMWFLOW,MWFLOW,MWLOSSES,LASTCHANGED
D,TRADING,INTERCONNECTORRES,2,"2025/05/26 17:05:00",1,N-Q-MNSP1,205,-10.1,-9,-0.16,"2025/05/26 17:00:04"
D,TRADING,INTERCONNECTORRES,2,"2025/05/26 17:05:00",1,NSW1-QLD1,205,-352,-298.17,-10.87,"2025/05/26 17:00:04"
D,TRADING,INTERCONNECTORRES,2,"2025/05/26 17:05:00",1,T-V-MNSP1,205,-438.3,-447.83,22.6,"2025/05/26 17:00:04"
D,TRADING,INTERCONNECTORRES,2,"2025/05/26 17:05:00",1,V-S-MNSP1,205,171,172.23,23.09,"2025/05/26 17:00:04"
D,TRADING,INTERCONNECTORRES,2,"2025/05/26 17:05:00",1,V-SA,205,179.23,197.05,7.24,"2025/05/26 17:00:04"
D,TRADING,INTERCONNECTORRES,2,"2025/05/26 17:05:00",1,VIC1-NSW1,205,359.17,-832.69,49.9,"2025/05/26 17:00:04"
I,TRADING,PRICE,3,SETTLEMENTDATE,RUNNO,REGIONID,PERIODID,RRP,EEP,INVALIDFLAG,LASTCHANGED,ROP,RAISE6SECRRP,RAISE6SECROP,RAISE60SECRRP,RAISE60SECROP,RAISE5MINRRP,RAISE5MINROP,RAISEREGRRP,RAISEREGROP,LOWER6SECRRP,LOWER6SECROP,LOWER60SECRRP,LOWER60SECROP,LOWER5MINRRP,LOWER5MINROP,LOWERREGRRP,LOWERREGROP,RAISE1SECRRP,RAISE1SECROP,LOWER1SECRRP,LOWER1SECROP,PRICE_STATUS
D,TRADING,PRICE,3,"2025/05/26 17:05:00",1,SA1,205,-38.29,0,0,"2025/05/26 17:00:04",-38.29,0.39,0.39,0.39,0.39,0.39,0.39,9.24,9.24,0.14,0.14,0.38,0.38,0.1,0.1,8.5,8.5,0.81,0.81,0,0,FIRM
D,TRADING,PRICE,3,"2025/05/26 17:05:00",1,NSW1,205,216.08,0,0,"2025/05/26 17:00:04",216.08,0.39,0.39,0.39,0.39,0.39,0.39,9.24,9.24,0.14,0.14,0.38,0.38,0.1,0.1,8.5,8.5,0.81,0.81,0,0,FIRM
D,TRADING,PRICE,3,"2025/05/26 17:05:00",1,QLD1,205,217.88,0,0,"2025/05/26 17:00:04",217.88,0.39,0.39,0.39,0.39,0.39,0.39,9.24,9.24,0.14,0.14,0.38,0.38,0.1,0.1,8.5,8.5,0.81,0.81,0,0,FIRM
D,TRADING,PRICE,3,"2025/05/26 17:05:00",1,TAS1,205,100.24,0,0,"2025/05/26 17:00:04",100.24,0.39,0.39,0.39,0.39,0.39,0.39,8.8,8.8,0.14,0.14,0.38,0.38,0,0,3.55,3.55,0.81,0.81,0,0,FIRM
D,TRADING,PRICE,3,"2025/05/26 17:05:00",1,VIC1,205,-50.21,0,0,"2025/05/26 17:00:04",-50.21,0.39,0.39,0.39,0.39,0.39,0.39,9.24,9.24,0.14,0.14,0.38,0.38,0.1,0.1,8.5,8.5,0.81,0.81,0,0,FIRM
C,"END OF REPORT",15
