C,NEMP.WORLD,TRADINGIS,AEMO,PUBLIC,2025/05/27,05:50:10,0000000465053977,TRADINGIS,0000000465053976
I,TRADING,INTERCONNECTORRES,2,SETTLEMENTDATE,RUNNO,INTERCONNECTORID,PERIODID,METEREDMWFLOW,MWFLOW,MWLOSSES,LASTCHANGED
D,TRADING,INTERCONNECTORRES,2,"2025/05/27 05:55:00",1,N-Q-MNSP1,71,8.8,9,0.6,"2025/05/27 05:50:03"
D,TRADING,INTERCONNECTORRES,2,"2025/05/27 05:55:00",1,NSW1-QLD1,71,440.6,503.03,30.54,"2025/05/27 05:50:03"
D,TRADING,INTERCONNECTORRES,2,"2025/05/27 05:55:00",1,T-V-MNSP1,71,-438.3,-461,23.9,"2025/05/27 05:50:03"
D,TRADING,INTERCONNECTORRES,2,"2025/05/27 05:55:00",1,V-S-MNSP1,71,-148,-148.59,37.57,"2025/05/27 05:50:03"
D,TRADING,INTERCONNECTORRES,2,"2025/05/27 05:55:00",1,V-SA,71,-282.87,-192.79,2.3,"2025/05/27 05:50:03"
D,TRADING,INTERCONNECTORRES,2,"2025/05/27 05:55:00",1,VIC1-NSW1,71,1015.06,947.72,96.88,"2025/05/27 05:50:03"
I,TRADING,PRICE,3,SETTLEMENTDATE,RUNNO,REGIONID,PERIODID,RRP,EEP,INVALIDFLAG,LASTCHANGED,ROP,RAISE6SECRRP,RAISE6SECROP,RAISE60SECRRP,RAISE60SECROP,RAISE5MINRRP,RAISE5MINROP,RAISEREGRRP,RAISEREGROP,LOWER6SECRRP,LOWER6SECROP,LOWER60SECRRP,LOWER60SECROP,LOWER5MINRRP,LOWER5MINROP,LOWERREGRRP,LOWERREGROP,RAISE1SECRRP,RAISE1SECROP,LOWER1SECRRP,LOWER1SECROP,PRICE_STATUS
D,TRADING,PRICE,3,"2025/05/27 05:55:00",1,SA1,71,3.87,0,0,"2025/05/27 05:50:03",3.87,0.23,0.23,0.1,0.1,0.1,0.1,7.99,7.99,0.1,0.1,0.39,0.39,0.1,0.1,3.59,3.59,0.38,0.38,0,0,FIRM
D,TRADING,PRICE,3,"2025/05/27 05:55:00",1,NSW1,71,65.01,0,0,"2025/05/27 05:50:03",65.01,0.23,0.23,0.1,0.1,0.1,0.1,7.99,7.99,0.1,0.1,0.39,0.39,0.1,0.1,3.59,3.59,0.38,0.38,0,0,FIRM
D,TRADING,PRICE,3,"2025/05/27 05:55:00",1,QLD1,71,72.26,0,0,"2025/05/27 05:50:03",72.26,0.23,0.23,0.1,0.1,0.1,0.1,7.99,7.99,0.1,0.1,0.39,0.39,0.1,0.1,3.59,3.59,0.38,0.38,0,0,FIRM
D,TRADING,PRICE,3,"2025/05/27 05:55:00",1,TAS1,71,35.24,0,0,"2025/05/27 05:50:03",35.24,0.38,0.38,0.38,0.38,0.36,0.36,8.4,8.4,0.1,0.1,0.38,0.38,0,0,2.48,2.48,0.38,0.38,0,0,FIRM
D,TRADING,PRICE,3,"2025/05/27 05:55:00",1,VIC1,71,4.01,0,0,"2025/05/27 05:50:03",4.01,0.23,0.23,0.1,0.1,0.1,0.1,7.99,7.99,0.1,0.1,0.39,0.39,0.1,0.1,3.59,3.59,0.38,0.38,0,0,FIRM
C,"END OF REPORT",15
