C,NEMP.WORLD,TRADINGIS,AEMO,PUBLIC,2025/05/29,13:55:11,0000000465395311,TRADINGIS,0000000465395310
I,TRADING,INTERCONNECTORRES,2,SETTLEMENTDATE,RUNNO,INTERCONNECTORID,PERIODID,METEREDMWFLOW,MWFLOW,MWLOSSES,LASTCHANGED
D,TRADING,INTERCONNECTORRES,2,"2025/05/29 14:00:00",1,N-Q-MNSP1,168,-8,-9,-0.16,"2025/05/29 13:55:03"
D,TRADING,INTERCONNECTORRES,2,"2025/05/29 14:00:00",1,NSW1-QLD1,168,-93.4,-75.9,-1.17,"2025/05/29 13:55:03"
D,TRADING,INTERCONNECTORRES,2,"2025/05/29 14:00:00",1,T-V-MNSP1,168,-432.2,-471.29,24.94,"2025/05/29 13:55:03"
D,TRADING,INTERCONNECTORRES,2,"2025/05/29 14:00:00",1,V-S-MNSP1,168,0,0,0,"2025/05/29 13:55:03"
D,TRADING,INTERCONNECTORRES,2,"2025/05/29 14:00:00",1,V-SA,168,-158.01,-152.23,7.87,"2025/05/29 13:55:03"
D,TRADING,INTERCONNECTORRES,2,"2025/05/29 14:00:00",1,VIC1-NSW1,168,628.99,576.26,72.78,"2025/05/29 13:55:03"
I,TRADING,PRICE,3,SETTLEMENTDATE,RUNNO,REGIONID,PERIODID,RRP,EEP,INVALIDFLAG,LASTCHANGED,ROP,RAISE6SECRRP,RAISE6SECROP,RAISE60SECRRP,RAISE60SECROP,RAISE5MINRRP,RAISE5MINROP,RAISEREGRRP,RAISEREGROP,LOWER6SECRRP,LOWER6SECROP,LOWER60SECRRP,LOWER60SECROP,LOWER5MINRRP,LOWER5MINROP,LOWERREGRRP,LOWERREGROP,RAISE1SECRRP,RAISE1SECROP,LOWER1SECRRP,LOWER1SECROP,PRICE_STATUS
D,TRADING,PRICE,3,"2025/05/29 14:00:00",1,SA1,168,49.55,0,0,"2025/05/29 13:55:03",49.55,0.01,0.01,0.01,0.01,0.1,0.1,5.71,5.71,0.38,0.38,0.86,0.86,0.38,0.38,3.75,3.75,0.37,0.37,0,0,FIRM
D,TRADING,PRICE,3,"2025/05/29 14:00:00",1,NSW1,168,76.8,0,0,"2025/05/29 13:55:03",76.8,0.01,0.01,0.01,0.01,0.1,0.1,5.71,5.71,0.38,0.38,0.86,0.86,0.38,0.38,3.75,3.75,0.37,0.37,0,0,FIRM
D,TRADING,PRICE,3,"2025/05/29 14:00:00",1,QLD1,168,203.78,0,0,"2025/05/29 13:55:03",203.78,62.5,62.5,62.5,62.5,0.38,0.38,5.99,5.99,0.38,0.38,0.38,0.38,0.38,0.38,3.75,3.75,0.37,0.37,0,0,FIRM
D,TRADING,PRICE,3,"2025/05/29 14:00:00",1,TAS1,168,100.12,0,0,"2025/05/29 13:55:03",100.12,0.38,0.38,0.38,0.38,0.38,0.38,7.54,7.54,0.38,0.38,0.86,0.86,0,0,2.46,2.46,0.37,0.37,0,0,FIRM
D,TRADING,PRICE,3,"2025/05/29 14:00:00",1,VIC1,168,53.05,0,0,"2025/05/29 13:55:03",53.05,0.01,0.01,0.01,0.01,0.1,0.1,5.71,5.71,0.38,0.38,0.86,0.86,0.38,0.38,3.75,3.75,0.37,0.37,0,0,FIRM
C,"END OF REPORT",15
