C,NEMP.WORLD,TRADINGIS,AEMO,PUBLIC,2025/05/30,23:00:11,0000000465594807,TRADINGIS,0000000465594806
I,TRADING,INTERCONNECTORRES,2,SETTLEMENTDATE,RUNNO,INTERCONNECTORID,PERIODID,METEREDMWFLOW,MWFLOW,MWLOSSES,LASTCHANGED
D,TRADING,INTERCONNECTORRES,2,"2025/05/30 23:05:00",1,N-Q-MNSP1,277,-17.5,-17,0.07,"2025/05/30 23:00:03"
D,TRADING,INTERCONNECTORRES,2,"2025/05/30 23:05:00",1,NSW1-QLD1,277,-520.5,-526.2,12.55,"2025/05/30 23:00:03"
D,TRADING,INTERCONNECTORRES,2,"2025/05/30 23:05:00",1,T-V-MNSP1,277,-337.6,-430.98,21,"2025/05/30 23:00:03"
D,TRADING,INTERCONNECTORRES,2,"2025/05/30 23:05:00",1,V-S-MNSP1,277,9,9,-0.56,"2025/05/30 23:00:03"
D,TRADING,INTERCONNECTORRES,2,"2025/05/30 23:05:00",1,V-SA,277,-275.35,-296.41,7.97,"2025/05/30 23:00:03"
D,TRADING,INTERCONNECTORRES,2,"2025/05/30 23:05:00",1,VIC1-NSW1,277,481.07,448.79,26.24,"2025/05/30 23:00:03"
I,TRADING,PRICE,3,SETTLEMENTDATE,RUNNO,REGIONID,PERIODID,RRP,EEP,INVALIDFLAG,LASTCHANGED,ROP,RAISE6SECRRP,RAISE6SECROP,RAISE60SECRRP,RAISE60SECROP,RAISE5MINRRP,RAISE5MINROP,RAISEREGRRP,RAISEREGROP,LOWER6SECRRP,LOWER6SECROP,LOWER60SECRRP,LOWER60SECROP,LOWER5MINRRP,LOWER5MINROP,LOWERREGRRP,LOWERREGROP,RAISE1SECRRP,RAISE1SECROP,LOWER1SECRRP,LOWER1SECROP,PRICE_STATUS
D,TRADING,PRICE,3,"2025/05/30 23:05:00",1,SA1,277,130.98,0,0,"2025/05/30 23:00:03",130.98,0.38,0.38,0.38,0.38,0.36,0.36,5.46,5.46,0.1,0.1,0.38,0.38,0.01,0.01,0.94,0.94,0.89,0.89,0,0,FIRM
D,TRADING,PRICE,3,"2025/05/30 23:05:00",1,NSW1,277,153.5,0,0,"2025/05/30 23:00:03",153.5,0.38,0.38,0.38,0.38,0.36,0.36,5.46,5.46,0.1,0.1,0.38,0.38,0.01,0.01,0.94,0.94,0.89,0.89,0,0,FIRM
D,TRADING,PRICE,3,"2025/05/30 23:05:00",1,QLD1,277,143.3,0,0,"2025/05/30 23:00:03",143.3,0.38,0.38,0.38,0.38,0.36,0.36,5.46,5.46,0.1,0.1,0.38,0.38,0.01,0.01,0.94,0.94,0.89,0.89,0,0,FIRM
D,TRADING,PRICE,3,"2025/05/30 23:05:00",1,TAS1,277,150.24,0,0,"2025/05/30 23:00:03",150.24,0.38,0.38,0.38,0.38,0.36,0.36,7.24,7.24,0.1,0.1,0.38,0.38,0.01,0.01,3.48,3.48,0.89,0.89,0,0,FIRM
D,TRADING,PRICE,3,"2025/05/30 23:05:00",1,VIC1,277,139.34,0,0,"2025/05/30 23:00:03",139.34,0.38,0.38,0.38,0.38,0.36,0.36,5.46,5.46,0.1,0.1,0.38,0.38,0.01,0.01,0.94,0.94,0.89,0.89,0,0,FIRM
C,"END OF REPORT",15
