C,NEMP.WORLD,TRADINGIS,AEMO,PUBLIC,2025/06/01,02:40:11,0000000465756987,TRADINGIS,0000000465756986
I,TRADING,INTERCONNECTORRES,2,SETTLEMENTDATE,RUNNO,INTERCONNECTORID,PERIODID,METEREDMWFLOW,MWFLOW,MWLOSSES,LASTCHANGED
D,TRADING,INTERCONNECTORRES,2,"2025/06/01 02:45:00",1,N-Q-MNSP1,33,-17.6,-17,0.07,"2025/06/01 02:40:04"
D,TRADING,INTERCONNECTORRES,2,"2025/06/01 02:45:00",1,NSW1-QLD1,33,-173.1,-256.45,6.97,"2025/06/01 02:40:04"
D,TRADING,INTERCONNECTORRES,2,"2025/06/01 02:45:00",1,T-V-MNSP1,33,-476.8,-478,25.62,"2025/06/01 02:40:04"
D,TRADING,INTERCONNECTORRES,2,"2025/06/01 02:45:00",1,V-S-MNSP1,33,26,22.32,-1.02,"2025/06/01 02:40:04"
D,TRADING,INTERCONNECTORRES,2,"2025/06/01 02:45:00",1,V-SA,33,-45.04,-49.29,-0.15,"2025/06/01 02:40:04"
D,TRADING,INTERCONNECTORRES,2,"2025/06/01 02:45:00",1,VIC1-NSW1,33,444.66,477.87,33.84,"2025/06/01 02:40:04"
I,TRADING,PRICE,3,SETTLEMENTDATE,RUNNO,REGIONID,PERIODID,RRP,EEP,INVALIDFLAG,LASTCHANGED,ROP,RAISE6SECRRP,RAISE6SECROP,RAISE60SECRRP,RAISE60SECROP,RAISE5MINRRP,RAISE5MINROP,RAISEREGRRP,RAISEREGROP,LOWER6SECRRP,LOWER6SECROP,LOWER60SECRRP,LOWER60SECROP,LOWER5MINRRP,LOWER5MINROP,LOWERREGRRP,LOWERREGROP,RAISE1SECRRP,RAISE1SECROP,LOWER1SECRRP,LOWER1SECROP,PRICE_STATUS
D,TRADING,PRICE,3,"2025/06/01 02:45:00",1,SA1,33,66.55,0,0,"2025/06/01 02:40:04",66.55,0.38,0.38,0.15,0.15,0.36,0.36,11.68,11.68,0.2,0.2,0.38,0.38,0.38,0.38,3.99,3.99,0.94,0.94,0.01,0.01,FIRM
D,TRADING,PRICE,3,"2025/06/01 02:45:00",1,NSW1,33,76.02,0,0,"2025/06/01 02:40:04",76.02,0.38,0.38,0.15,0.15,0.36,0.36,11.68,11.68,0.2,0.2,0.38,0.38,0.38,0.38,3.99,3.99,0.94,0.94,0.01,0.01,FIRM
D,TRADING,PRICE,3,"2025/06/01 02:45:00",1,QLD1,33,72.07,0,0,"2025/06/01 02:40:04",72.07,0.38,0.38,0.15,0.15,0.36,0.36,11.68,11.68,0.2,0.2,0.38,0.38,0.38,0.38,3.99,3.99,0.94,0.94,0.01,0.01,FIRM
D,TRADING,PRICE,3,"2025/06/01 02:45:00",1,TAS1,33,120.23,0,0,"2025/06/01 02:40:04",120.23,0.38,0.38,0.38,0.38,0.36,0.36,6.18,6.18,0.2,0.2,0.38,0.38,0,0,2.55,2.55,0.94,0.94,0,0,FIRM
D,TRADING,PRICE,3,"2025/06/01 02:45:00",1,VIC1,33,65.43,0,0,"2025/06/01 02:40:04",65.43,0.38,0.38,0.15,0.15,0.36,0.36,11.68,11.68,0.2,0.2,0.38,0.38,0.38,0.38,3.99,3.99,0.94,0.94,0.01,0.01,FIRM
C,"END OF REPORT",15
