C,NEMP.WORLD,TRADINGIS,AEMO,PUBLIC,2025/05/26,18:15:12,0000000464983134,TRADINGIS,0000000464983133
I,TRADING,INTERCONNECTORRES,2,SETTLEMENTDATE,RUNNO,INTERCONNECTORID,PERIODID,METEREDMWFLOW,MWFLOW,MWLOSSES,LASTCHANGED
D,TRADING,INTERCONNECTORRES,2,"2025/05/26 18:20:00",1,N-Q-MNSP1,220,9,9,0.6,"2025/05/26 18:15:04"
D,TRADING,INTERCONNECTORRES,2,"2025/05/26 18:20:00",1,NSW1-QLD1,220,-27.4,119.25,10.09,"2025/05/26 18:15:04"
D,TRADING,INTERCONNECTORRES,2,"2025/05/26 18:20:00",1,T-V-MNSP1,220,-458.4,-457.89,23.59,"2025/05/26 18:15:04"
D,TRADING,INTERCONNECTORRES,2,"2025/05/26 18:20:00",1,V-S-MNSP1,220,-59,-89.92,16.37,"2025/05/26 18:15:04"
D,TRADING,INTERCONNECTORRES,2,"2025/05/26 18:20:00",1,V-SA,220,90.09,111.42,4.78,"2025/05/26 18:15:04"
D,TRADING,INTERCONNECTORRES,2,"2025/05/26 18:20:00",1,VIC1-NSW1,220,-209.04,-77.9,1.57,"2025/05/26 18:15:04"
I,TRADING,PRICE,3,SETTLEMENTDATE,RUNNO,REGIONID,PERIODID,RRP,EEP,INVALIDFLAG,LASTCHANGED,ROP,RAISE6SECRRP,RAISE6SECROP,RAISE60SECRRP,RAISE60SECROP,RAISE5MINRRP,RAISE5MINROP,RAISEREGRRP,RAISEREGROP,LOWER6SECRRP,LOWER6SECROP,LOWER60SECRRP,LOWER60SECROP,LOWER5MINRRP,LOWER5MINROP,LOWERREGRRP,LOWERREGROP,RAISE1SECRRP,RAISE1SECROP,LOWER1SECRRP,LOWER1SECROP,PRICE_STATUS
D,TRADING,PRICE,3,"2025/05/26 18:20:00",1,SA1,220,0.01,0,0,"2025/05/26 18:15:04",0.01,0.38,0.38,0.15,0.15,0.32,0.32,3,3,0.37,0.37,0.38,0.38,0,0,0,0,0.86,0.86,0,0,FIRM
D,TRADING,PRICE,3,"2025/05/26 18:20:00",1,NSW1,220,91.48,0,0,"2025/05/26 18:15:04",91.48,0.38,0.38,0.15,0.15,0.32,0.32,3,3,0.37,0.37,0.38,0.38,0,0,0,0,0.86,0.86,0,0,FIRM
D,TRADING,PRICE,3,"2025/05/26 18:20:00",1,QLD1,220,100.83,0,0,"2025/05/26 18:15:04",100.83,0.38,0.38,0.15,0.15,0.32,0.32,3,3,0.37,0.37,0.38,0.38,0,0,0,0,0.86,0.86,0,0,FIRM
D,TRADING,PRICE,3,"2025/05/26 18:20:00",1,TAS1,220,55.24,0,0,"2025/05/26 18:15:04",55.24,0.38,0.38,0.38,0.38,0.36,0.36,8.8,8.8,0.37,0.37,0.38,0.38,0,0,2.55,2.55,0.86,0.86,0,0,FIRM
D,TRADING,PRICE,3,"2025/05/26 18:20:00",1,VIC1,220,0.01,0,0,"2025/05/26 18:15:04",0.01,0.38,0.38,0.15,0.15,0.32,0.32,3,3,0.37,0.37,0.38,0.38,0,0,0,0,0.86,0.86,0,0,FIRM
C,"END OF REPORT",15
