C,NEMP.WORLD,TRADINGIS,AEMO,PUBLIC,2025/05/29,01:00:14,0000000465318564,TRADINGIS,0000000465318563
I,TRADING,INTERCONNECTORRES,2,SETTLEMENTDATE,RUNNO,INTERCONNECTORID,PERIODID,METEREDMWFLOW,MWFLOW,MWLOSSES,LASTCHANGED
D,TRADING,INTERCONNECTORRES,2,"2025/05/29 01:05:00",1,N-Q-MNSP1,13,-18.9,-17,0.07,"2025/05/29 01:00:04"
D,TRADING,INTERCONNECTORRES,2,"2025/05/29 01:05:00",1,NSW1-QLD1,13,-374.2,-405.65,12.52,"2025/05/29 01:00:04"
D,TRADING,INTERCONNECTORRES,2,"2025/05/29 01:05:00",1,T-V-MNSP1,13,-416.9,-438,21.66,"2025/05/29 01:00:04"
D,TRADING,INTERCONNECTORRES,2,"2025/05/29 01:05:00",1,V-S-MNSP1,13,72,72,0.95,"2025/05/29 01:00:04"
D,TRADING,INTERCONNECTORRES,2,"2025/05/29 01:05:00",1,V-SA,13,374.1,352.92,19.02,"2025/05/29 01:00:04"
D,TRADING,INTERCONNECTORRES,2,"2025/05/29 01:05:00",1,VIC1-NSW1,13,316.41,263.15,11.87,"2025/05/29 01:00:04"
I,TRADING,PRICE,3,SETTLEMENTDATE,RUNNO,REGIONID,PERIODID,RRP,EEP,INVALIDFLAG,LASTCHANGED,ROP,RAISE6SECRRP,RAISE6SECROP,RAISE60SECRRP,RAISE60SECROP,RAISE5MINRRP,RAISE5MINROP,RAISEREGRRP,RAISEREGROP,LOWER6SECRRP,LOWER6SECROP,LOWER60SECRRP,LOWER60SECROP,LOWER5MINRRP,LOWER5MINROP,LOWERREGRRP,LOWERREGROP,RAISE1SECRRP,RAISE1SECROP,LOWER1SECRRP,LOWER1SECROP,PRICE_STATUS
D,TRADING,PRICE,3,"2025/05/29 01:05:00",1,SA1,13,79.86,0,0,"2025/05/29 01:00:04",79.86,0.23,0.23,0.1,0.1,0.1,0.1,5.99,5.99,0.39,0.39,1,1,0,0,0,0,0.37,0.37,0,0,FIRM
D,TRADING,PRICE,3,"2025/05/29 01:05:00",1,NSW1,13,77.89,0,0,"2025/05/29 01:00:04",77.89,0.23,0.23,0.1,0.1,0.1,0.1,5.99,5.99,0.39,0.39,1,1,0,0,0,0,0.37,0.37,0,0,FIRM
D,TRADING,PRICE,3,"2025/05/29 01:05:00",1,QLD1,13,72.75,0,0,"2025/05/29 01:00:04",72.75,0.23,0.23,0.1,0.1,0.1,0.1,5.99,5.99,0.39,0.39,1,1,0,0,0,0,0.37,0.37,0,0,FIRM
D,TRADING,PRICE,3,"2025/05/29 01:05:00",1,TAS1,13,100.24,0,0,"2025/05/29 01:00:04",100.24,0.38,0.38,0.38,0.38,0.38,0.38,8.4,8.4,0.38,0.38,0.38,0.38,0,0,2.48,2.48,0.37,0.37,0,0,FIRM
D,TRADING,PRICE,3,"2025/05/29 01:05:00",1,VIC1,13,72.84,0,0,"2025/05/29 01:00:04",72.84,0.23,0.23,0.1,0.1,0.1,0.1,5.99,5.99,0.39,0.39,1,1,0,0,0,0,0.37,0.37,0,0,FIRM
C,"END OF REPORT",15
