C,NEMP.WORLD,TRADINGIS,AEMO,PUBLIC,2025/05/28,08:25:11,0000000465217717,TRADINGIS,0000000465217716
I,TRADING,INTERCONNECTORRES,2,SETTLEMENTDATE,RUNNO,INTERCONNECTORID,PERIODID,METEREDMWFLOW,MWFLOW,MWLOSSES,LASTCHANGED
D,TRADING,INTERCONNECTORRES,2,"2025/05/28 08:30:00",1,N-Q-MNSP1,102,63.8,88.2,25.11,"2025/05/28 08:25:04"
D,TRADING,INTERCONNECTORRES,2,"2025/05/28 08:30:00",1,NSW1-QLD1,102,-564.5,-521.09,16.7,"2025/05/28 08:25:04"
D,TRADING,INTERCONNECTORRES,2,"2025/05/28 08:30:00",1,T-V-MNSP1,102,-444.4,-431.99,21.09,"2025/05/28 08:25:04"
D,TRADING,INTERCONNECTORRES,2,"2025/05/28 08:30:00",1,V-S-MNSP1,102,81,160,19.1,"2025/05/28 08:25:04"
D,TRADING,INTERCONNECTORRES,2,"2025/05/28 08:30:00",1,V-SA,102,592.3,558.46,39.28,"2025/05/28 08:25:04"
D,TRADING,INTERCONNECTORRES,2,"2025/05/28 08:30:00",1,VIC1-NSW1,102,-500.8,-372.12,8.6,"2025/05/28 08:25:04"
I,TRADING,PRICE,3,SETTLEMENTDATE,RUNNO,REGIONID,PERIODID,RRP,EEP,INVALIDFLAG,LASTCHANGED,ROP,RAISE6SECRRP,RAISE6SECROP,RAISE60SECRRP,RAISE60SECROP,RAISE5MINRRP,RAISE5MINROP,RAISEREGRRP,RAISEREGROP,LOWER6SECRRP,LOWER6SECROP,LOWER60SECRRP,LOWER60SECROP,LOWER5MINRRP,LOWER5MINROP,LOWERREGRRP,LOWERREGROP,RAISE1SECRRP,RAISE1SECROP,LOWER1SECRRP,LOWER1SECROP,PRICE_STATUS
D,TRADING,PRICE,3,"2025/05/28 08:30:00",1,SA1,102,138,0,0,"2025/05/28 08:25:04",138,0.37,0.37,0.15,0.15,0.1,0.1,0.1,0.1,0.38,0.38,0.45,0.45,0.1,0.1,3.75,3.75,0.38,0.38,0,0,FIRM
D,TRADING,PRICE,3,"2025/05/28 08:30:00",1,NSW1,102,-17.01,0,0,"2025/05/28 08:25:04",-17.01,0.37,0.37,0.15,0.15,0.1,0.1,0.1,0.1,0.38,0.38,0.45,0.45,0.1,0.1,3.75,3.75,0.38,0.38,0,0,FIRM
D,TRADING,PRICE,3,"2025/05/28 08:30:00",1,QLD1,102,-19.36,0,0,"2025/05/28 08:25:04",-19.36,0.37,0.37,0.15,0.15,0.1,0.1,0.1,0.1,2.72,2.72,1.83,1.83,0.1,0.1,3.75,3.75,0.38,0.38,0,0,FIRM
D,TRADING,PRICE,3,"2025/05/28 08:30:00",1,TAS1,102,149.28,0,0,"2025/05/28 08:25:04",149.28,0.38,0.38,0.38,0.38,0.1,0.1,8.4,8.4,0.38,0.38,0.38,0.38,0.1,0.1,2.48,2.48,0.38,0.38,0,0,FIRM
D,TRADING,PRICE,3,"2025/05/28 08:30:00",1,VIC1,102,103.22,0,0,"2025/05/28 08:25:04",103.22,0.37,0.37,0.15,0.15,0.1,0.1,0.1,0.1,0.38,0.38,0.45,0.45,0.1,0.1,3.75,3.75,0.38,0.38,0,0,FIRM
C,"END OF REPORT",15
