C,NEMP.WORLD,TRADINGIS,AEMO,PUBLIC,2025/05/28,16:55:10,0000000465271099,TRADINGIS,0000000465271098
I,TRADING,INTERCONNECTORRES,2,SETTLEMENTDATE,RUNNO,INTERCONNECTORID,PERIODID,METEREDMWFLOW,MWFLOW,MWLOSSES,LASTCHANGED
D,TRADING,INTERCONNECTORRES,2,"2025/05/28 17:00:00",1,N-Q-MNSP1,204,-26,-25,0.65,"2025/05/28 16:55:03"
D,TRADING,INTERCONNECTORRES,2,"2025/05/28 17:00:00",1,NSW1-QLD1,204,-793.2,-898.9,22.82,"2025/05/28 16:55:03"
D,TRADING,INTERCONNECTORRES,2,"2025/05/28 17:00:00",1,T-V-MNSP1,204,100.7,262.54,6.14,"2025/05/28 16:55:03"
D,TRADING,INTERCONNECTORRES,2,"2025/05/28 17:00:00",1,V-S-MNSP1,204,36,53.03,-0.5,"2025/05/28 16:55:03"
D,TRADING,INTERCONNECTORRES,2,"2025/05/28 17:00:00",1,V-SA,204,160.32,255,4.36,"2025/05/28 16:55:03"
D,TRADING,INTERCONNECTORRES,2,"2025/05/28 17:00:00",1,VIC1-NSW1,204,-201.99,-101.99,-1.38,"2025/05/28 16:55:03"
I,TRADING,PRICE,3,SETTLEMENTDATE,RUNNO,REGIONID,PERIODID,RRP,EEP,INVALIDFLAG,LASTCHANGED,ROP,RAISE6SECRRP,RAISE6SECROP,RAISE60SECRRP,RAISE60SECROP,RAISE5MINRRP,RAISE5MINROP,RAISEREGRRP,RAISEREGROP,LOWER6SECRRP,LOWER6SECROP,LOWER60SECRRP,LOWER60SECROP,LOWER5MINRRP,LOWER5MINROP,LOWERREGRRP,LOWERREGROP,RAISE1SECRRP,RAISE1SECROP,LOWER1SECRRP,LOWER1SECROP,PRICE_STATUS
D,TRADING,PRICE,3,"2025/05/28 17:00:00",1,SA1,204,178.12,0,0,"2025/05/28 16:55:03",178.12,4.89,4.89,0.38,0.38,0.38,0.38,5.98,5.98,0,0,0,0,0.01,0.01,0.93,0.93,0.81,0.81,0,0,FIRM
D,TRADING,PRICE,3,"2025/05/28 17:00:00",1,NSW1,204,11859.08,0,0,"2025/05/28 16:55:03",11859.08,4.89,4.89,0.38,0.38,0.38,0.38,5.98,5.98,0,0,0,0,0.01,0.01,0.93,0.93,0.81,0.81,0,0,FIRM
D,TRADING,PRICE,3,"2025/05/28 17:00:00",1,QLD1,204,133.98,0,0,"2025/05/28 16:55:03",133.98,4.89,4.89,0.38,0.38,0.38,0.38,5.98,5.98,9999,9999,888,888,61.58,61.58,62.5,62.5,0.81,0.81,0,0,FIRM
D,TRADING,PRICE,3,"2025/05/28 17:00:00",1,TAS1,204,158.28,0,0,"2025/05/28 16:55:03",158.28,4.89,4.89,0.38,0.38,0.38,0.38,6.4,6.4,0,0,0,0,0.01,0.01,4.48,4.48,0.81,0.81,0,0,FIRM
D,TRADING,PRICE,3,"2025/05/28 17:00:00",1,VIC1,204,170.23,0,0,"2025/05/28 16:55:03",170.23,4.89,4.89,0.38,0.38,0.38,0.38,5.98,5.98,0,0,0,0,0.01,0.01,0.93,0.93,0.81,0.81,0,0,FIRM
C,"END OF REPORT",15
