C,NEMP.WORLD,TRADINGIS,AEMO,PUBLIC,2025/05/28,09:25:10,0000000465223566,TRADINGIS,0000000465223565
I,TRADING,INTERCONNECTORRES,2,SETTLEMENTDATE,RUNNO,INTERCONNECTORID,PERIODID,METEREDMWFLOW,MWFLOW,MWLOSSES,LASTCHANGED
D,TRADING,INTERCONNECTORRES,2,"2025/05/28 09:30:00",1,N-Q-MNSP1,114,-16.4,-17,0.07,"2025/05/28 09:25:03"
D,TRADING,INTERCONNECTORRES,2,"2025/05/28 09:30:00",1,NSW1-QLD1,114,-447.3,-382.07,14.44,"2025/05/28 09:25:03"
D,TRADING,INTERCONNECTORRES,2,"2025/05/28 09:30:00",1,T-V-MNSP1,114,-410.2,-433.03,21.19,"2025/05/28 09:25:03"
D,TRADING,INTERCONNECTORRES,2,"2025/05/28 09:30:00",1,V-S-MNSP1,114,72,72,0.95,"2025/05/28 09:25:03"
D,TRADING,INTERCONNECTORRES,2,"2025/05/28 09:30:00",1,V-SA,114,481.24,492.94,26.67,"2025/05/28 09:25:03"
D,TRADING,INTERCONNECTORRES,2,"2025/05/28 09:30:00",1,VIC1-NSW1,114,-343.66,-301.78,1.34,"2025/05/28 09:25:03"
I,TRADING,PRICE,3,SETTLEMENTDATE,RUNNO,REGIONID,PERIODID,RRP,EEP,INVALIDFLAG,LASTCHANGED,ROP,RAISE6SECRRP,RAISE6SECROP,RAISE60SECRRP,RAISE60SECROP,RAISE5MINRRP,RAISE5MINROP,RAISEREGRRP,RAISEREGROP,LOWER6SECRRP,LOWER6SECROP,LOWER60SECRRP,LOWER60SECROP,LOWER5MINRRP,LOWER5MINROP,LOWERREGRRP,LOWERREGROP,RAISE1SECRRP,RAISE1SECROP,LOWER1SECRRP,LOWER1SECROP,PRICE_STATUS
D,TRADING,PRICE,3,"2025/05/28 09:30:00",1,SA1,114,93.02,0,0,"2025/05/28 09:25:03",93.02,0.23,0.23,0.1,0.1,0.1,0.1,11.68,11.68,0,0,0.37,0.37,0.1,0.1,2,2,0.36,0.36,0,0,FIRM
D,TRADING,PRICE,3,"2025/05/28 09:30:00",1,NSW1,114,18.56,0,0,"2025/05/28 09:25:03",18.56,0.23,0.23,0.1,0.1,0.1,0.1,11.68,11.68,0,0,0.37,0.37,0.1,0.1,2,2,0.36,0.36,0,0,FIRM
D,TRADING,PRICE,3,"2025/05/28 09:30:00",1,QLD1,114,-21.5,0,0,"2025/05/28 09:25:03",-21.5,0.23,0.23,0.1,0.1,0.1,0.1,11.68,11.68,7.89,7.89,32,32,0.38,0.38,2.28,2.28,0.36,0.36,0,0,FIRM
D,TRADING,PRICE,3,"2025/05/28 09:30:00",1,TAS1,114,100.14,0,0,"2025/05/28 09:25:03",100.14,0.38,0.38,0.38,0.38,0.1,0.1,6.46,6.46,0,0,0.37,0.37,0,0,2.48,2.48,0.36,0.36,0,0,FIRM
D,TRADING,PRICE,3,"2025/05/28 09:30:00",1,VIC1,114,83.58,0,0,"2025/05/28 09:25:03",83.58,0.23,0.23,0.1,0.1,0.1,0.1,11.68,11.68,0,0,0.37,0.37,0.1,0.1,2,2,0.36,0.36,0,0,FIRM
C,"END OF REPORT",15
