C,NEMP.WORLD,TRADINGIS,AEMO,PUBLIC,2025/05/27,17:20:11,0000000465128477,TRADINGIS,0000000465128476
I,TRADING,INTERCONNECTORRES,2,SETTLEMENTDATE,RUNNO,INTERCONNECTORID,PERIODID,METEREDMWFLOW,MWFLOW,MWLOSSES,LASTCHANGED
D,TRADING,INTERCONNECTORRES,2,"2025/05/27 17:25:00",1,N-Q-MNSP1,209,7.7,0,0,"2025/05/27 17:20:03"
D,TRADING,INTERCONNECTORRES,2,"2025/05/27 17:25:00",1,NSW1-QLD1,209,20.9,-60.19,-4.05,"2025/05/27 17:20:03"
D,TRADING,INTERCONNECTORRES,2,"2025/05/27 17:25:00",1,T-V-MNSP1,209,-435.2,-478,25.62,"2025/05/27 17:20:03"
D,TRADING,INTERCONNECTORRES,2,"2025/05/27 17:25:00",1,V-S-MNSP1,209,27,27,-1.11,"2025/05/27 17:20:03"
D,TRADING,INTERCONNECTORRES,2,"2025/05/27 17:25:00",1,V-SA,209,-146.56,-27,0.35,"2025/05/27 17:20:03"
D,TRADING,INTERCONNECTORRES,2,"2025/05/27 17:25:00",1,VIC1-NSW1,209,144.41,141.73,3.87,"2025/05/27 17:20:03"
I,TRADING,PRICE,3,SETTLEMENTDATE,RUNNO,REGIONID,PERIODID,RRP,EEP,INVALIDFLAG,LASTCHANGED,ROP,RAISE6SECRRP,RAISE6SECROP,RAISE60SECRRP,RAISE60SECROP,RAISE5MINRRP,RAISE5MINROP,RAISEREGRRP,RAISEREGROP,LOWER6SECRRP,LOWER6SECROP,LOWER60SECRRP,LOWER60SECROP,LOWER5MINRRP,LOWER5MINROP,LOWERREGRRP,LOWERREGROP,RAISE1SECRRP,RAISE1SECROP,LOWER1SECRRP,LOWER1SECROP,PRICE_STATUS
D,TRADING,PRICE,3,"2025/05/27 17:25:00",1,SA1,209,175.98,0,0,"2025/05/27 17:20:03",175.98,0.37,0.37,0.36,0.36,0.32,0.32,12,12,0.1,0.1,0.39,0.39,0.01,0.01,0.01,0.01,0.37,0.37,0,0,FIRM
D,TRADING,PRICE,3,"2025/05/27 17:25:00",1,NSW1,209,93.45,0,0,"2025/05/27 17:20:03",93.45,0.37,0.37,0.36,0.36,0.32,0.32,12,12,0.1,0.1,0.39,0.39,0.01,0.01,0.01,0.01,0.37,0.37,0,0,FIRM
D,TRADING,PRICE,3,"2025/05/27 17:25:00",1,QLD1,209,99.22,0,0,"2025/05/27 17:20:03",99.22,0.37,0.37,0.36,0.36,0.32,0.32,12,12,0.1,0.1,0.39,0.39,0.01,0.01,0.01,0.01,0.37,0.37,0,0,FIRM
D,TRADING,PRICE,3,"2025/05/27 17:25:00",1,TAS1,209,150.24,0,0,"2025/05/27 17:20:03",150.24,0.38,0.38,0.38,0.38,0.38,0.38,8.4,8.4,0.1,0.1,0.38,0.38,0,0,2.48,2.48,0.37,0.37,0,0,FIRM
D,TRADING,PRICE,3,"2025/05/27 17:25:00",1,VIC1,209,81.12,0,0,"2025/05/27 17:20:03",81.12,0.37,0.37,0.36,0.36,0.32,0.32,12,12,0.1,0.1,0.39,0.39,0.01,0.01,0.01,0.01,0.37,0.37,0,0,FIRM
C,"END OF REPORT",15
