C,NEMP.WORLD,TRADINGIS,AEMO,PUBLIC,2025/05/28,12:10:14,0000000465241303,TRADINGIS,0000000465241302
I,TRADING,INTERCONNECTORRES,2,SETTLEMENTDATE,RUNNO,INTERCONNECTORID,PERIODID,METEREDMWFLOW,MWFLOW,MWLOSSES,LASTCHANGED
D,TRADING,INTERCONNECTORRES,2,"2025/05/28 12:15:00",1,N-Q-MNSP1,147,96.9,96.63,29.73,"2025/05/28 12:10:07"
D,TRADING,INTERCONNECTORRES,2,"2025/05/28 12:15:00",1,NSW1-QLD1,147,-309.8,-415.2,24.11,"2025/05/28 12:10:07"
D,TRADING,INTERCONNECTORRES,2,"2025/05/28 12:15:00",1,T-V-MNSP1,147,-410.2,-408.77,18.97,"2025/05/28 12:10:07"
D,TRADING,INTERCONNECTORRES,2,"2025/05/28 12:15:00",1,V-S-MNSP1,147,154,127.22,10.16,"2025/05/28 12:10:07"
D,TRADING,INTERCONNECTORRES,2,"2025/05/28 12:15:00",1,V-SA,147,584.14,598.66,33.59,"2025/05/28 12:10:07"
D,TRADING,INTERCONNECTORRES,2,"2025/05/28 12:15:00",1,VIC1-NSW1,147,-186.31,-154.98,-4.59,"2025/05/28 12:10:07"
I,TRADING,PRICE,3,SETTLEMENTDATE,RUNNO,REGIONID,PERIODID,RRP,EEP,INVALIDFLAG,LASTCHANGED,ROP,RAISE6SECRRP,RAISE6SECROP,RAISE60SECRRP,RAISE60SECROP,RAISE5MINRRP,RAISE5MINROP,RAISEREGRRP,RAISEREGROP,LOWER6SECRRP,LOWER6SECROP,LOWER60SECRRP,LOWER60SECROP,LOWER5MINRRP,LOWER5MINROP,LOWERREGRRP,LOWERREGROP,RAISE1SECRRP,RAISE1SECROP,LOWER1SECRRP,LOWER1SECROP,PRICE_STATUS
D,TRADING,PRICE,3,"2025/05/28 12:15:00",1,SA1,147,2.56,0,0,"2025/05/28 12:10:07",2.56,0.23,0.23,0.15,0.15,0.1,0.1,6.4,6.4,0.01,0.01,0.38,0.38,0.1,0.1,0.1,0.1,0.04,0.04,0.04,0.04,FIRM
D,TRADING,PRICE,3,"2025/05/28 12:15:00",1,NSW1,147,-21.47,0,0,"2025/05/28 12:10:07",-21.47,0.23,0.23,0.15,0.15,0.1,0.1,6.4,6.4,0.01,0.01,0.38,0.38,0.1,0.1,0.1,0.1,0.04,0.04,0.04,0.04,FIRM
D,TRADING,PRICE,3,"2025/05/28 12:15:00",1,QLD1,147,-33.1,0,0,"2025/05/28 12:10:07",-33.1,0.23,0.23,0.15,0.15,0.1,0.1,6.4,6.4,8.54,8.54,5.62,5.62,0.38,0.38,0.38,0.38,0.04,0.04,0.04,0.04,FIRM
D,TRADING,PRICE,3,"2025/05/28 12:15:00",1,TAS1,147,35.08,0,0,"2025/05/28 12:10:07",35.08,0.38,0.38,0.38,0.38,0.1,0.1,6.4,6.4,0.01,0.01,0.38,0.38,0.1,0.1,2.52,2.52,0.04,0.04,0.04,0.04,FIRM
D,TRADING,PRICE,3,"2025/05/28 12:15:00",1,VIC1,147,2.03,0,0,"2025/05/28 12:10:07",2.03,0.23,0.23,0.15,0.15,0.1,0.1,6.4,6.4,0.01,0.01,0.38,0.38,0.1,0.1,0.1,0.1,0.04,0.04,0.04,0.04,FIRM
C,"END OF REPORT",15
