C,NEMP.WORLD,TRADINGIS,AEMO,PUBLIC,2025/05/27,04:00:15,0000000465042358,TRADINGIS,0000000465042357
I,TRADING,INTERCONNECTORRES,2,SETTLEMENTDATE,RUNNO,INTERCONNECTORID,PERIODID,METEREDMWFLOW,MWFLOW,MWLOSSES,LASTCHANGED
D,TRADING,INTERCONNECTORRES,2,"2025/05/27 04:05:00",1,N-Q-MNSP1,49,8.9,9,0.6,"2025/05/27 04:00:08"
D,TRADING,INTERCONNECTORRES,2,"2025/05/27 04:05:00",1,NSW1-QLD1,49,435.5,527.4,23.69,"2025/05/27 04:00:08"
D,TRADING,INTERCONNECTORRES,2,"2025/05/27 04:05:00",1,T-V-MNSP1,49,-448.1,-459.54,23.75,"2025/05/27 04:00:08"
D,TRADING,INTERCONNECTORRES,2,"2025/05/27 04:05:00",1,V-S-MNSP1,49,-146,-146.92,36.85,"2025/05/27 04:00:08"
D,TRADING,INTERCONNECTORRES,2,"2025/05/27 04:05:00",1,V-SA,49,-364.99,-273.75,3.91,"2025/05/27 04:00:08"
D,TRADING,INTERCONNECTORRES,2,"2025/05/27 04:05:00",1,VIC1-NSW1,49,877.84,943.03,97.98,"2025/05/27 04:00:08"
I,TRADING,PRICE,3,SETTLEMENTDATE,RUNNO,REGIONID,PERIODID,RRP,EEP,INVALIDFLAG,LASTCHANGED,ROP,RAISE6SECRRP,RAISE6SECROP,RAISE60SECRRP,RAISE60SECROP,RAISE5MINRRP,RAISE5MINROP,RAISEREGRRP,RAISEREGROP,LOWER6SECRRP,LOWER6SECROP,LOWER60SECRRP,LOWER60SECROP,LOWER5MINRRP,LOWER5MINROP,LOWERREGRRP,LOWERREGROP,RAISE1SECRRP,RAISE1SECROP,LOWER1SECRRP,LOWER1SECROP,PRICE_STATUS
D,TRADING,PRICE,3,"2025/05/27 04:05:00",1,SA1,49,-18,0,0,"2025/05/27 04:00:08",-18,0.17,0.17,0.1,0.1,0.1,0.1,11,11,0.5,0.5,1.63,1.63,0.39,0.39,3.59,3.59,0.38,0.38,0,0,FIRM
D,TRADING,PRICE,3,"2025/05/27 04:05:00",1,NSW1,49,46.19,0,0,"2025/05/27 04:00:08",46.19,0.17,0.17,0.1,0.1,0.1,0.1,11,11,0.5,0.5,1.63,1.63,0.39,0.39,3.59,3.59,0.38,0.38,0,0,FIRM
D,TRADING,PRICE,3,"2025/05/27 04:05:00",1,QLD1,49,50.75,0,0,"2025/05/27 04:00:08",50.75,0.17,0.17,0.1,0.1,0.1,0.1,11,11,0.5,0.5,1.63,1.63,0.39,0.39,3.59,3.59,0.38,0.38,0,0,FIRM
D,TRADING,PRICE,3,"2025/05/27 04:05:00",1,TAS1,49,11.25,0,0,"2025/05/27 04:00:08",11.25,0.38,0.38,0.38,0.38,0.1,0.1,6.6,6.6,0.38,0.38,1.37,1.37,0,0,3.48,3.48,0.38,0.38,0,0,FIRM
D,TRADING,PRICE,3,"2025/05/27 04:05:00",1,VIC1,49,-18.88,0,0,"2025/05/27 04:00:08",-18.88,0.17,0.17,0.1,0.1,0.1,0.1,11,11,0.5,0.5,1.63,1.63,0.39,0.39,3.59,3.59,0.38,0.38,0,0,FIRM
C,"END OF REPORT",15
