C,NEMP.WORLD,TRADINGIS,AEMO,PUBLIC,2025/05/29,01:55:10,0000000465323825,TRADINGIS,0000000465323824
I,TRADING,INTERCONNECTORRES,2,SETTLEMENTDATE,RUNNO,INTERCONNECTORID,PERIODID,METEREDMWFLOW,MWFLOW,MWLOSSES,LASTCHANGED
D,TRADING,INTERCONNECTORRES,2,"2025/05/29 02:00:00",1,N-Q-MNSP1,24,-21.9,-17,0.07,"2025/05/29 01:55:02"
D,TRADING,INTERCONNECTORRES,2,"2025/05/29 02:00:00",1,NSW1-QLD1,24,-415.8,-410.31,14,"2025/05/29 01:55:02"
D,TRADING,INTERCONNECTORRES,2,"2025/05/29 02:00:00",1,T-V-MNSP1,24,-416.9,-438,21.66,"2025/05/29 01:55:02"
D,TRADING,INTERCONNECTORRES,2,"2025/05/29 02:00:00",1,V-S-MNSP1,24,72,72,0.95,"2025/05/29 01:55:02"
D,TRADING,INTERCONNECTORRES,2,"2025/05/29 02:00:00",1,V-SA,24,386.29,357,20.52,"2025/05/29 01:55:02"
D,TRADING,INTERCONNECTORRES,2,"2025/05/29 02:00:00",1,VIC1-NSW1,24,439.26,471.07,29.41,"2025/05/29 01:55:02"
I,TRADING,PRICE,3,SETTLEMENTDATE,RUNNO,REGIONID,PERIODID,RRP,EEP,INVALIDFLAG,LASTCHANGED,ROP,RAISE6SECRRP,RAISE6SECROP,RAISE60SECRRP,RAISE60SECROP,RAISE5MINRRP,RAISE5MINROP,RAISEREGRRP,RAISEREGROP,LOWER6SECRRP,LOWER6SECROP,LOWER60SECRRP,LOWER60SECROP,LOWER5MINRRP,LOWER5MINROP,LOWERREGRRP,LOWERREGROP,RAISE1SECRRP,RAISE1SECROP,LOWER1SECRRP,LOWER1SECROP,PRICE_STATUS
D,TRADING,PRICE,3,"2025/05/29 02:00:00",1,SA1,24,70.44,0,0,"2025/05/29 01:55:02",70.44,0.23,0.23,0.1,0.1,0.04,0.04,0.04,0.04,0.39,0.39,1.44,1.44,0.01,0.01,0.01,0.01,0.37,0.37,0,0,FIRM
D,TRADING,PRICE,3,"2025/05/29 02:00:00",1,NSW1,24,70.67,0,0,"2025/05/29 01:55:02",70.67,0.23,0.23,0.1,0.1,0.04,0.04,0.04,0.04,0.39,0.39,1.44,1.44,0.01,0.01,0.01,0.01,0.37,0.37,0,0,FIRM
D,TRADING,PRICE,3,"2025/05/29 02:00:00",1,QLD1,24,65.81,0,0,"2025/05/29 01:55:02",65.81,0.23,0.23,0.1,0.1,0.04,0.04,0.04,0.04,0.39,0.39,1.44,1.44,0.01,0.01,0.01,0.01,0.37,0.37,0,0,FIRM
D,TRADING,PRICE,3,"2025/05/29 02:00:00",1,TAS1,24,100.24,0,0,"2025/05/29 01:55:02",100.24,0.38,0.38,0.38,0.38,0.38,0.38,8.4,8.4,0.38,0.38,0.38,0.38,0,0,2.48,2.48,0.37,0.37,0,0,FIRM
D,TRADING,PRICE,3,"2025/05/29 02:00:00",1,VIC1,24,64,0,0,"2025/05/29 01:55:02",64,0.23,0.23,0.1,0.1,0.04,0.04,0.04,0.04,0.39,0.39,1.44,1.44,0.01,0.01,0.01,0.01,0.37,0.37,0,0,FIRM
C,"END OF REPORT",15
