C,NEMP.WORLD,TRADINGIS,AEMO,PUBLIC,2025/06/06,22:25:11,0000000466590921,TRADINGIS,0000000466590920
I,TRADING,INTERCONNECTORRES,2,SETTLEMENTDATE,RUNNO,INTERCONNECTORID,PERIODID,METEREDMWFLOW,MWFLOW,MWLOSSES,LASTCHANGED
D,TRADING,INTERCONNECTORRES,2,"2025/06/06 22:30:00",1,N-Q-MNSP1,270,-6.9,-9,-0.16,"2025/06/06 22:25:03"
D,TRADING,INTERCONNECTORRES,2,"2025/06/06 22:30:00",1,NSW1-QLD1,270,-288.1,-266.29,-3.73,"2025/06/06 22:25:03"
D,TRADING,INTERCONNECTORRES,2,"2025/06/06 22:30:00",1,T-V-MNSP1,270,-471.9,-469.52,24.75,"2025/06/06 22:25:03"
D,TRADING,INTERCONNECTORRES,2,"2025/06/06 22:30:00",1,V-S-MNSP1,270,-125,-125,28.04,"2025/06/06 22:25:03"
D,TRADING,INTERCONNECTORRES,2,"2025/06/06 22:30:00",1,V-SA,270,28.14,25.39,0.52,"2025/06/06 22:25:03"
D,TRADING,INTERCONNECTORRES,2,"2025/06/06 22:30:00",1,VIC1-NSW1,270,532.9,575.84,31.41,"2025/06/06 22:25:03"
I,TRADING,PRICE,3,SETTLEMENTDATE,RUNNO,REGIONID,PERIODID,RRP,EEP,INVALIDFLAG,LASTCHANGED,ROP,RAISE6SECRRP,RAISE6SECROP,RAISE60SECRRP,RAISE60SECROP,RAISE5MINRRP,RAISE5MINROP,RAISEREGRRP,RAISEREGROP,LOWER6SECRRP,LOWER6SECROP,LOWER60SECRRP,LOWER60SECROP,LOWER5MINRRP,LOWER5MINROP,LOWERREGRRP,LOWERREGROP,RAISE1SECRRP,RAISE1SECROP,LOWER1SECRRP,LOWER1SECROP,PRICE_STATUS
D,TRADING,PRICE,3,"2025/06/06 22:30:00",1,SA1,270,-19.51,0,0,"2025/06/06 22:25:03",-19.51,0.23,0.23,0.04,0.04,0.1,0.1,5.99,5.99,0.1,0.1,0.38,0.38,0.1,0.1,2.26,2.26,0.36,0.36,0,0,FIRM
D,TRADING,PRICE,3,"2025/06/06 22:30:00",1,NSW1,270,96.52,0,0,"2025/06/06 22:25:03",96.52,0.23,0.23,0.04,0.04,0.1,0.1,5.99,5.99,0.1,0.1,0.38,0.38,0.1,0.1,2.26,2.26,0.36,0.36,0,0,FIRM
D,TRADING,PRICE,3,"2025/06/06 22:30:00",1,QLD1,270,95.47,0,0,"2025/06/06 22:25:03",95.47,0.23,0.23,0.04,0.04,0.1,0.1,5.99,5.99,0.1,0.1,0.38,0.38,0.1,0.1,2.26,2.26,0.36,0.36,0,0,FIRM
D,TRADING,PRICE,3,"2025/06/06 22:30:00",1,TAS1,270,60.24,0,0,"2025/06/06 22:25:03",60.24,0.38,0.38,0.38,0.38,0.36,0.36,7.56,7.56,0.1,0.1,0.38,0.38,0,0,3.06,3.06,0.36,0.36,0,0,FIRM
D,TRADING,PRICE,3,"2025/06/06 22:30:00",1,VIC1,270,29.84,0,0,"2025/06/06 22:25:03",29.84,0.23,0.23,0.04,0.04,0.1,0.1,5.99,5.99,0.1,0.1,0.38,0.38,0.1,0.1,2.26,2.26,0.36,0.36,0,0,FIRM
C,"END OF REPORT",15
