C,NEMP.WORLD,TRADINGIS,AEMO,PUBLIC,2025/05/27,13:50:15,0000000465104921,TRADINGIS,0000000465104920
I,TRADING,INTERCONNECTORRES,2,SETTLEMENTDATE,RUNNO,INTERCONNECTORID,PERIODID,METEREDMWFLOW,MWFLOW,MWLOSSES,LASTCHANGED
D,TRADING,INTERCONNECTORRES,2,"2025/05/27 13:55:00",1,N-Q-MNSP1,167,-10.7,-9,-0.16,"2025/05/27 13:50:08"
D,TRADING,INTERCONNECTORRES,2,"2025/05/27 13:55:00",1,NSW1-QLD1,167,155.3,48.69,0.66,"2025/05/27 13:50:08"
D,TRADING,INTERCONNECTORRES,2,"2025/05/27 13:55:00",1,T-V-MNSP1,167,-333.3,-441.66,22.01,"2025/05/27 13:50:08"
D,TRADING,INTERCONNECTORRES,2,"2025/05/27 13:55:00",1,V-S-MNSP1,167,156,153.63,17.15,"2025/05/27 13:50:08"
D,TRADING,INTERCONNECTORRES,2,"2025/05/27 13:55:00",1,V-SA,167,143.45,172.91,-2.52,"2025/05/27 13:50:08"
D,TRADING,INTERCONNECTORRES,2,"2025/05/27 13:55:00",1,VIC1-NSW1,167,163.28,107.95,7.41,"2025/05/27 13:50:08"
I,TRADING,PRICE,3,SETTLEMENTDATE,RUNNO,REGIONID,PERIODID,RRP,EEP,INVALIDFLAG,LASTCHANGED,ROP,RAISE6SECRRP,RAISE6SECROP,RAISE60SECRRP,RAISE60SECROP,RAISE5MINRRP,RAISE5MINROP,RAISEREGRRP,RAISEREGROP,LOWER6SECRRP,LOWER6SECROP,LOWER60SECRRP,LOWER60SECROP,LOWER5MINRRP,LOWER5MINROP,LOWERREGRRP,LOWERREGROP,RAISE1SECRRP,RAISE1SECROP,LOWER1SECRRP,LOWER1SECROP,PRICE_STATUS
D,TRADING,PRICE,3,"2025/05/27 13:55:00",1,SA1,167,-71.19,0,0,"2025/05/27 13:50:08",-71.19,0.01,0.01,0.1,0.1,0.1,0.1,9.24,9.24,0.1,0.1,0.38,0.38,0.38,0.38,8.5,8.5,0.01,0.01,0,0,FIRM
D,TRADING,PRICE,3,"2025/05/27 13:55:00",1,NSW1,167,24.15,0,0,"2025/05/27 13:50:08",24.15,0.01,0.01,0.1,0.1,0.1,0.1,9.24,9.24,0.1,0.1,0.38,0.38,0.38,0.38,8.5,8.5,0.01,0.01,0,0,FIRM
D,TRADING,PRICE,3,"2025/05/27 13:55:00",1,QLD1,167,60.88,0,0,"2025/05/27 13:50:08",60.88,0.01,0.01,0.1,0.1,0.1,0.1,9.24,9.24,0.1,0.1,0.38,0.38,0.38,0.38,8.5,8.5,0.01,0.01,0,0,FIRM
D,TRADING,PRICE,3,"2025/05/27 13:55:00",1,TAS1,167,33.18,0,0,"2025/05/27 13:50:08",33.18,0.38,0.38,0.38,0.38,0.1,0.1,7.4,7.4,0.1,0.1,0.38,0.38,0,0,4.48,4.48,0.01,0.01,0,0,FIRM
D,TRADING,PRICE,3,"2025/05/27 13:55:00",1,VIC1,167,22.29,0,0,"2025/05/27 13:50:08",22.29,0.01,0.01,0.1,0.1,0.1,0.1,9.24,9.24,0.1,0.1,0.38,0.38,0.38,0.38,8.5,8.5,0.01,0.01,0,0,FIRM
C,"END OF REPORT",15
