C,NEMP.WORLD,TRADINGIS,AEMO,PUBLIC,2025/05/30,12:40:11,0000000465530704,TRADINGIS,0000000465530703
I,TRADING,INTERCONNECTORRES,2,SETTLEMENTDATE,RUNNO,INTERCONNECTORID,PERIODID,METEREDMWFLOW,MWFLOW,MWLOSSES,LASTCHANGED
D,TRADING,INTERCONNECTORRES,2,"2025/05/30 12:45:00",1,N-Q-MNSP1,153,6.8,9,0.6,"2025/05/30 12:40:04"
D,TRADING,INTERCONNECTORRES,2,"2025/05/30 12:45:00",1,NSW1-QLD1,153,365.6,371.16,19.73,"2025/05/30 12:40:04"
D,TRADING,INTERCONNECTORRES,2,"2025/05/30 12:45:00",1,T-V-MNSP1,153,-468.2,-478,25.62,"2025/05/30 12:40:04"
D,TRADING,INTERCONNECTORRES,2,"2025/05/30 12:45:00",1,V-S-MNSP1,153,-18,-18,1.72,"2025/05/30 12:40:04"
D,TRADING,INTERCONNECTORRES,2,"2025/05/30 12:45:00",1,V-SA,153,-376.45,-347.98,30.09,"2025/05/30 12:40:04"
D,TRADING,INTERCONNECTORRES,2,"2025/05/30 12:45:00",1,VIC1-NSW1,153,-549.96,-579.71,-16.89,"2025/05/30 12:40:04"
I,TRADING,PRICE,3,SETTLEMENTDATE,RUNNO,REGIONID,PERIODID,RRP,EEP,INVALIDFLAG,LASTCHANGED,ROP,RAISE6SECRRP,RAISE6SECROP,RAISE60SECRRP,RAISE60SECROP,RAISE5MINRRP,RAISE5MINROP,RAISEREGRRP,RAISEREGROP,LOWER6SECRRP,LOWER6SECROP,LOWER60SECRRP,LOWER60SECROP,LOWER5MINRRP,LOWER5MINROP,LOWERREGRRP,LOWERREGROP,RAISE1SECRRP,RAISE1SECROP,LOWER1SECRRP,LOWER1SECROP,PRICE_STATUS
D,TRADING,PRICE,3,"2025/05/30 12:45:00",1,SA1,153,78.44,0,0,"2025/05/30 12:40:04",78.44,0.37,0.37,0.1,0.1,0.1,0.1,5.99,5.99,0.39,0.39,1.4,1.4,0.01,0.01,0.01,0.01,0.38,0.38,0,0,FIRM
D,TRADING,PRICE,3,"2025/05/30 12:45:00",1,NSW1,153,87.59,0,0,"2025/05/30 12:40:04",87.59,0.37,0.37,0.1,0.1,0.1,0.1,5.99,5.99,0.39,0.39,1.4,1.4,0.01,0.01,0.01,0.01,0.38,0.38,0,0,FIRM
D,TRADING,PRICE,3,"2025/05/30 12:45:00",1,QLD1,153,95.45,0,0,"2025/05/30 12:40:04",95.45,0.37,0.37,0.1,0.1,0.1,0.1,5.99,5.99,0.39,0.39,1.4,1.4,0.01,0.01,0.01,0.01,0.38,0.38,0,0,FIRM
D,TRADING,PRICE,3,"2025/05/30 12:45:00",1,TAS1,153,120.02,0,0,"2025/05/30 12:40:04",120.02,0.38,0.38,0.38,0.38,0.1,0.1,6.24,6.24,0.38,0.38,1.37,1.37,0,0,2.54,2.54,0.38,0.38,0,0,FIRM
D,TRADING,PRICE,3,"2025/05/30 12:45:00",1,VIC1,153,89.29,0,0,"2025/05/30 12:40:04",89.29,0.37,0.37,0.1,0.1,0.1,0.1,5.99,5.99,0.39,0.39,1.4,1.4,0.01,0.01,0.01,0.01,0.38,0.38,0,0,FIRM
C,"END OF REPORT",15
