C,NEMP.WORLD,TRADINGIS,AEMO,PUBLIC,2025/05/27,08:30:12,0000000465069470,TRADINGIS,0000000465069469
I,TRADING,INTERCONNECTORRES,2,SETTLEMENTDATE,RUNNO,INTERCONNECTORID,PERIODID,METEREDMWFLOW,MWFLOW,MWLOSSES,LASTCHANGED
D,TRADING,INTERCONNECTORRES,2,"2025/05/27 08:35:00",1,N-Q-MNSP1,103,-24.5,-17,0.07,"2025/05/27 08:30:05"
D,TRADING,INTERCONNECTORRES,2,"2025/05/27 08:35:00",1,NSW1-QLD1,103,-549.4,-480.92,12.08,"2025/05/27 08:30:05"
D,TRADING,INTERCONNECTORRES,2,"2025/05/27 08:35:00",1,T-V-MNSP1,103,-459,-420.57,20.04,"2025/05/27 08:30:05"
D,TRADING,INTERCONNECTORRES,2,"2025/05/27 08:35:00",1,V-S-MNSP1,103,-81,-85.41,15.1,"2025/05/27 08:30:05"
D,TRADING,INTERCONNECTORRES,2,"2025/05/27 08:35:00",1,V-SA,103,193.26,176.62,4.33,"2025/05/27 08:30:05"
D,TRADING,INTERCONNECTORRES,2,"2025/05/27 08:35:00",1,VIC1-NSW1,103,394.62,429.4,18.97,"2025/05/27 08:30:05"
I,TRADING,PRICE,3,SETTLEMENTDATE,RUNNO,REGIONID,PERIODID,RRP,EEP,INVALIDFLAG,LASTCHANGED,ROP,RAISE6SECRRP,RAISE6SECROP,RAISE60SECRRP,RAISE60SECROP,RAISE5MINRRP,RAISE5MINROP,RAISEREGRRP,RAISEREGROP,LOWER6SECRRP,LOWER6SECROP,LOWER60SECRRP,LOWER60SECROP,LOWER5MINRRP,LOWER5MINROP,LOWERREGRRP,LOWERREGROP,RAISE1SECRRP,RAISE1SECROP,LOWER1SECRRP,LOWER1SECROP,PRICE_STATUS
D,TRADING,PRICE,3,"2025/05/27 08:35:00",1,SA1,103,72.62,0,0,"2025/05/27 08:30:05",72.62,0.1,0.1,0.04,0.04,0.04,0.04,7.6,7.6,0,0,0.15,0.15,0.01,0.01,4.94,4.94,0.1,0.1,0,0,FIRM
D,TRADING,PRICE,3,"2025/05/27 08:35:00",1,NSW1,103,75.5,0,0,"2025/05/27 08:30:05",75.5,0.1,0.1,0.04,0.04,0.04,0.04,7.6,7.6,0,0,0.15,0.15,0.01,0.01,4.94,4.94,0.1,0.1,0,0,FIRM
D,TRADING,PRICE,3,"2025/05/27 08:35:00",1,QLD1,103,54.76,0,0,"2025/05/27 08:30:05",54.76,0.1,0.1,0.04,0.04,0.04,0.04,7.6,7.6,7.65,7.65,8.68,8.68,0.01,0.01,4.94,4.94,0.1,0.1,0,0,FIRM
D,TRADING,PRICE,3,"2025/05/27 08:35:00",1,TAS1,103,75.28,0,0,"2025/05/27 08:30:05",75.28,0.38,0.38,0.38,0.38,0.04,0.04,8.4,8.4,0,0,0.15,0.15,0.01,0.01,2.48,2.48,0.1,0.1,0,0,FIRM
D,TRADING,PRICE,3,"2025/05/27 08:35:00",1,VIC1,103,69.43,0,0,"2025/05/27 08:30:05",69.43,0.1,0.1,0.04,0.04,0.04,0.04,7.6,7.6,0,0,0.15,0.15,0.01,0.01,4.94,4.94,0.1,0.1,0,0,FIRM
C,"END OF REPORT",15
