C,NEMP.WORLD,TRADINGIS,AEMO,PUBLIC,2025/05/26,23:25:16,0000000465014734,TRADINGIS,0000000465014733
I,TRADING,INTERCONNECTORRES,2,SETTLEMENTDATE,RUNNO,INTERCONNECTORID,PERIODID,METEREDMWFLOW,MWFLOW,MWLOSSES,LASTCHANGED
D,TRADING,INTERCONNECTORRES,2,"2025/05/26 23:30:00",1,N-Q-MNSP1,282,10.3,9,0.6,"2025/05/26 23:25:08"
D,TRADING,INTERCONNECTORRES,2,"2025/05/26 23:30:00",1,NSW1-QLD1,282,313.5,443.79,24.8,"2025/05/26 23:25:08"
D,TRADING,INTERCONNECTORRES,2,"2025/05/26 23:30:00",1,T-V-MNSP1,282,-429.1,-450.07,22.82,"2025/05/26 23:25:08"
D,TRADING,INTERCONNECTORRES,2,"2025/05/26 23:30:00",1,V-S-MNSP1,282,-147,-147.04,36.9,"2025/05/26 23:25:08"
D,TRADING,INTERCONNECTORRES,2,"2025/05/26 23:30:00",1,V-SA,282,-350.89,-357.51,9.19,"2025/05/26 23:25:08"
D,TRADING,INTERCONNECTORRES,2,"2025/05/26 23:30:00",1,VIC1-NSW1,282,926.38,1090.54,118.13,"2025/05/26 23:25:08"
I,TRADING,PRICE,3,SETTLEMENTDATE,RUNNO,REGIONID,PERIODID,RRP,EEP,INVALIDFLAG,LASTCHANGED,ROP,RAISE6SECRRP,RAISE6SECROP,RAISE60SECRRP,RAISE60SECROP,RAISE5MINRRP,RAISE5MINROP,RAISEREGRRP,RAISEREGROP,LOWER6SECRRP,LOWER6SECROP,LOWER60SECRRP,LOWER60SECROP,LOWER5MINRRP,LOWER5MINROP,LOWERREGRRP,LOWERREGROP,RAISE1SECRRP,RAISE1SECROP,LOWER1SECRRP,LOWER1SECROP,PRICE_STATUS
D,TRADING,PRICE,3,"2025/05/26 23:30:00",1,SA1,282,-9.15,0,0,"2025/05/26 23:25:08",-9.15,0.01,0.01,0.01,0.01,0.04,0.04,9.24,9.24,0.1,0.1,0.38,0.38,0.1,0.1,3.59,3.59,0.1,0.1,0,0,FIRM
D,TRADING,PRICE,3,"2025/05/26 23:30:00",1,NSW1,282,40.9,0,0,"2025/05/26 23:25:08",40.9,0.01,0.01,0.01,0.01,0.04,0.04,9.24,9.24,0.1,0.1,0.38,0.38,0.1,0.1,3.59,3.59,0.1,0.1,0,0,FIRM
D,TRADING,PRICE,3,"2025/05/26 23:30:00",1,QLD1,282,44.94,0,0,"2025/05/26 23:25:08",44.94,0.01,0.01,0.01,0.01,0.04,0.04,9.24,9.24,0.1,0.1,0.38,0.38,0.1,0.1,3.59,3.59,0.1,0.1,0,0,FIRM
D,TRADING,PRICE,3,"2025/05/26 23:30:00",1,TAS1,282,-6.27,0,0,"2025/05/26 23:25:08",-6.27,0.38,0.38,0.38,0.38,0.04,0.04,8.8,8.8,0.1,0.1,0.38,0.38,0,0,4.55,4.55,0.1,0.1,0,0,FIRM
D,TRADING,PRICE,3,"2025/05/26 23:30:00",1,VIC1,282,-9.81,0,0,"2025/05/26 23:25:08",-9.81,0.01,0.01,0.01,0.01,0.04,0.04,9.24,9.24,0.1,0.1,0.38,0.38,0.1,0.1,3.59,3.59,0.1,0.1,0,0,FIRM
C,"END OF REPORT",15
