C,NEMP.WORLD,TRADINGIS,AEMO,PUBLIC,2025/05/27,16:10:10,0000000465120717,TRADINGIS,0000000465120716
I,TRADING,INTERCONNECTORRES,2,SETTLEMENTDATE,RUNNO,INTERCONNECTORID,PERIODID,METEREDMWFLOW,MWFLOW,MWLOSSES,LASTCHANGED
D,TRADING,INTERCONNECTORRES,2,"2025/05/27 16:15:00",1,N-Q-MNSP1,195,-9.6,0,0,"2025/05/27 16:10:03"
D,TRADING,INTERCONNECTORRES,2,"2025/05/27 16:15:00",1,NSW1-QLD1,195,-78.1,-147.13,-5.88,"2025/05/27 16:10:03"
D,TRADING,INTERCONNECTORRES,2,"2025/05/27 16:15:00",1,T-V-MNSP1,195,-431.6,-478,25.62,"2025/05/27 16:10:03"
D,TRADING,INTERCONNECTORRES,2,"2025/05/27 16:15:00",1,V-S-MNSP1,195,159,157.64,18.37,"2025/05/27 16:10:03"
D,TRADING,INTERCONNECTORRES,2,"2025/05/27 16:15:00",1,V-SA,195,-21.58,-2.34,0.06,"2025/05/27 16:10:03"
D,TRADING,INTERCONNECTORRES,2,"2025/05/27 16:15:00",1,VIC1-NSW1,195,404.53,412.74,30.21,"2025/05/27 16:10:03"
I,TRADING,PRICE,3,SETTLEMENTDATE,RUNNO,REGIONID,PERIODID,RRP,EEP,INVALIDFLAG,LASTCHANGED,ROP,RAISE6SECRRP,RAISE6SECROP,RAISE60SECRRP,RAISE60SECROP,RAISE5MINRRP,RAISE5MINROP,RAISEREGRRP,RAISEREGROP,LOWER6SECRRP,LOWER6SECROP,LOWER60SECRRP,LOWER60SECROP,LOWER5MINRRP,LOWER5MINROP,LOWERREGRRP,LOWERREGROP,RAISE1SECRRP,RAISE1SECROP,LOWER1SECRRP,LOWER1SECROP,PRICE_STATUS
D,TRADING,PRICE,3,"2025/05/27 16:15:00",1,SA1,195,-62.71,0,0,"2025/05/27 16:10:03",-62.71,0.1,0.1,0.1,0.1,0.15,0.15,5.76,5.76,0.1,0.1,0.39,0.39,0.38,0.38,7.65,7.65,0.38,0.38,0,0,FIRM
D,TRADING,PRICE,3,"2025/05/27 16:15:00",1,NSW1,195,57.01,0,0,"2025/05/27 16:10:03",57.01,0.1,0.1,0.1,0.1,0.15,0.15,5.76,5.76,0.1,0.1,0.39,0.39,0.38,0.38,7.65,7.65,0.38,0.38,0,0,FIRM
D,TRADING,PRICE,3,"2025/05/27 16:15:00",1,QLD1,195,108.12,0,0,"2025/05/27 16:10:03",108.12,19.9,19.9,19.9,19.9,0.38,0.38,5.99,5.99,0.01,0.01,0.1,0.1,0.38,0.38,7.65,7.65,0.38,0.38,0,0,FIRM
D,TRADING,PRICE,3,"2025/05/27 16:15:00",1,TAS1,195,75.24,0,0,"2025/05/27 16:10:03",75.24,0.38,0.38,0.38,0.38,0.36,0.36,7.4,7.4,0.1,0.1,0.38,0.38,0,0,2.48,2.48,0.38,0.38,0,0,FIRM
D,TRADING,PRICE,3,"2025/05/27 16:15:00",1,VIC1,195,31.55,0,0,"2025/05/27 16:10:03",31.55,0.1,0.1,0.1,0.1,0.15,0.15,5.76,5.76,0.1,0.1,0.39,0.39,0.38,0.38,7.65,7.65,0.38,0.38,0,0,FIRM
C,"END OF REPORT",15
