C,NEMP.WORLD,TRADINGIS,AEMO,PUBLIC,2025/05/27,22:20:11,0000000465158977,TRADINGIS,0000000465158976
I,TRADING,INTERCONNECTORRES,2,SETTLEMENTDATE,RUNNO,INTERCONNECTORID,PERIODID,METEREDMWFLOW,MWFLOW,MWLOSSES,LASTCHANGED
D,TRADING,INTERCONNECTORRES,2,"2025/05/27 22:25:00",1,N-Q-MNSP1,269,10.3,9,0.6,"2025/05/27 22:20:03"
D,TRADING,INTERCONNECTORRES,2,"2025/05/27 22:25:00",1,NSW1-QLD1,269,424.3,412.93,27.84,"2025/05/27 22:20:03"
D,TRADING,INTERCONNECTORRES,2,"2025/05/27 22:25:00",1,T-V-MNSP1,269,-471.3,-475.23,25.34,"2025/05/27 22:20:03"
D,TRADING,INTERCONNECTORRES,2,"2025/05/27 22:25:00",1,V-S-MNSP1,269,172,172.28,23.11,"2025/05/27 22:20:03"
D,TRADING,INTERCONNECTORRES,2,"2025/05/27 22:25:00",1,V-SA,269,605.19,571.75,43.43,"2025/05/27 22:20:03"
D,TRADING,INTERCONNECTORRES,2,"2025/05/27 22:25:00",1,VIC1-NSW1,269,208.7,199.71,6.63,"2025/05/27 22:20:03"
I,TRADING,PRICE,3,SETTLEMENTDATE,RUNNO,REGIONID,PERIODID,RRP,EEP,INVALIDFLAG,LASTCHANGED,ROP,RAISE6SECRRP,RAISE6SECROP,RAISE60SECRRP,RAISE60SECROP,RAISE5MINRRP,RAISE5MINROP,RAISEREGRRP,RAISEREGROP,LOWER6SECRRP,LOWER6SECROP,LOWER60SECRRP,LOWER60SECROP,LOWER5MINRRP,LOWER5MINROP,LOWERREGRRP,LOWERREGROP,RAISE1SECRRP,RAISE1SECROP,LOWER1SECRRP,LOWER1SECROP,PRICE_STATUS
D,TRADING,PRICE,3,"2025/05/27 22:25:00",1,SA1,269,91.44,0,0,"2025/05/27 22:20:03",91.44,0.1,0.1,0.04,0.04,0.09,0.09,10.98,10.98,0.01,0.01,0.1,0.1,0.01,0.01,3.75,3.75,0.36,0.36,0,0,FIRM
D,TRADING,PRICE,3,"2025/05/27 22:25:00",1,NSW1,269,65.01,0,0,"2025/05/27 22:20:03",65.01,0.1,0.1,0.04,0.04,0.09,0.09,10.98,10.98,0.01,0.01,0.1,0.1,0.01,0.01,3.75,3.75,0.36,0.36,0,0,FIRM
D,TRADING,PRICE,3,"2025/05/27 22:25:00",1,QLD1,269,72.01,0,0,"2025/05/27 22:20:03",72.01,0.1,0.1,0.04,0.04,0.09,0.09,10.98,10.98,0.01,0.01,0.1,0.1,0.01,0.01,3.75,3.75,0.36,0.36,0,0,FIRM
D,TRADING,PRICE,3,"2025/05/27 22:25:00",1,TAS1,269,100.24,0,0,"2025/05/27 22:20:03",100.24,0.38,0.38,0.38,0.38,0.36,0.36,8.4,8.4,0.01,0.01,0.1,0.1,0,0,2.48,2.48,0.36,0.36,0,0,FIRM
D,TRADING,PRICE,3,"2025/05/27 22:25:00",1,VIC1,269,61.69,0,0,"2025/05/27 22:20:03",61.69,0.1,0.1,0.04,0.04,0.09,0.09,10.98,10.98,0.01,0.01,0.1,0.1,0.01,0.01,3.75,3.75,0.36,0.36,0,0,FIRM
C,"END OF REPORT",15
