C,NEMP.WORLD,TRADINGIS,AEMO,PUBLIC,2025/05/27,17:15:11,0000000465127978,TRADINGIS,0000000465127977
I,TRADING,INTERCONNECTORRES,2,SETTLEMENTDATE,RUNNO,INTERCONNECTORID,PERIODID,METEREDMWFLOW,MWFLOW,MWLOSSES,LASTCHANGED
D,TRADING,INTERCONNECTORRES,2,"2025/05/27 17:20:00",1,N-Q-MNSP1,208,7.7,9,0.6,"2025/05/27 17:15:03"
D,TRADING,INTERCONNECTORRES,2,"2025/05/27 17:20:00",1,NSW1-QLD1,208,162.8,78.42,6.11,"2025/05/27 17:15:03"
D,TRADING,INTERCONNECTORRES,2,"2025/05/27 17:20:00",1,T-V-MNSP1,208,-431.6,-478,25.62,"2025/05/27 17:15:03"
D,TRADING,INTERCONNECTORRES,2,"2025/05/27 17:20:00",1,V-S-MNSP1,208,27,27,-1.11,"2025/05/27 17:15:03"
D,TRADING,INTERCONNECTORRES,2,"2025/05/27 17:20:00",1,V-SA,208,0.6,0.6,0,"2025/05/27 17:15:03"
D,TRADING,INTERCONNECTORRES,2,"2025/05/27 17:20:00",1,VIC1-NSW1,208,182.64,129.52,3.54,"2025/05/27 17:15:03"
I,TRADING,PRICE,3,SETTLEMENTDATE,RUNNO,REGIONID,PERIODID,RRP,EEP,INVALIDFLAG,LASTCHANGED,ROP,RAISE6SECRRP,RAISE6SECROP,RAISE60SECRRP,RAISE60SECROP,RAISE5MINRRP,RAISE5MINROP,RAISEREGRRP,RAISEREGROP,LOWER6SECRRP,LOWER6SECROP,LOWER60SECRRP,LOWER60SECROP,LOWER5MINRRP,LOWER5MINROP,LOWERREGRRP,LOWERREGROP,RAISE1SECRRP,RAISE1SECROP,LOWER1SECRRP,LOWER1SECROP,PRICE_STATUS
D,TRADING,PRICE,3,"2025/05/27 17:20:00",1,SA1,208,138,0,0,"2025/05/27 17:15:03",138,0.38,0.38,0.36,0.36,0.38,0.38,6,6,0.1,0.1,0.45,0.45,0.39,0.39,3.49,3.49,0.36,0.36,0,0,FIRM
D,TRADING,PRICE,3,"2025/05/27 17:20:00",1,NSW1,208,89.18,0,0,"2025/05/27 17:15:03",89.18,0.38,0.38,0.36,0.36,0.38,0.38,6,6,0.1,0.1,0.45,0.45,0.39,0.39,3.49,3.49,0.36,0.36,0,0,FIRM
D,TRADING,PRICE,3,"2025/05/27 17:20:00",1,QLD1,208,96.83,0,0,"2025/05/27 17:15:03",96.83,0.38,0.38,0.36,0.36,0.38,0.38,6,6,0.1,0.1,0.45,0.45,0.39,0.39,3.49,3.49,0.36,0.36,0,0,FIRM
D,TRADING,PRICE,3,"2025/05/27 17:20:00",1,TAS1,208,150.24,0,0,"2025/05/27 17:15:03",150.24,0.38,0.38,0.38,0.38,0.38,0.38,8.4,8.4,0.1,0.1,0.38,0.38,0,0,2.48,2.48,0.36,0.36,0,0,FIRM
D,TRADING,PRICE,3,"2025/05/27 17:20:00",1,VIC1,208,64,0,0,"2025/05/27 17:15:03",64,0.38,0.38,0.36,0.36,0.38,0.38,6,6,0.1,0.1,0.45,0.45,0.39,0.39,3.49,3.49,0.36,0.36,0,0,FIRM
C,"END OF REPORT",15
