C,NEMP.WORLD,TRADINGIS,AEMO,PUBLIC,2025/05/27,03:10:15,0000000465037336,TRADINGIS,0000000465037335
I,TRADING,INTERCONNECTORRES,2,SETTLEMENTDATE,RUNNO,INTERCONNECTORID,PERIODID,METEREDMWFLOW,MWFLOW,MWLOSSES,LASTCHANGED
D,TRADING,INTERCONNECTORRES,2,"2025/05/27 03:15:00",1,N-Q-MNSP1,39,10.5,9,0.6,"2025/05/27 03:10:08"
D,TRADING,INTERCONNECTORRES,2,"2025/05/27 03:15:00",1,NSW1-QLD1,39,444.8,470.49,18.5,"2025/05/27 03:10:08"
D,TRADING,INTERCONNECTORRES,2,"2025/05/27 03:15:00",1,T-V-MNSP1,39,-467,-459.49,23.75,"2025/05/27 03:10:08"
D,TRADING,INTERCONNECTORRES,2,"2025/05/27 03:15:00",1,V-S-MNSP1,39,-145,-148.56,37.56,"2025/05/27 03:10:08"
D,TRADING,INTERCONNECTORRES,2,"2025/05/27 03:15:00",1,V-SA,39,-366.43,-175.21,0.34,"2025/05/27 03:10:08"
D,TRADING,INTERCONNECTORRES,2,"2025/05/27 03:15:00",1,VIC1-NSW1,39,957.04,944.7,97.06,"2025/05/27 03:10:08"
I,TRADING,PRICE,3,SETTLEMENTDATE,RUNNO,REGIONID,PERIODID,RRP,EEP,INVALIDFLAG,LASTCHANGED,ROP,RAISE6SECRRP,RAISE6SECROP,RAISE60SECRRP,RAISE60SECROP,RAISE5MINRRP,RAISE5MINROP,RAISEREGRRP,RAISEREGROP,LOWER6SECRRP,LOWER6SECROP,LOWER60SECRRP,LOWER60SECROP,LOWER5MINRRP,LOWER5MINROP,LOWERREGRRP,LOWERREGROP,RAISE1SECRRP,RAISE1SECROP,LOWER1SECRRP,LOWER1SECROP,PRICE_STATUS
D,TRADING,PRICE,3,"2025/05/27 03:15:00",1,SA1,39,-13.59,0,0,"2025/05/27 03:10:08",-13.59,0.1,0.1,0.1,0.1,0.1,0.1,7.6,7.6,0.39,0.39,0.86,0.86,0,0,0,0,0.38,0.38,0,0,FIRM
D,TRADING,PRICE,3,"2025/05/27 03:15:00",1,NSW1,39,41.42,0,0,"2025/05/27 03:10:08",41.42,0.1,0.1,0.1,0.1,0.1,0.1,7.6,7.6,0.39,0.39,0.86,0.86,0,0,0,0,0.38,0.38,0,0,FIRM
D,TRADING,PRICE,3,"2025/05/27 03:15:00",1,QLD1,39,44.94,0,0,"2025/05/27 03:10:08",44.94,0.1,0.1,0.1,0.1,0.1,0.1,7.6,7.6,0.39,0.39,0.86,0.86,0,0,0,0,0.38,0.38,0,0,FIRM
D,TRADING,PRICE,3,"2025/05/27 03:15:00",1,TAS1,39,11.25,0,0,"2025/05/27 03:10:08",11.25,0.38,0.38,0.38,0.38,0.1,0.1,8.8,8.8,0.38,0.38,0.86,0.86,0,0,2.55,2.55,0.38,0.38,0,0,FIRM
D,TRADING,PRICE,3,"2025/05/27 03:15:00",1,VIC1,39,-13.91,0,0,"2025/05/27 03:10:08",-13.91,0.1,0.1,0.1,0.1,0.1,0.1,7.6,7.6,0.39,0.39,0.86,0.86,0,0,0,0,0.38,0.38,0,0,FIRM
C,"END OF REPORT",15
