C,NEMP.WORLD,TRADINGIS,AEMO,PUBLIC,2025/05/26,18:30:12,0000000464984833,TRADINGIS,0000000464984832
I,TRADING,INTERCONNECTORRES,2,SETTLEMENTDATE,RUNNO,INTERCONNECTORID,PERIODID,METEREDMWFLOW,MWFLOW,MWLOSSES,LASTCHANGED
D,TRADING,INTERCONNECTORRES,2,"2025/05/26 18:35:00",1,N-Q-MNSP1,223,8.8,13.95,1.17,"2025/05/26 18:30:03"
D,TRADING,INTERCONNECTORRES,2,"2025/05/26 18:35:00",1,NSW1-QLD1,223,115.3,221,20.12,"2025/05/26 18:30:03"
D,TRADING,INTERCONNECTORRES,2,"2025/05/26 18:35:00",1,T-V-MNSP1,223,-426.1,-457.74,23.57,"2025/05/26 18:30:03"
D,TRADING,INTERCONNECTORRES,2,"2025/05/26 18:35:00",1,V-S-MNSP1,223,-42,-13.95,1.29,"2025/05/26 18:30:03"
D,TRADING,INTERCONNECTORRES,2,"2025/05/26 18:35:00",1,V-SA,223,84.19,40.1,1.5,"2025/05/26 18:30:03"
D,TRADING,INTERCONNECTORRES,2,"2025/05/26 18:35:00",1,VIC1-NSW1,223,150.6,74.58,-0.6,"2025/05/26 18:30:03"
I,TRADING,PRICE,3,SETTLEMENTDATE,RUNNO,REGIONID,PERIODID,RRP,EEP,INVALIDFLAG,LASTCHANGED,ROP,RAISE6SECRRP,RAISE6SECROP,RAISE60SECRRP,RAISE60SECROP,RAISE5MINRRP,RAISE5MINROP,RAISEREGRRP,RAISEREGROP,LOWER6SECRRP,LOWER6SECROP,LOWER60SECRRP,LOWER60SECROP,LOWER5MINRRP,LOWER5MINROP,LOWERREGRRP,LOWERREGROP,RAISE1SECRRP,RAISE1SECROP,LOWER1SECRRP,LOWER1SECROP,PRICE_STATUS
D,TRADING,PRICE,3,"2025/05/26 18:35:00",1,SA1,223,0.31,0,0,"2025/05/26 18:30:03",0.31,0.37,0.37,0.15,0.15,0.15,0.15,0.15,0.15,0.34,0.34,0.38,0.38,0.38,0.38,3.49,3.49,0.81,0.81,0,0,FIRM
D,TRADING,PRICE,3,"2025/05/26 18:35:00",1,NSW1,223,87.43,0,0,"2025/05/26 18:30:03",87.43,0.37,0.37,0.15,0.15,0.15,0.15,0.15,0.15,0.34,0.34,0.38,0.38,0.38,0.38,3.49,3.49,0.81,0.81,0,0,FIRM
D,TRADING,PRICE,3,"2025/05/26 18:35:00",1,QLD1,223,97.73,0,0,"2025/05/26 18:30:03",97.73,0.37,0.37,0.15,0.15,0.15,0.15,0.15,0.15,0.34,0.34,0.38,0.38,0.38,0.38,3.49,3.49,0.81,0.81,0,0,FIRM
D,TRADING,PRICE,3,"2025/05/26 18:35:00",1,TAS1,223,55.24,0,0,"2025/05/26 18:30:03",55.24,0.38,0.38,0.38,0.38,0.36,0.36,8.8,8.8,0.34,0.34,0.38,0.38,0,0,2.55,2.55,0.81,0.81,0,0,FIRM
D,TRADING,PRICE,3,"2025/05/26 18:35:00",1,VIC1,223,0.01,0,0,"2025/05/26 18:30:03",0.01,0.37,0.37,0.15,0.15,0.15,0.15,0.15,0.15,0.34,0.34,0.38,0.38,0.38,0.38,3.49,3.49,0.81,0.81,0,0,FIRM
C,"END OF REPORT",15
