C,NEMP.WORLD,TRADINGIS,AEMO,PUBLIC,2025/05/27,20:20:11,0000000465147364,TRADINGIS,0000000465147363
I,TRADING,INTERCONNECTORRES,2,SETTLEMENTDATE,RUNNO,INTERCONNECTORID,PERIODID,METEREDMWFLOW,MWFLOW,MWLOSSES,LASTCHANGED
D,TRADING,INTERCONNECTORRES,2,"2025/05/27 20:25:00",1,N-Q-MNSP1,245,-8.7,-9,-0.16,"2025/05/27 20:20:03"
D,TRADING,INTERCONNECTORRES,2,"2025/05/27 20:25:00",1,NSW1-QLD1,245,-285.8,-295.66,-8.3,"2025/05/27 20:20:03"
D,TRADING,INTERCONNECTORRES,2,"2025/05/27 20:25:00",1,T-V-MNSP1,245,-278.3,-204.18,5.14,"2025/05/27 20:20:03"
D,TRADING,INTERCONNECTORRES,2,"2025/05/27 20:25:00",1,V-S-MNSP1,245,72,72,0.95,"2025/05/27 20:20:03"
D,TRADING,INTERCONNECTORRES,2,"2025/05/27 20:25:00",1,V-SA,245,369.85,391.67,20.21,"2025/05/27 20:20:03"
D,TRADING,INTERCONNECTORRES,2,"2025/05/27 20:25:00",1,VIC1-NSW1,245,-223.44,-180.02,1.53,"2025/05/27 20:20:03"
I,TRADING,PRICE,3,SETTLEMENTDATE,RUNNO,REGIONID,PERIODID,RRP,EEP,INVALIDFLAG,LASTCHANGED,ROP,RAISE6SECRRP,RAISE6SECROP,RAISE60SECRRP,RAISE60SECROP,RAISE5MINRRP,RAISE5MINROP,RAISEREGRRP,RAISEREGROP,LOWER6SECRRP,LOWER6SECROP,LOWER60SECRRP,LOWER60SECROP,LOWER5MINRRP,LOWER5MINROP,LOWERREGRRP,LOWERREGROP,RAISE1SECRRP,RAISE1SECROP,LOWER1SECRRP,LOWER1SECROP,PRICE_STATUS
D,TRADING,PRICE,3,"2025/05/27 20:25:00",1,SA1,245,138,0,0,"2025/05/27 20:20:03",138,0.37,0.37,0.1,0.1,0.1,0.1,7.6,7.6,0.1,0.1,0.38,0.38,0.1,0.1,4.96,4.96,0.1,0.1,0,0,FIRM
D,TRADING,PRICE,3,"2025/05/27 20:25:00",1,NSW1,245,84.47,0,0,"2025/05/27 20:20:03",84.47,0.37,0.37,0.1,0.1,0.1,0.1,7.6,7.6,0.1,0.1,0.38,0.38,0.1,0.1,4.96,4.96,0.1,0.1,0,0,FIRM
D,TRADING,PRICE,3,"2025/05/27 20:25:00",1,QLD1,245,84.45,0,0,"2025/05/27 20:20:03",84.45,0.37,0.37,0.1,0.1,0.1,0.1,7.6,7.6,0.1,0.1,0.38,0.38,0.1,0.1,4.96,4.96,0.1,0.1,0,0,FIRM
D,TRADING,PRICE,3,"2025/05/27 20:25:00",1,TAS1,245,129.06,0,0,"2025/05/27 20:20:03",129.06,0.37,0.37,0.36,0.36,0.1,0.1,8.4,8.4,0.1,0.1,0.38,0.38,0.1,0.1,2.48,2.48,0.1,0.1,0,0,FIRM
D,TRADING,PRICE,3,"2025/05/27 20:25:00",1,VIC1,245,125.26,0,0,"2025/05/27 20:20:03",125.26,0.37,0.37,0.1,0.1,0.1,0.1,7.6,7.6,0.1,0.1,0.38,0.38,0.1,0.1,4.96,4.96,0.1,0.1,0,0,FIRM
C,"END OF REPORT",15
