C,NEMP.WORLD,TRADINGIS,AEMO,PUBLIC,2025/05/29,07:25:12,0000000465355113,TRADINGIS,0000000465355112
I,TRADING,INTERCONNECTORRES,2,SETTLEMENTDATE,RUNNO,INTERCONNECTORID,PERIODID,METEREDMWFLOW,MWFLOW,MWLOSSES,LASTCHANGED
D,TRADING,INTERCONNECTORRES,2,"2025/05/29 07:30:00",1,N-Q-MNSP1,90,-16.1,-17,0.07,"2025/05/29 07:25:04"
D,TRADING,INTERCONNECTORRES,2,"2025/05/29 07:30:00",1,NSW1-QLD1,90,-489.4,-470.11,-0.08,"2025/05/29 07:25:04"
D,TRADING,INTERCONNECTORRES,2,"2025/05/29 07:30:00",1,T-V-MNSP1,90,-118.4,-299,10.46,"2025/05/29 07:25:04"
D,TRADING,INTERCONNECTORRES,2,"2025/05/29 07:30:00",1,V-S-MNSP1,90,27,18,-0.93,"2025/05/29 07:25:04"
D,TRADING,INTERCONNECTORRES,2,"2025/05/29 07:30:00",1,V-SA,90,-41.24,-119.33,2.21,"2025/05/29 07:25:04"
D,TRADING,INTERCONNECTORRES,2,"2025/05/29 07:30:00",1,VIC1-NSW1,90,216.53,84.35,2.4,"2025/05/29 07:25:04"
I,TRADING,PRICE,3,SETTLEMENTDATE,RUNNO,REGIONID,PERIODID,RRP,EEP,INVALIDFLAG,LASTCHANGED,ROP,RAISE6SECRRP,RAISE6SECROP,RAISE60SECRRP,RAISE60SECROP,RAISE5MINRRP,RAISE5MINROP,RAISEREGRRP,RAISEREGROP,LOWER6SECRRP,LOWER6SECROP,LOWER60SECRRP,LOWER60SECROP,LOWER5MINRRP,LOWER5MINROP,LOWERREGRRP,LOWERREGROP,RAISE1SECRRP,RAISE1SECROP,LOWER1SECRRP,LOWER1SECROP,PRICE_STATUS
D,TRADING,PRICE,3,"2025/05/29 07:30:00",1,SA1,90,138,0,0,"2025/05/29 07:25:04",138,0.38,0.38,0.36,0.36,0.23,0.23,3.98,3.98,0.03,0.03,0.1,0.1,0,0,0,0,0.38,0.38,0,0,FIRM
D,TRADING,PRICE,3,"2025/05/29 07:30:00",1,NSW1,90,147.68,0,0,"2025/05/29 07:25:04",147.68,0.38,0.38,0.36,0.36,0.23,0.23,3.98,3.98,0.03,0.03,0.1,0.1,0,0,0,0,0.38,0.38,0,0,FIRM
D,TRADING,PRICE,3,"2025/05/29 07:30:00",1,QLD1,90,141.43,0,0,"2025/05/29 07:25:04",141.43,0.38,0.38,0.36,0.36,0.23,0.23,3.98,3.98,0.03,0.03,0.1,0.1,0,0,0,0,0.38,0.38,0,0,FIRM
D,TRADING,PRICE,3,"2025/05/29 07:30:00",1,TAS1,90,150.16,0,0,"2025/05/29 07:25:04",150.16,0.38,0.38,0.38,0.38,0.23,0.23,7.54,7.54,0.03,0.03,0.1,0.1,0,0,2.49,2.49,0.38,0.38,0,0,FIRM
D,TRADING,PRICE,3,"2025/05/29 07:30:00",1,VIC1,90,142.82,0,0,"2025/05/29 07:25:04",142.82,0.38,0.38,0.36,0.36,0.23,0.23,3.98,3.98,0.03,0.03,0.1,0.1,0,0,0,0,0.38,0.38,0,0,FIRM
C,"END OF REPORT",15
