C,NEMP.WORLD,TRADINGIS,AEMO,PUBLIC,2025/05/27,20:05:10,0000000465145895,TRADINGIS,0000000465145894
I,TRADING,INTERCONNECTORRES,2,SETTLEMENTDATE,RUNNO,INTERCONNECTORID,PERIODID,METEREDMWFLOW,MWFLOW,MWLOSSES,LASTCHANGED
D,TRADING,INTERCONNECTORRES,2,"2025/05/27 20:10:00",1,N-Q-MNSP1,242,-8.6,-9,-0.16,"2025/05/27 20:05:02"
D,TRADING,INTERCONNECTORRES,2,"2025/05/27 20:10:00",1,NSW1-QLD1,242,-421.2,-351.88,-8.29,"2025/05/27 20:05:02"
D,TRADING,INTERCONNECTORRES,2,"2025/05/27 20:10:00",1,T-V-MNSP1,242,-289.3,-231.64,6.49,"2025/05/27 20:05:02"
D,TRADING,INTERCONNECTORRES,2,"2025/05/27 20:10:00",1,V-S-MNSP1,242,63,63,0.15,"2025/05/27 20:05:02"
D,TRADING,INTERCONNECTORRES,2,"2025/05/27 20:10:00",1,V-SA,242,333.12,278.62,10.54,"2025/05/27 20:05:02"
D,TRADING,INTERCONNECTORRES,2,"2025/05/27 20:10:00",1,VIC1-NSW1,242,-347.37,-250.93,4.02,"2025/05/27 20:05:02"
I,TRADING,PRICE,3,SETTLEMENTDATE,RUNNO,REGIONID,PERIODID,RRP,EEP,INVALIDFLAG,LASTCHANGED,ROP,RAISE6SECRRP,RAISE6SECROP,RAISE60SECRRP,RAISE60SECROP,RAISE5MINRRP,RAISE5MINROP,RAISEREGRRP,RAISEREGROP,LOWER6SECRRP,LOWER6SECROP,LOWER60SECRRP,LOWER60SECROP,LOWER5MINRRP,LOWER5MINROP,LOWERREGRRP,LOWERREGROP,RAISE1SECRRP,RAISE1SECROP,LOWER1SECRRP,LOWER1SECROP,PRICE_STATUS
D,TRADING,PRICE,3,"2025/05/27 20:10:00",1,SA1,242,138,0,0,"2025/05/27 20:05:02",138,0.37,0.37,0.1,0.1,0.1,0.1,0.1,0.1,0.01,0.01,0.1,0.1,0.01,0.01,0.01,0.01,0.04,0.04,0,0,FIRM
D,TRADING,PRICE,3,"2025/05/27 20:10:00",1,NSW1,242,84.95,0,0,"2025/05/27 20:05:02",84.95,0.37,0.37,0.1,0.1,0.1,0.1,0.1,0.1,0.01,0.01,0.1,0.1,0.01,0.01,0.01,0.01,0.04,0.04,0,0,FIRM
D,TRADING,PRICE,3,"2025/05/27 20:10:00",1,QLD1,242,84.45,0,0,"2025/05/27 20:05:02",84.45,0.37,0.37,0.1,0.1,0.1,0.1,0.1,0.1,0.01,0.01,0.1,0.1,0.01,0.01,0.01,0.01,0.04,0.04,0,0,FIRM
D,TRADING,PRICE,3,"2025/05/27 20:10:00",1,TAS1,242,133.33,0,0,"2025/05/27 20:05:02",133.33,0.37,0.37,0.36,0.36,0.1,0.1,8.4,8.4,0.01,0.01,0.1,0.1,0.01,0.01,2.48,2.48,0.04,0.04,0,0,FIRM
D,TRADING,PRICE,3,"2025/05/27 20:10:00",1,VIC1,242,128.74,0,0,"2025/05/27 20:05:02",128.74,0.37,0.37,0.1,0.1,0.1,0.1,0.1,0.1,0.01,0.01,0.1,0.1,0.01,0.01,0.01,0.01,0.04,0.04,0,0,FIRM
C,"END OF REPORT",15
