C,NEMP.WORLD,TRADINGIS,AEMO,PUBLIC,2025/05/27,16:20:10,0000000465121806,TRADINGIS,0000000465121805
I,TRADING,INTERCONNECTORRES,2,SETTLEMENTDATE,RUNNO,INTERCONNECTORID,PERIODID,METEREDMWFLOW,MWFLOW,MWLOSSES,LASTCHANGED
D,TRADING,INTERCONNECTORRES,2,"2025/05/27 16:25:00",1,N-Q-MNSP1,197,-0.6,0,0,"2025/05/27 16:20:03"
D,TRADING,INTERCONNECTORRES,2,"2025/05/27 16:25:00",1,NSW1-QLD1,197,-216.4,-179.68,-7.39,"2025/05/27 16:20:03"
D,TRADING,INTERCONNECTORRES,2,"2025/05/27 16:25:00",1,T-V-MNSP1,197,-441.3,-453.78,23.18,"2025/05/27 16:20:03"
D,TRADING,INTERCONNECTORRES,2,"2025/05/27 16:25:00",1,V-S-MNSP1,197,159,160.16,19.14,"2025/05/27 16:20:03"
D,TRADING,INTERCONNECTORRES,2,"2025/05/27 16:25:00",1,V-SA,197,40.76,62.23,-0.98,"2025/05/27 16:20:03"
D,TRADING,INTERCONNECTORRES,2,"2025/05/27 16:25:00",1,VIC1-NSW1,197,283.33,233.04,12.85,"2025/05/27 16:20:03"
I,TRADING,PRICE,3,SETTLEMENTDATE,RUNNO,REGIONID,PERIODID,RRP,EEP,INVALIDFLAG,LASTCHANGED,ROP,RAISE6SECRRP,RAISE6SECROP,RAISE60SECRRP,RAISE60SECROP,RAISE5MINRRP,RAISE5MINROP,RAISEREGRRP,RAISEREGROP,LOWER6SECRRP,LOWER6SECROP,LOWER60SECRRP,LOWER60SECROP,LOWER5MINRRP,LOWER5MINROP,LOWERREGRRP,LOWERREGROP,RAISE1SECRRP,RAISE1SECROP,LOWER1SECRRP,LOWER1SECROP,PRICE_STATUS
D,TRADING,PRICE,3,"2025/05/27 16:25:00",1,SA1,197,-35.8,0,0,"2025/05/27 16:20:03",-35.8,0.1,0.1,0.1,0.1,0.23,0.23,5.84,5.84,0.14,0.14,0.39,0.39,0.39,0.39,6.13,6.13,0.38,0.38,0,0,FIRM
D,TRADING,PRICE,3,"2025/05/27 16:25:00",1,NSW1,197,66.04,0,0,"2025/05/27 16:20:03",66.04,0.1,0.1,0.1,0.1,0.23,0.23,5.84,5.84,0.14,0.14,0.39,0.39,0.39,0.39,6.13,6.13,0.38,0.38,0,0,FIRM
D,TRADING,PRICE,3,"2025/05/27 16:25:00",1,QLD1,197,108.12,0,0,"2025/05/27 16:20:03",108.12,19.9,19.9,19.9,19.9,0.38,0.38,5.99,5.99,0.01,0.01,0.37,0.37,0.39,0.39,6.13,6.13,0.38,0.38,0,0,FIRM
D,TRADING,PRICE,3,"2025/05/27 16:25:00",1,TAS1,197,73.24,0,0,"2025/05/27 16:20:03",73.24,0.38,0.38,0.38,0.38,0.36,0.36,8.4,8.4,0.14,0.14,0.39,0.39,0,0,4.48,4.48,0.38,0.38,0,0,FIRM
D,TRADING,PRICE,3,"2025/05/27 16:25:00",1,VIC1,197,61.45,0,0,"2025/05/27 16:20:03",61.45,0.1,0.1,0.1,0.1,0.23,0.23,5.84,5.84,0.14,0.14,0.39,0.39,0.39,0.39,6.13,6.13,0.38,0.38,0,0,FIRM
C,"END OF REPORT",15
