C,NEMP.WORLD,TRADINGIS,AEMO,PUBLIC,2025/06/06,14:50:10,0000000466544478,TRADINGIS,0000000466544477
I,TRADING,INTERCONNECTORRES,2,SETTLEMENTDATE,RUNNO,INTERCONNECTORID,PERIODID,METEREDMWFLOW,MWFLOW,MWLOSSES,LASTCHANGED
D,TRADING,INTERCONNECTORRES,2,"2025/06/06 14:55:00",1,N-Q-MNSP1,179,-24.5,-33,1.59,"2025/06/06 14:50:03"
D,TRADING,INTERCONNECTORRES,2,"2025/06/06 14:55:00",1,NSW1-QLD1,179,-869.4,-832.69,40.49,"2025/06/06 14:50:03"
D,TRADING,INTERCONNECTORRES,2,"2025/06/06 14:55:00",1,T-V-MNSP1,179,-456,-459.89,23.79,"2025/06/06 14:50:03"
D,TRADING,INTERCONNECTORRES,2,"2025/06/06 14:55:00",1,V-S-MNSP1,179,-125,-125,28.04,"2025/06/06 14:50:03"
D,TRADING,INTERCONNECTORRES,2,"2025/06/06 14:55:00",1,V-SA,179,218.02,130.47,-0.95,"2025/06/06 14:50:03"
D,TRADING,INTERCONNECTORRES,2,"2025/06/06 14:55:00",1,VIC1-NSW1,179,-274.74,-180.29,-4.11,"2025/06/06 14:50:03"
I,TRADING,PRICE,3,SETTLEMENTDATE,RUNNO,REGIONID,PERIODID,RRP,EEP,INVALIDFLAG,LASTCHANGED,ROP,RAISE6SECRRP,RAISE6SECROP,RAISE60SECRRP,RAISE60SECROP,RAISE5MINRRP,RAISE5MINROP,RAISEREGRRP,RAISEREGROP,LOWER6SECRRP,LOWER6SECROP,LOWER60SECRRP,LOWER60SECROP,LOWER5MINRRP,LOWER5MINROP,LOWERREGRRP,LOWERREGROP,RAISE1SECRRP,RAISE1SECROP,LOWER1SECRRP,LOWER1SECROP,PRICE_STATUS
D,TRADING,PRICE,3,"2025/06/06 14:55:00",1,SA1,179,-21,0,0,"2025/06/06 14:50:03",-21,0.23,0.23,0.1,0.1,0.1,0.1,11.68,11.68,0.38,0.38,1,1,0.38,0.38,3.59,3.59,0.37,0.37,0,0,FIRM
D,TRADING,PRICE,3,"2025/06/06 14:55:00",1,NSW1,179,68.8,0,0,"2025/06/06 14:50:03",68.8,0.23,0.23,0.1,0.1,0.1,0.1,11.68,11.68,0.38,0.38,1,1,0.38,0.38,3.59,3.59,0.37,0.37,0,0,FIRM
D,TRADING,PRICE,3,"2025/06/06 14:55:00",1,QLD1,179,60.88,0,0,"2025/06/06 14:50:03",60.88,0.23,0.23,0.1,0.1,0.1,0.1,11.68,11.68,0.38,0.38,1,1,0.38,0.38,3.59,3.59,0.37,0.37,0,0,FIRM
D,TRADING,PRICE,3,"2025/06/06 14:55:00",1,TAS1,179,150.28,0,0,"2025/06/06 14:50:03",150.28,0.38,0.38,0.38,0.38,0.36,0.36,7.6,7.6,0.38,0.38,1,1,0,0,3.06,3.06,0.37,0.37,0,0,FIRM
D,TRADING,PRICE,3,"2025/06/06 14:55:00",1,VIC1,179,78.29,0,0,"2025/06/06 14:50:03",78.29,0.23,0.23,0.1,0.1,0.1,0.1,11.68,11.68,0.38,0.38,1,1,0.38,0.38,3.59,3.59,0.37,0.37,0,0,FIRM
C,"END OF REPORT",15
