C,NEMP.WORLD,TRADINGIS,AEMO,PUBLIC,2025/05/27,15:10:15,0000000465114113,TRADINGIS,0000000465114112
I,TRADING,INTERCONNECTORRES,2,SETTLEMENTDATE,RUNNO,INTERCONNECTORID,PERIODID,METEREDMWFLOW,MWFLOW,MWLOSSES,LASTCHANGED
D,TRADING,INTERCONNECTORRES,2,"2025/05/27 15:15:00",1,N-Q-MNSP1,183,-3.2,0,0,"2025/05/27 15:10:08"
D,TRADING,INTERCONNECTORRES,2,"2025/05/27 15:15:00",1,NSW1-QLD1,183,189.6,-28.86,-0.75,"2025/05/27 15:10:08"
D,TRADING,INTERCONNECTORRES,2,"2025/05/27 15:15:00",1,T-V-MNSP1,183,-454.8,-478,25.62,"2025/05/27 15:10:08"
D,TRADING,INTERCONNECTORRES,2,"2025/05/27 15:15:00",1,V-S-MNSP1,183,149,152.06,16.69,"2025/05/27 15:10:08"
D,TRADING,INTERCONNECTORRES,2,"2025/05/27 15:15:00",1,V-SA,183,0.91,-2.45,0.07,"2025/05/27 15:10:08"
D,TRADING,INTERCONNECTORRES,2,"2025/05/27 15:15:00",1,VIC1-NSW1,183,462.52,270.9,19.33,"2025/05/27 15:10:08"
I,TRADING,PRICE,3,SETTLEMENTDATE,RUNNO,REGIONID,PERIODID,RRP,EEP,INVALIDFLAG,LASTCHANGED,ROP,RAISE6SECRRP,RAISE6SECROP,RAISE60SECRRP,RAISE60SECROP,RAISE5MINRRP,RAISE5MINROP,RAISEREGRRP,RAISEREGROP,LOWER6SECRRP,LOWER6SECROP,LOWER60SECRRP,LOWER60SECROP,LOWER5MINRRP,LOWER5MINROP,LOWERREGRRP,LOWERREGROP,RAISE1SECRRP,RAISE1SECROP,LOWER1SECRRP,LOWER1SECROP,PRICE_STATUS
D,TRADING,PRICE,3,"2025/05/27 15:15:00",1,SA1,183,-88.75,0,0,"2025/05/27 15:10:08",-88.75,0.1,0.1,0.1,0.1,0.1,0.1,9.24,9.24,0.39,0.39,0.45,0.45,0.38,0.38,0.38,0.38,0.36,0.36,0,0,FIRM
D,TRADING,PRICE,3,"2025/05/27 15:15:00",1,NSW1,183,36.5,0,0,"2025/05/27 15:10:08",36.5,0.1,0.1,0.1,0.1,0.1,0.1,9.24,9.24,0.39,0.39,0.45,0.45,0.38,0.38,0.38,0.38,0.36,0.36,0,0,FIRM
D,TRADING,PRICE,3,"2025/05/27 15:15:00",1,QLD1,183,102.55,0,0,"2025/05/27 15:10:08",102.55,0.1,0.1,0.1,0.1,0.1,0.1,9.24,9.24,0.39,0.39,0.45,0.45,0.38,0.38,0.38,0.38,0.36,0.36,0,0,FIRM
D,TRADING,PRICE,3,"2025/05/27 15:15:00",1,TAS1,183,75.24,0,0,"2025/05/27 15:10:08",75.24,0.38,0.38,0.38,0.38,0.36,0.36,8.4,8.4,0.38,0.38,0.38,0.38,0,0,2.48,2.48,0.36,0.36,0,0,FIRM
D,TRADING,PRICE,3,"2025/05/27 15:15:00",1,VIC1,183,2.03,0,0,"2025/05/27 15:10:08",2.03,0.1,0.1,0.1,0.1,0.1,0.1,9.24,9.24,0.39,0.39,0.45,0.45,0.38,0.38,0.38,0.38,0.36,0.36,0,0,FIRM
C,"END OF REPORT",15
