C,NEMP.WORLD,TRADINGIS,AEMO,PUBLIC,2025/05/28,20:55:11,0000000465294989,TRADINGIS,0000000465294988
I,TRADING,INTERCONNECTORRES,2,SETTLEMENTDATE,RUNNO,INTERCONNECTORID,PERIODID,METEREDMWFLOW,MWFLOW,MWLOSSES,LASTCHANGED
D,TRADING,INTERCONNECTORRES,2,"2025/05/28 21:00:00",1,N-Q-MNSP1,252,-33,-33,1.59,"2025/05/28 20:55:03"
D,TRADING,INTERCONNECTORRES,2,"2025/05/28 21:00:00",1,NSW1-QLD1,252,-897,-901.93,31.51,"2025/05/28 20:55:03"
D,TRADING,INTERCONNECTORRES,2,"2025/05/28 21:00:00",1,T-V-MNSP1,252,-101.3,-67.8,0.75,"2025/05/28 20:55:03"
D,TRADING,INTERCONNECTORRES,2,"2025/05/28 21:00:00",1,V-S-MNSP1,252,72,72,0.95,"2025/05/28 20:55:03"
D,TRADING,INTERCONNECTORRES,2,"2025/05/28 21:00:00",1,V-SA,252,357.2,357.6,18.46,"2025/05/28 20:55:03"
D,TRADING,INTERCONNECTORRES,2,"2025/05/28 21:00:00",1,VIC1-NSW1,252,142.31,144,2.63,"2025/05/28 20:55:03"
I,TRADING,PRICE,3,SETTLEMENTDATE,RUNNO,REGIONID,PERIODID,RRP,EEP,INVALIDFLAG,LASTCHANGED,ROP,RAISE6SECRRP,RAISE6SECROP,RAISE60SECRRP,RAISE60SECROP,RAISE5MINRRP,RAISE5MINROP,RAISEREGRRP,RAISEREGROP,LOWER6SECRRP,LOWER6SECROP,LOWER60SECRRP,LOWER60SECROP,LOWER5MINRRP,LOWER5MINROP,LOWERREGRRP,LOWERREGROP,RAISE1SECRRP,RAISE1SECROP,LOWER1SECRRP,LOWER1SECROP,PRICE_STATUS
D,TRADING,PRICE,3,"2025/05/28 21:00:00",1,SA1,252,119.64,0,0,"2025/05/28 20:55:03",119.64,0.39,0.39,0.23,0.23,0.15,0.15,5.99,5.99,0,0,0.1,0.1,0,0,0,0,0.37,0.37,0,0,FIRM
D,TRADING,PRICE,3,"2025/05/28 21:00:00",1,NSW1,252,112.34,0,0,"2025/05/28 20:55:03",112.34,0.39,0.39,0.23,0.23,0.15,0.15,5.99,5.99,0,0,0.1,0.1,0,0,0,0,0.37,0.37,0,0,FIRM
D,TRADING,PRICE,3,"2025/05/28 21:00:00",1,QLD1,252,99.57,0,0,"2025/05/28 20:55:03",99.57,0.39,0.39,0.23,0.23,0.15,0.15,5.99,5.99,0,0,0.1,0.1,0,0,0,0,0.37,0.37,0,0,FIRM
D,TRADING,PRICE,3,"2025/05/28 21:00:00",1,TAS1,252,100.34,0,0,"2025/05/28 20:55:03",100.34,0.38,0.38,0.36,0.36,0,0,6.66,6.66,1.43,1.43,0.38,0.38,0.38,0.38,3.48,3.48,0,0,0,0,FIRM
D,TRADING,PRICE,3,"2025/05/28 21:00:00",1,VIC1,252,109,0,0,"2025/05/28 20:55:03",109,0.39,0.39,0.23,0.23,0.15,0.15,5.99,5.99,0,0,0.1,0.1,0,0,0,0,0.37,0.37,0,0,FIRM
C,"END OF REPORT",15
