C,NEMP.WORLD,TRADINGIS,AEMO,PUBLIC,2025/05/27,12:55:14,0000000465098954,TRADINGIS,0000000465098953
I,TRADING,INTERCONNECTORRES,2,SETTLEMENTDATE,RUNNO,INTERCONNECTORID,PERIODID,METEREDMWFLOW,MWFLOW,MWLOSSES,LASTCHANGED
D,TRADING,INTERCONNECTORRES,2,"2025/05/27 13:00:00",1,N-Q-MNSP1,156,-12.9,-9,-0.16,"2025/05/27 12:55:06"
D,TRADING,INTERCONNECTORRES,2,"2025/05/27 13:00:00",1,NSW1-QLD1,156,126.9,30.1,0.23,"2025/05/27 12:55:06"
D,TRADING,INTERCONNECTORRES,2,"2025/05/27 13:00:00",1,T-V-MNSP1,156,-451.1,-478,25.62,"2025/05/27 12:55:06"
D,TRADING,INTERCONNECTORRES,2,"2025/05/27 13:00:00",1,V-S-MNSP1,156,168,169.64,22.21,"2025/05/27 12:55:06"
D,TRADING,INTERCONNECTORRES,2,"2025/05/27 13:00:00",1,V-SA,156,-94.16,-30.03,1.23,"2025/05/27 12:55:06"
D,TRADING,INTERCONNECTORRES,2,"2025/05/27 13:00:00",1,VIC1-NSW1,156,-348.1,-361.54,-11.58,"2025/05/27 12:55:06"
I,TRADING,PRICE,3,SETTLEMENTDATE,RUNNO,REGIONID,PERIODID,RRP,EEP,INVALIDFLAG,LASTCHANGED,ROP,RAISE6SECRRP,RAISE6SECROP,RAISE60SECRRP,RAISE60SECROP,RAISE5MINRRP,RAISE5MINROP,RAISEREGRRP,RAISEREGROP,LOWER6SECRRP,LOWER6SECROP,LOWER60SECRRP,LOWER60SECROP,LOWER5MINRRP,LOWER5MINROP,LOWERREGRRP,LOWERREGROP,RAISE1SECRRP,RAISE1SECROP,LOWER1SECRRP,LOWER1SECROP,PRICE_STATUS
D,TRADING,PRICE,3,"2025/05/27 13:00:00",1,SA1,156,-92,0,0,"2025/05/27 12:55:06",-92,0.01,0.01,0.1,0.1,0.1,0.1,5.99,5.99,0.39,0.39,1.44,1.44,0.39,0.39,3.7,3.7,0.36,0.36,0,0,FIRM
D,TRADING,PRICE,3,"2025/05/27 13:00:00",1,NSW1,156,41.52,0,0,"2025/05/27 12:55:06",41.52,0.01,0.01,0.1,0.1,0.1,0.1,5.99,5.99,0.39,0.39,1.44,1.44,0.39,0.39,3.7,3.7,0.36,0.36,0,0,FIRM
D,TRADING,PRICE,3,"2025/05/27 13:00:00",1,QLD1,156,43.24,0,0,"2025/05/27 12:55:06",43.24,0.1,0.1,0.1,0.1,0.1,0.1,5.99,5.99,0.39,0.39,1.44,1.44,0.39,0.39,3.7,3.7,0.36,0.36,0,0,FIRM
D,TRADING,PRICE,3,"2025/05/27 13:00:00",1,TAS1,156,75.18,0,0,"2025/05/27 12:55:06",75.18,0.38,0.38,0.38,0.38,0.36,0.36,7.4,7.4,0.38,0.38,0.38,0.38,0,0,2.48,2.48,0.36,0.36,0,0,FIRM
D,TRADING,PRICE,3,"2025/05/27 13:00:00",1,VIC1,156,41.34,0,0,"2025/05/27 12:55:06",41.34,0.01,0.01,0.1,0.1,0.1,0.1,5.99,5.99,0.39,0.39,1.44,1.44,0.39,0.39,3.7,3.7,0.36,0.36,0,0,FIRM
C,"END OF REPORT",15
