C,NEMP.WORLD,TRADINGIS,AEMO,PUBLIC,2025/05/26,20:50:16,0000000464999288,TRADINGIS,0000000464999287
I,TRADING,INTERCONNECTORRES,2,SETTLEMENTDATE,RUNNO,INTERCONNECTORID,PERIODID,METEREDMWFLOW,MWFLOW,MWLOSSES,LASTCHANGED
D,TRADING,INTERCONNECTORRES,2,"2025/05/26 20:55:00",1,N-Q-MNSP1,251,8.5,9,0.6,"2025/05/26 20:50:08"
D,TRADING,INTERCONNECTORRES,2,"2025/05/26 20:55:00",1,NSW1-QLD1,251,302.3,260.79,17.34,"2025/05/26 20:50:08"
D,TRADING,INTERCONNECTORRES,2,"2025/05/26 20:55:00",1,T-V-MNSP1,251,-461.5,-452.95,23.1,"2025/05/26 20:50:08"
D,TRADING,INTERCONNECTORRES,2,"2025/05/26 20:55:00",1,V-S-MNSP1,251,176,150.71,16.3,"2025/05/26 20:50:08"
D,TRADING,INTERCONNECTORRES,2,"2025/05/26 20:55:00",1,V-SA,251,-24.36,-161.35,-1.1,"2025/05/26 20:50:08"
D,TRADING,INTERCONNECTORRES,2,"2025/05/26 20:55:00",1,VIC1-NSW1,251,999.21,1040.78,87.71,"2025/05/26 20:50:08"
I,TRADING,PRICE,3,SETTLEMENTDATE,RUNNO,REGIONID,PERIODID,RRP,EEP,INVALIDFLAG,LASTCHANGED,ROP,RAISE6SECRRP,RAISE6SECROP,RAISE60SECRRP,RAISE60SECROP,RAISE5MINRRP,RAISE5MINROP,RAISEREGRRP,RAISEREGROP,LOWER6SECRRP,LOWER6SECROP,LOWER60SECRRP,LOWER60SECROP,LOWER5MINRRP,LOWER5MINROP,LOWERREGRRP,LOWERREGROP,RAISE1SECRRP,RAISE1SECROP,LOWER1SECRRP,LOWER1SECROP,PRICE_STATUS
D,TRADING,PRICE,3,"2025/05/26 20:55:00",1,SA1,251,-19.83,0,0,"2025/05/26 20:50:08",-19.83,0.37,0.37,0.36,0.36,0.38,0.38,3.99,3.99,0.1,0.1,0.38,0.38,0,0,0,0,0.37,0.37,0,0,FIRM
D,TRADING,PRICE,3,"2025/05/26 20:55:00",1,NSW1,251,57.01,0,0,"2025/05/26 20:50:08",57.01,0.37,0.37,0.36,0.36,0.38,0.38,3.99,3.99,0.1,0.1,0.38,0.38,0,0,0,0,0.37,0.37,0,0,FIRM
D,TRADING,PRICE,3,"2025/05/26 20:55:00",1,QLD1,251,62.43,0,0,"2025/05/26 20:50:08",62.43,0.37,0.37,0.36,0.36,0.38,0.38,3.99,3.99,0.1,0.1,0.38,0.38,0,0,0,0,0.37,0.37,0,0,FIRM
D,TRADING,PRICE,3,"2025/05/26 20:55:00",1,TAS1,251,55.28,0,0,"2025/05/26 20:50:08",55.28,0.38,0.38,0.38,0.38,0.38,0.38,8.8,8.8,0.1,0.1,0.38,0.38,0,0,2.55,2.55,0.37,0.37,0,0,FIRM
D,TRADING,PRICE,3,"2025/05/26 20:55:00",1,VIC1,251,-15.24,0,0,"2025/05/26 20:50:08",-15.24,0.37,0.37,0.36,0.36,0.38,0.38,3.99,3.99,0.1,0.1,0.38,0.38,0,0,0,0,0.37,0.37,0,0,FIRM
C,"END OF REPORT",15
