C,NEMP.WORLD,TRADINGIS,AEMO,PUBLIC,2025/05/28,15:20:10,0000000465261203,TRADINGIS,0000000465261202
I,TRADING,INTERCONNECTORRES,2,SETTLEMENTDATE,RUNNO,INTERCONNECTORID,PERIODID,METEREDMWFLOW,MWFLOW,MWLOSSES,LASTCHANGED
D,TRADING,INTERCONNECTORRES,2,"2025/05/28 15:25:00",1,N-Q-MNSP1,185,-18.9,-17,0.07,"2025/05/28 15:20:03"
D,TRADING,INTERCONNECTORRES,2,"2025/05/28 15:25:00",1,NSW1-QLD1,185,-438.5,-379.4,5.63,"2025/05/28 15:20:03"
D,TRADING,INTERCONNECTORRES,2,"2025/05/28 15:25:00",1,T-V-MNSP1,185,-292.4,-381.25,16.6,"2025/05/28 15:20:03"
D,TRADING,INTERCONNECTORRES,2,"2025/05/28 15:25:00",1,V-S-MNSP1,185,63,69,0.68,"2025/05/28 15:20:03"
D,TRADING,INTERCONNECTORRES,2,"2025/05/28 15:25:00",1,V-SA,185,472.84,476,15.96,"2025/05/28 15:20:03"
D,TRADING,INTERCONNECTORRES,2,"2025/05/28 15:25:00",1,VIC1-NSW1,185,-542.21,-382.83,-4.65,"2025/05/28 15:20:03"
I,TRADING,PRICE,3,SETTLEMENTDATE,RUNNO,REGIONID,PERIODID,RRP,EEP,INVALIDFLAG,LASTCHANGED,ROP,RAISE6SECRRP,RAISE6SECROP,RAISE60SECRRP,RAISE60SECROP,RAISE5MINRRP,RAISE5MINROP,RAISEREGRRP,RAISEREGROP,LOWER6SECRRP,LOWER6SECROP,LOWER60SECRRP,LOWER60SECROP,LOWER5MINRRP,LOWER5MINROP,LOWERREGRRP,LOWERREGROP,RAISE1SECRRP,RAISE1SECROP,LOWER1SECRRP,LOWER1SECROP,PRICE_STATUS
D,TRADING,PRICE,3,"2025/05/28 15:25:00",1,SA1,185,144.87,0,0,"2025/05/28 15:20:03",144.87,0.38,0.38,0.1,0.1,0.1,0.1,5,5,0.39,0.39,0.39,0.39,0.38,0.38,3.7,3.7,0.38,0.38,0,0,FIRM
D,TRADING,PRICE,3,"2025/05/28 15:25:00",1,NSW1,185,84.85,0,0,"2025/05/28 15:20:03",84.85,0.38,0.38,0.1,0.1,0.1,0.1,5,5,0.39,0.39,0.39,0.39,0.38,0.38,3.7,3.7,0.38,0.38,0,0,FIRM
D,TRADING,PRICE,3,"2025/05/28 15:25:00",1,QLD1,185,54.76,0,0,"2025/05/28 15:20:03",54.76,0.38,0.38,0.1,0.1,0.1,0.1,5,5,10.66,10.66,16.68,16.68,0.38,0.38,3.7,3.7,0.38,0.38,0,0,FIRM
D,TRADING,PRICE,3,"2025/05/28 15:25:00",1,TAS1,185,141.97,0,0,"2025/05/28 15:20:03",141.97,0.38,0.38,0.38,0.38,0.1,0.1,7.4,7.4,0.39,0.39,0.39,0.39,0.38,0.38,3.48,3.48,0.38,0.38,0,0,FIRM
D,TRADING,PRICE,3,"2025/05/28 15:25:00",1,VIC1,185,132.72,0,0,"2025/05/28 15:20:03",132.72,0.38,0.38,0.1,0.1,0.1,0.1,5,5,0.39,0.39,0.39,0.39,0.38,0.38,3.7,3.7,0.38,0.38,0,0,FIRM
C,"END OF REPORT",15
