C,NEMP.WORLD,TRADINGIS,AEMO,PUBLIC,2025/05/27,18:10:11,0000000465134178,TRADINGIS,0000000465134177
I,TRADING,INTERCONNECTORRES,2,SETTLEMENTDATE,RUNNO,INTERCONNECTORID,PERIODID,METEREDMWFLOW,MWFLOW,MWLOSSES,LASTCHANGED
D,TRADING,INTERCONNECTORRES,2,"2025/05/27 18:15:00",1,N-Q-MNSP1,219,0.5,0,0,"2025/05/27 18:10:03"
D,TRADING,INTERCONNECTORRES,2,"2025/05/27 18:15:00",1,NSW1-QLD1,219,-271.4,-140.24,-8.4,"2025/05/27 18:10:03"
D,TRADING,INTERCONNECTORRES,2,"2025/05/27 18:15:00",1,T-V-MNSP1,219,-457.8,-474.95,25.31,"2025/05/27 18:10:03"
D,TRADING,INTERCONNECTORRES,2,"2025/05/27 18:15:00",1,V-S-MNSP1,219,54,36,-1.09,"2025/05/27 18:10:03"
D,TRADING,INTERCONNECTORRES,2,"2025/05/27 18:15:00",1,V-SA,219,177.3,73.7,0.67,"2025/05/27 18:10:03"
D,TRADING,INTERCONNECTORRES,2,"2025/05/27 18:15:00",1,VIC1-NSW1,219,-598.89,-426.27,13.61,"2025/05/27 18:10:03"
I,TRADING,PRICE,3,SETTLEMENTDATE,RUNNO,REGIONID,PERIODID,RRP,EEP,INVALIDFLAG,LASTCHANGED,ROP,RAISE6SECRRP,RAISE6SECROP,RAISE60SECRRP,RAISE60SECROP,RAISE5MINRRP,RAISE5MINROP,RAISEREGRRP,RAISEREGROP,LOWER6SECRRP,LOWER6SECROP,LOWER60SECRRP,LOWER60SECROP,LOWER5MINRRP,LOWER5MINROP,LOWERREGRRP,LOWERREGROP,RAISE1SECRRP,RAISE1SECROP,LOWER1SECRRP,LOWER1SECROP,PRICE_STATUS
D,TRADING,PRICE,3,"2025/05/27 18:15:00",1,SA1,219,125.83,0,0,"2025/05/27 18:10:03",125.83,0.23,0.23,0.1,0.1,0.04,0.04,0.04,0.04,0.01,0.01,0.1,0.1,0.2,0.2,15.27,15.27,0.04,0.04,0,0,FIRM
D,TRADING,PRICE,3,"2025/05/27 18:15:00",1,NSW1,219,92.12,0,0,"2025/05/27 18:10:03",92.12,0.23,0.23,0.1,0.1,0.04,0.04,0.04,0.04,0.01,0.01,0.1,0.1,0.2,0.2,15.27,15.27,0.04,0.04,0,0,FIRM
D,TRADING,PRICE,3,"2025/05/27 18:15:00",1,QLD1,219,96.63,0,0,"2025/05/27 18:10:03",96.63,0.23,0.23,0.1,0.1,0.04,0.04,0.04,0.04,0.01,0.01,0.1,0.1,0.2,0.2,15.27,15.27,0.04,0.04,0,0,FIRM
D,TRADING,PRICE,3,"2025/05/27 18:15:00",1,TAS1,219,150.24,0,0,"2025/05/27 18:10:03",150.24,0.38,0.38,0.38,0.38,0.38,0.38,8.4,8.4,0.01,0.01,0.1,0.1,0,0,2.48,2.48,0.04,0.04,0,0,FIRM
D,TRADING,PRICE,3,"2025/05/27 18:15:00",1,VIC1,219,123.58,0,0,"2025/05/27 18:10:03",123.58,0.23,0.23,0.1,0.1,0.04,0.04,0.04,0.04,0.01,0.01,0.1,0.1,0.2,0.2,15.27,15.27,0.04,0.04,0,0,FIRM
C,"END OF REPORT",15
