C,NEMP.WORLD,TRADINGIS,AEMO,PUBLIC,2025/05/28,21:40:11,0000000465299724,TRADINGIS,0000000465299723
I,TRADING,INTERCONNECTORRES,2,SETTLEMENTDATE,RUNNO,INTERCONNECTORID,PERIODID,METEREDMWFLOW,MWFLOW,MWLOSSES,LASTCHANGED
D,TRADING,INTERCONNECTORRES,2,"2025/05/28 21:45:00",1,N-Q-MNSP1,261,-32.4,-33,1.59,"2025/05/28 21:40:03"
D,TRADING,INTERCONNECTORRES,2,"2025/05/28 21:45:00",1,NSW1-QLD1,261,-956,-874.5,35.84,"2025/05/28 21:40:03"
D,TRADING,INTERCONNECTORRES,2,"2025/05/28 21:45:00",1,T-V-MNSP1,261,-469.4,-438,21.66,"2025/05/28 21:40:03"
D,TRADING,INTERCONNECTORRES,2,"2025/05/28 21:45:00",1,V-S-MNSP1,261,63,63,0.15,"2025/05/28 21:40:03"
D,TRADING,INTERCONNECTORRES,2,"2025/05/28 21:45:00",1,V-SA,261,257.62,289.14,11.95,"2025/05/28 21:40:03"
D,TRADING,INTERCONNECTORRES,2,"2025/05/28 21:45:00",1,VIC1-NSW1,261,-92.14,-23.39,-0.23,"2025/05/28 21:40:03"
I,TRADING,PRICE,3,SETTLEMENTDATE,RUNNO,REGIONID,PERIODID,RRP,EEP,INVALIDFLAG,LASTCHANGED,ROP,RAISE6SECRRP,RAISE6SECROP,RAISE60SECRRP,RAISE60SECROP,RAISE5MINRRP,RAISE5MINROP,RAISEREGRRP,RAISEREGROP,LOWER6SECRRP,LOWER6SECROP,LOWER60SECRRP,LOWER60SECROP,LOWER5MINRRP,LOWER5MINROP,LOWERREGRRP,LOWERREGROP,RAISE1SECRRP,RAISE1SECROP,LOWER1SECRRP,LOWER1SECROP,PRICE_STATUS
D,TRADING,PRICE,3,"2025/05/28 21:45:00",1,SA1,261,138,0,0,"2025/05/28 21:40:03",138,0.37,0.37,0.1,0.1,0.15,0.15,11.05,11.05,0.1,0.1,0.45,0.45,0.1,0.1,3.7,3.7,0.04,0.04,0,0,FIRM
D,TRADING,PRICE,3,"2025/05/28 21:45:00",1,NSW1,261,91.37,0,0,"2025/05/28 21:40:03",91.37,0.37,0.37,0.1,0.1,0.15,0.15,11.05,11.05,0.1,0.1,0.45,0.45,0.1,0.1,3.7,3.7,0.04,0.04,0,0,FIRM
D,TRADING,PRICE,3,"2025/05/28 21:45:00",1,QLD1,261,80.79,0,0,"2025/05/28 21:40:03",80.79,0.37,0.37,0.1,0.1,0.15,0.15,11.05,11.05,0.1,0.1,0.45,0.45,0.1,0.1,3.7,3.7,0.04,0.04,0,0,FIRM
D,TRADING,PRICE,3,"2025/05/28 21:45:00",1,TAS1,261,150.24,0,0,"2025/05/28 21:40:03",150.24,0.38,0.38,0.38,0.38,0.36,0.36,8.4,8.4,0,0,0,0,0,0,2.48,2.48,0.04,0.04,0,0,FIRM
D,TRADING,PRICE,3,"2025/05/28 21:45:00",1,VIC1,261,127.96,0,0,"2025/05/28 21:40:03",127.96,0.37,0.37,0.1,0.1,0.15,0.15,11.05,11.05,0.1,0.1,0.45,0.45,0.1,0.1,3.7,3.7,0.04,0.04,0,0,FIRM
C,"END OF REPORT",15
