C,NEMP.WORLD,TRADINGIS,AEMO,PUBLIC,2025/05/28,13:20:15,0000000465249021,TRADINGIS,0000000465249020
I,TRADING,INTERCONNECTORRES,2,SETTLEMENTDATE,RUNNO,INTERCONNECTORID,PERIODID,METEREDMWFLOW,MWFLOW,MWLOSSES,LASTCHANGED
D,TRADING,INTERCONNECTORRES,2,"2025/05/28 13:25:00",1,N-Q-MNSP1,161,95.4,96.58,29.71,"2025/05/28 13:20:08"
D,TRADING,INTERCONNECTORRES,2,"2025/05/28 13:25:00",1,NSW1-QLD1,161,-414.2,-276.72,11.28,"2025/05/28 13:20:08"
D,TRADING,INTERCONNECTORRES,2,"2025/05/28 13:25:00",1,T-V-MNSP1,161,-412.6,-421.44,20.12,"2025/05/28 13:20:08"
D,TRADING,INTERCONNECTORRES,2,"2025/05/28 13:25:00",1,V-S-MNSP1,161,150,148.82,15.77,"2025/05/28 13:20:08"
D,TRADING,INTERCONNECTORRES,2,"2025/05/28 13:25:00",1,V-SA,161,543.5,539.79,24.54,"2025/05/28 13:20:08"
D,TRADING,INTERCONNECTORRES,2,"2025/05/28 13:25:00",1,VIC1-NSW1,161,-400.86,-331.09,-6.94,"2025/05/28 13:20:08"
I,TRADING,PRICE,3,SETTLEMENTDATE,RUNNO,REGIONID,PERIODID,RRP,EEP,INVALIDFLAG,LASTCHANGED,ROP,RAISE6SECRRP,RAISE6SECROP,RAISE60SECRRP,RAISE60SECROP,RAISE5MINRRP,RAISE5MINROP,RAISEREGRRP,RAISEREGROP,LOWER6SECRRP,LOWER6SECROP,LOWER60SECRRP,LOWER60SECROP,LOWER5MINRRP,LOWER5MINROP,LOWERREGRRP,LOWERREGROP,RAISE1SECRRP,RAISE1SECROP,LOWER1SECRRP,LOWER1SECROP,PRICE_STATUS
D,TRADING,PRICE,3,"2025/05/28 13:25:00",1,SA1,161,70.44,0,0,"2025/05/28 13:20:08",70.44,0.1,0.1,0.1,0.1,0.1,0.1,9.24,9.24,0.1,0.1,0.39,0.39,0.38,0.38,2,2,0.01,0.01,0,0,FIRM
D,TRADING,PRICE,3,"2025/05/28 13:25:00",1,NSW1,161,-9.5,0,0,"2025/05/28 13:20:08",-9.5,0.1,0.1,0.1,0.1,0.1,0.1,9.24,9.24,0.1,0.1,0.39,0.39,0.38,0.38,2,2,0.01,0.01,0,0,FIRM
D,TRADING,PRICE,3,"2025/05/28 13:25:00",1,QLD1,161,-23.83,0,0,"2025/05/28 13:20:08",-23.83,0.1,0.1,0.1,0.1,0.1,0.1,9.24,9.24,7.89,7.89,7.89,7.89,0.38,0.38,2,2,0.01,0.01,0,0,FIRM
D,TRADING,PRICE,3,"2025/05/28 13:25:00",1,TAS1,161,35.06,0,0,"2025/05/28 13:20:08",35.06,0.38,0.38,0.38,0.38,0.1,0.1,6.4,6.4,0.1,0.1,0.39,0.39,0.38,0.38,2.54,2.54,0.01,0.01,0,0,FIRM
D,TRADING,PRICE,3,"2025/05/28 13:25:00",1,VIC1,161,8.95,0,0,"2025/05/28 13:20:08",8.95,0.1,0.1,0.1,0.1,0.1,0.1,9.24,9.24,0.1,0.1,0.39,0.39,0.38,0.38,2,2,0.01,0.01,0,0,FIRM
C,"END OF REPORT",15
