C,NEMP.WORLD,TRADINGIS,AEMO,PUBLIC,2025/05/28,21:05:10,0000000465295897,TRADINGIS,0000000465295896
I,TRADING,INTERCONNECTORRES,2,SETTLEMENTDATE,RUNNO,INTERCONNECTORID,PERIODID,METEREDMWFLOW,MWFLOW,MWLOSSES,LASTCHANGED
D,TRADING,INTERCONNECTORRES,2,"2025/05/28 21:10:00",1,N-Q-MNSP1,254,-32.2,-33,1.59,"2025/05/28 21:05:02"
D,TRADING,INTERCONNECTORRES,2,"2025/05/28 21:10:00",1,NSW1-QLD1,254,-1035.9,-1043.18,50.42,"2025/05/28 21:05:02"
D,TRADING,INTERCONNECTORRES,2,"2025/05/28 21:10:00",1,T-V-MNSP1,254,-221.6,-193.76,4.66,"2025/05/28 21:05:02"
D,TRADING,INTERCONNECTORRES,2,"2025/05/28 21:10:00",1,V-S-MNSP1,254,54,54,-0.46,"2025/05/28 21:05:02"
D,TRADING,INTERCONNECTORRES,2,"2025/05/28 21:10:00",1,V-SA,254,256.73,245.66,8.99,"2025/05/28 21:05:02"
D,TRADING,INTERCONNECTORRES,2,"2025/05/28 21:10:00",1,VIC1-NSW1,254,-30.19,-3.87,-0.02,"2025/05/28 21:05:02"
I,TRADING,PRICE,3,SETTLEMENTDATE,RUNNO,REGIONID,PERIODID,RRP,EEP,INVALIDFLAG,LASTCHANGED,ROP,RAISE6SECRRP,RAISE6SECROP,RAISE60SECRRP,RAISE60SECROP,RAISE5MINRRP,RAISE5MINROP,RAISEREGRRP,RAISEREGROP,LOWER6SECRRP,LOWER6SECROP,LOWER60SECRRP,LOWER60SECROP,LOWER5MINRRP,LOWER5MINROP,LOWERREGRRP,LOWERREGROP,RAISE1SECRRP,RAISE1SECROP,LOWER1SECRRP,LOWER1SECROP,PRICE_STATUS
D,TRADING,PRICE,3,"2025/05/28 21:10:00",1,SA1,254,138,0,0,"2025/05/28 21:05:02",138,0.38,0.38,0.36,0.36,0.24,0.24,12.47,12.47,0.03,0.03,0.15,0.15,0.1,0.1,4.94,4.94,0.37,0.37,0,0,FIRM
D,TRADING,PRICE,3,"2025/05/28 21:10:00",1,NSW1,254,130.13,0,0,"2025/05/28 21:05:02",130.13,0.38,0.38,0.36,0.36,0.24,0.24,12.47,12.47,0.03,0.03,0.15,0.15,0.1,0.1,4.94,4.94,0.37,0.37,0,0,FIRM
D,TRADING,PRICE,3,"2025/05/28 21:10:00",1,QLD1,254,112.37,0,0,"2025/05/28 21:05:02",112.37,0.38,0.38,0.36,0.36,0.24,0.24,12.47,12.47,0.03,0.03,0.15,0.15,0.1,0.1,4.94,4.94,0.37,0.37,0,0,FIRM
D,TRADING,PRICE,3,"2025/05/28 21:10:00",1,TAS1,254,132.98,0,0,"2025/05/28 21:05:02",132.98,0.38,0.38,0.36,0.36,0.24,0.24,8.4,8.4,0.03,0.03,0.15,0.15,0.1,0.1,3.48,3.48,0.37,0.37,0,0,FIRM
D,TRADING,PRICE,3,"2025/05/28 21:10:00",1,VIC1,254,129.4,0,0,"2025/05/28 21:05:02",129.4,0.38,0.38,0.36,0.36,0.24,0.24,12.47,12.47,0.03,0.03,0.15,0.15,0.1,0.1,4.94,4.94,0.37,0.37,0,0,FIRM
C,"END OF REPORT",15
