C,NEMP.WORLD,TRADINGIS,AEMO,PUBLIC,2025/05/28,13:30:16,0000000465249972,TRADINGIS,0000000465249971
I,TRADING,INTERCONNECTORRES,2,SETTLEMENTDATE,RUNNO,INTERCONNECTORID,PERIODID,METEREDMWFLOW,MWFLOW,MWLOSSES,LASTCHANGED
D,TRADING,INTERCONNECTORRES,2,"2025/05/28 13:35:00",1,N-Q-MNSP1,163,95.7,96.71,29.78,"2025/05/28 13:30:09"
D,TRADING,INTERCONNECTORRES,2,"2025/05/28 13:35:00",1,NSW1-QLD1,163,-375.9,-399.57,20.15,"2025/05/28 13:30:09"
D,TRADING,INTERCONNECTORRES,2,"2025/05/28 13:35:00",1,T-V-MNSP1,163,-447.4,-432.97,21.18,"2025/05/28 13:30:09"
D,TRADING,INTERCONNECTORRES,2,"2025/05/28 13:35:00",1,V-S-MNSP1,163,148,147.37,15.35,"2025/05/28 13:30:09"
D,TRADING,INTERCONNECTORRES,2,"2025/05/28 13:35:00",1,V-SA,163,515.19,523.18,20.64,"2025/05/28 13:30:09"
D,TRADING,INTERCONNECTORRES,2,"2025/05/28 13:35:00",1,VIC1-NSW1,163,-349.96,-391.8,-7.38,"2025/05/28 13:30:09"
I,TRADING,PRICE,3,SETTLEMENTDATE,RUNNO,REGIONID,PERIODID,RRP,EEP,INVALIDFLAG,LASTCHANGED,ROP,RAISE6SECRRP,RAISE6SECROP,RAISE60SECRRP,RAISE60SECROP,RAISE5MINRRP,RAISE5MINROP,RAISEREGRRP,RAISEREGROP,LOWER6SECRRP,LOWER6SECROP,LOWER60SECRRP,LOWER60SECROP,LOWER5MINRRP,LOWER5MINROP,LOWERREGRRP,LOWERREGROP,RAISE1SECRRP,RAISE1SECROP,LOWER1SECRRP,LOWER1SECROP,PRICE_STATUS
D,TRADING,PRICE,3,"2025/05/28 13:35:00",1,SA1,163,70.44,0,0,"2025/05/28 13:30:09",70.44,0.1,0.1,0.1,0.1,0.1,0.1,9.92,9.92,0,0,0.39,0.39,0.38,0.38,0.38,0.38,0.01,0.01,0,0,FIRM
D,TRADING,PRICE,3,"2025/05/28 13:35:00",1,NSW1,163,-17.1,0,0,"2025/05/28 13:30:09",-17.1,0.1,0.1,0.1,0.1,0.1,0.1,9.92,9.92,0,0,0.39,0.39,0.38,0.38,0.38,0.38,0.01,0.01,0,0,FIRM
D,TRADING,PRICE,3,"2025/05/28 13:35:00",1,QLD1,163,-21.79,0,0,"2025/05/28 13:30:09",-21.79,0.1,0.1,0.1,0.1,0.1,0.1,9.92,9.92,4.89,4.89,1.84,1.84,0.38,0.38,0.38,0.38,0.01,0.01,0,0,FIRM
D,TRADING,PRICE,3,"2025/05/28 13:35:00",1,TAS1,163,35.08,0,0,"2025/05/28 13:30:09",35.08,0.38,0.38,0.38,0.38,0.1,0.1,6.4,6.4,0,0,0.39,0.39,0,0,2.52,2.52,0.01,0.01,0,0,FIRM
D,TRADING,PRICE,3,"2025/05/28 13:35:00",1,VIC1,163,8.95,0,0,"2025/05/28 13:30:09",8.95,0.1,0.1,0.1,0.1,0.1,0.1,9.92,9.92,0,0,0.39,0.39,0.38,0.38,0.38,0.38,0.01,0.01,0,0,FIRM
C,"END OF REPORT",15
