C,NEMP.WORLD,TRADINGIS,AEMO,PUBLIC,2025/05/27,09:30:10,0000000465075716,TRADINGIS,0000000465075715
I,TRADING,INTERCONNECTORRES,2,SETTLEMENTDATE,RUNNO,INTERCONNECTORID,PERIODID,METEREDMWFLOW,MWFLOW,MWLOSSES,LASTCHANGED
D,TRADING,INTERCONNECTORRES,2,"2025/05/27 09:35:00",1,N-Q-MNSP1,115,-17.9,-17,0.07,"2025/05/27 09:30:03"
D,TRADING,INTERCONNECTORRES,2,"2025/05/27 09:35:00",1,NSW1-QLD1,115,-243.9,-260.47,4.42,"2025/05/27 09:30:03"
D,TRADING,INTERCONNECTORRES,2,"2025/05/27 09:35:00",1,T-V-MNSP1,115,-454.2,-461.94,23.99,"2025/05/27 09:30:03"
D,TRADING,INTERCONNECTORRES,2,"2025/05/27 09:35:00",1,V-S-MNSP1,115,50,18,-0.93,"2025/05/27 09:30:03"
D,TRADING,INTERCONNECTORRES,2,"2025/05/27 09:35:00",1,V-SA,115,-58.11,-147.02,1.82,"2025/05/27 09:30:03"
D,TRADING,INTERCONNECTORRES,2,"2025/05/27 09:35:00",1,VIC1-NSW1,115,876.16,843.11,73.79,"2025/05/27 09:30:03"
I,TRADING,PRICE,3,SETTLEMENTDATE,RUNNO,REGIONID,PERIODID,RRP,EEP,INVALIDFLAG,LASTCHANGED,ROP,RAISE6SECRRP,RAISE6SECROP,RAISE60SECRRP,RAISE60SECROP,RAISE5MINRRP,RAISE5MINROP,RAISEREGRRP,RAISEREGROP,LOWER6SECRRP,LOWER6SECROP,LOWER60SECRRP,LOWER60SECROP,LOWER5MINRRP,LOWER5MINROP,LOWERREGRRP,LOWERREGROP,RAISE1SECRRP,RAISE1SECROP,LOWER1SECRRP,LOWER1SECROP,PRICE_STATUS
D,TRADING,PRICE,3,"2025/05/27 09:35:00",1,SA1,115,8.7,0,0,"2025/05/27 09:30:03",8.7,0.01,0.01,0.01,0.01,0.09,0.09,3.99,3.99,0.01,0.01,0.1,0.1,0.01,0.01,3.75,3.75,0.36,0.36,0,0,FIRM
D,TRADING,PRICE,3,"2025/05/27 09:35:00",1,NSW1,115,57.01,0,0,"2025/05/27 09:30:03",57.01,0.01,0.01,0.01,0.01,0.09,0.09,3.99,3.99,0.01,0.01,0.1,0.1,0.01,0.01,3.75,3.75,0.36,0.36,0,0,FIRM
D,TRADING,PRICE,3,"2025/05/27 09:35:00",1,QLD1,115,54.63,0,0,"2025/05/27 09:30:03",54.63,0.01,0.01,0.01,0.01,0.09,0.09,3.99,3.99,0.01,0.01,0.1,0.1,0.01,0.01,3.75,3.75,0.36,0.36,0,0,FIRM
D,TRADING,PRICE,3,"2025/05/27 09:35:00",1,TAS1,115,35.24,0,0,"2025/05/27 09:30:03",35.24,0.38,0.38,0.38,0.38,0.36,0.36,7.4,7.4,0.01,0.01,0.1,0.1,0,0,2.48,2.48,0.36,0.36,0,0,FIRM
D,TRADING,PRICE,3,"2025/05/27 09:35:00",1,VIC1,115,8.95,0,0,"2025/05/27 09:30:03",8.95,0.01,0.01,0.01,0.01,0.09,0.09,3.99,3.99,0.01,0.01,0.1,0.1,0.01,0.01,3.75,3.75,0.36,0.36,0,0,FIRM
C,"END OF REPORT",15
