C,NEMP.WORLD,TRADINGIS,AEMO,PUBLIC,2025/05/28,19:00:11,0000000465284137,TRADINGIS,0000000465284136
I,TRADING,INTERCONNECTORRES,2,SETTLEMENTDATE,RUNNO,INTERCONNECTORID,PERIODID,METEREDMWFLOW,MWFLOW,MWLOSSES,LASTCHANGED
D,TRADING,INTERCONNECTORRES,2,"2025/05/28 19:05:00",1,N-Q-MNSP1,229,-33,-25,0.65,"2025/05/28 19:00:03"
D,TRADING,INTERCONNECTORRES,2,"2025/05/28 19:05:00",1,NSW1-QLD1,229,-986.4,-963.03,21.77,"2025/05/28 19:00:03"
D,TRADING,INTERCONNECTORRES,2,"2025/05/28 19:05:00",1,T-V-MNSP1,229,64.7,80.57,0.36,"2025/05/28 19:00:03"
D,TRADING,INTERCONNECTORRES,2,"2025/05/28 19:05:00",1,V-S-MNSP1,229,54,54,-0.46,"2025/05/28 19:00:03"
D,TRADING,INTERCONNECTORRES,2,"2025/05/28 19:05:00",1,V-SA,229,208.35,240,8.7,"2025/05/28 19:00:03"
D,TRADING,INTERCONNECTORRES,2,"2025/05/28 19:05:00",1,VIC1-NSW1,229,-322.02,-178.1,2.83,"2025/05/28 19:00:03"
I,TRADING,PRICE,3,SETTLEMENTDATE,RUNNO,REGIONID,PERIODID,RRP,EEP,INVALIDFLAG,LASTCHANGED,ROP,RAISE6SECRRP,RAISE6SECROP,RAISE60SECRRP,RAISE60SECROP,RAISE5MINRRP,RAISE5MINROP,RAISEREGRRP,RAISEREGROP,LOWER6SECRRP,LOWER6SECROP,LOWER60SECRRP,LOWER60SECROP,LOWER5MINRRP,LOWER5MINROP,LOWERREGRRP,LOWERREGROP,RAISE1SECRRP,RAISE1SECROP,LOWER1SECRRP,LOWER1SECROP,PRICE_STATUS
D,TRADING,PRICE,3,"2025/05/28 19:05:00",1,SA1,229,157.35,0,0,"2025/05/28 19:00:03",157.35,0.38,0.38,0.15,0.15,0.1,0.1,0.1,0.1,0.38,0.38,0.38,0.38,0,0,0,0,0.36,0.36,0,0,FIRM
D,TRADING,PRICE,3,"2025/05/28 19:05:00",1,NSW1,229,143.48,0,0,"2025/05/28 19:00:03",143.48,0.38,0.38,0.15,0.15,0.1,0.1,0.1,0.1,0.38,0.38,0.38,0.38,0,0,0,0,0.36,0.36,0,0,FIRM
D,TRADING,PRICE,3,"2025/05/28 19:05:00",1,QLD1,229,128.73,0,0,"2025/05/28 19:00:03",128.73,0.38,0.38,0.15,0.15,0.1,0.1,0.1,0.1,0.38,0.38,0.38,0.38,0,0,0,0,0.36,0.36,0,0,FIRM
D,TRADING,PRICE,3,"2025/05/28 19:05:00",1,TAS1,229,150.24,0,0,"2025/05/28 19:00:03",150.24,0.38,0.38,0.38,0.38,0.38,0.38,7.4,7.4,0.38,0.38,0.38,0.38,0,0,3.48,3.48,0.36,0.36,0,0,FIRM
D,TRADING,PRICE,3,"2025/05/28 19:05:00",1,VIC1,229,147.5,0,0,"2025/05/28 19:00:03",147.5,0.38,0.38,0.15,0.15,0.1,0.1,0.1,0.1,0.38,0.38,0.38,0.38,0,0,0,0,0.36,0.36,0,0,FIRM
C,"END OF REPORT",15
