C,NEMP.WORLD,TRADINGIS,AEMO,PUBLIC,2025/05/29,11:35:11,0000000465379000,TRADINGIS,0000000465378999
I,TRADING,INTERCONNECTORRES,2,SETTLEMENTDATE,RUNNO,INTERCONNECTORID,PERIODID,METEREDMWFLOW,MWFLOW,MWLOSSES,LASTCHANGED
D,TRADING,INTERCONNECTORRES,2,"2025/05/29 11:40:00",1,N-Q-MNSP1,140,-16.3,-17,0.07,"2025/05/29 11:35:04"
D,TRADING,INTERCONNECTORRES,2,"2025/05/29 11:40:00",1,NSW1-QLD1,140,-386.6,-373.75,8.61,"2025/05/29 11:35:04"
D,TRADING,INTERCONNECTORRES,2,"2025/05/29 11:40:00",1,T-V-MNSP1,140,-441.3,-455.86,23.39,"2025/05/29 11:35:04"
D,TRADING,INTERCONNECTORRES,2,"2025/05/29 11:40:00",1,V-S-MNSP1,140,18,18,-0.93,"2025/05/29 11:35:04"
D,TRADING,INTERCONNECTORRES,2,"2025/05/29 11:40:00",1,V-SA,140,-56.77,-44.54,1.49,"2025/05/29 11:35:04"
D,TRADING,INTERCONNECTORRES,2,"2025/05/29 11:40:00",1,VIC1-NSW1,140,109,81.32,5.82,"2025/05/29 11:35:04"
I,TRADING,PRICE,3,SETTLEMENTDATE,RUNNO,REGIONID,PERIODID,RRP,EEP,INVALIDFLAG,LASTCHANGED,ROP,RAISE6SECRRP,RAISE6SECROP,RAISE60SECRRP,RAISE60SECROP,RAISE5MINRRP,RAISE5MINROP,RAISEREGRRP,RAISEREGROP,LOWER6SECRRP,LOWER6SECROP,LOWER60SECRRP,LOWER60SECROP,LOWER5MINRRP,LOWER5MINROP,LOWERREGRRP,LOWERREGROP,RAISE1SECRRP,RAISE1SECROP,LOWER1SECRRP,LOWER1SECROP,PRICE_STATUS
D,TRADING,PRICE,3,"2025/05/29 11:40:00",1,SA1,140,68.61,0,0,"2025/05/29 11:35:04",68.61,0.23,0.23,0.1,0.1,0.1,0.1,5.99,5.99,0.1,0.1,0.39,0.39,0,0,0,0,0.38,0.38,0,0,FIRM
D,TRADING,PRICE,3,"2025/05/29 11:40:00",1,NSW1,140,77.02,0,0,"2025/05/29 11:35:04",77.02,0.23,0.23,0.1,0.1,0.1,0.1,5.99,5.99,0.1,0.1,0.39,0.39,0,0,0,0,0.38,0.38,0,0,FIRM
D,TRADING,PRICE,3,"2025/05/29 11:40:00",1,QLD1,140,72.75,0,0,"2025/05/29 11:35:04",72.75,0.23,0.23,0.1,0.1,0.1,0.1,5.99,5.99,0.1,0.1,0.39,0.39,0,0,0,0,0.38,0.38,0,0,FIRM
D,TRADING,PRICE,3,"2025/05/29 11:40:00",1,TAS1,140,100.24,0,0,"2025/05/29 11:35:04",100.24,0.38,0.38,0.38,0.38,0.36,0.36,7.54,7.54,0.1,0.1,0.38,0.38,0,0,2.46,2.46,0.38,0.38,0,0,FIRM
D,TRADING,PRICE,3,"2025/05/29 11:40:00",1,VIC1,140,71.28,0,0,"2025/05/29 11:35:04",71.28,0.23,0.23,0.1,0.1,0.1,0.1,5.99,5.99,0.1,0.1,0.39,0.39,0,0,0,0,0.38,0.38,0,0,FIRM
C,"END OF REPORT",15
