C,NEMP.WORLD,TRADINGIS,AEMO,PUBLIC,2025/05/29,16:25:11,0000000465411270,TRADINGIS,0000000465411269
I,TRADING,INTERCONNECTORRES,2,SETTLEMENTDATE,RUNNO,INTERCONNECTORID,PERIODID,METEREDMWFLOW,MWFLOW,MWLOSSES,LASTCHANGED
D,TRADING,INTERCONNECTORRES,2,"2025/05/29 16:30:00",1,N-Q-MNSP1,198,-26.3,-20.77,0.34,"2025/05/29 16:25:03"
D,TRADING,INTERCONNECTORRES,2,"2025/05/29 16:30:00",1,NSW1-QLD1,198,-804.9,-697,8.35,"2025/05/29 16:25:03"
D,TRADING,INTERCONNECTORRES,2,"2025/05/29 16:30:00",1,T-V-MNSP1,198,-272.8,-267.37,8.48,"2025/05/29 16:25:03"
D,TRADING,INTERCONNECTORRES,2,"2025/05/29 16:30:00",1,V-S-MNSP1,198,18,18,-0.93,"2025/05/29 16:25:03"
D,TRADING,INTERCONNECTORRES,2,"2025/05/29 16:30:00",1,V-SA,198,2.08,-79.67,2.26,"2025/05/29 16:25:03"
D,TRADING,INTERCONNECTORRES,2,"2025/05/29 16:30:00",1,VIC1-NSW1,198,-433.92,-333.92,-5.21,"2025/05/29 16:25:03"
I,TRADING,PRICE,3,SETTLEMENTDATE,RUNNO,REGIONID,PERIODID,RRP,EEP,INVALIDFLAG,LASTCHANGED,ROP,RAISE6SECRRP,RAISE6SECROP,RAISE60SECRRP,RAISE60SECROP,RAISE5MINRRP,RAISE5MINROP,RAISEREGRRP,RAISEREGROP,LOWER6SECRRP,LOWER6SECROP,LOWER60SECRRP,LOWER60SECROP,LOWER5MINRRP,LOWER5MINROP,LOWERREGRRP,LOWERREGROP,RAISE1SECRRP,RAISE1SECROP,LOWER1SECRRP,LOWER1SECROP,PRICE_STATUS
D,TRADING,PRICE,3,"2025/05/29 16:30:00",1,SA1,198,219.69,0,0,"2025/05/29 16:25:03",219.69,0.38,0.38,0.23,0.23,0.15,0.15,12.29,12.29,0.38,0.38,0.38,0.38,0.38,0.38,13.7,13.7,0.38,0.38,0,0,FIRM
D,TRADING,PRICE,3,"2025/05/29 16:30:00",1,NSW1,198,154.53,0,0,"2025/05/29 16:25:03",154.53,0.38,0.38,0.23,0.23,0.15,0.15,12.29,12.29,0.38,0.38,0.38,0.38,0.38,0.38,13.7,13.7,0.38,0.38,0,0,FIRM
D,TRADING,PRICE,3,"2025/05/29 16:30:00",1,QLD1,198,143.53,0,0,"2025/05/29 16:25:03",143.53,0.38,0.38,0.23,0.23,0.15,0.15,12.29,12.29,0.38,0.38,0.38,0.38,0.38,0.38,13.7,13.7,0.38,0.38,0,0,FIRM
D,TRADING,PRICE,3,"2025/05/29 16:30:00",1,TAS1,198,237.92,0,0,"2025/05/29 16:25:03",237.92,0.38,0.38,0.38,0.38,0.15,0.15,50,50,0.38,0.38,0.38,0.38,0.38,0.38,2.46,2.46,0.38,0.38,0,0,FIRM
D,TRADING,PRICE,3,"2025/05/29 16:30:00",1,VIC1,198,227.97,0,0,"2025/05/29 16:25:03",227.97,0.38,0.38,0.23,0.23,0.15,0.15,12.29,12.29,0.38,0.38,0.38,0.38,0.38,0.38,13.7,13.7,0.38,0.38,0,0,FIRM
C,"END OF REPORT",15
