C,NEMP.WORLD,TRADINGIS,AEMO,PUBLIC,2025/05/26,22:05:10,0000000465006880,TRADINGIS,0000000465006879
I,TRADING,INTERCONNECTORRES,2,SETTLEMENTDATE,RUNNO,INTERCONNECTORID,PERIODID,METEREDMWFLOW,MWFLOW,MWLOSSES,LASTCHANGED
D,TRADING,INTERCONNECTORRES,2,"2025/05/26 22:10:00",1,N-Q-MNSP1,266,8.8,9,0.6,"2025/05/26 22:05:03"
D,TRADING,INTERCONNECTORRES,2,"2025/05/26 22:10:00",1,NSW1-QLD1,266,336.1,396.7,25.94,"2025/05/26 22:05:03"
D,TRADING,INTERCONNECTORRES,2,"2025/05/26 22:10:00",1,T-V-MNSP1,266,-448.7,-438.88,21.74,"2025/05/26 22:05:03"
D,TRADING,INTERCONNECTORRES,2,"2025/05/26 22:10:00",1,V-S-MNSP1,266,-148,-149.33,37.89,"2025/05/26 22:05:03"
D,TRADING,INTERCONNECTORRES,2,"2025/05/26 22:10:00",1,V-SA,266,-213.95,-233.45,1.35,"2025/05/26 22:05:03"
D,TRADING,INTERCONNECTORRES,2,"2025/05/26 22:10:00",1,VIC1-NSW1,266,1211.59,1115.79,114.3,"2025/05/26 22:05:03"
I,TRADING,PRICE,3,SETTLEMENTDATE,RUNNO,REGIONID,PERIODID,RRP,EEP,INVALIDFLAG,LASTCHANGED,ROP,RAISE6SECRRP,RAISE6SECROP,RAISE60SECRRP,RAISE60SECROP,RAISE5MINRRP,RAISE5MINROP,RAISEREGRRP,RAISEREGROP,LOWER6SECRRP,LOWER6SECROP,LOWER60SECRRP,LOWER60SECROP,LOWER5MINRRP,LOWER5MINROP,LOWERREGRRP,LOWERREGROP,RAISE1SECRRP,RAISE1SECROP,LOWER1SECRRP,LOWER1SECROP,PRICE_STATUS
D,TRADING,PRICE,3,"2025/05/26 22:10:00",1,SA1,266,0,0,0,"2025/05/26 22:05:03",0,0.1,0.1,0.04,0.04,0.1,0.1,3.99,3.99,0.1,0.1,0.38,0.38,0,0,0,0,0.36,0.36,0,0,FIRM
D,TRADING,PRICE,3,"2025/05/26 22:10:00",1,NSW1,266,65.01,0,0,"2025/05/26 22:05:03",65.01,0.1,0.1,0.04,0.04,0.1,0.1,3.99,3.99,0.1,0.1,0.38,0.38,0,0,0,0,0.36,0.36,0,0,FIRM
D,TRADING,PRICE,3,"2025/05/26 22:10:00",1,QLD1,266,71.97,0,0,"2025/05/26 22:05:03",71.97,0.1,0.1,0.04,0.04,0.1,0.1,3.99,3.99,0.1,0.1,0.38,0.38,0,0,0,0,0.36,0.36,0,0,FIRM
D,TRADING,PRICE,3,"2025/05/26 22:10:00",1,TAS1,266,55.24,0,0,"2025/05/26 22:05:03",55.24,0.38,0.38,0.38,0.38,0.1,0.1,8.8,8.8,0.1,0.1,0.38,0.38,0,0,2.55,2.55,0.36,0.36,0,0,FIRM
D,TRADING,PRICE,3,"2025/05/26 22:10:00",1,VIC1,266,0,0,0,"2025/05/26 22:05:03",0,0.1,0.1,0.04,0.04,0.1,0.1,3.99,3.99,0.1,0.1,0.38,0.38,0,0,0,0,0.36,0.36,0,0,FIRM
C,"END OF REPORT",15
