C,NEMP.WORLD,TRADINGIS,AEMO,PUBLIC,2025/05/28,03:40:11,0000000465189903,TRADINGIS,0000000465189902
I,TRADING,INTERCONNECTORRES,2,SETTLEMENTDATE,RUNNO,INTERCONNECTORID,PERIODID,METEREDMWFLOW,MWFLOW,MWLOSSES,LASTCHANGED
D,TRADING,INTERCONNECTORRES,2,"2025/05/28 03:45:00",1,N-Q-MNSP1,45,0.7,0,0,"2025/05/28 03:40:04"
D,TRADING,INTERCONNECTORRES,2,"2025/05/28 03:45:00",1,NSW1-QLD1,45,264.6,255.53,5.09,"2025/05/28 03:40:04"
D,TRADING,INTERCONNECTORRES,2,"2025/05/28 03:45:00",1,T-V-MNSP1,45,-442,-466.87,24.48,"2025/05/28 03:40:04"
D,TRADING,INTERCONNECTORRES,2,"2025/05/28 03:45:00",1,V-S-MNSP1,45,166,166.59,21.21,"2025/05/28 03:40:04"
D,TRADING,INTERCONNECTORRES,2,"2025/05/28 03:45:00",1,V-SA,45,579.81,567.17,44,"2025/05/28 03:40:04"
D,TRADING,INTERCONNECTORRES,2,"2025/05/28 03:45:00",1,VIC1-NSW1,45,738.84,731.61,67.12,"2025/05/28 03:40:04"
I,TRADING,PRICE,3,SETTLEMENTDATE,RUNNO,REGIONID,PERIODID,RRP,EEP,INVALIDFLAG,LASTCHANGED,ROP,RAISE6SECRRP,RAISE6SECROP,RAISE60SECRRP,RAISE60SECROP,RAISE5MINRRP,RAISE5MINROP,RAISEREGRRP,RAISEREGROP,LOWER6SECRRP,LOWER6SECROP,LOWER60SECRRP,LOWER60SECROP,LOWER5MINRRP,LOWER5MINROP,LOWERREGRRP,LOWERREGROP,RAISE1SECRRP,RAISE1SECROP,LOWER1SECRRP,LOWER1SECROP,PRICE_STATUS
D,TRADING,PRICE,3,"2025/05/28 03:45:00",1,SA1,45,91.44,0,0,"2025/05/28 03:40:04",91.44,0.38,0.38,0.36,0.36,0.1,0.1,0.1,0.1,0.1,0.1,0.38,0.38,0.2,0.2,3.76,3.76,0.1,0.1,0,0,FIRM
D,TRADING,PRICE,3,"2025/05/28 03:45:00",1,NSW1,45,57.01,0,0,"2025/05/28 03:40:04",57.01,0.38,0.38,0.36,0.36,0.1,0.1,0.1,0.1,0.1,0.1,0.38,0.38,0.2,0.2,3.76,3.76,0.1,0.1,0,0,FIRM
D,TRADING,PRICE,3,"2025/05/28 03:45:00",1,QLD1,45,59.67,0,0,"2025/05/28 03:40:04",59.67,0.38,0.38,0.36,0.36,0.1,0.1,0.1,0.1,0.1,0.1,0.38,0.38,0.2,0.2,3.76,3.76,0.1,0.1,0,0,FIRM
D,TRADING,PRICE,3,"2025/05/28 03:45:00",1,TAS1,45,35.02,0,0,"2025/05/28 03:40:04",35.02,0.38,0.38,0.38,0.38,0.36,0.36,7.4,7.4,0.1,0.1,0.38,0.38,0,0,2.48,2.48,0.1,0.1,0,0,FIRM
D,TRADING,PRICE,3,"2025/05/28 03:45:00",1,VIC1,45,19.19,0,0,"2025/05/28 03:40:04",19.19,0.38,0.38,0.36,0.36,0.1,0.1,0.1,0.1,0.1,0.1,0.38,0.38,0.2,0.2,3.76,3.76,0.1,0.1,0,0,FIRM
C,"END OF REPORT",15
