C,NEMP.WORLD,TRADINGIS,AEMO,PUBLIC,2025/05/29,20:30:11,0000000465436584,TRADINGIS,0000000465436583
I,TRADING,INTERCONNECTORRES,2,SETTLEMENTDATE,RUNNO,INTERCONNECTORID,PERIODID,METEREDMWFLOW,MWFLOW,MWLOSSES,LASTCHANGED
D,TRADING,INTERCONNECTORRES,2,"2025/05/29 20:35:00",1,N-Q-MNSP1,247,-8.7,-9,-0.16,"2025/05/29 20:30:03"
D,TRADING,INTERCONNECTORRES,2,"2025/05/29 20:35:00",1,NSW1-QLD1,247,-487.2,-427.1,-6.31,"2025/05/29 20:30:03"
D,TRADING,INTERCONNECTORRES,2,"2025/05/29 20:35:00",1,T-V-MNSP1,247,0,74.87,0.29,"2025/05/29 20:30:03"
D,TRADING,INTERCONNECTORRES,2,"2025/05/29 20:35:00",1,V-S-MNSP1,247,45,27,-1.11,"2025/05/29 20:30:03"
D,TRADING,INTERCONNECTORRES,2,"2025/05/29 20:35:00",1,V-SA,247,119.81,-58.9,0.02,"2025/05/29 20:30:03"
D,TRADING,INTERCONNECTORRES,2,"2025/05/29 20:35:00",1,VIC1-NSW1,247,-171.97,-2.07,-0.01,"2025/05/29 20:30:03"
I,TRADING,PRICE,3,SETTLEMENTDATE,RUNNO,REGIONID,PERIODID,RRP,EEP,INVALIDFLAG,LASTCHANGED,ROP,RAISE6SECRRP,RAISE6SECROP,RAISE60SECRRP,RAISE60SECROP,RAISE5MINRRP,RAISE5MINROP,RAISEREGRRP,RAISEREGROP,LOWER6SECRRP,LOWER6SECROP,LOWER60SECRRP,LOWER60SECROP,LOWER5MINRRP,LOWER5MINROP,LOWERREGRRP,LOWERREGROP,RAISE1SECRRP,RAISE1SECROP,LOWER1SECRRP,LOWER1SECROP,PRICE_STATUS
D,TRADING,PRICE,3,"2025/05/29 20:35:00",1,SA1,247,103,0,0,"2025/05/29 20:30:03",103,0.39,0.39,0.39,0.39,0.32,0.32,5.99,5.99,0.1,0.1,0.38,0.38,0.3,0.3,11.89,11.89,0.86,0.86,0,0,FIRM
D,TRADING,PRICE,3,"2025/05/29 20:35:00",1,NSW1,247,272.69,0,0,"2025/05/29 20:30:03",272.69,0.39,0.39,0.39,0.39,0.32,0.32,5.99,5.99,0.1,0.1,0.38,0.38,0.3,0.3,11.89,11.89,0.86,0.86,0,0,FIRM
D,TRADING,PRICE,3,"2025/05/29 20:35:00",1,QLD1,247,265.62,0,0,"2025/05/29 20:30:03",265.62,0.39,0.39,0.39,0.39,0.32,0.32,5.99,5.99,0.1,0.1,0.38,0.38,0.3,0.3,11.89,11.89,0.86,0.86,0,0,FIRM
D,TRADING,PRICE,3,"2025/05/29 20:35:00",1,TAS1,247,100.32,0,0,"2025/05/29 20:30:03",100.32,0.38,0.38,0.38,0.38,0.36,0.36,6.84,6.84,1.59,1.59,0.38,0.38,0.38,0.38,2.46,2.46,0,0,0,0,FIRM
D,TRADING,PRICE,3,"2025/05/29 20:35:00",1,VIC1,247,103.74,0,0,"2025/05/29 20:30:03",103.74,0.39,0.39,0.39,0.39,0.32,0.32,5.99,5.99,0.1,0.1,0.38,0.38,0.3,0.3,11.89,11.89,0.86,0.86,0,0,FIRM
C,"END OF REPORT",15
