C,NEMP.WORLD,TRADINGIS,AEMO,PUBLIC,2025/05/27,09:45:10,0000000465077262,TRADINGIS,0000000465077261
I,TRADING,INTERCONNECTORRES,2,SETTLEMENTDATE,RUNNO,INTERCONNECTORID,PERIODID,METEREDMWFLOW,MWFLOW,MWLOSSES,LASTCHANGED
D,TRADING,INTERCONNECTORRES,2,"2025/05/27 09:50:00",1,N-Q-MNSP1,118,-19.5,-17,0.07,"2025/05/27 09:45:03"
D,TRADING,INTERCONNECTORRES,2,"2025/05/27 09:50:00",1,NSW1-QLD1,118,-417,-384.33,11.82,"2025/05/27 09:45:03"
D,TRADING,INTERCONNECTORRES,2,"2025/05/27 09:50:00",1,T-V-MNSP1,118,-463.3,-458.89,23.69,"2025/05/27 09:45:03"
D,TRADING,INTERCONNECTORRES,2,"2025/05/27 09:50:00",1,V-S-MNSP1,118,-43,8.59,-0.54,"2025/05/27 09:45:03"
D,TRADING,INTERCONNECTORRES,2,"2025/05/27 09:50:00",1,V-SA,118,-141.12,-276.4,7.42,"2025/05/27 09:45:03"
D,TRADING,INTERCONNECTORRES,2,"2025/05/27 09:50:00",1,VIC1-NSW1,118,605.81,792.81,67.58,"2025/05/27 09:45:03"
I,TRADING,PRICE,3,SETTLEMENTDATE,RUNNO,REGIONID,PERIODID,RRP,EEP,INVALIDFLAG,LASTCHANGED,ROP,RAISE6SECRRP,RAISE6SECROP,RAISE60SECRRP,RAISE60SECROP,RAISE5MINRRP,RAISE5MINROP,RAISEREGRRP,RAISEREGROP,LOWER6SECRRP,LOWER6SECROP,LOWER60SECRRP,LOWER60SECROP,LOWER5MINRRP,LOWER5MINROP,LOWERREGRRP,LOWERREGROP,RAISE1SECRRP,RAISE1SECROP,LOWER1SECRRP,LOWER1SECROP,PRICE_STATUS
D,TRADING,PRICE,3,"2025/05/27 09:50:00",1,SA1,118,8.44,0,0,"2025/05/27 09:45:03",8.44,0.01,0.01,0.01,0.01,0.04,0.04,9.24,9.24,0.1,0.1,1,1,0.1,0.1,3.6,3.6,0.1,0.1,0,0,FIRM
D,TRADING,PRICE,3,"2025/05/27 09:50:00",1,NSW1,118,35.86,0,0,"2025/05/27 09:45:03",35.86,0.01,0.01,0.01,0.01,0.04,0.04,9.24,9.24,0.1,0.1,1,1,0.1,0.1,3.6,3.6,0.1,0.1,0,0,FIRM
D,TRADING,PRICE,3,"2025/05/27 09:50:00",1,QLD1,118,33.64,0,0,"2025/05/27 09:45:03",33.64,0.01,0.01,0.01,0.01,0.04,0.04,9.24,9.24,0.1,0.1,1,1,0.1,0.1,3.6,3.6,0.1,0.1,0,0,FIRM
D,TRADING,PRICE,3,"2025/05/27 09:50:00",1,TAS1,118,35.24,0,0,"2025/05/27 09:45:03",35.24,0.38,0.38,0.38,0.38,0.04,0.04,7.4,7.4,0.1,0.1,0.38,0.38,0,0,2.48,2.48,0.1,0.1,0,0,FIRM
D,TRADING,PRICE,3,"2025/05/27 09:50:00",1,VIC1,118,8.95,0,0,"2025/05/27 09:45:03",8.95,0.01,0.01,0.01,0.01,0.04,0.04,9.24,9.24,0.1,0.1,1,1,0.1,0.1,3.6,3.6,0.1,0.1,0,0,FIRM
C,"END OF REPORT",15
