C,NEMP.WORLD,TRADINGIS,AEMO,PUBLIC,2025/05/27,01:00:15,0000000465024506,TRADINGIS,0000000465024505
I,TRADING,INTERCONNECTORRES,2,SETTLEMENTDATE,RUNNO,INTERCONNECTORID,PERIODID,METEREDMWFLOW,MWFLOW,MWLOSSES,LASTCHANGED
D,TRADING,INTERCONNECTORRES,2,"2025/05/27 01:05:00",1,N-Q-MNSP1,13,10,9,0.6,"2025/05/27 01:00:07"
D,TRADING,INTERCONNECTORRES,2,"2025/05/27 01:05:00",1,NSW1-QLD1,13,552.9,448.21,21.03,"2025/05/27 01:00:07"
D,TRADING,INTERCONNECTORRES,2,"2025/05/27 01:05:00",1,T-V-MNSP1,13,-429.7,-456.06,23.41,"2025/05/27 01:00:07"
D,TRADING,INTERCONNECTORRES,2,"2025/05/27 01:05:00",1,V-S-MNSP1,13,-142,-143.6,35.43,"2025/05/27 01:00:07"
D,TRADING,INTERCONNECTORRES,2,"2025/05/27 01:05:00",1,V-SA,13,-287.18,-342.39,5.72,"2025/05/27 01:00:07"
D,TRADING,INTERCONNECTORRES,2,"2025/05/27 01:05:00",1,VIC1-NSW1,13,1102.42,1064.04,111.34,"2025/05/27 01:00:07"
I,TRADING,PRICE,3,SETTLEMENTDATE,RUNNO,REGIONID,PERIODID,RRP,EEP,INVALIDFLAG,LASTCHANGED,ROP,RAISE6SECRRP,RAISE6SECROP,RAISE60SECRRP,RAISE60SECROP,RAISE5MINRRP,RAISE5MINROP,RAISEREGRRP,RAISEREGROP,LOWER6SECRRP,LOWER6SECROP,LOWER60SECRRP,LOWER60SECROP,LOWER5MINRRP,LOWER5MINROP,LOWERREGRRP,LOWERREGROP,RAISE1SECRRP,RAISE1SECROP,LOWER1SECRRP,LOWER1SECROP,PRICE_STATUS
D,TRADING,PRICE,3,"2025/05/27 01:05:00",1,SA1,13,-12.98,0,0,"2025/05/27 01:00:07",-12.98,0,0,0,0,0.04,0.04,3.99,3.99,0.38,0.38,1,1,0,0,0,0,0.3,0.3,0,0,FIRM
D,TRADING,PRICE,3,"2025/05/27 01:05:00",1,NSW1,13,46.61,0,0,"2025/05/27 01:00:07",46.61,0,0,0,0,0.04,0.04,3.99,3.99,0.38,0.38,1,1,0,0,0,0,0.3,0.3,0,0,FIRM
D,TRADING,PRICE,3,"2025/05/27 01:05:00",1,QLD1,13,50.75,0,0,"2025/05/27 01:00:07",50.75,0,0,0,0,0.04,0.04,3.99,3.99,0.38,0.38,1,1,0,0,0,0,0.3,0.3,0,0,FIRM
D,TRADING,PRICE,3,"2025/05/27 01:05:00",1,TAS1,13,34.28,0,0,"2025/05/27 01:00:07",34.28,0.38,0.38,0.38,0.38,0.36,0.36,8.8,8.8,0.38,0.38,1,1,0,0,2.55,2.55,0.3,0.3,0,0,FIRM
D,TRADING,PRICE,3,"2025/05/27 01:05:00",1,VIC1,13,-13.76,0,0,"2025/05/27 01:00:07",-13.76,0,0,0,0,0.04,0.04,3.99,3.99,0.38,0.38,1,1,0,0,0,0,0.3,0.3,0,0,FIRM
C,"END OF REPORT",15
