C,NEMP.WORLD,TRADINGIS,AEMO,PUBLIC,2025/05/27,12:50:16,0000000465098438,TRADINGIS,0000000465098437
I,TRADING,INTERCONNECTORRES,2,SETTLEMENTDATE,RUNNO,INTERCONNECTORID,PERIODID,METEREDMWFLOW,MWFLOW,MWLOSSES,LASTCHANGED
D,TRADING,INTERCONNECTORRES,2,"2025/05/27 12:55:00",1,N-Q-MNSP1,155,-21.2,-9,-0.16,"2025/05/27 12:50:08"
D,TRADING,INTERCONNECTORRES,2,"2025/05/27 12:55:00",1,NSW1-QLD1,155,-107.6,-141.06,1.33,"2025/05/27 12:50:08"
D,TRADING,INTERCONNECTORRES,2,"2025/05/27 12:55:00",1,T-V-MNSP1,155,-457.2,-473.01,25.11,"2025/05/27 12:50:08"
D,TRADING,INTERCONNECTORRES,2,"2025/05/27 12:55:00",1,V-S-MNSP1,155,173,168.05,21.69,"2025/05/27 12:50:08"
D,TRADING,INTERCONNECTORRES,2,"2025/05/27 12:55:00",1,V-SA,155,-157.95,-76.52,3.57,"2025/05/27 12:50:08"
D,TRADING,INTERCONNECTORRES,2,"2025/05/27 12:55:00",1,VIC1-NSW1,155,-537.73,-450.7,-10.72,"2025/05/27 12:50:08"
I,TRADING,PRICE,3,SETTLEMENTDATE,RUNNO,REGIONID,PERIODID,RRP,EEP,INVALIDFLAG,LASTCHANGED,ROP,RAISE6SECRRP,RAISE6SECROP,RAISE60SECRRP,RAISE60SECROP,RAISE5MINRRP,RAISE5MINROP,RAISEREGRRP,RAISEREGROP,LOWER6SECRRP,LOWER6SECROP,LOWER60SECRRP,LOWER60SECROP,LOWER5MINRRP,LOWER5MINROP,LOWERREGRRP,LOWERREGROP,RAISE1SECRRP,RAISE1SECROP,LOWER1SECRRP,LOWER1SECROP,PRICE_STATUS
D,TRADING,PRICE,3,"2025/05/27 12:55:00",1,SA1,155,-68.1,0,0,"2025/05/27 12:50:08",-68.1,0.1,0.1,0.1,0.1,0.1,0.1,9.89,9.89,0.39,0.39,1.4,1.4,0.39,0.39,3.7,3.7,0.3,0.3,0,0,FIRM
D,TRADING,PRICE,3,"2025/05/27 12:55:00",1,NSW1,155,36.5,0,0,"2025/05/27 12:50:08",36.5,0.1,0.1,0.1,0.1,0.1,0.1,9.89,9.89,0.39,0.39,1.4,1.4,0.39,0.39,3.7,3.7,0.3,0.3,0,0,FIRM
D,TRADING,PRICE,3,"2025/05/27 12:55:00",1,QLD1,155,35.73,0,0,"2025/05/27 12:50:08",35.73,0.1,0.1,0.1,0.1,0.1,0.1,9.89,9.89,0.39,0.39,1.4,1.4,0.39,0.39,3.7,3.7,0.3,0.3,0,0,FIRM
D,TRADING,PRICE,3,"2025/05/27 12:55:00",1,TAS1,155,75.18,0,0,"2025/05/27 12:50:08",75.18,0.38,0.38,0.38,0.38,0.36,0.36,7.4,7.4,0.38,0.38,0.38,0.38,0,0,3.48,3.48,0.3,0.3,0,0,FIRM
D,TRADING,PRICE,3,"2025/05/27 12:55:00",1,VIC1,155,64.12,0,0,"2025/05/27 12:50:08",64.12,0.1,0.1,0.1,0.1,0.1,0.1,9.89,9.89,0.39,0.39,1.4,1.4,0.39,0.39,3.7,3.7,0.3,0.3,0,0,FIRM
C,"END OF REPORT",15
