C,NEMP.WORLD,TRADINGIS,AEMO,PUBLIC,2025/05/29,20:45:10,0000000465438129,TRADINGIS,0000000465438128
I,TRADING,INTERCONNECTORRES,2,SETTLEMENTDATE,RUNNO,INTERCONNECTORID,PERIODID,METEREDMWFLOW,MWFLOW,MWLOSSES,LASTCHANGED
D,TRADING,INTERCONNECTORRES,2,"2025/05/29 20:50:00",1,N-Q-MNSP1,250,-8,-9,-0.16,"2025/05/29 20:45:03"
D,TRADING,INTERCONNECTORRES,2,"2025/05/29 20:50:00",1,NSW1-QLD1,250,-432.5,-366.6,-6.68,"2025/05/29 20:45:03"
D,TRADING,INTERCONNECTORRES,2,"2025/05/29 20:50:00",1,T-V-MNSP1,250,-108,-291.55,9.98,"2025/05/29 20:45:03"
D,TRADING,INTERCONNECTORRES,2,"2025/05/29 20:50:00",1,V-S-MNSP1,250,27,18,-0.93,"2025/05/29 20:45:03"
D,TRADING,INTERCONNECTORRES,2,"2025/05/29 20:50:00",1,V-SA,250,-76.04,-141.19,1.2,"2025/05/29 20:45:03"
D,TRADING,INTERCONNECTORRES,2,"2025/05/29 20:50:00",1,VIC1-NSW1,250,-41.96,-62.57,-0.01,"2025/05/29 20:45:03"
I,TRADING,PRICE,3,SETTLEMENTDATE,RUNNO,REGIONID,PERIODID,RRP,EEP,INVALIDFLAG,LASTCHANGED,ROP,RAISE6SECRRP,RAISE6SECROP,RAISE60SECRRP,RAISE60SECROP,RAISE5MINRRP,RAISE5MINROP,RAISEREGRRP,RAISEREGROP,LOWER6SECRRP,LOWER6SECROP,LOWER60SECRRP,LOWER60SECROP,LOWER5MINRRP,LOWER5MINROP,LOWERREGRRP,LOWERREGROP,RAISE1SECRRP,RAISE1SECROP,LOWER1SECRRP,LOWER1SECROP,PRICE_STATUS
D,TRADING,PRICE,3,"2025/05/29 20:50:00",1,SA1,250,106.25,0,0,"2025/05/29 20:45:03",106.25,0.38,0.38,0.36,0.36,0.32,0.32,5.99,5.99,0.03,0.03,0.38,0.38,0.1,0.1,7.65,7.65,0.36,0.36,0,0,FIRM
D,TRADING,PRICE,3,"2025/05/29 20:50:00",1,NSW1,250,131.86,0,0,"2025/05/29 20:45:03",131.86,0.38,0.38,0.36,0.36,0.32,0.32,5.99,5.99,0.03,0.03,0.38,0.38,0.1,0.1,7.65,7.65,0.36,0.36,0,0,FIRM
D,TRADING,PRICE,3,"2025/05/29 20:50:00",1,QLD1,250,129.77,0,0,"2025/05/29 20:45:03",129.77,0.38,0.38,0.36,0.36,0.32,0.32,5.99,5.99,0.03,0.03,0.38,0.38,0.1,0.1,7.65,7.65,0.36,0.36,0,0,FIRM
D,TRADING,PRICE,3,"2025/05/29 20:50:00",1,TAS1,250,114.34,0,0,"2025/05/29 20:45:03",114.34,0.38,0.38,0.38,0.38,0.32,0.32,7.54,7.54,0.03,0.03,0.38,0.38,0.1,0.1,3.46,3.46,0.36,0.36,0,0,FIRM
D,TRADING,PRICE,3,"2025/05/29 20:50:00",1,VIC1,250,109,0,0,"2025/05/29 20:45:03",109,0.38,0.38,0.36,0.36,0.32,0.32,5.99,5.99,0.03,0.03,0.38,0.38,0.1,0.1,7.65,7.65,0.36,0.36,0,0,FIRM
C,"END OF REPORT",15
