C,NEMP.WORLD,TRADINGIS,AEMO,PUBLIC,2025/05/29,02:30:11,0000000465327172,TRADINGIS,0000000465327171
I,TRADING,INTERCONNECTORRES,2,SETTLEMENTDATE,RUNNO,INTERCONNECTORID,PERIODID,METEREDMWFLOW,MWFLOW,MWLOSSES,LASTCHANGED
D,TRADING,INTERCONNECTORRES,2,"2025/05/29 02:35:00",1,N-Q-MNSP1,31,-24,-17,0.07,"2025/05/29 02:30:03"
D,TRADING,INTERCONNECTORRES,2,"2025/05/29 02:35:00",1,NSW1-QLD1,31,-396.6,-389.99,14.03,"2025/05/29 02:30:03"
D,TRADING,INTERCONNECTORRES,2,"2025/05/29 02:35:00",1,T-V-MNSP1,31,-414.5,-438,21.66,"2025/05/29 02:30:03"
D,TRADING,INTERCONNECTORRES,2,"2025/05/29 02:35:00",1,V-S-MNSP1,31,63,63,0.15,"2025/05/29 02:30:03"
D,TRADING,INTERCONNECTORRES,2,"2025/05/29 02:35:00",1,V-SA,31,324.08,320.91,16.04,"2025/05/29 02:30:03"
D,TRADING,INTERCONNECTORRES,2,"2025/05/29 02:35:00",1,VIC1-NSW1,31,472.08,490.15,33.7,"2025/05/29 02:30:03"
I,TRADING,PRICE,3,SETTLEMENTDATE,RUNNO,REGIONID,PERIODID,RRP,EEP,INVALIDFLAG,LASTCHANGED,ROP,RAISE6SECRRP,RAISE6SECROP,RAISE60SECRRP,RAISE60SECROP,RAISE5MINRRP,RAISE5MINROP,RAISEREGRRP,RAISEREGROP,LOWER6SECRRP,LOWER6SECROP,LOWER60SECRRP,LOWER60SECROP,LOWER5MINRRP,LOWER5MINROP,LOWERREGRRP,LOWERREGROP,RAISE1SECRRP,RAISE1SECROP,LOWER1SECRRP,LOWER1SECROP,PRICE_STATUS
D,TRADING,PRICE,3,"2025/05/29 02:35:00",1,SA1,31,74.49,0,0,"2025/05/29 02:30:03",74.49,0.23,0.23,0.1,0.1,0.04,0.04,0.04,0.04,0.38,0.38,0.86,0.86,0.27,0.27,3.59,3.59,0.38,0.38,0,0,FIRM
D,TRADING,PRICE,3,"2025/05/29 02:35:00",1,NSW1,31,76.58,0,0,"2025/05/29 02:30:03",76.58,0.23,0.23,0.1,0.1,0.04,0.04,0.04,0.04,0.38,0.38,0.86,0.86,0.27,0.27,3.59,3.59,0.38,0.38,0,0,FIRM
D,TRADING,PRICE,3,"2025/05/29 02:35:00",1,QLD1,31,71.49,0,0,"2025/05/29 02:30:03",71.49,0.23,0.23,0.1,0.1,0.04,0.04,0.04,0.04,0.38,0.38,0.86,0.86,0.27,0.27,3.59,3.59,0.38,0.38,0,0,FIRM
D,TRADING,PRICE,3,"2025/05/29 02:35:00",1,TAS1,31,100.24,0,0,"2025/05/29 02:30:03",100.24,0.38,0.38,0.38,0.38,0.38,0.38,8.4,8.4,0.38,0.38,0.38,0.38,0,0,2.48,2.48,0.38,0.38,0,0,FIRM
D,TRADING,PRICE,3,"2025/05/29 02:35:00",1,VIC1,31,68.47,0,0,"2025/05/29 02:30:03",68.47,0.23,0.23,0.1,0.1,0.04,0.04,0.04,0.04,0.38,0.38,0.86,0.86,0.27,0.27,3.59,3.59,0.38,0.38,0,0,FIRM
C,"END OF REPORT",15
