C,NEMP.WORLD,TRADINGIS,AEMO,PUBLIC,2025/05/28,00:45:10,0000000465173017,TRADINGIS,0000000465173016
I,TRADING,INTERCONNECTORRES,2,SETTLEMENTDATE,RUNNO,INTERCONNECTORID,PERIODID,METEREDMWFLOW,MWFLOW,MWLOSSES,LASTCHANGED
D,TRADING,INTERCONNECTORRES,2,"2025/05/28 00:50:00",1,N-Q-MNSP1,10,-8.5,-9,-0.16,"2025/05/28 00:45:03"
D,TRADING,INTERCONNECTORRES,2,"2025/05/28 00:50:00",1,NSW1-QLD1,10,84.3,23.26,0.17,"2025/05/28 00:45:03"
D,TRADING,INTERCONNECTORRES,2,"2025/05/28 00:50:00",1,T-V-MNSP1,10,-442,-472.77,25.09,"2025/05/28 00:45:03"
D,TRADING,INTERCONNECTORRES,2,"2025/05/28 00:50:00",1,V-S-MNSP1,10,174,137.62,12.72,"2025/05/28 00:45:03"
D,TRADING,INTERCONNECTORRES,2,"2025/05/28 00:50:00",1,V-SA,10,539.4,574,46.17,"2025/05/28 00:45:03"
D,TRADING,INTERCONNECTORRES,2,"2025/05/28 00:50:00",1,VIC1-NSW1,10,696.11,681.9,53.45,"2025/05/28 00:45:03"
I,TRADING,PRICE,3,SETTLEMENTDATE,RUNNO,REGIONID,PERIODID,RRP,EEP,INVALIDFLAG,LASTCHANGED,ROP,RAISE6SECRRP,RAISE6SECROP,RAISE60SECRRP,RAISE60SECROP,RAISE5MINRRP,RAISE5MINROP,RAISEREGRRP,RAISEREGROP,LOWER6SECRRP,LOWER6SECROP,LOWER60SECRRP,LOWER60SECROP,LOWER5MINRRP,LOWER5MINROP,LOWERREGRRP,LOWERREGROP,RAISE1SECRRP,RAISE1SECROP,LOWER1SECRRP,LOWER1SECROP,PRICE_STATUS
D,TRADING,PRICE,3,"2025/05/28 00:50:00",1,SA1,10,2.61,0,0,"2025/05/28 00:45:03",2.61,0.15,0.15,0.1,0.1,0.1,0.1,0.1,0.1,0.01,0.01,0.39,0.39,0,0,0,0,0.1,0.1,0,0,FIRM
D,TRADING,PRICE,3,"2025/05/28 00:50:00",1,NSW1,10,56.98,0,0,"2025/05/28 00:45:03",56.98,0.15,0.15,0.1,0.1,0.1,0.1,0.1,0.1,0.01,0.01,0.39,0.39,0,0,0,0,0.1,0.1,0,0,FIRM
D,TRADING,PRICE,3,"2025/05/28 00:50:00",1,QLD1,10,57.67,0,0,"2025/05/28 00:45:03",57.67,0.15,0.15,0.1,0.1,0.1,0.1,0.1,0.1,0.01,0.01,0.39,0.39,0,0,0,0,0.1,0.1,0,0,FIRM
D,TRADING,PRICE,3,"2025/05/28 00:50:00",1,TAS1,10,35.02,0,0,"2025/05/28 00:45:03",35.02,0.38,0.38,0.38,0.38,0.36,0.36,7.4,7.4,0.01,0.01,0.38,0.38,0,0,3.48,3.48,0.1,0.1,0,0,FIRM
D,TRADING,PRICE,3,"2025/05/28 00:50:00",1,VIC1,10,2.03,0,0,"2025/05/28 00:45:03",2.03,0.15,0.15,0.1,0.1,0.1,0.1,0.1,0.1,0.01,0.01,0.39,0.39,0,0,0,0,0.1,0.1,0,0,FIRM
C,"END OF REPORT",15
