C,NEMP.WORLD,TRADINGIS,AEMO,PUBLIC,2025/05/29,19:50:12,0000000465432601,TRADINGIS,0000000465432600
I,TRADING,INTERCONNECTORRES,2,SETTLEMENTDATE,RUNNO,INTERCONNECTORID,PERIODID,METEREDMWFLOW,MWFLOW,MWLOSSES,LASTCHANGED
D,TRADING,INTERCONNECTORRES,2,"2025/05/29 19:55:00",1,N-Q-MNSP1,239,-9.9,-17,0.07,"2025/05/29 19:50:04"
D,TRADING,INTERCONNECTORRES,2,"2025/05/29 19:55:00",1,NSW1-QLD1,239,-475.9,-467.7,-5.82,"2025/05/29 19:50:04"
D,TRADING,INTERCONNECTORRES,2,"2025/05/29 19:55:00",1,T-V-MNSP1,239,97,86.11,0.44,"2025/05/29 19:50:04"
D,TRADING,INTERCONNECTORRES,2,"2025/05/29 19:55:00",1,V-S-MNSP1,239,45,36.93,-1.07,"2025/05/29 19:50:04"
D,TRADING,INTERCONNECTORRES,2,"2025/05/29 19:55:00",1,V-SA,239,71.91,85,1.29,"2025/05/29 19:50:04"
D,TRADING,INTERCONNECTORRES,2,"2025/05/29 19:55:00",1,VIC1-NSW1,239,5.16,-28.8,-0.04,"2025/05/29 19:50:04"
I,TRADING,PRICE,3,SETTLEMENTDATE,RUNNO,REGIONID,PERIODID,RRP,EEP,INVALIDFLAG,LASTCHANGED,ROP,RAISE6SECRRP,RAISE6SECROP,RAISE60SECRRP,RAISE60SECROP,RAISE5MINRRP,RAISE5MINROP,RAISEREGRRP,RAISEREGROP,LOWER6SECRRP,LOWER6SECROP,LOWER60SECRRP,LOWER60SECROP,LOWER5MINRRP,LOWER5MINROP,LOWERREGRRP,LOWERREGROP,RAISE1SECRRP,RAISE1SECROP,LOWER1SECRRP,LOWER1SECROP,PRICE_STATUS
D,TRADING,PRICE,3,"2025/05/29 19:55:00",1,SA1,239,138,0,0,"2025/05/29 19:50:04",138,0.38,0.38,0.23,0.23,0.32,0.32,5.99,5.99,0.14,0.14,0.38,0.38,0.39,0.39,8.54,8.54,0.36,0.36,0,0,FIRM
D,TRADING,PRICE,3,"2025/05/29 19:55:00",1,NSW1,239,134.93,0,0,"2025/05/29 19:50:04",134.93,0.38,0.38,0.23,0.23,0.32,0.32,5.99,5.99,0.14,0.14,0.38,0.38,0.39,0.39,8.54,8.54,0.36,0.36,0,0,FIRM
D,TRADING,PRICE,3,"2025/05/29 19:55:00",1,QLD1,239,130.8,0,0,"2025/05/29 19:50:04",130.8,0.38,0.38,0.23,0.23,0.32,0.32,5.99,5.99,0.14,0.14,0.38,0.38,0.39,0.39,8.54,8.54,0.36,0.36,0,0,FIRM
D,TRADING,PRICE,3,"2025/05/29 19:55:00",1,TAS1,239,138.52,0,0,"2025/05/29 19:50:04",138.52,0.38,0.38,0.38,0.38,0.32,0.32,7.54,7.54,0.14,0.14,0.38,0.38,0,0,2.46,2.46,0.36,0.36,0,0,FIRM
D,TRADING,PRICE,3,"2025/05/29 19:55:00",1,VIC1,239,134.74,0,0,"2025/05/29 19:50:04",134.74,0.38,0.38,0.23,0.23,0.32,0.32,5.99,5.99,0.14,0.14,0.38,0.38,0.39,0.39,8.54,8.54,0.36,0.36,0,0,FIRM
C,"END OF REPORT",15
