C,NEMP.WORLD,TRADINGIS,AEMO,PUBLIC,2025/05/29,01:30:10,0000000465321519,TRADINGIS,0000000465321518
I,TRADING,INTERCONNECTORRES,2,SETTLEMENTDATE,RUNNO,INTERCONNECTORID,PERIODID,METEREDMWFLOW,MWFLOW,MWLOSSES,LASTCHANGED
D,TRADING,INTERCONNECTORRES,2,"2025/05/29 01:35:00",1,N-Q-MNSP1,19,-17.8,-17,0.07,"2025/05/29 01:30:02"
D,TRADING,INTERCONNECTORRES,2,"2025/05/29 01:35:00",1,NSW1-QLD1,19,-332.8,-378.87,11.44,"2025/05/29 01:30:02"
D,TRADING,INTERCONNECTORRES,2,"2025/05/29 01:35:00",1,T-V-MNSP1,19,-431,-438,21.66,"2025/05/29 01:30:02"
D,TRADING,INTERCONNECTORRES,2,"2025/05/29 01:35:00",1,V-S-MNSP1,19,63,63,0.15,"2025/05/29 01:30:02"
D,TRADING,INTERCONNECTORRES,2,"2025/05/29 01:35:00",1,V-SA,19,286.27,312.64,15.01,"2025/05/29 01:30:02"
D,TRADING,INTERCONNECTORRES,2,"2025/05/29 01:35:00",1,VIC1-NSW1,19,462.76,402.25,23.98,"2025/05/29 01:30:02"
I,TRADING,PRICE,3,SETTLEMENTDATE,RUNNO,REGIONID,PERIODID,RRP,EEP,INVALIDFLAG,LASTCHANGED,ROP,RAISE6SECRRP,RAISE6SECROP,RAISE60SECRRP,RAISE60SECROP,RAISE5MINRRP,RAISE5MINROP,RAISEREGRRP,RAISEREGROP,LOWER6SECRRP,LOWER6SECROP,LOWER60SECRRP,LOWER60SECROP,LOWER5MINRRP,LOWER5MINROP,LOWERREGRRP,LOWERREGROP,RAISE1SECRRP,RAISE1SECROP,LOWER1SECRRP,LOWER1SECROP,PRICE_STATUS
D,TRADING,PRICE,3,"2025/05/29 01:35:00",1,SA1,19,75.98,0,0,"2025/05/29 01:30:02",75.98,0.23,0.23,0.1,0.1,0.1,0.1,20.68,20.68,0.2,0.2,0.45,0.45,0,0,0,0,0.37,0.37,0,0,FIRM
D,TRADING,PRICE,3,"2025/05/29 01:35:00",1,NSW1,19,76.8,0,0,"2025/05/29 01:30:02",76.8,0.23,0.23,0.1,0.1,0.1,0.1,20.68,20.68,0.2,0.2,0.45,0.45,0,0,0,0,0.37,0.37,0,0,FIRM
D,TRADING,PRICE,3,"2025/05/29 01:35:00",1,QLD1,19,72.05,0,0,"2025/05/29 01:30:02",72.05,0.23,0.23,0.1,0.1,0.1,0.1,20.68,20.68,0.2,0.2,0.45,0.45,0,0,0,0,0.37,0.37,0,0,FIRM
D,TRADING,PRICE,3,"2025/05/29 01:35:00",1,TAS1,19,100.24,0,0,"2025/05/29 01:30:02",100.24,0.38,0.38,0.38,0.38,0.38,0.38,8.4,8.4,0.2,0.2,0.38,0.38,0,0,2.48,2.48,0.37,0.37,0,0,FIRM
D,TRADING,PRICE,3,"2025/05/29 01:35:00",1,VIC1,19,69.91,0,0,"2025/05/29 01:30:02",69.91,0.23,0.23,0.1,0.1,0.1,0.1,20.68,20.68,0.2,0.2,0.45,0.45,0,0,0,0,0.37,0.37,0,0,FIRM
C,"END OF REPORT",15
