C,NEMP.WORLD,TRADINGIS,AEMO,PUBLIC,2025/05/27,02:30:14,0000000465033430,TRADINGIS,0000000465033429
I,TRADING,INTERCONNECTORRES,2,SETTLEMENTDATE,RUNNO,INTERCONNECTORID,PERIODID,METEREDMWFLOW,MWFLOW,MWLOSSES,LASTCHANGED
D,TRADING,INTERCONNECTORRES,2,"2025/05/27 02:35:00",1,N-Q-MNSP1,31,8,9,0.6,"2025/05/27 02:30:06"
D,TRADING,INTERCONNECTORRES,2,"2025/05/27 02:35:00",1,NSW1-QLD1,31,596.2,547.27,26.04,"2025/05/27 02:30:06"
D,TRADING,INTERCONNECTORRES,2,"2025/05/27 02:35:00",1,T-V-MNSP1,31,-454.2,-457.55,23.55,"2025/05/27 02:30:06"
D,TRADING,INTERCONNECTORRES,2,"2025/05/27 02:35:00",1,V-S-MNSP1,31,-146,-146.52,36.68,"2025/05/27 02:30:06"
D,TRADING,INTERCONNECTORRES,2,"2025/05/27 02:35:00",1,V-SA,31,-319.8,-302.44,4.36,"2025/05/27 02:30:06"
D,TRADING,INTERCONNECTORRES,2,"2025/05/27 02:35:00",1,VIC1-NSW1,31,941.96,941.38,95.01,"2025/05/27 02:30:06"
I,TRADING,PRICE,3,SETTLEMENTDATE,RUNNO,REGIONID,PERIODID,RRP,EEP,INVALIDFLAG,LASTCHANGED,ROP,RAISE6SECRRP,RAISE6SECROP,RAISE60SECRRP,RAISE60SECROP,RAISE5MINRRP,RAISE5MINROP,RAISEREGRRP,RAISEREGROP,LOWER6SECRRP,LOWER6SECROP,LOWER60SECRRP,LOWER60SECROP,LOWER5MINRRP,LOWER5MINROP,LOWERREGRRP,LOWERREGROP,RAISE1SECRRP,RAISE1SECROP,LOWER1SECRRP,LOWER1SECROP,PRICE_STATUS
D,TRADING,PRICE,3,"2025/05/27 02:35:00",1,SA1,31,-13.25,0,0,"2025/05/27 02:30:06",-13.25,0.01,0.01,0.01,0.01,0.04,0.04,5.99,5.99,0.38,0.38,0.38,0.38,0.1,0.1,3.59,3.59,0.1,0.1,0,0,FIRM
D,TRADING,PRICE,3,"2025/05/27 02:35:00",1,NSW1,31,46.16,0,0,"2025/05/27 02:30:06",46.16,0.01,0.01,0.01,0.01,0.04,0.04,5.99,5.99,0.38,0.38,0.38,0.38,0.1,0.1,3.59,3.59,0.1,0.1,0,0,FIRM
D,TRADING,PRICE,3,"2025/05/27 02:35:00",1,QLD1,31,50.75,0,0,"2025/05/27 02:30:06",50.75,0.01,0.01,0.01,0.01,0.04,0.04,5.99,5.99,0.38,0.38,0.38,0.38,0.1,0.1,3.59,3.59,0.1,0.1,0,0,FIRM
D,TRADING,PRICE,3,"2025/05/27 02:35:00",1,TAS1,31,11.25,0,0,"2025/05/27 02:30:06",11.25,0.38,0.38,0.38,0.38,0.04,0.04,6.97,6.97,0.38,0.38,0.38,0.38,0,0,2.55,2.55,0.1,0.1,0,0,FIRM
D,TRADING,PRICE,3,"2025/05/27 02:35:00",1,VIC1,31,-13.91,0,0,"2025/05/27 02:30:06",-13.91,0.01,0.01,0.01,0.01,0.04,0.04,5.99,5.99,0.38,0.38,0.38,0.38,0.1,0.1,3.59,3.59,0.1,0.1,0,0,FIRM
C,"END OF REPORT",15
