C,NEMP.WORLD,TRADINGIS,AEMO,PUBLIC,2025/05/28,09:40:14,0000000465225076,TRADINGIS,0000000465225075
I,TRADING,INTERCONNECTORRES,2,SETTLEMENTDATE,RUNNO,INTERCONNECTORID,PERIODID,METEREDMWFLOW,MWFLOW,MWLOSSES,LASTCHANGED
D,TRADING,INTERCONNECTORRES,2,"2025/05/28 09:45:00",1,N-Q-MNSP1,117,72.8,62.14,13.28,"2025/05/28 09:40:06"
D,TRADING,INTERCONNECTORRES,2,"2025/05/28 09:45:00",1,NSW1-QLD1,117,-454.2,-339.66,12.18,"2025/05/28 09:40:06"
D,TRADING,INTERCONNECTORRES,2,"2025/05/28 09:45:00",1,T-V-MNSP1,117,-457.8,-418.97,19.89,"2025/05/28 09:40:06"
D,TRADING,INTERCONNECTORRES,2,"2025/05/28 09:45:00",1,V-S-MNSP1,117,81,82.76,2.18,"2025/05/28 09:40:06"
D,TRADING,INTERCONNECTORRES,2,"2025/05/28 09:45:00",1,V-SA,117,512.49,583,36.91,"2025/05/28 09:40:06"
D,TRADING,INTERCONNECTORRES,2,"2025/05/28 09:45:00",1,VIC1-NSW1,117,-383.24,-357.55,2.4,"2025/05/28 09:40:06"
I,TRADING,PRICE,3,SETTLEMENTDATE,RUNNO,REGIONID,PERIODID,RRP,EEP,INVALIDFLAG,LASTCHANGED,ROP,RAISE6SECRRP,RAISE6SECROP,RAISE60SECRRP,RAISE60SECROP,RAISE5MINRRP,RAISE5MINROP,RAISEREGRRP,RAISEREGROP,LOWER6SECRRP,LOWER6SECROP,LOWER60SECRRP,LOWER60SECROP,LOWER5MINRRP,LOWER5MINROP,LOWERREGRRP,LOWERREGROP,RAISE1SECRRP,RAISE1SECROP,LOWER1SECRRP,LOWER1SECROP,PRICE_STATUS
D,TRADING,PRICE,3,"2025/05/28 09:45:00",1,SA1,117,70.44,0,0,"2025/05/28 09:40:06",70.44,0.23,0.23,0.1,0.1,0.1,0.1,7.84,7.84,0.1,0.1,0.39,0.39,0.1,0.1,2,2,0.1,0.1,0,0,FIRM
D,TRADING,PRICE,3,"2025/05/28 09:45:00",1,NSW1,117,10.91,0,0,"2025/05/28 09:40:06",10.91,0.23,0.23,0.1,0.1,0.1,0.1,7.84,7.84,0.1,0.1,0.39,0.39,0.1,0.1,2,2,0.1,0.1,0,0,FIRM
D,TRADING,PRICE,3,"2025/05/28 09:45:00",1,QLD1,117,-24.23,0,0,"2025/05/28 09:40:06",-24.23,0.23,0.23,0.1,0.1,0.1,0.1,7.84,7.84,7.89,7.89,27.88,27.88,0.1,0.1,2,2,0.1,0.1,0,0,FIRM
D,TRADING,PRICE,3,"2025/05/28 09:45:00",1,TAS1,117,100.14,0,0,"2025/05/28 09:40:06",100.14,0.38,0.38,0.38,0.38,0.1,0.1,6.46,6.46,0.1,0.1,0.38,0.38,0.1,0.1,2.48,2.48,0.1,0.1,0,0,FIRM
D,TRADING,PRICE,3,"2025/05/28 09:45:00",1,VIC1,117,61.9,0,0,"2025/05/28 09:40:06",61.9,0.23,0.23,0.1,0.1,0.1,0.1,7.84,7.84,0.1,0.1,0.39,0.39,0.1,0.1,2,2,0.1,0.1,0,0,FIRM
C,"END OF REPORT",15
