C,NEMP.WORLD,TRADINGIS,AEMO,PUBLIC,2025/05/28,14:05:10,0000000465253487,TRADINGIS,0000000465253486
I,TRADING,INTERCONNECTORRES,2,SETTLEMENTDATE,RUNNO,INTERCONNECTORID,PERIODID,METEREDMWFLOW,MWFLOW,MWLOSSES,LASTCHANGED
D,TRADING,INTERCONNECTORRES,2,"2025/05/28 14:10:00",1,N-Q-MNSP1,170,83.4,3.4,0.23,"2025/05/28 14:05:03"
D,TRADING,INTERCONNECTORRES,2,"2025/05/28 14:10:00",1,NSW1-QLD1,170,-515.5,-328.53,11.98,"2025/05/28 14:05:03"
D,TRADING,INTERCONNECTORRES,2,"2025/05/28 14:10:00",1,T-V-MNSP1,170,-423,-433.64,21.25,"2025/05/28 14:05:03"
D,TRADING,INTERCONNECTORRES,2,"2025/05/28 14:10:00",1,V-S-MNSP1,170,154,156.17,17.92,"2025/05/28 14:05:03"
D,TRADING,INTERCONNECTORRES,2,"2025/05/28 14:10:00",1,V-SA,170,605.18,583.49,30.03,"2025/05/28 14:05:03"
D,TRADING,INTERCONNECTORRES,2,"2025/05/28 14:10:00",1,VIC1-NSW1,170,-560.08,-399.92,-4.66,"2025/05/28 14:05:03"
I,TRADING,PRICE,3,SETTLEMENTDATE,RUNNO,REGIONID,PERIODID,RRP,EEP,INVALIDFLAG,LASTCHANGED,ROP,RAISE6SECRRP,RAISE6SECROP,RAISE60SECRRP,RAISE60SECROP,RAISE5MINRRP,RAISE5MINROP,RAISEREGRRP,RAISEREGROP,LOWER6SECRRP,LOWER6SECROP,LOWER60SECRRP,LOWER60SECROP,LOWER5MINRRP,LOWER5MINROP,LOWERREGRRP,LOWERREGROP,RAISE1SECRRP,RAISE1SECROP,LOWER1SECRRP,LOWER1SECROP,PRICE_STATUS
D,TRADING,PRICE,3,"2025/05/28 14:10:00",1,SA1,170,65.72,0,0,"2025/05/28 14:05:03",65.72,0.1,0.1,0.04,0.04,0.09,0.09,5.99,5.99,0.01,0.01,0.39,0.39,0.39,0.39,5.98,5.98,0.01,0.01,0,0,FIRM
D,TRADING,PRICE,3,"2025/05/28 14:10:00",1,NSW1,170,19.6,0,0,"2025/05/28 14:05:03",19.6,0.1,0.1,0.04,0.04,0.09,0.09,5.99,5.99,0.01,0.01,0.39,0.39,0.39,0.39,5.98,5.98,0.01,0.01,0,0,FIRM
D,TRADING,PRICE,3,"2025/05/28 14:10:00",1,QLD1,170,-18.51,0,0,"2025/05/28 14:05:03",-18.51,0.1,0.1,0.04,0.04,0.09,0.09,5.99,5.99,21.46,21.46,16.68,16.68,0.39,0.39,5.98,5.98,0.01,0.01,0,0,FIRM
D,TRADING,PRICE,3,"2025/05/28 14:10:00",1,TAS1,170,35.12,0,0,"2025/05/28 14:05:03",35.12,0.38,0.38,0.38,0.38,0.09,0.09,6.44,6.44,0.01,0.01,0.38,0.38,0,0,2.48,2.48,0.01,0.01,0,0,FIRM
D,TRADING,PRICE,3,"2025/05/28 14:10:00",1,VIC1,170,20.01,0,0,"2025/05/28 14:05:03",20.01,0.1,0.1,0.04,0.04,0.09,0.09,5.99,5.99,0.01,0.01,0.39,0.39,0.39,0.39,5.98,5.98,0.01,0.01,0,0,FIRM
C,"END OF REPORT",15
