C,NEMP.WORLD,TRADINGIS,AEMO,PUBLIC,2025/05/26,12:50:13,0000000464947961,TRADINGIS,0000000464947960
I,TRADING,INTERCONNECTORRES,2,SETTLEMENTDATE,RUNNO,INTERCONNECTORID,PERIODID,METEREDMWFLOW,MWFLOW,MWLOSSES,LASTCHANGED
D,TRADING,INTERCONNECTORRES,2,"2025/05/26 12:55:00",1,N-Q-MNSP1,155,-9.5,-17,0.07,"2025/05/26 12:50:05"
D,TRADING,INTERCONNECTORRES,2,"2025/05/26 12:55:00",1,NSW1-QLD1,155,-1082.8,-934.43,76.99,"2025/05/26 12:50:05"
D,TRADING,INTERCONNECTORRES,2,"2025/05/26 12:55:00",1,T-V-MNSP1,155,-402.9,-441.62,22,"2025/05/26 12:50:05"
D,TRADING,INTERCONNECTORRES,2,"2025/05/26 12:55:00",1,V-S-MNSP1,155,156,158.54,18.65,"2025/05/26 12:50:05"
D,TRADING,INTERCONNECTORRES,2,"2025/05/26 12:55:00",1,V-SA,155,326.39,210.72,14.94,"2025/05/26 12:50:05"
D,TRADING,INTERCONNECTORRES,2,"2025/05/26 12:55:00",1,VIC1-NSW1,155,277.13,495.25,23.96,"2025/05/26 12:50:05"
I,TRADING,PRICE,3,SETTLEMENTDATE,RUNNO,REGIONID,PERIODID,RRP,EEP,INVALIDFLAG,LASTCHANGED,ROP,RAISE6SECRRP,RAISE6SECROP,RAISE60SECRRP,RAISE60SECROP,RAISE5MINRRP,RAISE5MINROP,RAISEREGRRP,RAISEREGROP,LOWER6SECRRP,LOWER6SECROP,LOWER60SECRRP,LOWER60SECROP,LOWER5MINRRP,LOWER5MINROP,LOWERREGRRP,LOWERREGROP,RAISE1SECRRP,RAISE1SECROP,LOWER1SECRRP,LOWER1SECROP,PRICE_STATUS
D,TRADING,PRICE,3,"2025/05/26 12:55:00",1,SA1,155,-22.59,0,0,"2025/05/26 12:50:05",-22.59,0.1,0.1,0.01,0.01,0.04,0.04,7.85,7.85,0.39,0.39,0.43,0.43,0.01,0.01,0.01,0.01,0.1,0.1,0,0,FIRM
D,TRADING,PRICE,3,"2025/05/26 12:55:00",1,NSW1,155,57.01,0,0,"2025/05/26 12:50:05",57.01,0.1,0.1,0.01,0.01,0.04,0.04,7.85,7.85,0.39,0.39,0.43,0.43,0.01,0.01,0.01,0.01,0.1,0.1,0,0,FIRM
D,TRADING,PRICE,3,"2025/05/26 12:55:00",1,QLD1,155,34.74,0,0,"2025/05/26 12:50:05",34.74,0.1,0.1,0.01,0.01,0.04,0.04,7.85,7.85,0.39,0.39,0.43,0.43,0.01,0.01,0.01,0.01,0.1,0.1,0,0,FIRM
D,TRADING,PRICE,3,"2025/05/26 12:55:00",1,TAS1,155,11.25,0,0,"2025/05/26 12:50:05",11.25,0.38,0.38,0.38,0.38,0.36,0.36,8.8,8.8,0.38,0.38,0.43,0.43,0,0,3.55,3.55,0.1,0.1,0,0,FIRM
D,TRADING,PRICE,3,"2025/05/26 12:55:00",1,VIC1,155,-20.52,0,0,"2025/05/26 12:50:05",-20.52,0.1,0.1,0.01,0.01,0.04,0.04,7.85,7.85,0.39,0.39,0.43,0.43,0.01,0.01,0.01,0.01,0.1,0.1,0,0,FIRM
C,"END OF REPORT",15
