C,NEMP.WORLD,TRADINGIS,AEMO,PUBLIC,2025/05/27,16:45:10,0000000465124548,TRADINGIS,0000000465124547
I,TRADING,INTERCONNECTORRES,2,SETTLEMENTDATE,RUNNO,INTERCONNECTORID,PERIODID,METEREDMWFLOW,MWFLOW,MWLOSSES,LASTCHANGED
D,TRADING,INTERCONNECTORRES,2,"2025/05/27 16:50:00",1,N-Q-MNSP1,202,8.5,17,1.52,"2025/05/27 16:45:03"
D,TRADING,INTERCONNECTORRES,2,"2025/05/27 16:50:00",1,NSW1-QLD1,202,133.3,310.31,28.63,"2025/05/27 16:45:03"
D,TRADING,INTERCONNECTORRES,2,"2025/05/27 16:50:00",1,T-V-MNSP1,202,-402.9,-447.08,22.53,"2025/05/27 16:45:03"
D,TRADING,INTERCONNECTORRES,2,"2025/05/27 16:50:00",1,V-S-MNSP1,202,165,167.17,21.4,"2025/05/27 16:45:03"
D,TRADING,INTERCONNECTORRES,2,"2025/05/27 16:50:00",1,V-SA,202,161.06,45.63,-0.47,"2025/05/27 16:45:03"
D,TRADING,INTERCONNECTORRES,2,"2025/05/27 16:50:00",1,VIC1-NSW1,202,287.38,144.45,5.38,"2025/05/27 16:45:03"
I,TRADING,PRICE,3,SETTLEMENTDATE,RUNNO,REGIONID,PERIODID,RRP,EEP,INVALIDFLAG,LASTCHANGED,ROP,RAISE6SECRRP,RAISE6SECROP,RAISE60SECRRP,RAISE60SECROP,RAISE5MINRRP,RAISE5MINROP,RAISEREGRRP,RAISEREGROP,LOWER6SECRRP,LOWER6SECROP,LOWER60SECRRP,LOWER60SECROP,LOWER5MINRRP,LOWER5MINROP,LOWERREGRRP,LOWERREGROP,RAISE1SECRRP,RAISE1SECROP,LOWER1SECRRP,LOWER1SECROP,PRICE_STATUS
D,TRADING,PRICE,3,"2025/05/27 16:50:00",1,SA1,202,-19.9,0,0,"2025/05/27 16:45:03",-19.9,0.38,0.38,0.38,0.38,0.38,0.38,12,12,0.1,0.1,0.38,0.38,0.39,0.39,13.7,13.7,0.3,0.3,0,0,FIRM
D,TRADING,PRICE,3,"2025/05/27 16:50:00",1,NSW1,202,85.91,0,0,"2025/05/27 16:45:03",85.91,0.38,0.38,0.38,0.38,0.38,0.38,12,12,0.1,0.1,0.38,0.38,0.39,0.39,13.7,13.7,0.3,0.3,0,0,FIRM
D,TRADING,PRICE,3,"2025/05/27 16:50:00",1,QLD1,202,96.63,0,0,"2025/05/27 16:45:03",96.63,0.38,0.38,0.38,0.38,0.38,0.38,12,12,0.1,0.1,0.38,0.38,0.39,0.39,13.7,13.7,0.3,0.3,0,0,FIRM
D,TRADING,PRICE,3,"2025/05/27 16:50:00",1,TAS1,202,98.97,0,0,"2025/05/27 16:45:03",98.97,0.38,0.38,0.38,0.38,0.38,0.38,7.4,7.4,0.1,0.1,0.38,0.38,0,0,2.48,2.48,0.3,0.3,0,0,FIRM
D,TRADING,PRICE,3,"2025/05/27 16:50:00",1,VIC1,202,78.89,0,0,"2025/05/27 16:45:03",78.89,0.38,0.38,0.38,0.38,0.38,0.38,12,12,0.1,0.1,0.38,0.38,0.39,0.39,13.7,13.7,0.3,0.3,0,0,FIRM
C,"END OF REPORT",15
