C,NEMP.WORLD,TRADINGIS,AEMO,PUBLIC,2025/05/29,20:00:12,0000000465433621,TRADINGIS,0000000465433620
I,TRADING,INTERCONNECTORRES,2,SETTLEMENTDATE,RUNNO,INTERCONNECTORID,PERIODID,METEREDMWFLOW,MWFLOW,MWLOSSES,LASTCHANGED
D,TRADING,INTERCONNECTORRES,2,"2025/05/29 20:05:00",1,N-Q-MNSP1,241,-9.9,-9,-0.16,"2025/05/29 20:00:04"
D,TRADING,INTERCONNECTORRES,2,"2025/05/29 20:05:00",1,NSW1-QLD1,241,-306,-357.89,-8.16,"2025/05/29 20:00:04"
D,TRADING,INTERCONNECTORRES,2,"2025/05/29 20:05:00",1,T-V-MNSP1,241,97,74.32,0.29,"2025/05/29 20:00:04"
D,TRADING,INTERCONNECTORRES,2,"2025/05/29 20:05:00",1,V-S-MNSP1,241,45,36,-1.09,"2025/05/29 20:00:04"
D,TRADING,INTERCONNECTORRES,2,"2025/05/29 20:05:00",1,V-SA,241,74.42,17,0.14,"2025/05/29 20:00:04"
D,TRADING,INTERCONNECTORRES,2,"2025/05/29 20:05:00",1,VIC1-NSW1,241,11.39,130.45,1.99,"2025/05/29 20:00:04"
I,TRADING,PRICE,3,SETTLEMENTDATE,RUNNO,REGIONID,PERIODID,RRP,EEP,INVALIDFLAG,LASTCHANGED,ROP,RAISE6SECRRP,RAISE6SECROP,RAISE60SECRRP,RAISE60SECROP,RAISE5MINRRP,RAISE5MINROP,RAISEREGRRP,RAISEREGROP,LOWER6SECRRP,LOWER6SECROP,LOWER60SECRRP,LOWER60SECROP,LOWER5MINRRP,LOWER5MINROP,LOWERREGRRP,LOWERREGROP,RAISE1SECRRP,RAISE1SECROP,LOWER1SECRRP,LOWER1SECROP,PRICE_STATUS
D,TRADING,PRICE,3,"2025/05/29 20:05:00",1,SA1,241,138,0,0,"2025/05/29 20:00:04",138,0.37,0.37,0.1,0.1,0.15,0.15,11.05,11.05,0.1,0.1,0.38,0.38,0.1,0.1,0.1,0.1,0.04,0.04,0,0,FIRM
D,TRADING,PRICE,3,"2025/05/29 20:05:00",1,NSW1,241,139.98,0,0,"2025/05/29 20:00:04",139.98,0.37,0.37,0.1,0.1,0.15,0.15,11.05,11.05,0.1,0.1,0.38,0.38,0.1,0.1,0.1,0.1,0.04,0.04,0,0,FIRM
D,TRADING,PRICE,3,"2025/05/29 20:05:00",1,QLD1,241,138.28,0,0,"2025/05/29 20:00:04",138.28,0.37,0.37,0.1,0.1,0.15,0.15,11.05,11.05,0.1,0.1,0.38,0.38,0.1,0.1,0.1,0.1,0.04,0.04,0,0,FIRM
D,TRADING,PRICE,3,"2025/05/29 20:05:00",1,TAS1,241,132.72,0,0,"2025/05/29 20:00:04",132.72,0.38,0.38,0.38,0.38,0.36,0.36,5.54,5.54,0.1,0.1,0.38,0.38,0,0,2.46,2.46,0.04,0.04,0,0,FIRM
D,TRADING,PRICE,3,"2025/05/29 20:05:00",1,VIC1,241,136.63,0,0,"2025/05/29 20:00:04",136.63,0.37,0.37,0.1,0.1,0.15,0.15,11.05,11.05,0.1,0.1,0.38,0.38,0.1,0.1,0.1,0.1,0.04,0.04,0,0,FIRM
C,"END OF REPORT",15
