C,NEMP.WORLD,TRADINGIS,AEMO,PUBLIC,2025/05/27,22:00:11,0000000465157048,TRADINGIS,0000000465157047
I,TRADING,INTERCONNECTORRES,2,SETTLEMENTDATE,RUNNO,INTERCONNECTORID,PERIODID,METEREDMWFLOW,MWFLOW,MWLOSSES,LASTCHANGED
D,TRADING,INTERCONNECTORRES,2,"2025/05/27 22:05:00",1,N-Q-MNSP1,265,9.4,9,0.6,"2025/05/27 22:00:03"
D,TRADING,INTERCONNECTORRES,2,"2025/05/27 22:05:00",1,NSW1-QLD1,265,185.7,227.51,11.13,"2025/05/27 22:00:03"
D,TRADING,INTERCONNECTORRES,2,"2025/05/27 22:05:00",1,T-V-MNSP1,265,-467,-468.34,24.63,"2025/05/27 22:00:03"
D,TRADING,INTERCONNECTORRES,2,"2025/05/27 22:05:00",1,V-S-MNSP1,265,126,142.52,14.01,"2025/05/27 22:00:03"
D,TRADING,INTERCONNECTORRES,2,"2025/05/27 22:05:00",1,V-SA,265,586.61,570.25,44.45,"2025/05/27 22:00:03"
D,TRADING,INTERCONNECTORRES,2,"2025/05/27 22:05:00",1,VIC1-NSW1,265,16.96,94.77,1.97,"2025/05/27 22:00:03"
I,TRADING,PRICE,3,SETTLEMENTDATE,RUNNO,REGIONID,PERIODID,RRP,EEP,INVALIDFLAG,LASTCHANGED,ROP,RAISE6SECRRP,RAISE6SECROP,RAISE60SECRRP,RAISE60SECROP,RAISE5MINRRP,RAISE5MINROP,RAISEREGRRP,RAISEREGROP,LOWER6SECRRP,LOWER6SECROP,LOWER60SECRRP,LOWER60SECROP,LOWER5MINRRP,LOWER5MINROP,LOWERREGRRP,LOWERREGROP,RAISE1SECRRP,RAISE1SECROP,LOWER1SECRRP,LOWER1SECROP,PRICE_STATUS
D,TRADING,PRICE,3,"2025/05/27 22:05:00",1,SA1,265,81.47,0,0,"2025/05/27 22:00:03",81.47,0.23,0.23,0.1,0.1,0.1,0.1,1,1,0.01,0.01,0.38,0.38,0,0,0,0,0.36,0.36,0,0,FIRM
D,TRADING,PRICE,3,"2025/05/27 22:05:00",1,NSW1,265,65.01,0,0,"2025/05/27 22:00:03",65.01,0.23,0.23,0.1,0.1,0.1,0.1,1,1,0.01,0.01,0.38,0.38,0,0,0,0,0.36,0.36,0,0,FIRM
D,TRADING,PRICE,3,"2025/05/27 22:05:00",1,QLD1,265,69.76,0,0,"2025/05/27 22:00:03",69.76,0.23,0.23,0.1,0.1,0.1,0.1,1,1,0.01,0.01,0.38,0.38,0,0,0,0,0.36,0.36,0,0,FIRM
D,TRADING,PRICE,3,"2025/05/27 22:05:00",1,TAS1,265,100.24,0,0,"2025/05/27 22:00:03",100.24,0.38,0.38,0.38,0.38,0.36,0.36,8.4,8.4,0.01,0.01,0.38,0.38,0,0,2.48,2.48,0.36,0.36,0,0,FIRM
D,TRADING,PRICE,3,"2025/05/27 22:05:00",1,VIC1,265,63.39,0,0,"2025/05/27 22:00:03",63.39,0.23,0.23,0.1,0.1,0.1,0.1,1,1,0.01,0.01,0.38,0.38,0,0,0,0,0.36,0.36,0,0,FIRM
C,"END OF REPORT",15
