C,NEMP.WORLD,TRADINGIS,AEMO,PUBLIC,2025/05/27,16:15:10,0000000465121267,TRADINGIS,0000000465121266
I,TRADING,INTERCONNECTORRES,2,SETTLEMENTDATE,RUNNO,INTERCONNECTORID,PERIODID,METEREDMWFLOW,MWFLOW,MWLOSSES,LASTCHANGED
D,TRADING,INTERCONNECTORRES,2,"2025/05/27 16:20:00",1,N-Q-MNSP1,196,-0.8,0,0,"2025/05/27 16:15:03"
D,TRADING,INTERCONNECTORRES,2,"2025/05/27 16:20:00",1,NSW1-QLD1,196,-183.5,-146.01,-6.09,"2025/05/27 16:15:03"
D,TRADING,INTERCONNECTORRES,2,"2025/05/27 16:20:00",1,T-V-MNSP1,196,-454.8,-478,25.62,"2025/05/27 16:15:03"
D,TRADING,INTERCONNECTORRES,2,"2025/05/27 16:20:00",1,V-S-MNSP1,196,157,159.43,18.92,"2025/05/27 16:15:03"
D,TRADING,INTERCONNECTORRES,2,"2025/05/27 16:20:00",1,V-SA,196,46.19,55.35,-0.95,"2025/05/27 16:15:03"
D,TRADING,INTERCONNECTORRES,2,"2025/05/27 16:20:00",1,VIC1-NSW1,196,369.96,282.79,17.25,"2025/05/27 16:15:03"
I,TRADING,PRICE,3,SETTLEMENTDATE,RUNNO,REGIONID,PERIODID,RRP,EEP,INVALIDFLAG,LASTCHANGED,ROP,RAISE6SECRRP,RAISE6SECROP,RAISE60SECRRP,RAISE60SECROP,RAISE5MINRRP,RAISE5MINROP,RAISEREGRRP,RAISEREGROP,LOWER6SECRRP,LOWER6SECROP,LOWER60SECRRP,LOWER60SECROP,LOWER5MINRRP,LOWER5MINROP,LOWERREGRRP,LOWERREGROP,RAISE1SECRRP,RAISE1SECROP,LOWER1SECRRP,LOWER1SECROP,PRICE_STATUS
D,TRADING,PRICE,3,"2025/05/27 16:20:00",1,SA1,196,-37.21,0,0,"2025/05/27 16:15:03",-37.21,0.01,0.01,0.1,0.1,0.23,0.23,5.84,5.84,0.38,0.38,0.45,0.45,0.39,0.39,7.95,7.95,0.38,0.38,0,0,FIRM
D,TRADING,PRICE,3,"2025/05/27 16:20:00",1,NSW1,196,65.02,0,0,"2025/05/27 16:15:03",65.02,0.01,0.01,0.1,0.1,0.23,0.23,5.84,5.84,0.38,0.38,0.45,0.45,0.39,0.39,7.95,7.95,0.38,0.38,0,0,FIRM
D,TRADING,PRICE,3,"2025/05/27 16:20:00",1,QLD1,196,108.12,0,0,"2025/05/27 16:15:03",108.12,4.85,4.85,4.85,4.85,0.38,0.38,5.99,5.99,0.01,0.01,0.01,0.01,0.39,0.39,7.95,7.95,0.38,0.38,0,0,FIRM
D,TRADING,PRICE,3,"2025/05/27 16:20:00",1,TAS1,196,99.28,0,0,"2025/05/27 16:15:03",99.28,0.38,0.38,0.38,0.38,0.36,0.36,31.44,31.44,0.38,0.38,0.38,0.38,0,0,2.48,2.48,0.38,0.38,0,0,FIRM
D,TRADING,PRICE,3,"2025/05/27 16:20:00",1,VIC1,196,59.92,0,0,"2025/05/27 16:15:03",59.92,0.01,0.01,0.1,0.1,0.23,0.23,5.84,5.84,0.38,0.38,0.45,0.45,0.39,0.39,7.95,7.95,0.38,0.38,0,0,FIRM
C,"END OF REPORT",15
