C,NEMP.WORLD,TRADINGIS,AEMO,PUBLIC,2025/05/27,20:10:10,0000000465146380,TRADINGIS,0000000465146379
I,TRADING,INTERCONNECTORRES,2,SETTLEMENTDATE,RUNNO,INTERCONNECTORID,PERIODID,METEREDMWFLOW,MWFLOW,MWLOSSES,LASTCHANGED
D,TRADING,INTERCONNECTORRES,2,"2025/05/27 20:15:00",1,N-Q-MNSP1,243,-8.2,-9,-0.16,"2025/05/27 20:10:03"
D,TRADING,INTERCONNECTORRES,2,"2025/05/27 20:15:00",1,NSW1-QLD1,243,-393,-334.24,-8.19,"2025/05/27 20:10:03"
D,TRADING,INTERCONNECTORRES,2,"2025/05/27 20:15:00",1,T-V-MNSP1,243,-253.9,-219.41,5.87,"2025/05/27 20:10:03"
D,TRADING,INTERCONNECTORRES,2,"2025/05/27 20:15:00",1,V-S-MNSP1,243,63,63,0.15,"2025/05/27 20:10:03"
D,TRADING,INTERCONNECTORRES,2,"2025/05/27 20:15:00",1,V-SA,243,307.87,302.81,12.1,"2025/05/27 20:10:03"
D,TRADING,INTERCONNECTORRES,2,"2025/05/27 20:15:00",1,VIC1-NSW1,243,-271.94,-194.36,1.89,"2025/05/27 20:10:03"
I,TRADING,PRICE,3,SETTLEMENTDATE,RUNNO,REGIONID,PERIODID,RRP,EEP,INVALIDFLAG,LASTCHANGED,ROP,RAISE6SECRRP,RAISE6SECROP,RAISE60SECRRP,RAISE60SECROP,RAISE5MINRRP,RAISE5MINROP,RAISEREGRRP,RAISEREGROP,LOWER6SECRRP,LOWER6SECROP,LOWER60SECRRP,LOWER60SECROP,LOWER5MINRRP,LOWER5MINROP,LOWERREGRRP,LOWERREGROP,RAISE1SECRRP,RAISE1SECROP,LOWER1SECRRP,LOWER1SECROP,PRICE_STATUS
D,TRADING,PRICE,3,"2025/05/27 20:15:00",1,SA1,243,138,0,0,"2025/05/27 20:10:03",138,0.38,0.38,0.1,0.1,0.1,0.1,0.1,0.1,0.01,0.01,0.38,0.38,0.01,0.01,3.49,3.49,0.36,0.36,0,0,FIRM
D,TRADING,PRICE,3,"2025/05/27 20:15:00",1,NSW1,243,85,0,0,"2025/05/27 20:10:03",85,0.38,0.38,0.1,0.1,0.1,0.1,0.1,0.1,0.01,0.01,0.38,0.38,0.01,0.01,3.49,3.49,0.36,0.36,0,0,FIRM
D,TRADING,PRICE,3,"2025/05/27 20:15:00",1,QLD1,243,84.45,0,0,"2025/05/27 20:10:03",84.45,0.38,0.38,0.1,0.1,0.1,0.1,0.1,0.1,0.01,0.01,0.38,0.38,0.01,0.01,3.49,3.49,0.36,0.36,0,0,FIRM
D,TRADING,PRICE,3,"2025/05/27 20:15:00",1,TAS1,243,132.56,0,0,"2025/05/27 20:10:03",132.56,0.38,0.38,0.36,0.36,0.1,0.1,8.4,8.4,0.01,0.01,0.38,0.38,0.01,0.01,2.48,2.48,0.36,0.36,0,0,FIRM
D,TRADING,PRICE,3,"2025/05/27 20:15:00",1,VIC1,243,128.33,0,0,"2025/05/27 20:10:03",128.33,0.38,0.38,0.1,0.1,0.1,0.1,0.1,0.1,0.01,0.01,0.38,0.38,0.01,0.01,3.49,3.49,0.36,0.36,0,0,FIRM
C,"END OF REPORT",15
