C,NEMP.WORLD,TRADINGIS,AEMO,PUBLIC,2025/05/28,07:50:11,0000000465214025,TRADINGIS,0000000465214024
I,TRADING,INTERCONNECTORRES,2,SETTLEMENTDATE,RUNNO,INTERCONNECTORID,PERIODID,METEREDMWFLOW,MWFLOW,MWLOSSES,LASTCHANGED
D,TRADING,INTERCONNECTORRES,2,"2025/05/28 07:55:00",1,N-Q-MNSP1,95,-23,-25,0.65,"2025/05/28 07:50:04"
D,TRADING,INTERCONNECTORRES,2,"2025/05/28 07:55:00",1,NSW1-QLD1,95,-710,-655.54,19.54,"2025/05/28 07:50:04"
D,TRADING,INTERCONNECTORRES,2,"2025/05/28 07:55:00",1,T-V-MNSP1,95,-423.6,-425.3,20.47,"2025/05/28 07:50:04"
D,TRADING,INTERCONNECTORRES,2,"2025/05/28 07:55:00",1,V-S-MNSP1,95,135,81,1.95,"2025/05/28 07:50:04"
D,TRADING,INTERCONNECTORRES,2,"2025/05/28 07:55:00",1,V-SA,95,533.17,511.2,29.89,"2025/05/28 07:50:04"
D,TRADING,INTERCONNECTORRES,2,"2025/05/28 07:55:00",1,VIC1-NSW1,95,-399.37,-344.55,5.13,"2025/05/28 07:50:04"
I,TRADING,PRICE,3,SETTLEMENTDATE,RUNNO,REGIONID,PERIODID,RRP,EEP,INVALIDFLAG,LASTCHANGED,ROP,RAISE6SECRRP,RAISE6SECROP,RAISE60SECRRP,RAISE60SECROP,RAISE5MINRRP,RAISE5MINROP,RAISEREGRRP,RAISEREGROP,LOWER6SECRRP,LOWER6SECROP,LOWER60SECRRP,LOWER60SECROP,LOWER5MINRRP,LOWER5MINROP,LOWERREGRRP,LOWERREGROP,RAISE1SECRRP,RAISE1SECROP,LOWER1SECRRP,LOWER1SECROP,PRICE_STATUS
D,TRADING,PRICE,3,"2025/05/28 07:55:00",1,SA1,95,138,0,0,"2025/05/28 07:50:04",138,0.38,0.38,0.15,0.15,0.1,0.1,0.1,0.1,0,0,0.03,0.03,0,0,3.82,3.82,0.89,0.89,0,0,FIRM
D,TRADING,PRICE,3,"2025/05/28 07:55:00",1,NSW1,95,76.8,0,0,"2025/05/28 07:50:04",76.8,0.38,0.38,0.15,0.15,0.1,0.1,0.1,0.1,0,0,0.03,0.03,0,0,3.82,3.82,0.89,0.89,0,0,FIRM
D,TRADING,PRICE,3,"2025/05/28 07:55:00",1,QLD1,95,55.63,0,0,"2025/05/28 07:50:04",55.63,0.38,0.38,0.15,0.15,0.1,0.1,0.1,0.1,6.15,6.15,8.68,8.68,0.38,0.38,4.2,4.2,0.89,0.89,0,0,FIRM
D,TRADING,PRICE,3,"2025/05/28 07:55:00",1,TAS1,95,132.27,0,0,"2025/05/28 07:50:04",132.27,0.38,0.38,0.38,0.38,0.1,0.1,8.4,8.4,0,0,0.03,0.03,0,0,3.48,3.48,0.89,0.89,0,0,FIRM
D,TRADING,PRICE,3,"2025/05/28 07:55:00",1,VIC1,95,122.76,0,0,"2025/05/28 07:50:04",122.76,0.38,0.38,0.15,0.15,0.1,0.1,0.1,0.1,0,0,0.03,0.03,0,0,3.82,3.82,0.89,0.89,0,0,FIRM
C,"END OF REPORT",15
