C,NEMP.WORLD,TRADINGIS,AEMO,PUBLIC,2025/05/28,18:25:11,0000000465280679,TRADINGIS,0000000465280678
I,TRADING,INTERCONNECTORRES,2,SETTLEMENTDATE,RUNNO,INTERCONNECTORID,PERIODID,METEREDMWFLOW,MWFLOW,MWLOSSES,LASTCHANGED
D,TRADING,INTERCONNECTORRES,2,"2025/05/28 18:30:00",1,N-Q-MNSP1,222,-79.6,-17,0.07,"2025/05/28 18:25:04"
D,TRADING,INTERCONNECTORRES,2,"2025/05/28 18:30:00",1,NSW1-QLD1,222,-599.3,-663,-4.19,"2025/05/28 18:25:04"
D,TRADING,INTERCONNECTORRES,2,"2025/05/28 18:30:00",1,T-V-MNSP1,222,106.2,100,0.65,"2025/05/28 18:25:04"
D,TRADING,INTERCONNECTORRES,2,"2025/05/28 18:30:00",1,V-S-MNSP1,222,117,81,1.95,"2025/05/28 18:25:04"
D,TRADING,INTERCONNECTORRES,2,"2025/05/28 18:30:00",1,V-SA,222,566.82,511.78,35.17,"2025/05/28 18:25:04"
D,TRADING,INTERCONNECTORRES,2,"2025/05/28 18:30:00",1,VIC1-NSW1,222,-1023.85,-931.03,76.44,"2025/05/28 18:25:04"
I,TRADING,PRICE,3,SETTLEMENTDATE,RUNNO,REGIONID,PERIODID,RRP,EEP,INVALIDFLAG,LASTCHANGED,ROP,RAISE6SECRRP,RAISE6SECROP,RAISE60SECRRP,RAISE60SECROP,RAISE5MINRRP,RAISE5MINROP,RAISEREGRRP,RAISEREGROP,LOWER6SECRRP,LOWER6SECROP,LOWER60SECRRP,LOWER60SECROP,LOWER5MINRRP,LOWER5MINROP,LOWERREGRRP,LOWERREGROP,RAISE1SECRRP,RAISE1SECROP,LOWER1SECRRP,LOWER1SECROP,PRICE_STATUS
D,TRADING,PRICE,3,"2025/05/28 18:30:00",1,SA1,222,112.52,0,0,"2025/05/28 18:25:04",112.52,0.37,0.37,0.1,0.1,0.1,0.1,7.5,7.5,0.1,0.1,0.38,0.38,0.1,0.1,6,6,0.04,0.04,0,0,FIRM
D,TRADING,PRICE,3,"2025/05/28 18:30:00",1,NSW1,222,85.08,0,0,"2025/05/28 18:25:04",85.08,0.37,0.37,0.1,0.1,0.1,0.1,7.5,7.5,0.1,0.1,0.38,0.38,0.1,0.1,6,6,0.04,0.04,0,0,FIRM
D,TRADING,PRICE,3,"2025/05/28 18:30:00",1,QLD1,222,80.79,0,0,"2025/05/28 18:25:04",80.79,0.37,0.37,0.1,0.1,0.1,0.1,7.5,7.5,0.1,0.1,0.38,0.38,0.1,0.1,6,6,0.04,0.04,0,0,FIRM
D,TRADING,PRICE,3,"2025/05/28 18:30:00",1,TAS1,222,100.2,0,0,"2025/05/28 18:25:04",100.2,0.38,0.38,0.38,0.38,0.36,0.36,6.5,6.5,0.1,0.1,0.38,0.38,0,0,3.48,3.48,0.04,0.04,0,0,FIRM
D,TRADING,PRICE,3,"2025/05/28 18:30:00",1,VIC1,222,99.12,0,0,"2025/05/28 18:25:04",99.12,0.37,0.37,0.1,0.1,0.1,0.1,7.5,7.5,0.1,0.1,0.38,0.38,0.1,0.1,6,6,0.04,0.04,0,0,FIRM
C,"END OF REPORT",15
