C,NEMP.WORLD,TRADINGIS,AEMO,PUBLIC,2025/05/28,02:15:11,0000000465181847,TRADINGIS,0000000465181846
I,TRADING,INTERCONNECTORRES,2,SETTLEMENTDATE,RUNNO,INTERCONNECTORID,PERIODID,METEREDMWFLOW,MWFLOW,MWLOSSES,LASTCHANGED
D,TRADING,INTERCONNECTORRES,2,"2025/05/28 02:20:00",1,N-Q-MNSP1,28,-9.6,-9,-0.16,"2025/05/28 02:15:03"
D,TRADING,INTERCONNECTORRES,2,"2025/05/28 02:20:00",1,NSW1-QLD1,28,-65.9,-58.95,0.29,"2025/05/28 02:15:03"
D,TRADING,INTERCONNECTORRES,2,"2025/05/28 02:20:00",1,T-V-MNSP1,28,-446.2,-477.02,25.52,"2025/05/28 02:15:03"
D,TRADING,INTERCONNECTORRES,2,"2025/05/28 02:20:00",1,V-S-MNSP1,28,169,169.83,22.27,"2025/05/28 02:15:03"
D,TRADING,INTERCONNECTORRES,2,"2025/05/28 02:20:00",1,V-SA,28,572.7,571.21,45.8,"2025/05/28 02:15:03"
D,TRADING,INTERCONNECTORRES,2,"2025/05/28 02:20:00",1,VIC1-NSW1,28,632.3,709.9,60.46,"2025/05/28 02:15:03"
I,TRADING,PRICE,3,SETTLEMENTDATE,RUNNO,REGIONID,PERIODID,RRP,EEP,INVALIDFLAG,LASTCHANGED,ROP,RAISE6SECRRP,RAISE6SECROP,RAISE60SECRRP,RAISE60SECROP,RAISE5MINRRP,RAISE5MINROP,RAISEREGRRP,RAISEREGROP,LOWER6SECRRP,LOWER6SECROP,LOWER60SECRRP,LOWER60SECROP,LOWER5MINRRP,LOWER5MINROP,LOWERREGRRP,LOWERREGROP,RAISE1SECRRP,RAISE1SECROP,LOWER1SECRRP,LOWER1SECROP,PRICE_STATUS
D,TRADING,PRICE,3,"2025/05/28 02:20:00",1,SA1,28,125,0,0,"2025/05/28 02:15:03",125,0.37,0.37,0.15,0.15,0.1,0.1,0.1,0.1,0.01,0.01,0.1,0.1,0.1,0.1,3.59,3.59,0.04,0.04,0,0,FIRM
D,TRADING,PRICE,3,"2025/05/28 02:20:00",1,NSW1,28,56.4,0,0,"2025/05/28 02:15:03",56.4,0.37,0.37,0.15,0.15,0.1,0.1,0.1,0.1,0.01,0.01,0.1,0.1,0.1,0.1,3.59,3.59,0.04,0.04,0,0,FIRM
D,TRADING,PRICE,3,"2025/05/28 02:20:00",1,QLD1,28,55.73,0,0,"2025/05/28 02:15:03",55.73,0.37,0.37,0.15,0.15,0.1,0.1,0.1,0.1,0.01,0.01,0.1,0.1,0.1,0.1,3.59,3.59,0.04,0.04,0,0,FIRM
D,TRADING,PRICE,3,"2025/05/28 02:20:00",1,TAS1,28,37.02,0,0,"2025/05/28 02:15:03",37.02,0.38,0.38,0.38,0.38,0.38,0.38,9.4,9.4,0.01,0.01,0.1,0.1,0,0,2.48,2.48,0.04,0.04,0,0,FIRM
D,TRADING,PRICE,3,"2025/05/28 02:20:00",1,VIC1,28,20.04,0,0,"2025/05/28 02:15:03",20.04,0.37,0.37,0.15,0.15,0.1,0.1,0.1,0.1,0.01,0.01,0.1,0.1,0.1,0.1,3.59,3.59,0.04,0.04,0,0,FIRM
C,"END OF REPORT",15
