C,NEMP.WORLD,TRADINGIS,AEMO,PUBLIC,2025/05/27,05:10:14,0000000465049982,TRADINGIS,0000000465049981
I,TRADING,INTERCONNECTORRES,2,SETTLEMENTDATE,RUNNO,INTERCONNECTORID,PERIODID,METEREDMWFLOW,MWFLOW,MWLOSSES,LASTCHANGED
D,TRADING,INTERCONNECTORRES,2,"2025/05/27 05:15:00",1,N-Q-MNSP1,63,1.2,0,0,"2025/05/27 05:10:07"
D,TRADING,INTERCONNECTORRES,2,"2025/05/27 05:15:00",1,NSW1-QLD1,63,338,270.83,8.54,"2025/05/27 05:10:07"
D,TRADING,INTERCONNECTORRES,2,"2025/05/27 05:15:00",1,T-V-MNSP1,63,-443.2,-460.87,23.89,"2025/05/27 05:10:07"
D,TRADING,INTERCONNECTORRES,2,"2025/05/27 05:15:00",1,V-S-MNSP1,63,-146,-144.93,35.99,"2025/05/27 05:10:07"
D,TRADING,INTERCONNECTORRES,2,"2025/05/27 05:15:00",1,V-SA,63,-318.43,-283.75,5.19,"2025/05/27 05:10:07"
D,TRADING,INTERCONNECTORRES,2,"2025/05/27 05:15:00",1,VIC1-NSW1,63,1016.71,947.3,98.59,"2025/05/27 05:10:07"
I,TRADING,PRICE,3,SETTLEMENTDATE,RUNNO,REGIONID,PERIODID,RRP,EEP,INVALIDFLAG,LASTCHANGED,ROP,RAISE6SECRRP,RAISE6SECROP,RAISE60SECRRP,RAISE60SECROP,RAISE5MINRRP,RAISE5MINROP,RAISEREGRRP,RAISEREGROP,LOWER6SECRRP,LOWER6SECROP,LOWER60SECRRP,LOWER60SECROP,LOWER5MINRRP,LOWER5MINROP,LOWERREGRRP,LOWERREGROP,RAISE1SECRRP,RAISE1SECROP,LOWER1SECRRP,LOWER1SECROP,PRICE_STATUS
D,TRADING,PRICE,3,"2025/05/27 05:15:00",1,SA1,63,-10.56,0,0,"2025/05/27 05:10:07",-10.56,0.23,0.23,0.1,0.1,0.1,0.1,3.99,3.99,0.1,0.1,0.38,0.38,0.1,0.1,0.93,0.93,0.38,0.38,0,0,FIRM
D,TRADING,PRICE,3,"2025/05/27 05:15:00",1,NSW1,63,56.98,0,0,"2025/05/27 05:10:07",56.98,0.23,0.23,0.1,0.1,0.1,0.1,3.99,3.99,0.1,0.1,0.38,0.38,0.1,0.1,0.93,0.93,0.38,0.38,0,0,FIRM
D,TRADING,PRICE,3,"2025/05/27 05:15:00",1,QLD1,63,60.24,0,0,"2025/05/27 05:10:07",60.24,0.23,0.23,0.1,0.1,0.1,0.1,3.99,3.99,0.1,0.1,0.38,0.38,0.1,0.1,0.93,0.93,0.38,0.38,0,0,FIRM
D,TRADING,PRICE,3,"2025/05/27 05:15:00",1,TAS1,63,12.03,0,0,"2025/05/27 05:10:07",12.03,0.38,0.38,0.38,0.38,0.1,0.1,7.4,7.4,0.1,0.1,0.38,0.38,0,0,2.48,2.48,0.38,0.38,0,0,FIRM
D,TRADING,PRICE,3,"2025/05/27 05:15:00",1,VIC1,63,-11.11,0,0,"2025/05/27 05:10:07",-11.11,0.23,0.23,0.1,0.1,0.1,0.1,3.99,3.99,0.1,0.1,0.38,0.38,0.1,0.1,0.93,0.93,0.38,0.38,0,0,FIRM
C,"END OF REPORT",15
