C,NEMP.WORLD,TRADINGIS,AEMO,PUBLIC,2025/05/27,07:50:10,0000000465065430,TRADINGIS,0000000465065429
I,TRADING,INTERCONNECTORRES,2,SETTLEMENTDATE,RUNNO,INTERCONNECTORID,PERIODID,METEREDMWFLOW,MWFLOW,MWLOSSES,LASTCHANGED
D,TRADING,INTERCONNECTORRES,2,"2025/05/27 07:55:00",1,N-Q-MNSP1,95,-8.5,-9,-0.16,"2025/05/27 07:50:03"
D,TRADING,INTERCONNECTORRES,2,"2025/05/27 07:55:00",1,NSW1-QLD1,95,-108,-164.15,-2.23,"2025/05/27 07:50:03"
D,TRADING,INTERCONNECTORRES,2,"2025/05/27 07:55:00",1,T-V-MNSP1,95,-409.6,-432.78,21.17,"2025/05/27 07:50:03"
D,TRADING,INTERCONNECTORRES,2,"2025/05/27 07:55:00",1,V-S-MNSP1,95,-61,-81.99,14.15,"2025/05/27 07:50:03"
D,TRADING,INTERCONNECTORRES,2,"2025/05/27 07:55:00",1,V-SA,95,152.65,168.48,3.55,"2025/05/27 07:50:03"
D,TRADING,INTERCONNECTORRES,2,"2025/05/27 07:55:00",1,VIC1-NSW1,95,880.22,778.7,56.78,"2025/05/27 07:50:03"
I,TRADING,PRICE,3,SETTLEMENTDATE,RUNNO,REGIONID,PERIODID,RRP,EEP,INVALIDFLAG,LASTCHANGED,ROP,RAISE6SECRRP,RAISE6SECROP,RAISE60SECRRP,RAISE60SECROP,RAISE5MINRRP,RAISE5MINROP,RAISEREGRRP,RAISEREGROP,LOWER6SECRRP,LOWER6SECROP,LOWER60SECRRP,LOWER60SECROP,LOWER5MINRRP,LOWER5MINROP,LOWERREGRRP,LOWERREGROP,RAISE1SECRRP,RAISE1SECROP,LOWER1SECRRP,LOWER1SECROP,PRICE_STATUS
D,TRADING,PRICE,3,"2025/05/27 07:55:00",1,SA1,95,69.4,0,0,"2025/05/27 07:50:03",69.4,0.37,0.37,0.1,0.1,0.1,0.1,9.25,9.25,0.03,0.03,0.15,0.15,0.04,0.04,3.7,3.7,0.38,0.38,0,0,FIRM
D,TRADING,PRICE,3,"2025/05/27 07:55:00",1,NSW1,95,76.8,0,0,"2025/05/27 07:50:03",76.8,0.37,0.37,0.1,0.1,0.1,0.1,9.25,9.25,0.03,0.03,0.15,0.15,0.04,0.04,3.7,3.7,0.38,0.38,0,0,FIRM
D,TRADING,PRICE,3,"2025/05/27 07:55:00",1,QLD1,95,77.2,0,0,"2025/05/27 07:50:03",77.2,0.38,0.38,0.38,0.38,0.38,0.38,9.53,9.53,0.03,0.03,0.15,0.15,0.04,0.04,3.7,3.7,0.38,0.38,0,0,FIRM
D,TRADING,PRICE,3,"2025/05/27 07:55:00",1,TAS1,95,75.28,0,0,"2025/05/27 07:50:03",75.28,0.38,0.38,0.38,0.38,0.1,0.1,8.4,8.4,0.03,0.03,0.15,0.15,0,0,2.48,2.48,0.38,0.38,0,0,FIRM
D,TRADING,PRICE,3,"2025/05/27 07:55:00",1,VIC1,95,66.78,0,0,"2025/05/27 07:50:03",66.78,0.37,0.37,0.1,0.1,0.1,0.1,9.25,9.25,0.03,0.03,0.15,0.15,0.04,0.04,3.7,3.7,0.38,0.38,0,0,FIRM
C,"END OF REPORT",15
