C,NEMP.WORLD,TRADINGIS,AEMO,PUBLIC,2025/05/29,09:15:11,0000000465365582,TRADINGIS,0000000465365581
I,TRADING,INTERCONNECTORRES,2,SETTLEMENTDATE,RUNNO,INTERCONNECTORID,PERIODID,METEREDMWFLOW,MWFLOW,MWLOSSES,LASTCHANGED
D,TRADING,INTERCONNECTORRES,2,"2025/05/29 09:20:00",1,N-Q-MNSP1,112,-19,-17,0.07,"2025/05/29 09:15:04"
D,TRADING,INTERCONNECTORRES,2,"2025/05/29 09:20:00",1,NSW1-QLD1,112,-330.5,-352.65,2.86,"2025/05/29 09:15:04"
D,TRADING,INTERCONNECTORRES,2,"2025/05/29 09:20:00",1,T-V-MNSP1,112,-250.9,-298.66,10.44,"2025/05/29 09:15:04"
D,TRADING,INTERCONNECTORRES,2,"2025/05/29 09:20:00",1,V-S-MNSP1,112,36,36,-1.09,"2025/05/29 09:15:04"
D,TRADING,INTERCONNECTORRES,2,"2025/05/29 09:20:00",1,V-SA,112,104.62,115.74,0.42,"2025/05/29 09:15:04"
D,TRADING,INTERCONNECTORRES,2,"2025/05/29 09:20:00",1,VIC1-NSW1,112,-330.9,-465.14,3.93,"2025/05/29 09:15:04"
I,TRADING,PRICE,3,SETTLEMENTDATE,RUNNO,REGIONID,PERIODID,RRP,EEP,INVALIDFLAG,LASTCHANGED,ROP,RAISE6SECRRP,RAISE6SECROP,RAISE60SECRRP,RAISE60SECROP,RAISE5MINRRP,RAISE5MINROP,RAISEREGRRP,RAISEREGROP,LOWER6SECRRP,LOWER6SECROP,LOWER60SECRRP,LOWER60SECROP,LOWER5MINRRP,LOWER5MINROP,LOWERREGRRP,LOWERREGROP,RAISE1SECRRP,RAISE1SECROP,LOWER1SECRRP,LOWER1SECROP,PRICE_STATUS
D,TRADING,PRICE,3,"2025/05/29 09:20:00",1,SA1,112,129.99,0,0,"2025/05/29 09:15:04",129.99,0.38,0.38,0.38,0.38,0.36,0.36,7.86,7.86,0.1,0.1,0.15,0.15,0,0,0,0,0.86,0.86,0,0,FIRM
D,TRADING,PRICE,3,"2025/05/29 09:20:00",1,NSW1,112,119.25,0,0,"2025/05/29 09:15:04",119.25,0.38,0.38,0.38,0.38,0.36,0.36,7.86,7.86,0.1,0.1,0.15,0.15,0,0,0,0,0.86,0.86,0,0,FIRM
D,TRADING,PRICE,3,"2025/05/29 09:20:00",1,QLD1,112,114.84,0,0,"2025/05/29 09:15:04",114.84,0.38,0.38,0.38,0.38,0.36,0.36,7.86,7.86,0.1,0.1,0.15,0.15,0,0,0,0,0.86,0.86,0,0,FIRM
D,TRADING,PRICE,3,"2025/05/29 09:20:00",1,TAS1,112,134.24,0,0,"2025/05/29 09:15:04",134.24,0.38,0.38,0.38,0.38,0.36,0.36,7.54,7.54,0.1,0.1,0.15,0.15,0,0,3.46,3.46,0.86,0.86,0,0,FIRM
D,TRADING,PRICE,3,"2025/05/29 09:20:00",1,VIC1,112,127.97,0,0,"2025/05/29 09:15:04",127.97,0.38,0.38,0.38,0.38,0.36,0.36,7.86,7.86,0.1,0.1,0.15,0.15,0,0,0,0,0.86,0.86,0,0,FIRM
C,"END OF REPORT",15
