C,NEMP.WORLD,TRADINGIS,AEMO,PUBLIC,2025/05/29,21:25:10,0000000465442003,TRADINGIS,0000000465442002
I,TRADING,INTERCONNECTORRES,2,SETTLEMENTDATE,RUNNO,INTERCONNECTORID,PERIODID,METEREDMWFLOW,MWFLOW,MWLOSSES,LASTCHANGED
D,TRADING,INTERCONNECTORRES,2,"2025/05/29 21:30:00",1,N-Q-MNSP1,258,-3.4,-9,-0.16,"2025/05/29 21:25:03"
D,TRADING,INTERCONNECTORRES,2,"2025/05/29 21:30:00",1,NSW1-QLD1,258,-207.9,-221.44,-4.98,"2025/05/29 21:25:03"
D,TRADING,INTERCONNECTORRES,2,"2025/05/29 21:30:00",1,T-V-MNSP1,258,-280.2,-284.25,9.51,"2025/05/29 21:25:03"
D,TRADING,INTERCONNECTORRES,2,"2025/05/29 21:30:00",1,V-S-MNSP1,258,18,9,-0.56,"2025/05/29 21:25:03"
D,TRADING,INTERCONNECTORRES,2,"2025/05/29 21:30:00",1,V-SA,258,-225.92,-260.01,5.52,"2025/05/29 21:25:03"
D,TRADING,INTERCONNECTORRES,2,"2025/05/29 21:30:00",1,VIC1-NSW1,258,20.75,26.48,0.32,"2025/05/29 21:25:03"
I,TRADING,PRICE,3,SETTLEMENTDATE,RUNNO,REGIONID,PERIODID,RRP,EEP,INVALIDFLAG,LASTCHANGED,ROP,RAISE6SECRRP,RAISE6SECROP,RAISE60SECRRP,RAISE60SECROP,RAISE5MINRRP,RAISE5MINROP,RAISEREGRRP,RAISEREGROP,LOWER6SECRRP,LOWER6SECROP,LOWER60SECRRP,LOWER60SECROP,LOWER5MINRRP,LOWER5MINROP,LOWERREGRRP,LOWERREGROP,RAISE1SECRRP,RAISE1SECROP,LOWER1SECRRP,LOWER1SECROP,PRICE_STATUS
D,TRADING,PRICE,3,"2025/05/29 21:30:00",1,SA1,258,103.44,0,0,"2025/05/29 21:25:03",103.44,0.38,0.38,0.15,0.15,0.15,0.15,9.89,9.89,0.38,0.38,0.38,0.38,0.38,0.38,16.5,16.5,0.36,0.36,0,0,FIRM
D,TRADING,PRICE,3,"2025/05/29 21:30:00",1,NSW1,258,110.43,0,0,"2025/05/29 21:25:03",110.43,0.38,0.38,0.15,0.15,0.15,0.15,9.89,9.89,0.38,0.38,0.38,0.38,0.38,0.38,16.5,16.5,0.36,0.36,0,0,FIRM
D,TRADING,PRICE,3,"2025/05/29 21:30:00",1,QLD1,258,110.39,0,0,"2025/05/29 21:25:03",110.39,0.38,0.38,0.15,0.15,0.15,0.15,9.89,9.89,0.38,0.38,0.38,0.38,0.38,0.38,16.5,16.5,0.36,0.36,0,0,FIRM
D,TRADING,PRICE,3,"2025/05/29 21:30:00",1,TAS1,258,114.05,0,0,"2025/05/29 21:25:03",114.05,0.38,0.38,0.38,0.38,0.15,0.15,7.54,7.54,0.38,0.38,0.38,0.38,0.38,0.38,3.46,3.46,0.36,0.36,0,0,FIRM
D,TRADING,PRICE,3,"2025/05/29 21:30:00",1,VIC1,258,109,0,0,"2025/05/29 21:25:03",109,0.38,0.38,0.15,0.15,0.15,0.15,9.89,9.89,0.38,0.38,0.38,0.38,0.38,0.38,16.5,16.5,0.36,0.36,0,0,FIRM
C,"END OF REPORT",15
