C,NEMP.WORLD,TRADINGIS,AEMO,PUBLIC,2025/05/28,20:10:10,0000000465290834,TRADINGIS,0000000465290833
I,TRADING,INTERCONNECTORRES,2,SETTLEMENTDATE,RUNNO,INTERCONNECTORID,PERIODID,METEREDMWFLOW,MWFLOW,MWLOSSES,LASTCHANGED
D,TRADING,INTERCONNECTORRES,2,"2025/05/28 20:15:00",1,N-Q-MNSP1,243,-32.2,-33,1.59,"2025/05/28 20:10:03"
D,TRADING,INTERCONNECTORRES,2,"2025/05/28 20:15:00",1,NSW1-QLD1,243,-1091.4,-1150.32,58.39,"2025/05/28 20:10:03"
D,TRADING,INTERCONNECTORRES,2,"2025/05/28 20:15:00",1,T-V-MNSP1,243,0,-44.34,0.38,"2025/05/28 20:10:03"
D,TRADING,INTERCONNECTORRES,2,"2025/05/28 20:15:00",1,V-S-MNSP1,243,54,45,-0.87,"2025/05/28 20:10:03"
D,TRADING,INTERCONNECTORRES,2,"2025/05/28 20:15:00",1,V-SA,243,125.54,134.83,3.35,"2025/05/28 20:10:03"
D,TRADING,INTERCONNECTORRES,2,"2025/05/28 20:15:00",1,VIC1-NSW1,243,146.4,112.67,1.44,"2025/05/28 20:10:03"
I,TRADING,PRICE,3,SETTLEMENTDATE,RUNNO,REGIONID,PERIODID,RRP,EEP,INVALIDFLAG,LASTCHANGED,ROP,RAISE6SECRRP,RAISE6SECROP,RAISE60SECRRP,RAISE60SECROP,RAISE5MINRRP,RAISE5MINROP,RAISEREGRRP,RAISEREGROP,LOWER6SECRRP,LOWER6SECROP,LOWER60SECRRP,LOWER60SECROP,LOWER5MINRRP,LOWER5MINROP,LOWERREGRRP,LOWERREGROP,RAISE1SECRRP,RAISE1SECROP,LOWER1SECRRP,LOWER1SECROP,PRICE_STATUS
D,TRADING,PRICE,3,"2025/05/28 20:15:00",1,SA1,243,137.92,0,0,"2025/05/28 20:10:03",137.92,0.49,0.49,0.39,0.39,0.39,0.39,12.47,12.47,0.14,0.14,0.45,0.45,0.1,0.1,3.99,3.99,0.86,0.86,0,0,FIRM
D,TRADING,PRICE,3,"2025/05/28 20:15:00",1,NSW1,243,135.83,0,0,"2025/05/28 20:10:03",135.83,0.49,0.49,0.39,0.39,0.39,0.39,12.47,12.47,0.14,0.14,0.45,0.45,0.1,0.1,3.99,3.99,0.86,0.86,0,0,FIRM
D,TRADING,PRICE,3,"2025/05/28 20:15:00",1,QLD1,243,115.94,0,0,"2025/05/28 20:10:03",115.94,0.49,0.49,0.39,0.39,0.39,0.39,12.47,12.47,0.14,0.14,0.45,0.45,0.1,0.1,3.99,3.99,0.86,0.86,0,0,FIRM
D,TRADING,PRICE,3,"2025/05/28 20:15:00",1,TAS1,243,132.53,0,0,"2025/05/28 20:10:03",132.53,0.38,0.38,0.38,0.38,0.38,0.38,8.4,8.4,18.66,18.66,0.38,0.38,0.38,0.38,3.48,3.48,0,0,0,0,FIRM
D,TRADING,PRICE,3,"2025/05/28 20:15:00",1,VIC1,243,132.72,0,0,"2025/05/28 20:10:03",132.72,0.49,0.49,0.39,0.39,0.39,0.39,12.47,12.47,0.14,0.14,0.45,0.45,0.1,0.1,3.99,3.99,0.86,0.86,0,0,FIRM
C,"END OF REPORT",15
