C,NEMP.WORLD,TRADINGIS,AEMO,PUBLIC,2025/05/26,19:50:12,0000000464993171,TRADINGIS,0000000464993170
I,TRADING,INTERCONNECTORRES,2,SETTLEMENTDATE,RUNNO,INTERCONNECTORID,PERIODID,METEREDMWFLOW,MWFLOW,MWLOSSES,LASTCHANGED
D,TRADING,INTERCONNECTORRES,2,"2025/05/26 19:55:00",1,N-Q-MNSP1,239,9.5,9,0.6,"2025/05/26 19:50:03"
D,TRADING,INTERCONNECTORRES,2,"2025/05/26 19:55:00",1,NSW1-QLD1,239,105.8,146.41,10.06,"2025/05/26 19:50:03"
D,TRADING,INTERCONNECTORRES,2,"2025/05/26 19:55:00",1,T-V-MNSP1,239,-452.9,-441.08,21.95,"2025/05/26 19:50:03"
D,TRADING,INTERCONNECTORRES,2,"2025/05/26 19:55:00",1,V-S-MNSP1,239,176,176.58,24.61,"2025/05/26 19:50:03"
D,TRADING,INTERCONNECTORRES,2,"2025/05/26 19:55:00",1,V-SA,239,166.46,184.28,8.57,"2025/05/26 19:50:03"
D,TRADING,INTERCONNECTORRES,2,"2025/05/26 19:55:00",1,VIC1-NSW1,239,728.85,779.62,45.27,"2025/05/26 19:50:03"
I,TRADING,PRICE,3,SETTLEMENTDATE,RUNNO,REGIONID,PERIODID,RRP,EEP,INVALIDFLAG,LASTCHANGED,ROP,RAISE6SECRRP,RAISE6SECROP,RAISE60SECRRP,RAISE60SECROP,RAISE5MINRRP,RAISE5MINROP,RAISEREGRRP,RAISEREGROP,LOWER6SECRRP,LOWER6SECROP,LOWER60SECRRP,LOWER60SECROP,LOWER5MINRRP,LOWER5MINROP,LOWERREGRRP,LOWERREGROP,RAISE1SECRRP,RAISE1SECROP,LOWER1SECRRP,LOWER1SECROP,PRICE_STATUS
D,TRADING,PRICE,3,"2025/05/26 19:55:00",1,SA1,239,-20,0,0,"2025/05/26 19:50:03",-20,0.38,0.38,0.38,0.38,0.38,0.38,6,6,0.1,0.1,0.38,0.38,0,0,0,0,0.3,0.3,0,0,FIRM
D,TRADING,PRICE,3,"2025/05/26 19:55:00",1,NSW1,239,67.91,0,0,"2025/05/26 19:50:03",67.91,0.38,0.38,0.38,0.38,0.38,0.38,6,6,0.1,0.1,0.38,0.38,0,0,0,0,0.3,0.3,0,0,FIRM
D,TRADING,PRICE,3,"2025/05/26 19:55:00",1,QLD1,239,73.51,0,0,"2025/05/26 19:50:03",73.51,0.38,0.38,0.38,0.38,0.38,0.38,6,6,0.1,0.1,0.38,0.38,0,0,0,0,0.3,0.3,0,0,FIRM
D,TRADING,PRICE,3,"2025/05/26 19:55:00",1,TAS1,239,35.24,0,0,"2025/05/26 19:50:03",35.24,0.38,0.38,0.38,0.38,0.38,0.38,8.8,8.8,0.1,0.1,0.38,0.38,0,0,2.55,2.55,0.3,0.3,0,0,FIRM
D,TRADING,PRICE,3,"2025/05/26 19:55:00",1,VIC1,239,8.95,0,0,"2025/05/26 19:50:03",8.95,0.38,0.38,0.38,0.38,0.38,0.38,6,6,0.1,0.1,0.38,0.38,0,0,0,0,0.3,0.3,0,0,FIRM
C,"END OF REPORT",15
