C,NEMP.WORLD,TRADINGIS,AEMO,PUBLIC,2025/05/26,12:20:15,0000000464944748,TRADINGIS,0000000464944747
I,TRADING,INTERCONNECTORRES,2,SETTLEMENTDATE,RUNNO,INTERCONNECTORID,PERIODID,METEREDMWFLOW,MWFLOW,MWLOSSES,LASTCHANGED
D,TRADING,INTERCONNECTORRES,2,"2025/05/26 12:25:00",1,N-Q-MNSP1,149,-33.4,-33,1.59,"2025/05/26 12:20:08"
D,TRADING,INTERCONNECTORRES,2,"2025/05/26 12:25:00",1,NSW1-QLD1,149,-947.9,-870.04,69.11,"2025/05/26 12:20:08"
D,TRADING,INTERCONNECTORRES,2,"2025/05/26 12:25:00",1,T-V-MNSP1,149,-444.4,-440.73,21.92,"2025/05/26 12:20:08"
D,TRADING,INTERCONNECTORRES,2,"2025/05/26 12:25:00",1,V-S-MNSP1,149,150,148.68,15.73,"2025/05/26 12:20:08"
D,TRADING,INTERCONNECTORRES,2,"2025/05/26 12:25:00",1,V-SA,149,264.06,168.04,12.04,"2025/05/26 12:20:08"
D,TRADING,INTERCONNECTORRES,2,"2025/05/26 12:25:00",1,VIC1-NSW1,149,638.08,865.03,63.35,"2025/05/26 12:20:08"
I,TRADING,PRICE,3,SETTLEMENTDATE,RUNNO,REGIONID,PERIODID,RRP,EEP,INVALIDFLAG,LASTCHANGED,ROP,RAISE6SECRRP,RAISE6SECROP,RAISE60SECRRP,RAISE60SECROP,RAISE5MINRRP,RAISE5MINROP,RAISEREGRRP,RAISEREGROP,LOWER6SECRRP,LOWER6SECROP,LOWER60SECRRP,LOWER60SECROP,LOWER5MINRRP,LOWER5MINROP,LOWERREGRRP,LOWERREGROP,RAISE1SECRRP,RAISE1SECROP,LOWER1SECRRP,LOWER1SECROP,PRICE_STATUS
D,TRADING,PRICE,3,"2025/05/26 12:25:00",1,SA1,149,-17.17,0,0,"2025/05/26 12:20:08",-17.17,0.1,0.1,0.04,0.04,0.1,0.1,5.46,5.46,0.38,0.38,0.38,0.38,0.38,0.38,3.59,3.59,0.36,0.36,0,0,FIRM
D,TRADING,PRICE,3,"2025/05/26 12:25:00",1,NSW1,149,26.77,0,0,"2025/05/26 12:20:08",26.77,0.1,0.1,0.04,0.04,0.1,0.1,5.46,5.46,0.38,0.38,0.38,0.38,0.38,0.38,3.59,3.59,0.36,0.36,0,0,FIRM
D,TRADING,PRICE,3,"2025/05/26 12:25:00",1,QLD1,149,22.73,0,0,"2025/05/26 12:20:08",22.73,0.1,0.1,0.04,0.04,0.1,0.1,5.46,5.46,0.38,0.38,0.38,0.38,0.38,0.38,3.59,3.59,0.36,0.36,0,0,FIRM
D,TRADING,PRICE,3,"2025/05/26 12:25:00",1,TAS1,149,11.25,0,0,"2025/05/26 12:20:08",11.25,0.38,0.38,0.38,0.38,0.1,0.1,8.8,8.8,0.38,0.38,0.38,0.38,0,0,3.55,3.55,0.36,0.36,0,0,FIRM
D,TRADING,PRICE,3,"2025/05/26 12:25:00",1,VIC1,149,-15.24,0,0,"2025/05/26 12:20:08",-15.24,0.1,0.1,0.04,0.04,0.1,0.1,5.46,5.46,0.38,0.38,0.38,0.38,0.38,0.38,3.59,3.59,0.36,0.36,0,0,FIRM
C,"END OF REPORT",15
