C,NEMP.WORLD,TRADINGIS,AEMO,PUBLIC,2025/05/29,09:25:10,0000000465366470,TRADINGIS,0000000465366469
I,TRADING,INTERCONNECTORRES,2,SETTLEMENTDATE,RUNNO,INTERCONNECTORID,PERIODID,METEREDMWFLOW,MWFLOW,MWLOSSES,LASTCHANGED
D,TRADING,INTERCONNECTORRES,2,"2025/05/29 09:30:00",1,N-Q-MNSP1,114,-19.3,-17,0.07,"2025/05/29 09:25:03"
D,TRADING,INTERCONNECTORRES,2,"2025/05/29 09:30:00",1,NSW1-QLD1,114,-381.1,-414.07,6.06,"2025/05/29 09:25:03"
D,TRADING,INTERCONNECTORRES,2,"2025/05/29 09:30:00",1,T-V-MNSP1,114,-294.8,-285.69,9.6,"2025/05/29 09:25:03"
D,TRADING,INTERCONNECTORRES,2,"2025/05/29 09:30:00",1,V-S-MNSP1,114,27,36,-1.09,"2025/05/29 09:25:03"
D,TRADING,INTERCONNECTORRES,2,"2025/05/29 09:30:00",1,V-SA,114,26.17,74.88,-0.28,"2025/05/29 09:25:03"
D,TRADING,INTERCONNECTORRES,2,"2025/05/29 09:30:00",1,VIC1-NSW1,114,-348.59,-415.59,0.66,"2025/05/29 09:25:03"
I,TRADING,PRICE,3,SETTLEMENTDATE,RUNNO,REGIONID,PERIODID,RRP,EEP,INVALIDFLAG,LASTCHANGED,ROP,RAISE6SECRRP,RAISE6SECROP,RAISE60SECRRP,RAISE60SECROP,RAISE5MINRRP,RAISE5MINROP,RAISEREGRRP,RAISEREGROP,LOWER6SECRRP,LOWER6SECROP,LOWER60SECRRP,LOWER60SECROP,LOWER5MINRRP,LOWER5MINROP,LOWERREGRRP,LOWERREGROP,RAISE1SECRRP,RAISE1SECROP,LOWER1SECRRP,LOWER1SECROP,PRICE_STATUS
D,TRADING,PRICE,3,"2025/05/29 09:30:00",1,SA1,114,129.99,0,0,"2025/05/29 09:25:03",129.99,0.38,0.38,0.15,0.15,0.36,0.36,9.89,9.89,0.03,0.03,0.15,0.15,0.01,0.01,1.49,1.49,0.86,0.86,0,0,FIRM
D,TRADING,PRICE,3,"2025/05/29 09:30:00",1,NSW1,114,125.19,0,0,"2025/05/29 09:25:03",125.19,0.38,0.38,0.15,0.15,0.36,0.36,9.89,9.89,0.03,0.03,0.15,0.15,0.01,0.01,1.49,1.49,0.86,0.86,0,0,FIRM
D,TRADING,PRICE,3,"2025/05/29 09:30:00",1,QLD1,114,118.4,0,0,"2025/05/29 09:25:03",118.4,0.38,0.38,0.15,0.15,0.36,0.36,9.89,9.89,0.38,0.38,0.38,0.38,0.01,0.01,1.49,1.49,0.86,0.86,0,0,FIRM
D,TRADING,PRICE,3,"2025/05/29 09:30:00",1,TAS1,114,135.31,0,0,"2025/05/29 09:25:03",135.31,0.38,0.38,0.38,0.38,0.36,0.36,6.54,6.54,0.03,0.03,0.15,0.15,0.01,0.01,3.46,3.46,0.86,0.86,0,0,FIRM
D,TRADING,PRICE,3,"2025/05/29 09:30:00",1,VIC1,114,129.33,0,0,"2025/05/29 09:25:03",129.33,0.38,0.38,0.15,0.15,0.36,0.36,9.89,9.89,0.03,0.03,0.15,0.15,0.01,0.01,1.49,1.49,0.86,0.86,0,0,FIRM
C,"END OF REPORT",15
