C,NEMP.WORLD,TRADINGIS,AEMO,PUBLIC,2025/05/27,14:20:14,0000000465108398,TRADINGIS,0000000465108397
I,TRADING,INTERCONNECTORRES,2,SETTLEMENTDATE,RUNNO,INTERCONNECTORID,PERIODID,METEREDMWFLOW,MWFLOW,MWLOSSES,LASTCHANGED
D,TRADING,INTERCONNECTORRES,2,"2025/05/27 14:25:00",1,N-Q-MNSP1,173,-0.3,-9,-0.16,"2025/05/27 14:20:07"
D,TRADING,INTERCONNECTORRES,2,"2025/05/27 14:25:00",1,NSW1-QLD1,173,-19.5,-29.82,-0.3,"2025/05/27 14:20:07"
D,TRADING,INTERCONNECTORRES,2,"2025/05/27 14:25:00",1,T-V-MNSP1,173,-436.5,-429.18,20.83,"2025/05/27 14:20:07"
D,TRADING,INTERCONNECTORRES,2,"2025/05/27 14:25:00",1,V-S-MNSP1,173,157,158.83,18.74,"2025/05/27 14:20:07"
D,TRADING,INTERCONNECTORRES,2,"2025/05/27 14:25:00",1,V-SA,173,-8.36,32.67,-0.92,"2025/05/27 14:20:07"
D,TRADING,INTERCONNECTORRES,2,"2025/05/27 14:25:00",1,VIC1-NSW1,173,325.42,277.95,22.37,"2025/05/27 14:20:07"
I,TRADING,PRICE,3,SETTLEMENTDATE,RUNNO,REGIONID,PERIODID,RRP,EEP,INVALIDFLAG,LASTCHANGED,ROP,RAISE6SECRRP,RAISE6SECROP,RAISE60SECRRP,RAISE60SECROP,RAISE5MINRRP,RAISE5MINROP,RAISEREGRRP,RAISEREGROP,LOWER6SECRRP,LOWER6SECROP,LOWER60SECRRP,LOWER60SECROP,LOWER5MINRRP,LOWER5MINROP,LOWERREGRRP,LOWERREGROP,RAISE1SECRRP,RAISE1SECROP,LOWER1SECRRP,LOWER1SECROP,PRICE_STATUS
D,TRADING,PRICE,3,"2025/05/27 14:25:00",1,SA1,173,-88.8,0,0,"2025/05/27 14:20:07",-88.8,0.1,0.1,0.1,0.1,0.1,0.1,5.99,5.99,0.38,0.38,0.86,0.86,0.38,0.38,0.38,0.38,0.37,0.37,0,0,FIRM
D,TRADING,PRICE,3,"2025/05/27 14:25:00",1,NSW1,173,36.5,0,0,"2025/05/27 14:20:07",36.5,0.1,0.1,0.1,0.1,0.1,0.1,5.99,5.99,0.38,0.38,0.86,0.86,0.38,0.38,0.38,0.38,0.37,0.37,0,0,FIRM
D,TRADING,PRICE,3,"2025/05/27 14:25:00",1,QLD1,173,75.63,0,0,"2025/05/27 14:20:07",75.63,0.1,0.1,0.1,0.1,0.1,0.1,5.99,5.99,0.38,0.38,0.86,0.86,0.38,0.38,0.38,0.38,0.37,0.37,0,0,FIRM
D,TRADING,PRICE,3,"2025/05/27 14:25:00",1,TAS1,173,75.24,0,0,"2025/05/27 14:20:07",75.24,0.38,0.38,0.38,0.38,0.1,0.1,7.4,7.4,0.38,0.38,0.38,0.38,0.38,0.38,2.48,2.48,0.37,0.37,0,0,FIRM
D,TRADING,PRICE,3,"2025/05/27 14:25:00",1,VIC1,173,2.03,0,0,"2025/05/27 14:20:07",2.03,0.1,0.1,0.1,0.1,0.1,0.1,5.99,5.99,0.38,0.38,0.86,0.86,0.38,0.38,0.38,0.38,0.37,0.37,0,0,FIRM
C,"END OF REPORT",15
