C,NEMP.WORLD,TRADINGIS,AEMO,PUBLIC,2025/05/28,07:10:10,0000000465210340,TRADINGIS,0000000465210339
I,TRADING,INTERCONNECTORRES,2,SETTLEMENTDATE,RUNNO,INTERCONNECTORID,PERIODID,METEREDMWFLOW,MWFLOW,MWLOSSES,LASTCHANGED
D,TRADING,INTERCONNECTORRES,2,"2025/05/28 07:15:00",1,N-Q-MNSP1,87,-16.7,-17,0.07,"2025/05/28 07:10:03"
D,TRADING,INTERCONNECTORRES,2,"2025/05/28 07:15:00",1,NSW1-QLD1,87,-487.1,-510.21,2.77,"2025/05/28 07:10:03"
D,TRADING,INTERCONNECTORRES,2,"2025/05/28 07:15:00",1,T-V-MNSP1,87,-431.6,-437.83,21.64,"2025/05/28 07:10:03"
D,TRADING,INTERCONNECTORRES,2,"2025/05/28 07:15:00",1,V-S-MNSP1,87,99,81,1.95,"2025/05/28 07:10:03"
D,TRADING,INTERCONNECTORRES,2,"2025/05/28 07:15:00",1,V-SA,87,508.59,538.02,32.71,"2025/05/28 07:10:03"
D,TRADING,INTERCONNECTORRES,2,"2025/05/28 07:15:00",1,VIC1-NSW1,87,207.1,231.99,9.22,"2025/05/28 07:10:03"
I,TRADING,PRICE,3,SETTLEMENTDATE,RUNNO,REGIONID,PERIODID,RRP,EEP,INVALIDFLAG,LASTCHANGED,ROP,RAISE6SECRRP,RAISE6SECROP,RAISE60SECRRP,RAISE60SECROP,RAISE5MINRRP,RAISE5MINROP,RAISEREGRRP,RAISEREGROP,LOWER6SECRRP,LOWER6SECROP,LOWER60SECRRP,LOWER60SECROP,LOWER5MINRRP,LOWER5MINROP,LOWERREGRRP,LOWERREGROP,RAISE1SECRRP,RAISE1SECROP,LOWER1SECRRP,LOWER1SECROP,PRICE_STATUS
D,TRADING,PRICE,3,"2025/05/28 07:15:00",1,SA1,87,138,0,0,"2025/05/28 07:10:03",138,0.39,0.39,0.38,0.38,0.24,0.24,19.92,19.92,0.1,0.1,0.38,0.38,0.01,0.01,1,1,0.38,0.38,0,0,FIRM
D,TRADING,PRICE,3,"2025/05/28 07:15:00",1,NSW1,87,129.46,0,0,"2025/05/28 07:10:03",129.46,0.39,0.39,0.38,0.38,0.24,0.24,19.92,19.92,0.1,0.1,0.38,0.38,0.01,0.01,1,1,0.38,0.38,0,0,FIRM
D,TRADING,PRICE,3,"2025/05/28 07:15:00",1,QLD1,87,122.97,0,0,"2025/05/28 07:10:03",122.97,0.39,0.39,0.38,0.38,0.24,0.24,19.92,19.92,0.1,0.1,0.38,0.38,0.01,0.01,1,1,0.38,0.38,0,0,FIRM
D,TRADING,PRICE,3,"2025/05/28 07:15:00",1,TAS1,87,150.24,0,0,"2025/05/28 07:10:03",150.24,0.39,0.39,0.38,0.38,0.38,0.38,8.4,8.4,0.1,0.1,0.38,0.38,0,0,2.48,2.48,0.38,0.38,0,0,FIRM
D,TRADING,PRICE,3,"2025/05/28 07:15:00",1,VIC1,87,122.36,0,0,"2025/05/28 07:10:03",122.36,0.39,0.39,0.38,0.38,0.24,0.24,19.92,19.92,0.1,0.1,0.38,0.38,0.01,0.01,1,1,0.38,0.38,0,0,FIRM
C,"END OF REPORT",15
