C,NEMP.WORLD,TRADINGIS,AEMO,PUBLIC,2025/05/29,08:15:11,0000000465359661,TRADINGIS,0000000465359660
I,TRADING,INTERCONNECTORRES,2,SETTLEMENTDATE,RUNNO,INTERCONNECTORID,PERIODID,METEREDMWFLOW,MWFLOW,MWLOSSES,LASTCHANGED
D,TRADING,INTERCONNECTORRES,2,"2025/05/29 08:20:00",1,N-Q-MNSP1,100,-13.5,-17,0.07,"2025/05/29 08:15:03"
D,TRADING,INTERCONNECTORRES,2,"2025/05/29 08:20:00",1,NSW1-QLD1,100,-388.2,-414.25,-0.81,"2025/05/29 08:15:03"
D,TRADING,INTERCONNECTORRES,2,"2025/05/29 08:20:00",1,T-V-MNSP1,100,-115.9,-307.42,11.03,"2025/05/29 08:15:03"
D,TRADING,INTERCONNECTORRES,2,"2025/05/29 08:20:00",1,V-S-MNSP1,100,27,18,-0.93,"2025/05/29 08:15:03"
D,TRADING,INTERCONNECTORRES,2,"2025/05/29 08:20:00",1,V-SA,100,-21.78,-150.93,2.71,"2025/05/29 08:15:03"
D,TRADING,INTERCONNECTORRES,2,"2025/05/29 08:20:00",1,VIC1-NSW1,100,121.67,-34.65,-0.39,"2025/05/29 08:15:03"
I,TRADING,PRICE,3,SETTLEMENTDATE,RUNNO,REGIONID,PERIODID,RRP,EEP,INVALIDFLAG,LASTCHANGED,ROP,RAISE6SECRRP,RAISE6SECROP,RAISE60SECRRP,RAISE60SECROP,RAISE5MINRRP,RAISE5MINROP,RAISEREGRRP,RAISEREGROP,LOWER6SECRRP,LOWER6SECROP,LOWER60SECRRP,LOWER60SECROP,LOWER5MINRRP,LOWER5MINROP,LOWERREGRRP,LOWERREGROP,RAISE1SECRRP,RAISE1SECROP,LOWER1SECRRP,LOWER1SECROP,PRICE_STATUS
D,TRADING,PRICE,3,"2025/05/29 08:20:00",1,SA1,100,138.09,0,0,"2025/05/29 08:15:03",138.09,1.75,1.75,0.36,0.36,0.36,0.36,9.93,9.93,0.1,0.1,0.38,0.38,0.1,0.1,3.49,3.49,0.38,0.38,0,0,FIRM
D,TRADING,PRICE,3,"2025/05/29 08:20:00",1,NSW1,100,144.47,0,0,"2025/05/29 08:15:03",144.47,1.75,1.75,0.36,0.36,0.36,0.36,9.93,9.93,0.1,0.1,0.38,0.38,0.1,0.1,3.49,3.49,0.38,0.38,0,0,FIRM
D,TRADING,PRICE,3,"2025/05/29 08:20:00",1,QLD1,100,139.61,0,0,"2025/05/29 08:15:03",139.61,1.75,1.75,0.36,0.36,0.36,0.36,9.93,9.93,0.1,0.1,0.38,0.38,0.1,0.1,3.49,3.49,0.38,0.38,0,0,FIRM
D,TRADING,PRICE,3,"2025/05/29 08:20:00",1,TAS1,100,150.24,0,0,"2025/05/29 08:15:03",150.24,1.75,1.75,0.38,0.38,0.36,0.36,7.54,7.54,0.1,0.1,0.38,0.38,0.1,0.1,2.46,2.46,0.38,0.38,0,0,FIRM
D,TRADING,PRICE,3,"2025/05/29 08:20:00",1,VIC1,100,142.86,0,0,"2025/05/29 08:15:03",142.86,1.75,1.75,0.36,0.36,0.36,0.36,9.93,9.93,0.1,0.1,0.38,0.38,0.1,0.1,3.49,3.49,0.38,0.38,0,0,FIRM
C,"END OF REPORT",15
