C,NEMP.WORLD,TRADINGIS,AEMO,PUBLIC,2025/05/27,07:10:10,0000000465061759,TRADINGIS,0000000465061758
I,TRADING,INTERCONNECTORRES,2,SETTLEMENTDATE,RUNNO,INTERCONNECTORID,PERIODID,METEREDMWFLOW,MWFLOW,MWLOSSES,LASTCHANGED
D,TRADING,INTERCONNECTORRES,2,"2025/05/27 07:15:00",1,N-Q-MNSP1,87,-9.8,-9,-0.16,"2025/05/27 07:10:03"
D,TRADING,INTERCONNECTORRES,2,"2025/05/27 07:15:00",1,NSW1-QLD1,87,-129.8,-130.71,-2.93,"2025/05/27 07:10:03"
D,TRADING,INTERCONNECTORRES,2,"2025/05/27 07:15:00",1,T-V-MNSP1,87,-445,-459.87,23.79,"2025/05/27 07:10:03"
D,TRADING,INTERCONNECTORRES,2,"2025/05/27 07:15:00",1,V-S-MNSP1,87,-17,-97,18.5,"2025/05/27 07:10:03"
D,TRADING,INTERCONNECTORRES,2,"2025/05/27 07:15:00",1,V-SA,87,-133.99,-96.36,1.55,"2025/05/27 07:10:03"
D,TRADING,INTERCONNECTORRES,2,"2025/05/27 07:15:00",1,VIC1-NSW1,87,814.87,950.93,93.32,"2025/05/27 07:10:03"
I,TRADING,PRICE,3,SETTLEMENTDATE,RUNNO,REGIONID,PERIODID,RRP,EEP,INVALIDFLAG,LASTCHANGED,ROP,RAISE6SECRRP,RAISE6SECROP,RAISE60SECRRP,RAISE60SECROP,RAISE5MINRRP,RAISE5MINROP,RAISEREGRRP,RAISEREGROP,LOWER6SECRRP,LOWER6SECROP,LOWER60SECRRP,LOWER60SECROP,LOWER5MINRRP,LOWER5MINROP,LOWERREGRRP,LOWERREGROP,RAISE1SECRRP,RAISE1SECROP,LOWER1SECRRP,LOWER1SECROP,PRICE_STATUS
D,TRADING,PRICE,3,"2025/05/27 07:15:00",1,SA1,87,52.67,0,0,"2025/05/27 07:10:03",52.67,0.01,0.01,0.01,0.01,0.04,0.04,0.04,0.04,0.03,0.03,0.1,0.1,0.04,0.04,3.99,3.99,0.37,0.37,0,0,FIRM
D,TRADING,PRICE,3,"2025/05/27 07:15:00",1,NSW1,87,65.02,0,0,"2025/05/27 07:10:03",65.02,0.01,0.01,0.01,0.01,0.04,0.04,0.04,0.04,0.03,0.03,0.1,0.1,0.04,0.04,3.99,3.99,0.37,0.37,0,0,FIRM
D,TRADING,PRICE,3,"2025/05/27 07:15:00",1,QLD1,87,105.69,0,0,"2025/05/27 07:10:03",105.69,19.9,19.9,19.9,19.9,0.15,0.15,0.15,0.15,0.03,0.03,0.1,0.1,0.04,0.04,3.99,3.99,0.37,0.37,0,0,FIRM
D,TRADING,PRICE,3,"2025/05/27 07:15:00",1,TAS1,87,100.28,0,0,"2025/05/27 07:10:03",100.28,0.38,0.38,0.38,0.38,0.04,0.04,8.4,8.4,0.03,0.03,0.1,0.1,0,0,2.48,2.48,0.37,0.37,0,0,FIRM
D,TRADING,PRICE,3,"2025/05/27 07:15:00",1,VIC1,87,54.09,0,0,"2025/05/27 07:10:03",54.09,0.01,0.01,0.01,0.01,0.04,0.04,0.04,0.04,0.03,0.03,0.1,0.1,0.04,0.04,3.99,3.99,0.37,0.37,0,0,FIRM
C,"END OF REPORT",15
