C,NEMP.WORLD,TRADINGIS,AEMO,PUBLIC,2025/05/26,19:40:11,0000000464992215,TRADINGIS,0000000464992214
I,TRADING,INTERCONNECTORRES,2,SETTLEMENTDATE,RUNNO,INTERCONNECTORID,PERIODID,METEREDMWFLOW,MWFLOW,MWLOSSES,LASTCHANGED
D,TRADING,INTERCONNECTORRES,2,"2025/05/26 19:45:00",1,N-Q-MNSP1,237,8.9,9,0.6,"2025/05/26 19:40:03"
D,TRADING,INTERCONNECTORRES,2,"2025/05/26 19:45:00",1,NSW1-QLD1,237,77.2,221,17.11,"2025/05/26 19:40:03"
D,TRADING,INTERCONNECTORRES,2,"2025/05/26 19:45:00",1,T-V-MNSP1,237,-438.3,-453.1,23.12,"2025/05/26 19:40:03"
D,TRADING,INTERCONNECTORRES,2,"2025/05/26 19:45:00",1,V-S-MNSP1,237,177,176.62,24.62,"2025/05/26 19:40:03"
D,TRADING,INTERCONNECTORRES,2,"2025/05/26 19:45:00",1,V-SA,237,260.42,217.96,11.65,"2025/05/26 19:40:03"
D,TRADING,INTERCONNECTORRES,2,"2025/05/26 19:45:00",1,VIC1-NSW1,237,452.05,678.92,31.82,"2025/05/26 19:40:03"
I,TRADING,PRICE,3,SETTLEMENTDATE,RUNNO,REGIONID,PERIODID,RRP,EEP,INVALIDFLAG,LASTCHANGED,ROP,RAISE6SECRRP,RAISE6SECROP,RAISE60SECRRP,RAISE60SECROP,RAISE5MINRRP,RAISE5MINROP,RAISEREGRRP,RAISEREGROP,LOWER6SECRRP,LOWER6SECROP,LOWER60SECRRP,LOWER60SECROP,LOWER5MINRRP,LOWER5MINROP,LOWERREGRRP,LOWERREGROP,RAISE1SECRRP,RAISE1SECROP,LOWER1SECRRP,LOWER1SECROP,PRICE_STATUS
D,TRADING,PRICE,3,"2025/05/26 19:45:00",1,SA1,237,-20,0,0,"2025/05/26 19:40:03",-20,0.38,0.38,0.38,0.38,0.38,0.38,3.99,3.99,0.1,0.1,0.38,0.38,0.2,0.2,4,4,0.36,0.36,0,0,FIRM
D,TRADING,PRICE,3,"2025/05/26 19:45:00",1,NSW1,237,76.59,0,0,"2025/05/26 19:40:03",76.59,0.38,0.38,0.38,0.38,0.38,0.38,3.99,3.99,0.1,0.1,0.38,0.38,0.2,0.2,4,4,0.36,0.36,0,0,FIRM
D,TRADING,PRICE,3,"2025/05/26 19:45:00",1,QLD1,237,84.45,0,0,"2025/05/26 19:40:03",84.45,0.38,0.38,0.38,0.38,0.38,0.38,3.99,3.99,0.1,0.1,0.38,0.38,0.2,0.2,4,4,0.36,0.36,0,0,FIRM
D,TRADING,PRICE,3,"2025/05/26 19:45:00",1,TAS1,237,35.24,0,0,"2025/05/26 19:40:03",35.24,0.38,0.38,0.38,0.38,0.38,0.38,8.8,8.8,0.1,0.1,0.38,0.38,0,0,2.55,2.55,0.36,0.36,0,0,FIRM
D,TRADING,PRICE,3,"2025/05/26 19:45:00",1,VIC1,237,20.01,0,0,"2025/05/26 19:40:03",20.01,0.38,0.38,0.38,0.38,0.38,0.38,3.99,3.99,0.1,0.1,0.38,0.38,0.2,0.2,4,4,0.36,0.36,0,0,FIRM
C,"END OF REPORT",15
