C,NEMP.WORLD,TRADINGIS,AEMO,PUBLIC,2025/05/28,15:10:10,0000000465260077,TRADINGIS,0000000465260076
I,TRADING,INTERCONNECTORRES,2,SETTLEMENTDATE,RUNNO,INTERCONNECTORID,PERIODID,METEREDMWFLOW,MWFLOW,MWLOSSES,LASTCHANGED
D,TRADING,INTERCONNECTORRES,2,"2025/05/28 15:15:00",1,N-Q-MNSP1,183,-18.9,-17,0.07,"2025/05/28 15:10:03"
D,TRADING,INTERCONNECTORRES,2,"2025/05/28 15:15:00",1,NSW1-QLD1,183,-239.5,-323,3.3,"2025/05/28 15:10:03"
D,TRADING,INTERCONNECTORRES,2,"2025/05/28 15:15:00",1,T-V-MNSP1,183,-401,-397.58,17.99,"2025/05/28 15:10:03"
D,TRADING,INTERCONNECTORRES,2,"2025/05/28 15:15:00",1,V-S-MNSP1,183,76,63,0.15,"2025/05/28 15:10:03"
D,TRADING,INTERCONNECTORRES,2,"2025/05/28 15:15:00",1,V-SA,183,499.29,427.54,11.38,"2025/05/28 15:10:03"
D,TRADING,INTERCONNECTORRES,2,"2025/05/28 15:15:00",1,VIC1-NSW1,183,-520.56,-485.82,-2.91,"2025/05/28 15:10:03"
I,TRADING,PRICE,3,SETTLEMENTDATE,RUNNO,REGIONID,PERIODID,RRP,EEP,INVALIDFLAG,LASTCHANGED,ROP,RAISE6SECRRP,RAISE6SECROP,RAISE60SECRRP,RAISE60SECROP,RAISE5MINRRP,RAISE5MINROP,RAISEREGRRP,RAISEREGROP,LOWER6SECRRP,LOWER6SECROP,LOWER60SECRRP,LOWER60SECROP,LOWER5MINRRP,LOWER5MINROP,LOWERREGRRP,LOWERREGROP,RAISE1SECRRP,RAISE1SECROP,LOWER1SECRRP,LOWER1SECROP,PRICE_STATUS
D,TRADING,PRICE,3,"2025/05/28 15:15:00",1,SA1,183,143.22,0,0,"2025/05/28 15:10:03",143.22,0.38,0.38,0.1,0.1,0.1,0.1,9.89,9.89,0.38,0.38,0.38,0.38,0.38,0.38,6,6,0.81,0.81,0,0,FIRM
D,TRADING,PRICE,3,"2025/05/28 15:15:00",1,NSW1,183,57.01,0,0,"2025/05/28 15:10:03",57.01,0.38,0.38,0.1,0.1,0.1,0.1,9.89,9.89,0.38,0.38,0.38,0.38,0.38,0.38,6,6,0.81,0.81,0,0,FIRM
D,TRADING,PRICE,3,"2025/05/28 15:15:00",1,QLD1,183,54.76,0,0,"2025/05/28 15:10:03",54.76,0.38,0.38,0.1,0.1,0.1,0.1,9.89,9.89,0.38,0.38,0.38,0.38,0.38,0.38,6,6,0.81,0.81,0,0,FIRM
D,TRADING,PRICE,3,"2025/05/28 15:15:00",1,TAS1,183,142.32,0,0,"2025/05/28 15:10:03",142.32,0.38,0.38,0.38,0.38,0.1,0.1,7.4,7.4,0.38,0.38,0.38,0.38,0.38,0.38,3.48,3.48,0.81,0.81,0,0,FIRM
D,TRADING,PRICE,3,"2025/05/28 15:15:00",1,VIC1,183,132.72,0,0,"2025/05/28 15:10:03",132.72,0.38,0.38,0.1,0.1,0.1,0.1,9.89,9.89,0.38,0.38,0.38,0.38,0.38,0.38,6,6,0.81,0.81,0,0,FIRM
C,"END OF REPORT",15
