C,NEMP.WORLD,TRADINGIS,AEMO,PUBLIC,2025/05/27,09:50:11,0000000465077790,TRADINGIS,0000000465077789
I,TRADING,INTERCONNECTORRES,2,SETTLEMENTDATE,RUNNO,INTERCONNECTORID,PERIODID,METEREDMWFLOW,MWFLOW,MWLOSSES,LASTCHANGED
D,TRADING,INTERCONNECTORRES,2,"2025/05/27 09:55:00",1,N-Q-MNSP1,119,-17.4,-17,0.07,"2025/05/27 09:50:04"
D,TRADING,INTERCONNECTORRES,2,"2025/05/27 09:55:00",1,NSW1-QLD1,119,-478.1,-246.34,4.81,"2025/05/27 09:50:04"
D,TRADING,INTERCONNECTORRES,2,"2025/05/27 09:55:00",1,T-V-MNSP1,119,-464.5,-462.41,24.04,"2025/05/27 09:50:04"
D,TRADING,INTERCONNECTORRES,2,"2025/05/27 09:55:00",1,V-S-MNSP1,119,7,-6.72,0.57,"2025/05/27 09:50:04"
D,TRADING,INTERCONNECTORRES,2,"2025/05/27 09:55:00",1,V-SA,119,-213.51,-295.87,9.18,"2025/05/27 09:50:04"
D,TRADING,INTERCONNECTORRES,2,"2025/05/27 09:55:00",1,VIC1-NSW1,119,643.84,740.2,61.35,"2025/05/27 09:50:04"
I,TRADING,PRICE,3,SETTLEMENTDATE,RUNNO,REGIONID,PERIODID,RRP,EEP,INVALIDFLAG,LASTCHANGED,ROP,RAISE6SECRRP,RAISE6SECROP,RAISE60SECRRP,RAISE60SECROP,RAISE5MINRRP,RAISE5MINROP,RAISEREGRRP,RAISEREGROP,LOWER6SECRRP,LOWER6SECROP,LOWER60SECRRP,LOWER60SECROP,LOWER5MINRRP,LOWER5MINROP,LOWERREGRRP,LOWERREGROP,RAISE1SECRRP,RAISE1SECROP,LOWER1SECRRP,LOWER1SECROP,PRICE_STATUS
D,TRADING,PRICE,3,"2025/05/27 09:55:00",1,SA1,119,29.76,0,0,"2025/05/27 09:50:04",29.76,0.01,0.01,0.01,0.01,0.04,0.04,7.85,7.85,0.1,0.1,0.43,0.43,0.1,0.1,0.2,0.2,0.36,0.36,0,0,FIRM
D,TRADING,PRICE,3,"2025/05/27 09:55:00",1,NSW1,119,36.52,0,0,"2025/05/27 09:50:04",36.52,0.01,0.01,0.01,0.01,0.04,0.04,7.85,7.85,0.1,0.1,0.43,0.43,0.1,0.1,0.2,0.2,0.36,0.36,0,0,FIRM
D,TRADING,PRICE,3,"2025/05/27 09:55:00",1,QLD1,119,35.08,0,0,"2025/05/27 09:50:04",35.08,0.01,0.01,0.01,0.01,0.04,0.04,7.85,7.85,0.1,0.1,0.43,0.43,0.1,0.1,0.2,0.2,0.36,0.36,0,0,FIRM
D,TRADING,PRICE,3,"2025/05/27 09:55:00",1,TAS1,119,35.24,0,0,"2025/05/27 09:50:04",35.24,0.38,0.38,0.38,0.38,0.04,0.04,7.4,7.4,0.1,0.1,0.38,0.38,0,0,2.48,2.48,0.36,0.36,0,0,FIRM
D,TRADING,PRICE,3,"2025/05/27 09:55:00",1,VIC1,119,31.58,0,0,"2025/05/27 09:50:04",31.58,0.01,0.01,0.01,0.01,0.04,0.04,7.85,7.85,0.1,0.1,0.43,0.43,0.1,0.1,0.2,0.2,0.36,0.36,0,0,FIRM
C,"END OF REPORT",15
