C,NEMP.WORLD,TRADINGIS,AEMO,PUBLIC,2025/05/29,11:20:10,0000000465377511,TRADINGIS,0000000465377510
I,TRADING,INTERCONNECTORRES,2,SETTLEMENTDATE,RUNNO,INTERCONNECTORID,PERIODID,METEREDMWFLOW,MWFLOW,MWLOSSES,LASTCHANGED
D,TRADING,INTERCONNECTORRES,2,"2025/05/29 11:25:00",1,N-Q-MNSP1,137,-16.3,-17,0.07,"2025/05/29 11:20:03"
D,TRADING,INTERCONNECTORRES,2,"2025/05/29 11:25:00",1,NSW1-QLD1,137,-369.5,-319.27,4.99,"2025/05/29 11:20:03"
D,TRADING,INTERCONNECTORRES,2,"2025/05/29 11:25:00",1,T-V-MNSP1,137,-463.9,-470.91,24.9,"2025/05/29 11:20:03"
D,TRADING,INTERCONNECTORRES,2,"2025/05/29 11:25:00",1,V-S-MNSP1,137,18,18,-0.93,"2025/05/29 11:20:03"
D,TRADING,INTERCONNECTORRES,2,"2025/05/29 11:25:00",1,V-SA,137,-2.57,-1.22,0.04,"2025/05/29 11:20:03"
D,TRADING,INTERCONNECTORRES,2,"2025/05/29 11:25:00",1,VIC1-NSW1,137,45.55,65.8,4.48,"2025/05/29 11:20:03"
I,TRADING,PRICE,3,SETTLEMENTDATE,RUNNO,REGIONID,PERIODID,RRP,EEP,INVALIDFLAG,LASTCHANGED,ROP,RAISE6SECRRP,RAISE6SECROP,RAISE60SECRRP,RAISE60SECROP,RAISE5MINRRP,RAISE5MINROP,RAISEREGRRP,RAISEREGROP,LOWER6SECRRP,LOWER6SECROP,LOWER60SECRRP,LOWER60SECROP,LOWER5MINRRP,LOWER5MINROP,LOWERREGRRP,LOWERREGROP,RAISE1SECRRP,RAISE1SECROP,LOWER1SECRRP,LOWER1SECROP,PRICE_STATUS
D,TRADING,PRICE,3,"2025/05/29 11:25:00",1,SA1,137,76.44,0,0,"2025/05/29 11:20:03",76.44,0.23,0.23,0.1,0.1,0.1,0.1,5.99,5.99,0.39,0.39,1.67,1.67,0,0,0,0,0.81,0.81,0,0,FIRM
D,TRADING,PRICE,3,"2025/05/29 11:25:00",1,NSW1,137,84.85,0,0,"2025/05/29 11:20:03",84.85,0.23,0.23,0.1,0.1,0.1,0.1,5.99,5.99,0.39,0.39,1.67,1.67,0,0,0,0,0.81,0.81,0,0,FIRM
D,TRADING,PRICE,3,"2025/05/29 11:25:00",1,QLD1,137,81.35,0,0,"2025/05/29 11:20:03",81.35,0.23,0.23,0.1,0.1,0.1,0.1,5.99,5.99,0.39,0.39,1.67,1.67,0,0,0,0,0.81,0.81,0,0,FIRM
D,TRADING,PRICE,3,"2025/05/29 11:25:00",1,TAS1,137,100.24,0,0,"2025/05/29 11:20:03",100.24,0.38,0.38,0.38,0.38,0.38,0.38,5.66,5.66,0.38,0.38,0.38,0.38,0,0,2.46,2.46,0.81,0.81,0,0,FIRM
D,TRADING,PRICE,3,"2025/05/29 11:25:00",1,VIC1,137,78.71,0,0,"2025/05/29 11:20:03",78.71,0.23,0.23,0.1,0.1,0.1,0.1,5.99,5.99,0.39,0.39,1.67,1.67,0,0,0,0,0.81,0.81,0,0,FIRM
C,"END OF REPORT",15
