C,NEMP.WORLD,TRADINGIS,AEMO,PUBLIC,2025/05/26,19:25:16,0000000464990561,TRADINGIS,0000000464990560
I,TRADING,INTERCONNECTORRES,2,SETTLEMENTDATE,RUNNO,INTERCONNECTORID,PERIODID,METEREDMWFLOW,MWFLOW,MWLOSSES,LASTCHANGED
D,TRADING,INTERCONNECTORRES,2,"2025/05/26 19:30:00",1,N-Q-MNSP1,234,9.3,9,0.6,"2025/05/26 19:25:08"
D,TRADING,INTERCONNECTORRES,2,"2025/05/26 19:30:00",1,NSW1-QLD1,234,150.2,182.72,14.06,"2025/05/26 19:25:08"
D,TRADING,INTERCONNECTORRES,2,"2025/05/26 19:30:00",1,T-V-MNSP1,234,-469.4,-458.03,23.6,"2025/05/26 19:25:08"
D,TRADING,INTERCONNECTORRES,2,"2025/05/26 19:30:00",1,V-S-MNSP1,234,178,177.92,25.08,"2025/05/26 19:25:08"
D,TRADING,INTERCONNECTORRES,2,"2025/05/26 19:30:00",1,V-SA,234,200.99,206.53,10.64,"2025/05/26 19:25:08"
D,TRADING,INTERCONNECTORRES,2,"2025/05/26 19:30:00",1,VIC1-NSW1,234,306.36,381.13,8.22,"2025/05/26 19:25:08"
I,TRADING,PRICE,3,SETTLEMENTDATE,RUNNO,REGIONID,PERIODID,RRP,EEP,INVALIDFLAG,LASTCHANGED,ROP,RAISE6SECRRP,RAISE6SECROP,RAISE60SECRRP,RAISE60SECROP,RAISE5MINRRP,RAISE5MINROP,RAISEREGRRP,RAISEREGROP,LOWER6SECRRP,LOWER6SECROP,LOWER60SECRRP,LOWER60SECROP,LOWER5MINRRP,LOWER5MINROP,LOWERREGRRP,LOWERREGROP,RAISE1SECRRP,RAISE1SECROP,LOWER1SECRRP,LOWER1SECROP,PRICE_STATUS
D,TRADING,PRICE,3,"2025/05/26 19:30:00",1,SA1,234,-21,0,0,"2025/05/26 19:25:08",-21,0.38,0.38,0.38,0.38,0.38,0.38,6,6,0.38,0.38,0.45,0.45,0,0,0,0,0.36,0.36,0,0,FIRM
D,TRADING,PRICE,3,"2025/05/26 19:30:00",1,NSW1,234,89.31,0,0,"2025/05/26 19:25:08",89.31,0.38,0.38,0.38,0.38,0.38,0.38,6,6,0.38,0.38,0.45,0.45,0,0,0,0,0.36,0.36,0,0,FIRM
D,TRADING,PRICE,3,"2025/05/26 19:30:00",1,QLD1,234,97.73,0,0,"2025/05/26 19:25:08",97.73,0.38,0.38,0.38,0.38,0.38,0.38,6,6,0.38,0.38,0.45,0.45,0,0,0,0,0.36,0.36,0,0,FIRM
D,TRADING,PRICE,3,"2025/05/26 19:30:00",1,TAS1,234,35.24,0,0,"2025/05/26 19:25:08",35.24,0.38,0.38,0.38,0.38,0.38,0.38,8.8,8.8,0.38,0.38,0.38,0.38,0,0,2.55,2.55,0.36,0.36,0,0,FIRM
D,TRADING,PRICE,3,"2025/05/26 19:30:00",1,VIC1,234,8.95,0,0,"2025/05/26 19:25:08",8.95,0.38,0.38,0.38,0.38,0.38,0.38,6,6,0.38,0.38,0.45,0.45,0,0,0,0,0.36,0.36,0,0,FIRM
C,"END OF REPORT",15
