C,NEMP.WORLD,TRADINGIS,AEMO,PUBLIC,2025/05/28,21:50:11,0000000465300749,TRADINGIS,0000000465300748
I,TRADING,INTERCONNECTORRES,2,SETTLEMENTDATE,RUNNO,INTERCONNECTORID,PERIODID,METEREDMWFLOW,MWFLOW,MWLOSSES,LASTCHANGED
D,TRADING,INTERCONNECTORRES,2,"2025/05/28 21:55:00",1,N-Q-MNSP1,263,-32.9,-25,0.65,"2025/05/28 21:50:03"
D,TRADING,INTERCONNECTORRES,2,"2025/05/28 21:55:00",1,NSW1-QLD1,263,-864.1,-799,30.74,"2025/05/28 21:50:03"
D,TRADING,INTERCONNECTORRES,2,"2025/05/28 21:55:00",1,T-V-MNSP1,263,-459.7,-438,21.66,"2025/05/28 21:50:03"
D,TRADING,INTERCONNECTORRES,2,"2025/05/28 21:55:00",1,V-S-MNSP1,263,63,63,0.15,"2025/05/28 21:50:03"
D,TRADING,INTERCONNECTORRES,2,"2025/05/28 21:55:00",1,V-SA,263,305.85,311.75,13.62,"2025/05/28 21:50:03"
D,TRADING,INTERCONNECTORRES,2,"2025/05/28 21:55:00",1,VIC1-NSW1,263,-91.63,-38.15,-0.41,"2025/05/28 21:50:03"
I,TRADING,PRICE,3,SETTLEMENTDATE,RUNNO,REGIONID,PERIODID,RRP,EEP,INVALIDFLAG,LASTCHANGED,ROP,RAISE6SECRRP,RAISE6SECROP,RAISE60SECRRP,RAISE60SECROP,RAISE5MINRRP,RAISE5MINROP,RAISEREGRRP,RAISEREGROP,LOWER6SECRRP,LOWER6SECROP,LOWER60SECRRP,LOWER60SECROP,LOWER5MINRRP,LOWER5MINROP,LOWERREGRRP,LOWERREGROP,RAISE1SECRRP,RAISE1SECROP,LOWER1SECRRP,LOWER1SECROP,PRICE_STATUS
D,TRADING,PRICE,3,"2025/05/28 21:55:00",1,SA1,263,130.08,0,0,"2025/05/28 21:50:03",130.08,0.38,0.38,0.15,0.15,0.15,0.15,20.4,20.4,0.1,0.1,0.38,0.38,0.1,0.1,5.49,5.49,0.37,0.37,0,0,FIRM
D,TRADING,PRICE,3,"2025/05/28 21:55:00",1,NSW1,263,84.79,0,0,"2025/05/28 21:50:03",84.79,0.38,0.38,0.15,0.15,0.15,0.15,20.4,20.4,0.1,0.1,0.38,0.38,0.1,0.1,5.49,5.49,0.37,0.37,0,0,FIRM
D,TRADING,PRICE,3,"2025/05/28 21:55:00",1,QLD1,263,75.63,0,0,"2025/05/28 21:50:03",75.63,0.38,0.38,0.15,0.15,0.15,0.15,20.4,20.4,0.1,0.1,0.38,0.38,0.1,0.1,5.49,5.49,0.37,0.37,0,0,FIRM
D,TRADING,PRICE,3,"2025/05/28 21:55:00",1,TAS1,263,150.24,0,0,"2025/05/28 21:50:03",150.24,0.38,0.38,0.38,0.38,0.36,0.36,8.4,8.4,0,0,0,0,0,0,2.48,2.48,0.37,0.37,0,0,FIRM
D,TRADING,PRICE,3,"2025/05/28 21:55:00",1,VIC1,263,120.19,0,0,"2025/05/28 21:50:03",120.19,0.38,0.38,0.15,0.15,0.15,0.15,20.4,20.4,0.1,0.1,0.38,0.38,0.1,0.1,5.49,5.49,0.37,0.37,0,0,FIRM
C,"END OF REPORT",15
