C,NEMP.WORLD,TRADINGIS,AEMO,PUBLIC,2025/05/27,19:05:11,0000000465139879,TRADINGIS,0000000465139878
I,TRADING,INTERCONNECTORRES,2,SETTLEMENTDATE,RUNNO,INTERCONNECTORID,PERIODID,METEREDMWFLOW,MWFLOW,MWLOSSES,LASTCHANGED
D,TRADING,INTERCONNECTORRES,2,"2025/05/27 19:10:00",1,N-Q-MNSP1,230,-5.5,-9,-0.16,"2025/05/27 19:05:03"
D,TRADING,INTERCONNECTORRES,2,"2025/05/27 19:10:00",1,NSW1-QLD1,230,-287.5,-316.17,-11.52,"2025/05/27 19:05:03"
D,TRADING,INTERCONNECTORRES,2,"2025/05/27 19:10:00",1,T-V-MNSP1,230,-327.8,-312.13,11.35,"2025/05/27 19:05:03"
D,TRADING,INTERCONNECTORRES,2,"2025/05/27 19:10:00",1,V-S-MNSP1,230,54,63,0.15,"2025/05/27 19:05:03"
D,TRADING,INTERCONNECTORRES,2,"2025/05/27 19:10:00",1,V-SA,230,283.93,298.47,11.99,"2025/05/27 19:05:03"
D,TRADING,INTERCONNECTORRES,2,"2025/05/27 19:10:00",1,VIC1-NSW1,230,-269.02,-184.59,2.45,"2025/05/27 19:05:03"
I,TRADING,PRICE,3,SETTLEMENTDATE,RUNNO,REGIONID,PERIODID,RRP,EEP,INVALIDFLAG,LASTCHANGED,ROP,RAISE6SECRRP,RAISE6SECROP,RAISE60SECRRP,RAISE60SECROP,RAISE5MINRRP,RAISE5MINROP,RAISEREGRRP,RAISEREGROP,LOWER6SECRRP,LOWER6SECROP,LOWER60SECRRP,LOWER60SECROP,LOWER5MINRRP,LOWER5MINROP,LOWERREGRRP,LOWERREGROP,RAISE1SECRRP,RAISE1SECROP,LOWER1SECRRP,LOWER1SECROP,PRICE_STATUS
D,TRADING,PRICE,3,"2025/05/27 19:10:00",1,SA1,230,121.33,0,0,"2025/05/27 19:05:03",121.33,0.38,0.38,0.36,0.36,0.23,0.23,3.49,3.49,0.03,0.03,0.15,0.15,0.07,0.07,0.72,0.72,0.81,0.81,0,0,FIRM
D,TRADING,PRICE,3,"2025/05/27 19:10:00",1,NSW1,230,110.01,0,0,"2025/05/27 19:05:03",110.01,0.38,0.38,0.36,0.36,0.23,0.23,3.49,3.49,0.03,0.03,0.15,0.15,0.07,0.07,0.72,0.72,0.81,0.81,0,0,FIRM
D,TRADING,PRICE,3,"2025/05/27 19:10:00",1,QLD1,230,111.11,0,0,"2025/05/27 19:05:03",111.11,0.38,0.38,0.36,0.36,0.23,0.23,3.49,3.49,0.03,0.03,0.15,0.15,0.07,0.07,0.72,0.72,0.81,0.81,0,0,FIRM
D,TRADING,PRICE,3,"2025/05/27 19:10:00",1,TAS1,230,118.87,0,0,"2025/05/27 19:05:03",118.87,0.38,0.38,0.36,0.36,0.23,0.23,7.4,7.4,0.03,0.03,0.15,0.15,0.07,0.07,3.48,3.48,0.81,0.81,0,0,FIRM
D,TRADING,PRICE,3,"2025/05/27 19:10:00",1,VIC1,230,112.75,0,0,"2025/05/27 19:05:03",112.75,0.38,0.38,0.36,0.36,0.23,0.23,3.49,3.49,0.03,0.03,0.15,0.15,0.07,0.07,0.72,0.72,0.81,0.81,0,0,FIRM
C,"END OF REPORT",15
