C,NEMP.WORLD,TRADINGIS,AEMO,PUBLIC,2025/05/26,20:55:15,0000000464999735,TRADINGIS,0000000464999734
I,TRADING,INTERCONNECTORRES,2,SETTLEMENTDATE,RUNNO,INTERCONNECTORID,PERIODID,METEREDMWFLOW,MWFLOW,MWLOSSES,LASTCHANGED
D,TRADING,INTERCONNECTORRES,2,"2025/05/26 21:00:00",1,N-Q-MNSP1,252,10.4,9,0.6,"2025/05/26 20:55:08"
D,TRADING,INTERCONNECTORRES,2,"2025/05/26 21:00:00",1,NSW1-QLD1,252,267.7,234.73,14.8,"2025/05/26 20:55:08"
D,TRADING,INTERCONNECTORRES,2,"2025/05/26 21:00:00",1,T-V-MNSP1,252,-454.2,-453.11,23.12,"2025/05/26 20:55:08"
D,TRADING,INTERCONNECTORRES,2,"2025/05/26 21:00:00",1,V-S-MNSP1,252,150,70,0.77,"2025/05/26 20:55:08"
D,TRADING,INTERCONNECTORRES,2,"2025/05/26 21:00:00",1,V-SA,252,-110.72,-185.68,-0.71,"2025/05/26 20:55:08"
D,TRADING,INTERCONNECTORRES,2,"2025/05/26 21:00:00",1,VIC1-NSW1,252,996.14,1062.01,91.91,"2025/05/26 20:55:08"
I,TRADING,PRICE,3,SETTLEMENTDATE,RUNNO,REGIONID,PERIODID,RRP,EEP,INVALIDFLAG,LASTCHANGED,ROP,RAISE6SECRRP,RAISE6SECROP,RAISE60SECRRP,RAISE60SECROP,RAISE5MINRRP,RAISE5MINROP,RAISEREGRRP,RAISEREGROP,LOWER6SECRRP,LOWER6SECROP,LOWER60SECRRP,LOWER60SECROP,LOWER5MINRRP,LOWER5MINROP,LOWERREGRRP,LOWERREGROP,RAISE1SECRRP,RAISE1SECROP,LOWER1SECRRP,LOWER1SECROP,PRICE_STATUS
D,TRADING,PRICE,3,"2025/05/26 21:00:00",1,SA1,252,-16.64,0,0,"2025/05/26 20:55:08",-16.64,0.1,0.1,0.1,0.1,0.15,0.15,1,1,0.03,0.03,0.15,0.15,0.1,0.1,2.26,2.26,0.37,0.37,0,0,FIRM
D,TRADING,PRICE,3,"2025/05/26 21:00:00",1,NSW1,252,60,0,0,"2025/05/26 20:55:08",60,0.1,0.1,0.1,0.1,0.15,0.15,1,1,0.03,0.03,0.15,0.15,0.1,0.1,2.26,2.26,0.37,0.37,0,0,FIRM
D,TRADING,PRICE,3,"2025/05/26 21:00:00",1,QLD1,252,65.24,0,0,"2025/05/26 20:55:08",65.24,0.1,0.1,0.1,0.1,0.15,0.15,1,1,0.03,0.03,0.15,0.15,0.1,0.1,2.26,2.26,0.37,0.37,0,0,FIRM
D,TRADING,PRICE,3,"2025/05/26 21:00:00",1,TAS1,252,35.24,0,0,"2025/05/26 20:55:08",35.24,0.38,0.38,0.38,0.38,0.15,0.15,8.8,8.8,0.03,0.03,0.15,0.15,0,0,2.55,2.55,0.37,0.37,0,0,FIRM
D,TRADING,PRICE,3,"2025/05/26 21:00:00",1,VIC1,252,0.01,0,0,"2025/05/26 20:55:08",0.01,0.1,0.1,0.1,0.1,0.15,0.15,1,1,0.03,0.03,0.15,0.15,0.1,0.1,2.26,2.26,0.37,0.37,0,0,FIRM
C,"END OF REPORT",15
