C,NEMP.WORLD,TRADINGIS,AEMO,PUBLIC,2025/05/28,07:25:10,0000000465211771,TRADINGIS,0000000465211770
I,TRADING,INTERCONNECTORRES,2,SETTLEMENTDATE,RUNNO,INTERCONNECTORID,PERIODID,METEREDMWFLOW,MWFLOW,MWLOSSES,LASTCHANGED
D,TRADING,INTERCONNECTORRES,2,"2025/05/28 07:30:00",1,N-Q-MNSP1,90,-24.3,-25,0.65,"2025/05/28 07:25:03"
D,TRADING,INTERCONNECTORRES,2,"2025/05/28 07:30:00",1,NSW1-QLD1,90,-686.1,-685.69,15.82,"2025/05/28 07:25:03"
D,TRADING,INTERCONNECTORRES,2,"2025/05/28 07:30:00",1,T-V-MNSP1,90,-423.6,-438.54,21.71,"2025/05/28 07:25:03"
D,TRADING,INTERCONNECTORRES,2,"2025/05/28 07:30:00",1,V-S-MNSP1,90,81,81,1.95,"2025/05/28 07:25:03"
D,TRADING,INTERCONNECTORRES,2,"2025/05/28 07:30:00",1,V-SA,90,547.45,554.32,33.84,"2025/05/28 07:25:03"
D,TRADING,INTERCONNECTORRES,2,"2025/05/28 07:30:00",1,VIC1-NSW1,90,13.31,-39.03,-0.64,"2025/05/28 07:25:03"
I,TRADING,PRICE,3,SETTLEMENTDATE,RUNNO,REGIONID,PERIODID,RRP,EEP,INVALIDFLAG,LASTCHANGED,ROP,RAISE6SECRRP,RAISE6SECROP,RAISE60SECRRP,RAISE60SECROP,RAISE5MINRRP,RAISE5MINROP,RAISEREGRRP,RAISEREGROP,LOWER6SECRRP,LOWER6SECROP,LOWER60SECRRP,LOWER60SECROP,LOWER5MINRRP,LOWER5MINROP,LOWERREGRRP,LOWERREGROP,RAISE1SECRRP,RAISE1SECROP,LOWER1SECRRP,LOWER1SECROP,PRICE_STATUS
D,TRADING,PRICE,3,"2025/05/28 07:30:00",1,SA1,90,124,0,0,"2025/05/28 07:25:03",124,0.39,0.39,0.38,0.38,0.1,0.1,0.1,0.1,0,0,0.38,0.38,0.2,0.2,3.52,3.52,1.63,1.63,0,0,FIRM
D,TRADING,PRICE,3,"2025/05/28 07:30:00",1,NSW1,90,111.5,0,0,"2025/05/28 07:25:03",111.5,0.39,0.39,0.38,0.38,0.1,0.1,0.1,0.1,0,0,0.38,0.38,0.2,0.2,3.52,3.52,1.63,1.63,0,0,FIRM
D,TRADING,PRICE,3,"2025/05/28 07:30:00",1,QLD1,90,98.45,0,0,"2025/05/28 07:25:03",98.45,0.39,0.39,0.38,0.38,0.1,0.1,0.1,0.1,1.84,1.84,2.51,2.51,0.38,0.38,3.7,3.7,1.63,1.63,0,0,FIRM
D,TRADING,PRICE,3,"2025/05/28 07:30:00",1,TAS1,90,150.24,0,0,"2025/05/28 07:25:03",150.24,0.39,0.39,0.38,0.38,0.36,0.36,8.4,8.4,0,0,0.38,0.38,0,0,2.48,2.48,1.63,1.63,0,0,FIRM
D,TRADING,PRICE,3,"2025/05/28 07:30:00",1,VIC1,90,109.68,0,0,"2025/05/28 07:25:03",109.68,0.39,0.39,0.38,0.38,0.1,0.1,0.1,0.1,0,0,0.38,0.38,0.2,0.2,3.52,3.52,1.63,1.63,0,0,FIRM
C,"END OF REPORT",15
