C,NEMP.WORLD,TRADINGIS,AEMO,PUBLIC,2025/05/27,06:45:10,0000000465059496,TRADINGIS,0000000465059495
I,TRADING,INTERCONNECTORRES,2,SETTLEMENTDATE,RUNNO,INTERCONNECTORID,PERIODID,METEREDMWFLOW,MWFLOW,MWLOSSES,LASTCHANGED
D,TRADING,INTERCONNECTORRES,2,"2025/05/27 06:50:00",1,N-Q-MNSP1,82,-0.2,0,0,"2025/05/27 06:45:03"
D,TRADING,INTERCONNECTORRES,2,"2025/05/27 06:50:00",1,NSW1-QLD1,82,-9.2,-69.07,-1.78,"2025/05/27 06:45:03"
D,TRADING,INTERCONNECTORRES,2,"2025/05/27 06:50:00",1,T-V-MNSP1,82,-440.7,-461.27,23.92,"2025/05/27 06:45:03"
D,TRADING,INTERCONNECTORRES,2,"2025/05/27 06:50:00",1,V-S-MNSP1,82,-69,-147.38,37.05,"2025/05/27 06:45:03"
D,TRADING,INTERCONNECTORRES,2,"2025/05/27 06:50:00",1,V-SA,82,-164.18,-124.91,1.54,"2025/05/27 06:45:03"
D,TRADING,INTERCONNECTORRES,2,"2025/05/27 06:50:00",1,VIC1-NSW1,82,1000.19,974.53,97.17,"2025/05/27 06:45:03"
I,TRADING,PRICE,3,SETTLEMENTDATE,RUNNO,REGIONID,PERIODID,RRP,EEP,INVALIDFLAG,LASTCHANGED,ROP,RAISE6SECRRP,RAISE6SECROP,RAISE60SECRRP,RAISE60SECROP,RAISE5MINRRP,RAISE5MINROP,RAISEREGRRP,RAISEREGROP,LOWER6SECRRP,LOWER6SECROP,LOWER60SECRRP,LOWER60SECROP,LOWER5MINRRP,LOWER5MINROP,LOWERREGRRP,LOWERREGROP,RAISE1SECRRP,RAISE1SECROP,LOWER1SECRRP,LOWER1SECROP,PRICE_STATUS
D,TRADING,PRICE,3,"2025/05/27 06:50:00",1,SA1,82,52.64,0,0,"2025/05/27 06:45:03",52.64,0.37,0.37,0.1,0.1,0.1,0.1,0.1,0.1,0.03,0.03,0.1,0.1,0.1,0.1,6,6,0.86,0.86,0,0,FIRM
D,TRADING,PRICE,3,"2025/05/27 06:50:00",1,NSW1,82,65.01,0,0,"2025/05/27 06:45:03",65.01,0.37,0.37,0.1,0.1,0.1,0.1,0.1,0.1,0.03,0.03,0.1,0.1,0.1,0.1,6,6,0.86,0.86,0,0,FIRM
D,TRADING,PRICE,3,"2025/05/27 06:50:00",1,QLD1,82,133.5,0,0,"2025/05/27 06:45:03",133.5,0.37,0.37,0.1,0.1,0.1,0.1,0.1,0.1,0.03,0.03,0.1,0.1,0.1,0.1,6,6,0.86,0.86,0,0,FIRM
D,TRADING,PRICE,3,"2025/05/27 06:50:00",1,TAS1,82,100.28,0,0,"2025/05/27 06:45:03",100.28,0.38,0.38,0.38,0.38,0.36,0.36,8.4,8.4,0.03,0.03,0.1,0.1,0,0,2.48,2.48,0.86,0.86,0,0,FIRM
D,TRADING,PRICE,3,"2025/05/27 06:50:00",1,VIC1,82,54.1,0,0,"2025/05/27 06:45:03",54.1,0.37,0.37,0.1,0.1,0.1,0.1,0.1,0.1,0.03,0.03,0.1,0.1,0.1,0.1,6,6,0.86,0.86,0,0,FIRM
C,"END OF REPORT",15
