C,NEMP.WORLD,TRADINGIS,AEMO,PUBLIC,2025/05/29,15:05:12,0000000465402860,TRADINGIS,0000000465402859
I,TRADING,INTERCONNECTORRES,2,SETTLEMENTDATE,RUNNO,INTERCONNECTORID,PERIODID,METEREDMWFLOW,MWFLOW,MWLOSSES,LASTCHANGED
D,TRADING,INTERCONNECTORRES,2,"2025/05/29 15:10:00",1,N-Q-MNSP1,182,-2,0,0,"2025/05/29 15:05:04"
D,TRADING,INTERCONNECTORRES,2,"2025/05/29 15:10:00",1,NSW1-QLD1,182,-35.6,14.21,0.44,"2025/05/29 15:05:04"
D,TRADING,INTERCONNECTORRES,2,"2025/05/29 15:10:00",1,T-V-MNSP1,182,-470,-468.21,24.62,"2025/05/29 15:05:04"
D,TRADING,INTERCONNECTORRES,2,"2025/05/29 15:10:00",1,V-S-MNSP1,182,-168,-88,15.83,"2025/05/29 15:05:04"
D,TRADING,INTERCONNECTORRES,2,"2025/05/29 15:10:00",1,V-SA,182,-216.16,259.5,0.84,"2025/05/29 15:05:04"
D,TRADING,INTERCONNECTORRES,2,"2025/05/29 15:10:00",1,VIC1-NSW1,182,195.24,-654.44,-7.99,"2025/05/29 15:05:04"
I,TRADING,PRICE,3,SETTLEMENTDATE,RUNNO,REGIONID,PERIODID,RRP,EEP,INVALIDFLAG,LASTCHANGED,ROP,RAISE6SECRRP,RAISE6SECROP,RAISE60SECRRP,RAISE60SECROP,RAISE5MINRRP,RAISE5MINROP,RAISEREGRRP,RAISEREGROP,LOWER6SECRRP,LOWER6SECROP,LOWER60SECRRP,LOWER60SECROP,LOWER5MINRRP,LOWER5MINROP,LOWERREGRRP,LOWERREGROP,RAISE1SECRRP,RAISE1SECROP,LOWER1SECRRP,LOWER1SECROP,PRICE_STATUS
D,TRADING,PRICE,3,"2025/05/29 15:10:00",1,SA1,182,-21,0,0,"2025/05/29 15:05:04",-21,0.37,0.37,0.1,0.1,0.1,0.1,5.99,5.99,0.38,0.38,0.38,0.38,0.38,0.38,3.7,3.7,0.81,0.81,0,0,FIRM
D,TRADING,PRICE,3,"2025/05/29 15:10:00",1,NSW1,182,109.5,0,0,"2025/05/29 15:05:04",109.5,0.37,0.37,0.1,0.1,0.1,0.1,5.99,5.99,0.38,0.38,0.38,0.38,0.38,0.38,3.7,3.7,0.81,0.81,0,0,FIRM
D,TRADING,PRICE,3,"2025/05/29 15:10:00",1,QLD1,182,112.96,0,0,"2025/05/29 15:05:04",112.96,0.37,0.37,0.1,0.1,0.1,0.1,5.99,5.99,0.38,0.38,0.38,0.38,0.38,0.38,3.7,3.7,0.81,0.81,0,0,FIRM
D,TRADING,PRICE,3,"2025/05/29 15:10:00",1,TAS1,182,35.06,0,0,"2025/05/29 15:05:04",35.06,0.38,0.38,0.38,0.38,0.38,0.38,7.54,7.54,0.38,0.38,0.38,0.38,0,0,2.46,2.46,0.81,0.81,0,0,FIRM
D,TRADING,PRICE,3,"2025/05/29 15:10:00",1,VIC1,182,-44.91,0,0,"2025/05/29 15:05:04",-44.91,0.37,0.37,0.1,0.1,0.1,0.1,5.99,5.99,0.38,0.38,0.38,0.38,0.38,0.38,3.7,3.7,0.81,0.81,0,0,FIRM
C,"END OF REPORT",15
