C,NEMP.WORLD,TRADINGIS,AEMO,PUBLIC,2025/05/28,02:25:10,0000000465182751,TRADINGIS,0000000465182750
I,TRADING,INTERCONNECTORRES,2,SETTLEMENTDATE,RUNNO,INTERCONNECTORID,PERIODID,METEREDMWFLOW,MWFLOW,MWLOSSES,LASTCHANGED
D,TRADING,INTERCONNECTORRES,2,"2025/05/28 02:30:00",1,N-Q-MNSP1,30,-8.5,-9,-0.16,"2025/05/28 02:25:03"
D,TRADING,INTERCONNECTORRES,2,"2025/05/28 02:30:00",1,NSW1-QLD1,30,9.2,42.52,0.1,"2025/05/28 02:25:03"
D,TRADING,INTERCONNECTORRES,2,"2025/05/28 02:30:00",1,T-V-MNSP1,30,-442,-471.92,25,"2025/05/28 02:25:03"
D,TRADING,INTERCONNECTORRES,2,"2025/05/28 02:30:00",1,V-S-MNSP1,30,167,167.89,21.64,"2025/05/28 02:25:03"
D,TRADING,INTERCONNECTORRES,2,"2025/05/28 02:30:00",1,V-SA,30,554.25,569.85,44.56,"2025/05/28 02:25:03"
D,TRADING,INTERCONNECTORRES,2,"2025/05/28 02:30:00",1,VIC1-NSW1,30,692.15,656.44,54.67,"2025/05/28 02:25:03"
I,TRADING,PRICE,3,SETTLEMENTDATE,RUNNO,REGIONID,PERIODID,RRP,EEP,INVALIDFLAG,LASTCHANGED,ROP,RAISE6SECRRP,RAISE6SECROP,RAISE60SECRRP,RAISE60SECROP,RAISE5MINRRP,RAISE5MINROP,RAISEREGRRP,RAISEREGROP,LOWER6SECRRP,LOWER6SECROP,LOWER60SECRRP,LOWER60SECROP,LOWER5MINRRP,LOWER5MINROP,LOWERREGRRP,LOWERREGROP,RAISE1SECRRP,RAISE1SECROP,LOWER1SECRRP,LOWER1SECROP,PRICE_STATUS
D,TRADING,PRICE,3,"2025/05/28 02:30:00",1,SA1,30,50.01,0,0,"2025/05/28 02:25:03",50.01,0.38,0.38,0.38,0.38,0.15,0.15,0.15,0.15,0.01,0.01,0.1,0.1,0,0,0,0,0.36,0.36,0,0,FIRM
D,TRADING,PRICE,3,"2025/05/28 02:30:00",1,NSW1,30,54.5,0,0,"2025/05/28 02:25:03",54.5,0.38,0.38,0.38,0.38,0.15,0.15,0.15,0.15,0.01,0.01,0.1,0.1,0,0,0,0,0.36,0.36,0,0,FIRM
D,TRADING,PRICE,3,"2025/05/28 02:30:00",1,QLD1,30,54.76,0,0,"2025/05/28 02:25:03",54.76,0.38,0.38,0.38,0.38,0.15,0.15,0.15,0.15,0.01,0.01,0.1,0.1,0,0,0,0,0.36,0.36,0,0,FIRM
D,TRADING,PRICE,3,"2025/05/28 02:30:00",1,TAS1,30,35.02,0,0,"2025/05/28 02:25:03",35.02,0.38,0.38,0.38,0.38,0.36,0.36,7.4,7.4,0.01,0.01,0.1,0.1,0,0,2.48,2.48,0.36,0.36,0,0,FIRM
D,TRADING,PRICE,3,"2025/05/28 02:30:00",1,VIC1,30,8.95,0,0,"2025/05/28 02:25:03",8.95,0.38,0.38,0.38,0.38,0.15,0.15,0.15,0.15,0.01,0.01,0.1,0.1,0,0,0,0,0.36,0.36,0,0,FIRM
C,"END OF REPORT",15
