C,NEMP.WORLD,TRADINGIS,AEMO,PUBLIC,2025/05/28,04:35:11,0000000465195629,TRADINGIS,0000000465195628
I,TRADING,INTERCONNECTORRES,2,SETTLEMENTDATE,RUNNO,INTERCONNECTORID,PERIODID,METEREDMWFLOW,MWFLOW,MWLOSSES,LASTCHANGED
D,TRADING,INTERCONNECTORRES,2,"2025/05/28 04:40:00",1,N-Q-MNSP1,56,-0.5,0,0,"2025/05/28 04:35:04"
D,TRADING,INTERCONNECTORRES,2,"2025/05/28 04:40:00",1,NSW1-QLD1,56,145.6,123.46,1.61,"2025/05/28 04:35:04"
D,TRADING,INTERCONNECTORRES,2,"2025/05/28 04:40:00",1,T-V-MNSP1,56,-413.9,-443.78,22.21,"2025/05/28 04:35:04"
D,TRADING,INTERCONNECTORRES,2,"2025/05/28 04:40:00",1,V-S-MNSP1,56,166,169.06,22.02,"2025/05/28 04:35:04"
D,TRADING,INTERCONNECTORRES,2,"2025/05/28 04:40:00",1,V-SA,56,567.17,567.87,44.09,"2025/05/28 04:35:04"
D,TRADING,INTERCONNECTORRES,2,"2025/05/28 04:40:00",1,VIC1-NSW1,56,641.09,587.34,46.51,"2025/05/28 04:35:04"
I,TRADING,PRICE,3,SETTLEMENTDATE,RUNNO,REGIONID,PERIODID,RRP,EEP,INVALIDFLAG,LASTCHANGED,ROP,RAISE6SECRRP,RAISE6SECROP,RAISE60SECRRP,RAISE60SECROP,RAISE5MINRRP,RAISE5MINROP,RAISEREGRRP,RAISEREGROP,LOWER6SECRRP,LOWER6SECROP,LOWER60SECRRP,LOWER60SECROP,LOWER5MINRRP,LOWER5MINROP,LOWERREGRRP,LOWERREGROP,RAISE1SECRRP,RAISE1SECROP,LOWER1SECRRP,LOWER1SECROP,PRICE_STATUS
D,TRADING,PRICE,3,"2025/05/28 04:40:00",1,SA1,56,83.44,0,0,"2025/05/28 04:35:04",83.44,0.38,0.38,0.36,0.36,0.32,0.32,3.99,3.99,0.2,0.2,0.38,0.38,0.38,0.38,3.75,3.75,0.37,0.37,0,0,FIRM
D,TRADING,PRICE,3,"2025/05/28 04:40:00",1,NSW1,56,57.01,0,0,"2025/05/28 04:35:04",57.01,0.38,0.38,0.36,0.36,0.32,0.32,3.99,3.99,0.2,0.2,0.38,0.38,0.38,0.38,3.75,3.75,0.37,0.37,0,0,FIRM
D,TRADING,PRICE,3,"2025/05/28 04:40:00",1,QLD1,56,58.53,0,0,"2025/05/28 04:35:04",58.53,0.38,0.38,0.36,0.36,0.32,0.32,3.99,3.99,0.2,0.2,0.38,0.38,0.38,0.38,3.75,3.75,0.37,0.37,0,0,FIRM
D,TRADING,PRICE,3,"2025/05/28 04:40:00",1,TAS1,56,75.24,0,0,"2025/05/28 04:35:04",75.24,0.38,0.38,0.38,0.38,0.36,0.36,8.4,8.4,0.2,0.2,0.38,0.38,0,0,2.48,2.48,0.37,0.37,0,0,FIRM
D,TRADING,PRICE,3,"2025/05/28 04:40:00",1,VIC1,56,8.95,0,0,"2025/05/28 04:35:04",8.95,0.38,0.38,0.36,0.36,0.32,0.32,3.99,3.99,0.2,0.2,0.38,0.38,0.38,0.38,3.75,3.75,0.37,0.37,0,0,FIRM
C,"END OF REPORT",15
