C,NEMP.WORLD,TRADINGIS,AEMO,PUBLIC,2025/05/27,14:55:11,0000000465112084,TRADINGIS,0000000465112083
I,TRADING,INTERCONNECTORRES,2,SETTLEMENTDATE,RUNNO,INTERCONNECTORID,PERIODID,METEREDMWFLOW,MWFLOW,MWLOSSES,LASTCHANGED
D,TRADING,INTERCONNECTORRES,2,"2025/05/27 15:00:00",1,N-Q-MNSP1,180,-3.6,-9,-0.16,"2025/05/27 14:55:03"
D,TRADING,INTERCONNECTORRES,2,"2025/05/27 15:00:00",1,NSW1-QLD1,180,44.9,-54.85,-1.01,"2025/05/27 14:55:03"
D,TRADING,INTERCONNECTORRES,2,"2025/05/27 15:00:00",1,T-V-MNSP1,180,-451.1,-478,25.62,"2025/05/27 14:55:03"
D,TRADING,INTERCONNECTORRES,2,"2025/05/27 15:00:00",1,V-S-MNSP1,180,146,145.97,14.95,"2025/05/27 14:55:03"
D,TRADING,INTERCONNECTORRES,2,"2025/05/27 15:00:00",1,V-SA,180,103.35,133.25,-1.74,"2025/05/27 14:55:03"
D,TRADING,INTERCONNECTORRES,2,"2025/05/27 15:00:00",1,VIC1-NSW1,180,143.74,151.67,9.61,"2025/05/27 14:55:03"
I,TRADING,PRICE,3,SETTLEMENTDATE,RUNNO,REGIONID,PERIODID,RRP,EEP,INVALIDFLAG,LASTCHANGED,ROP,RAISE6SECRRP,RAISE6SECROP,RAISE60SECRRP,RAISE60SECROP,RAISE5MINRRP,RAISE5MINROP,RAISEREGRRP,RAISEREGROP,LOWER6SECRRP,LOWER6SECROP,LOWER60SECRRP,LOWER60SECROP,LOWER5MINRRP,LOWER5MINROP,LOWERREGRRP,LOWERREGROP,RAISE1SECRRP,RAISE1SECROP,LOWER1SECRRP,LOWER1SECROP,PRICE_STATUS
D,TRADING,PRICE,3,"2025/05/27 15:00:00",1,SA1,180,-49.23,0,0,"2025/05/27 14:55:03",-49.23,0.01,0.01,0.1,0.1,0.1,0.1,9.24,9.24,0.39,0.39,3,3,0.39,0.39,3.7,3.7,0.04,0.04,0,0,FIRM
D,TRADING,PRICE,3,"2025/05/27 15:00:00",1,NSW1,180,50.2,0,0,"2025/05/27 14:55:03",50.2,0.01,0.01,0.1,0.1,0.1,0.1,9.24,9.24,0.39,0.39,3,3,0.39,0.39,3.7,3.7,0.04,0.04,0,0,FIRM
D,TRADING,PRICE,3,"2025/05/27 15:00:00",1,QLD1,180,50.75,0,0,"2025/05/27 14:55:03",50.75,0.01,0.01,0.1,0.1,0.1,0.1,9.24,9.24,0.39,0.39,3,3,0.39,0.39,3.7,3.7,0.04,0.04,0,0,FIRM
D,TRADING,PRICE,3,"2025/05/27 15:00:00",1,TAS1,180,75.24,0,0,"2025/05/27 14:55:03",75.24,0.38,0.38,0.38,0.38,0.36,0.36,7.4,7.4,0.38,0.38,0.38,0.38,0,0,2.48,2.48,0.04,0.04,0,0,FIRM
D,TRADING,PRICE,3,"2025/05/27 15:00:00",1,VIC1,180,46.38,0,0,"2025/05/27 14:55:03",46.38,0.01,0.01,0.1,0.1,0.1,0.1,9.24,9.24,0.39,0.39,3,3,0.39,0.39,3.7,3.7,0.04,0.04,0,0,FIRM
C,"END OF REPORT",15
