C,NEMP.WORLD,TRADINGIS,AEMO,PUBLIC,2025/05/29,11:10:11,0000000465376492,TRADINGIS,0000000465376491
I,TRADING,INTERCONNECTORRES,2,SETTLEMENTDATE,RUNNO,INTERCONNECTORID,PERIODID,METEREDMWFLOW,MWFLOW,MWLOSSES,LASTCHANGED
D,TRADING,INTERCONNECTORRES,2,"2025/05/29 11:15:00",1,N-Q-MNSP1,135,-9.9,-17,0.07,"2025/05/29 11:10:04"
D,TRADING,INTERCONNECTORRES,2,"2025/05/29 11:15:00",1,NSW1-QLD1,135,-405.6,-338.57,4.84,"2025/05/29 11:10:04"
D,TRADING,INTERCONNECTORRES,2,"2025/05/29 11:15:00",1,T-V-MNSP1,135,-467,-468.55,24.66,"2025/05/29 11:10:04"
D,TRADING,INTERCONNECTORRES,2,"2025/05/29 11:15:00",1,V-S-MNSP1,135,18,18,-0.93,"2025/05/29 11:10:04"
D,TRADING,INTERCONNECTORRES,2,"2025/05/29 11:15:00",1,V-SA,135,-41.1,-0.66,0.02,"2025/05/29 11:10:04"
D,TRADING,INTERCONNECTORRES,2,"2025/05/29 11:15:00",1,VIC1-NSW1,135,39.75,60.35,3.9,"2025/05/29 11:10:04"
I,TRADING,PRICE,3,SETTLEMENTDATE,RUNNO,REGIONID,PERIODID,RRP,EEP,INVALIDFLAG,LASTCHANGED,ROP,RAISE6SECRRP,RAISE6SECROP,RAISE60SECRRP,RAISE60SECROP,RAISE5MINRRP,RAISE5MINROP,RAISEREGRRP,RAISEREGROP,LOWER6SECRRP,LOWER6SECROP,LOWER60SECRRP,LOWER60SECROP,LOWER5MINRRP,LOWER5MINROP,LOWERREGRRP,LOWERREGROP,RAISE1SECRRP,RAISE1SECROP,LOWER1SECRRP,LOWER1SECROP,PRICE_STATUS
D,TRADING,PRICE,3,"2025/05/29 11:15:00",1,SA1,135,76.8,0,0,"2025/05/29 11:10:04",76.8,0.37,0.37,0.1,0.1,0.1,0.1,7.85,7.85,0.1,0.1,0.39,0.39,0,0,0,0,0.38,0.38,0,0,FIRM
D,TRADING,PRICE,3,"2025/05/29 11:15:00",1,NSW1,135,84.85,0,0,"2025/05/29 11:10:04",84.85,0.37,0.37,0.1,0.1,0.1,0.1,7.85,7.85,0.1,0.1,0.39,0.39,0,0,0,0,0.38,0.38,0,0,FIRM
D,TRADING,PRICE,3,"2025/05/29 11:15:00",1,QLD1,135,81.11,0,0,"2025/05/29 11:10:04",81.11,0.37,0.37,0.1,0.1,0.1,0.1,7.85,7.85,0.1,0.1,0.39,0.39,0,0,0,0,0.38,0.38,0,0,FIRM
D,TRADING,PRICE,3,"2025/05/29 11:15:00",1,TAS1,135,100.1,0,0,"2025/05/29 11:10:04",100.1,0.38,0.38,0.38,0.38,0.36,0.36,5.54,5.54,0.1,0.1,0.38,0.38,0,0,2.46,2.46,0.38,0.38,0,0,FIRM
D,TRADING,PRICE,3,"2025/05/29 11:15:00",1,VIC1,135,78.94,0,0,"2025/05/29 11:10:04",78.94,0.37,0.37,0.1,0.1,0.1,0.1,7.85,7.85,0.1,0.1,0.39,0.39,0,0,0,0,0.38,0.38,0,0,FIRM
C,"END OF REPORT",15
