C,NEMP.WORLD,TRADINGIS,AEMO,PUBLIC,2025/05/29,21:10:10,0000000465440543,TRADINGIS,0000000465440542
I,TRADING,INTERCONNECTORRES,2,SETTLEMENTDATE,RUNNO,INTERCONNECTORID,PERIODID,METEREDMWFLOW,MWFLOW,MWLOSSES,LASTCHANGED
D,TRADING,INTERCONNECTORRES,2,"2025/05/29 21:15:00",1,N-Q-MNSP1,255,-9.2,-9,-0.16,"2025/05/29 21:10:03"
D,TRADING,INTERCONNECTORRES,2,"2025/05/29 21:15:00",1,NSW1-QLD1,255,-281.2,-178.9,-5.53,"2025/05/29 21:10:03"
D,TRADING,INTERCONNECTORRES,2,"2025/05/29 21:15:00",1,T-V-MNSP1,255,-298.5,-285.77,9.61,"2025/05/29 21:10:03"
D,TRADING,INTERCONNECTORRES,2,"2025/05/29 21:15:00",1,V-S-MNSP1,255,9,9.23,-0.57,"2025/05/29 21:10:03"
D,TRADING,INTERCONNECTORRES,2,"2025/05/29 21:15:00",1,V-SA,255,-191.66,-221,3.39,"2025/05/29 21:10:03"
D,TRADING,INTERCONNECTORRES,2,"2025/05/29 21:15:00",1,VIC1-NSW1,255,-61.14,102.7,1.61,"2025/05/29 21:10:03"
I,TRADING,PRICE,3,SETTLEMENTDATE,RUNNO,REGIONID,PERIODID,RRP,EEP,INVALIDFLAG,LASTCHANGED,ROP,RAISE6SECRRP,RAISE6SECROP,RAISE60SECRRP,RAISE60SECROP,RAISE5MINRRP,RAISE5MINROP,RAISEREGRRP,RAISEREGROP,LOWER6SECRRP,LOWER6SECROP,LOWER60SECRRP,LOWER60SECROP,LOWER5MINRRP,LOWER5MINROP,LOWERREGRRP,LOWERREGROP,RAISE1SECRRP,RAISE1SECROP,LOWER1SECRRP,LOWER1SECROP,PRICE_STATUS
D,TRADING,PRICE,3,"2025/05/29 21:15:00",1,SA1,255,104.58,0,0,"2025/05/29 21:10:03",104.58,0.38,0.38,0.15,0.15,0.1,0.1,5.99,5.99,0.1,0.1,0.38,0.38,0.38,0.38,3.75,3.75,0.04,0.04,0,0,FIRM
D,TRADING,PRICE,3,"2025/05/29 21:15:00",1,NSW1,255,127.66,0,0,"2025/05/29 21:10:03",127.66,0.38,0.38,0.15,0.15,0.1,0.1,5.99,5.99,0.1,0.1,0.38,0.38,0.38,0.38,3.75,3.75,0.04,0.04,0,0,FIRM
D,TRADING,PRICE,3,"2025/05/29 21:15:00",1,QLD1,255,129.77,0,0,"2025/05/29 21:10:03",129.77,0.38,0.38,0.15,0.15,0.1,0.1,5.99,5.99,0.1,0.1,0.38,0.38,0.38,0.38,3.75,3.75,0.04,0.04,0,0,FIRM
D,TRADING,PRICE,3,"2025/05/29 21:15:00",1,TAS1,255,114.05,0,0,"2025/05/29 21:10:03",114.05,0.38,0.38,0.38,0.38,0.1,0.1,7.54,7.54,0.1,0.1,0.38,0.38,0.38,0.38,3.46,3.46,0.04,0.04,0,0,FIRM
D,TRADING,PRICE,3,"2025/05/29 21:15:00",1,VIC1,255,109,0,0,"2025/05/29 21:10:03",109,0.38,0.38,0.15,0.15,0.1,0.1,5.99,5.99,0.1,0.1,0.38,0.38,0.38,0.38,3.75,3.75,0.04,0.04,0,0,FIRM
C,"END OF REPORT",15
