C,NEMP.WORLD,TRADINGIS,AEMO,PUBLIC,2025/05/29,11:40:11,0000000465379431,TRADINGIS,0000000465379430
I,TRADING,INTERCONNECTORRES,2,SETTLEMENTDATE,RUNNO,INTERCONNECTORID,PERIODID,METEREDMWFLOW,MWFLOW,MWLOSSES,LASTCHANGED
D,TRADING,INTERCONNECTORRES,2,"2025/05/29 11:45:00",1,N-Q-MNSP1,141,-13.4,-17,0.07,"2025/05/29 11:40:03"
D,TRADING,INTERCONNECTORRES,2,"2025/05/29 11:45:00",1,NSW1-QLD1,141,-402.5,-400.69,10.39,"2025/05/29 11:40:03"
D,TRADING,INTERCONNECTORRES,2,"2025/05/29 11:45:00",1,T-V-MNSP1,141,-461.5,-458.79,23.68,"2025/05/29 11:40:03"
D,TRADING,INTERCONNECTORRES,2,"2025/05/29 11:45:00",1,V-S-MNSP1,141,18,9,-0.56,"2025/05/29 11:40:03"
D,TRADING,INTERCONNECTORRES,2,"2025/05/29 11:45:00",1,V-SA,141,-73.37,-93.79,3.65,"2025/05/29 11:40:03"
D,TRADING,INTERCONNECTORRES,2,"2025/05/29 11:45:00",1,VIC1-NSW1,141,74.44,88.32,6.4,"2025/05/29 11:40:03"
I,TRADING,PRICE,3,SETTLEMENTDATE,RUNNO,REGIONID,PERIODID,RRP,EEP,INVALIDFLAG,LASTCHANGED,ROP,RAISE6SECRRP,RAISE6SECROP,RAISE60SECRRP,RAISE60SECROP,RAISE5MINRRP,RAISE5MINROP,RAISEREGRRP,RAISEREGROP,LOWER6SECRRP,LOWER6SECROP,LOWER60SECRRP,LOWER60SECROP,LOWER5MINRRP,LOWER5MINROP,LOWERREGRRP,LOWERREGROP,RAISE1SECRRP,RAISE1SECROP,LOWER1SECRRP,LOWER1SECROP,PRICE_STATUS
D,TRADING,PRICE,3,"2025/05/29 11:45:00",1,SA1,141,74.66,0,0,"2025/05/29 11:40:03",74.66,0.23,0.23,0.1,0.1,0.1,0.1,5.99,5.99,0.03,0.03,0.38,0.38,0,0,0,0,0.38,0.38,0,0,FIRM
D,TRADING,PRICE,3,"2025/05/29 11:45:00",1,NSW1,141,84.85,0,0,"2025/05/29 11:40:03",84.85,0.23,0.23,0.1,0.1,0.1,0.1,5.99,5.99,0.03,0.03,0.38,0.38,0,0,0,0,0.38,0.38,0,0,FIRM
D,TRADING,PRICE,3,"2025/05/29 11:45:00",1,QLD1,141,55.63,0,0,"2025/05/29 11:40:03",55.63,0.23,0.23,0.1,0.1,0.1,0.1,5.99,5.99,16.27,16.27,8.68,8.68,0,0,0,0,0.38,0.38,0,0,FIRM
D,TRADING,PRICE,3,"2025/05/29 11:45:00",1,TAS1,141,85.47,0,0,"2025/05/29 11:40:03",85.47,0.38,0.38,0.38,0.38,0.1,0.1,7.54,7.54,0.03,0.03,0.38,0.38,0,0,2.46,2.46,0.38,0.38,0,0,FIRM
D,TRADING,PRICE,3,"2025/05/29 11:45:00",1,VIC1,141,78.49,0,0,"2025/05/29 11:40:03",78.49,0.23,0.23,0.1,0.1,0.1,0.1,5.99,5.99,0.03,0.03,0.38,0.38,0,0,0,0,0.38,0.38,0,0,FIRM
C,"END OF REPORT",15
