C,NEMP.WORLD,TRADINGIS,AEMO,PUBLIC,2025/05/28,18:45:11,0000000465282666,TRADINGIS,0000000465282665
I,TRADING,INTERCONNECTORRES,2,SETTLEMENTDATE,RUNNO,INTERCONNECTORID,PERIODID,METEREDMWFLOW,MWFLOW,MWLOSSES,LASTCHANGED
D,TRADING,INTERCONNECTORRES,2,"2025/05/28 18:50:00",1,N-Q-MNSP1,226,-33.4,-33,1.59,"2025/05/28 18:45:04"
D,TRADING,INTERCONNECTORRES,2,"2025/05/28 18:50:00",1,NSW1-QLD1,226,-1088.9,-1052.07,30.63,"2025/05/28 18:45:04"
D,TRADING,INTERCONNECTORRES,2,"2025/05/28 18:50:00",1,T-V-MNSP1,226,89.7,70.54,0.24,"2025/05/28 18:45:04"
D,TRADING,INTERCONNECTORRES,2,"2025/05/28 18:50:00",1,V-S-MNSP1,226,63,54,-0.46,"2025/05/28 18:45:04"
D,TRADING,INTERCONNECTORRES,2,"2025/05/28 18:50:00",1,V-SA,226,265.64,246.4,8.8,"2025/05/28 18:45:04"
D,TRADING,INTERCONNECTORRES,2,"2025/05/28 18:50:00",1,VIC1-NSW1,226,-326.53,-301.77,7.87,"2025/05/28 18:45:04"
I,TRADING,PRICE,3,SETTLEMENTDATE,RUNNO,REGIONID,PERIODID,RRP,EEP,INVALIDFLAG,LASTCHANGED,ROP,RAISE6SECRRP,RAISE6SECROP,RAISE60SECRRP,RAISE60SECROP,RAISE5MINRRP,RAISE5MINROP,RAISEREGRRP,RAISEREGROP,LOWER6SECRRP,LOWER6SECROP,LOWER60SECRRP,LOWER60SECROP,LOWER5MINRRP,LOWER5MINROP,LOWERREGRRP,LOWERREGROP,RAISE1SECRRP,RAISE1SECROP,LOWER1SECRRP,LOWER1SECROP,PRICE_STATUS
D,TRADING,PRICE,3,"2025/05/28 18:50:00",1,SA1,226,153.19,0,0,"2025/05/28 18:45:04",153.19,0.39,0.39,0.15,0.15,0.15,0.15,7.84,7.84,0.1,0.1,0.45,0.45,0.1,0.1,3.71,3.71,0.37,0.37,0,0,FIRM
D,TRADING,PRICE,3,"2025/05/28 18:50:00",1,NSW1,226,136.7,0,0,"2025/05/28 18:45:04",136.7,0.39,0.39,0.15,0.15,0.15,0.15,7.84,7.84,0.1,0.1,0.45,0.45,0.1,0.1,3.71,3.71,0.37,0.37,0,0,FIRM
D,TRADING,PRICE,3,"2025/05/28 18:50:00",1,QLD1,226,120.53,0,0,"2025/05/28 18:45:04",120.53,0.39,0.39,0.15,0.15,0.15,0.15,7.84,7.84,0.1,0.1,0.45,0.45,0.1,0.1,3.71,3.71,0.37,0.37,0,0,FIRM
D,TRADING,PRICE,3,"2025/05/28 18:50:00",1,TAS1,226,150.24,0,0,"2025/05/28 18:45:04",150.24,7.46,7.46,0.38,0.38,0.38,0.38,8.4,8.4,0.1,0.1,0.38,0.38,0,0,2.48,2.48,0.37,0.37,0,0,FIRM
D,TRADING,PRICE,3,"2025/05/28 18:50:00",1,VIC1,226,143.79,0,0,"2025/05/28 18:45:04",143.79,0.39,0.39,0.15,0.15,0.15,0.15,7.84,7.84,0.1,0.1,0.45,0.45,0.1,0.1,3.71,3.71,0.37,0.37,0,0,FIRM
C,"END OF REPORT",15
