C,NEMP.WORLD,TRADINGIS,AEMO,PUBLIC,2025/05/26,17:15:17,0000000464976568,TRADINGIS,0000000464976567
I,TRADING,INTERCONNECTORRES,2,SETTLEMENTDATE,RUNNO,INTERCONNECTORID,PERIODID,METEREDMWFLOW,MWFLOW,MWLOSSES,LASTCHANGED
D,TRADING,INTERCONNECTORRES,2,"2025/05/26 17:20:00",1,N-Q-MNSP1,208,-2.1,0,0,"2025/05/26 17:15:10"
D,TRADING,INTERCONNECTORRES,2,"2025/05/26 17:20:00",1,NSW1-QLD1,208,-342.4,-161.64,-8.63,"2025/05/26 17:15:10"
D,TRADING,INTERCONNECTORRES,2,"2025/05/26 17:20:00",1,T-V-MNSP1,208,-416.9,-439.21,21.77,"2025/05/26 17:15:10"
D,TRADING,INTERCONNECTORRES,2,"2025/05/26 17:20:00",1,V-S-MNSP1,208,140,164.34,20.48,"2025/05/26 17:15:10"
D,TRADING,INTERCONNECTORRES,2,"2025/05/26 17:20:00",1,V-SA,208,185.16,144.91,4.94,"2025/05/26 17:15:10"
D,TRADING,INTERCONNECTORRES,2,"2025/05/26 17:20:00",1,VIC1-NSW1,208,-1131.82,-1126.54,99.57,"2025/05/26 17:15:10"
I,TRADING,PRICE,3,SETTLEMENTDATE,RUNNO,REGIONID,PERIODID,RRP,EEP,INVALIDFLAG,LASTCHANGED,ROP,RAISE6SECRRP,RAISE6SECROP,RAISE60SECRRP,RAISE60SECROP,RAISE5MINRRP,RAISE5MINROP,RAISEREGRRP,RAISEREGROP,LOWER6SECRRP,LOWER6SECROP,LOWER60SECRRP,LOWER60SECROP,LOWER5MINRRP,LOWER5MINROP,LOWERREGRRP,LOWERREGROP,RAISE1SECRRP,RAISE1SECROP,LOWER1SECRRP,LOWER1SECROP,PRICE_STATUS
D,TRADING,PRICE,3,"2025/05/26 17:20:00",1,SA1,208,-21.03,0,0,"2025/05/26 17:15:10",-21.03,0.37,0.37,0.1,0.1,0.15,0.15,5.46,5.46,0.38,0.38,0.39,0.39,0.39,0.39,3.59,3.59,0.36,0.36,0,0,FIRM
D,TRADING,PRICE,3,"2025/05/26 17:20:00",1,NSW1,208,192.69,0,0,"2025/05/26 17:15:10",192.69,0.37,0.37,0.1,0.1,0.15,0.15,5.46,5.46,0.38,0.38,0.39,0.39,0.39,0.39,3.59,3.59,0.36,0.36,0,0,FIRM
D,TRADING,PRICE,3,"2025/05/26 17:20:00",1,QLD1,208,200,0,0,"2025/05/26 17:15:10",200,0.37,0.37,0.1,0.1,0.15,0.15,5.46,5.46,0.38,0.38,0.39,0.39,0.39,0.39,3.59,3.59,0.36,0.36,0,0,FIRM
D,TRADING,PRICE,3,"2025/05/26 17:20:00",1,TAS1,208,100.24,0,0,"2025/05/26 17:15:10",100.24,0.38,0.38,0.38,0.38,0.15,0.15,8.8,8.8,0.38,0.38,0.38,0.38,0,0,2.55,2.55,0.36,0.36,0,0,FIRM
D,TRADING,PRICE,3,"2025/05/26 17:20:00",1,VIC1,208,-20,0,0,"2025/05/26 17:15:10",-20,0.37,0.37,0.1,0.1,0.15,0.15,5.46,5.46,0.38,0.38,0.39,0.39,0.39,0.39,3.59,3.59,0.36,0.36,0,0,FIRM
C,"END OF REPORT",15
