C,NEMP.WORLD,TRADINGIS,AEMO,PUBLIC,2025/05/29,18:35:11,0000000465424964,TRADINGIS,0000000465424963
I,TRADING,INTERCONNECTORRES,2,SETTLEMENTDATE,RUNNO,INTERCONNECTORID,PERIODID,METEREDMWFLOW,MWFLOW,MWLOSSES,LASTCHANGED
D,TRADING,INTERCONNECTORRES,2,"2025/05/29 18:40:00",1,N-Q-MNSP1,224,-8.4,-9,-0.16,"2025/05/29 18:35:03"
D,TRADING,INTERCONNECTORRES,2,"2025/05/29 18:40:00",1,NSW1-QLD1,224,-403.1,-470.66,-11.55,"2025/05/29 18:35:03"
D,TRADING,INTERCONNECTORRES,2,"2025/05/29 18:40:00",1,T-V-MNSP1,224,243.5,175.47,2.52,"2025/05/29 18:35:03"
D,TRADING,INTERCONNECTORRES,2,"2025/05/29 18:40:00",1,V-S-MNSP1,224,36,45,-0.87,"2025/05/29 18:35:03"
D,TRADING,INTERCONNECTORRES,2,"2025/05/29 18:40:00",1,V-SA,224,75.09,97.88,1.44,"2025/05/29 18:35:03"
D,TRADING,INTERCONNECTORRES,2,"2025/05/29 18:40:00",1,VIC1-NSW1,224,132.71,78.33,0.92,"2025/05/29 18:35:03"
I,TRADING,PRICE,3,SETTLEMENTDATE,RUNNO,REGIONID,PERIODID,RRP,EEP,INVALIDFLAG,LASTCHANGED,ROP,RAISE6SECRRP,RAISE6SECROP,RAISE60SECRRP,RAISE60SECROP,RAISE5MINRRP,RAISE5MINROP,RAISEREGRRP,RAISEREGROP,LOWER6SECRRP,LOWER6SECROP,LOWER60SECRRP,LOWER60SECROP,LOWER5MINRRP,LOWER5MINROP,LOWERREGRRP,LOWERREGROP,RAISE1SECRRP,RAISE1SECROP,LOWER1SECRRP,LOWER1SECROP,PRICE_STATUS
D,TRADING,PRICE,3,"2025/05/29 18:40:00",1,SA1,224,170.44,0,0,"2025/05/29 18:35:03",170.44,0.38,0.38,0.36,0.36,0.23,0.23,5.99,5.99,0.34,0.34,0.38,0.38,0.38,0.38,8.5,8.5,0.04,0.04,0,0,FIRM
D,TRADING,PRICE,3,"2025/05/29 18:40:00",1,NSW1,224,254.89,0,0,"2025/05/29 18:35:03",254.89,0.38,0.38,0.36,0.36,0.23,0.23,5.99,5.99,0.34,0.34,0.38,0.38,0.38,0.38,8.5,8.5,0.04,0.04,0,0,FIRM
D,TRADING,PRICE,3,"2025/05/29 18:40:00",1,QLD1,224,250.18,0,0,"2025/05/29 18:35:03",250.18,0.38,0.38,0.36,0.36,0.23,0.23,5.99,5.99,0.34,0.34,0.38,0.38,0.38,0.38,8.5,8.5,0.04,0.04,0,0,FIRM
D,TRADING,PRICE,3,"2025/05/29 18:40:00",1,TAS1,224,157.43,0,0,"2025/05/29 18:35:03",157.43,0.38,0.38,0.36,0.36,0.23,0.23,7.54,7.54,0.34,0.34,0.38,0.38,0.38,0.38,2.46,2.46,0.04,0.04,0,0,FIRM
D,TRADING,PRICE,3,"2025/05/29 18:40:00",1,VIC1,224,166.27,0,0,"2025/05/29 18:35:03",166.27,0.38,0.38,0.36,0.36,0.23,0.23,5.99,5.99,0.34,0.34,0.38,0.38,0.38,0.38,8.5,8.5,0.04,0.04,0,0,FIRM
C,"END OF REPORT",15
