C,NEMP.WORLD,TRADINGIS,AEMO,PUBLIC,2025/05/29,08:20:11,0000000465360039,TRADINGIS,0000000465360038
I,TRADING,INTERCONNECTORRES,2,SETTLEMENTDATE,RUNNO,INTERCONNECTORID,PERIODID,METEREDMWFLOW,MWFLOW,MWLOSSES,LASTCHANGED
D,TRADING,INTERCONNECTORRES,2,"2025/05/29 08:25:00",1,N-Q-MNSP1,101,-20.9,-9,-0.16,"2025/05/29 08:20:03"
D,TRADING,INTERCONNECTORRES,2,"2025/05/29 08:25:00",1,NSW1-QLD1,101,-376.4,-317.22,-3.62,"2025/05/29 08:20:03"
D,TRADING,INTERCONNECTORRES,2,"2025/05/29 08:25:00",1,T-V-MNSP1,101,-305.2,-273.87,8.87,"2025/05/29 08:20:03"
D,TRADING,INTERCONNECTORRES,2,"2025/05/29 08:25:00",1,V-S-MNSP1,101,18,18,-0.93,"2025/05/29 08:20:03"
D,TRADING,INTERCONNECTORRES,2,"2025/05/29 08:25:00",1,V-SA,101,-181.53,-170,3.45,"2025/05/29 08:20:03"
D,TRADING,INTERCONNECTORRES,2,"2025/05/29 08:25:00",1,VIC1-NSW1,101,47.63,87.09,1.94,"2025/05/29 08:20:03"
I,TRADING,PRICE,3,SETTLEMENTDATE,RUNNO,REGIONID,PERIODID,RRP,EEP,INVALIDFLAG,LASTCHANGED,ROP,RAISE6SECRRP,RAISE6SECROP,RAISE60SECRRP,RAISE60SECROP,RAISE5MINRRP,RAISE5MINROP,RAISEREGRRP,RAISEREGROP,LOWER6SECRRP,LOWER6SECROP,LOWER60SECRRP,LOWER60SECROP,LOWER5MINRRP,LOWER5MINROP,LOWERREGRRP,LOWERREGROP,RAISE1SECRRP,RAISE1SECROP,LOWER1SECRRP,LOWER1SECROP,PRICE_STATUS
D,TRADING,PRICE,3,"2025/05/29 08:25:00",1,SA1,101,138.04,0,0,"2025/05/29 08:20:03",138.04,1.75,1.75,0.36,0.36,0.36,0.36,1,1,0.1,0.1,0.38,0.38,0.1,0.1,3.7,3.7,0.86,0.86,0,0,FIRM
D,TRADING,PRICE,3,"2025/05/29 08:25:00",1,NSW1,101,147.54,0,0,"2025/05/29 08:20:03",147.54,1.75,1.75,0.36,0.36,0.36,0.36,1,1,0.1,0.1,0.38,0.38,0.1,0.1,3.7,3.7,0.86,0.86,0,0,FIRM
D,TRADING,PRICE,3,"2025/05/29 08:25:00",1,QLD1,101,162.95,0,0,"2025/05/29 08:20:03",162.95,8.68,8.68,10.7,10.7,0.8,0.8,1.44,1.44,0.1,0.1,0.38,0.38,0.1,0.1,3.7,3.7,0.86,0.86,0,0,FIRM
D,TRADING,PRICE,3,"2025/05/29 08:25:00",1,TAS1,101,150.24,0,0,"2025/05/29 08:20:03",150.24,1.75,1.75,0.38,0.38,0.36,0.36,7.54,7.54,0.1,0.1,0.38,0.38,0.1,0.1,3.46,3.46,0.86,0.86,0,0,FIRM
D,TRADING,PRICE,3,"2025/05/29 08:25:00",1,VIC1,101,143.59,0,0,"2025/05/29 08:20:03",143.59,1.75,1.75,0.36,0.36,0.36,0.36,1,1,0.1,0.1,0.38,0.38,0.1,0.1,3.7,3.7,0.86,0.86,0,0,FIRM
C,"END OF REPORT",15
