C,NEMP.WORLD,TRADINGIS,AEMO,PUBLIC,2025/05/27,15:55:10,0000000465118931,TRADINGIS,0000000465118930
I,TRADING,INTERCONNECTORRES,2,SETTLEMENTDATE,RUNNO,INTERCONNECTORID,PERIODID,METEREDMWFLOW,MWFLOW,MWLOSSES,LASTCHANGED
D,TRADING,INTERCONNECTORRES,2,"2025/05/27 16:00:00",1,N-Q-MNSP1,192,0.9,0,0,"2025/05/27 15:55:03"
D,TRADING,INTERCONNECTORRES,2,"2025/05/27 16:00:00",1,NSW1-QLD1,192,-245,-146.13,-5.15,"2025/05/27 15:55:03"
D,TRADING,INTERCONNECTORRES,2,"2025/05/27 16:00:00",1,T-V-MNSP1,192,-456.6,-478,25.62,"2025/05/27 15:55:03"
D,TRADING,INTERCONNECTORRES,2,"2025/05/27 16:00:00",1,V-S-MNSP1,192,155,155.51,17.72,"2025/05/27 15:55:03"
D,TRADING,INTERCONNECTORRES,2,"2025/05/27 16:00:00",1,V-SA,192,111.07,183.85,-0.24,"2025/05/27 15:55:03"
D,TRADING,INTERCONNECTORRES,2,"2025/05/27 16:00:00",1,VIC1-NSW1,192,-187.71,-32.38,-1.17,"2025/05/27 15:55:03"
I,TRADING,PRICE,3,SETTLEMENTDATE,RUNNO,REGIONID,PERIODID,RRP,EEP,INVALIDFLAG,LASTCHANGED,ROP,RAISE6SECRRP,RAISE6SECROP,RAISE60SECRRP,RAISE60SECROP,RAISE5MINRRP,RAISE5MINROP,RAISEREGRRP,RAISEREGROP,LOWER6SECRRP,LOWER6SECROP,LOWER60SECRRP,LOWER60SECROP,LOWER5MINRRP,LOWER5MINROP,LOWERREGRRP,LOWERREGROP,RAISE1SECRRP,RAISE1SECROP,LOWER1SECRRP,LOWER1SECROP,PRICE_STATUS
D,TRADING,PRICE,3,"2025/05/27 16:00:00",1,SA1,192,-86.5,0,0,"2025/05/27 15:55:03",-86.5,0.01,0.01,0.1,0.1,0.1,0.1,25.1,25.1,0.1,0.1,0.45,0.45,0.38,0.38,8.31,8.31,0.38,0.38,0,0,FIRM
D,TRADING,PRICE,3,"2025/05/27 16:00:00",1,NSW1,192,47.63,0,0,"2025/05/27 15:55:03",47.63,0.01,0.01,0.1,0.1,0.1,0.1,25.1,25.1,0.1,0.1,0.45,0.45,0.38,0.38,8.31,8.31,0.38,0.38,0,0,FIRM
D,TRADING,PRICE,3,"2025/05/27 16:00:00",1,QLD1,192,162.95,0,0,"2025/05/27 15:55:03",162.95,16.68,16.68,45.46,45.46,0.1,0.1,25.1,25.1,0.1,0.1,0.38,0.38,0.38,0.38,8.31,8.31,0.38,0.38,0,0,FIRM
D,TRADING,PRICE,3,"2025/05/27 16:00:00",1,TAS1,192,99.28,0,0,"2025/05/27 15:55:03",99.28,0.38,0.38,0.38,0.38,0.36,0.36,31.44,31.44,0.1,0.1,0.38,0.38,0,0,2.48,2.48,0.38,0.38,0,0,FIRM
D,TRADING,PRICE,3,"2025/05/27 16:00:00",1,VIC1,192,45.93,0,0,"2025/05/27 15:55:03",45.93,0.01,0.01,0.1,0.1,0.1,0.1,25.1,25.1,0.1,0.1,0.45,0.45,0.38,0.38,8.31,8.31,0.38,0.38,0,0,FIRM
C,"END OF REPORT",15
