C,NEMP.WORLD,TRADINGIS,AEMO,PUBLIC,2025/05/27,10:55:14,0000000465084293,TRADINGIS,0000000465084292
I,TRADING,INTERCONNECTORRES,2,SETTLEMENTDATE,RUNNO,INTERCONNECTORID,PERIODID,METEREDMWFLOW,MWFLOW,MWLOSSES,LASTCHANGED
D,TRADING,INTERCONNECTORRES,2,"2025/05/27 11:00:00",1,N-Q-MNSP1,132,-21.2,-101.2,23.85,"2025/05/27 10:55:07"
D,TRADING,INTERCONNECTORRES,2,"2025/05/27 11:00:00",1,NSW1-QLD1,132,-447.9,-245.55,6.63,"2025/05/27 10:55:07"
D,TRADING,INTERCONNECTORRES,2,"2025/05/27 11:00:00",1,T-V-MNSP1,132,-442,-438.11,21.67,"2025/05/27 10:55:07"
D,TRADING,INTERCONNECTORRES,2,"2025/05/27 11:00:00",1,V-S-MNSP1,132,152,152.8,16.9,"2025/05/27 10:55:07"
D,TRADING,INTERCONNECTORRES,2,"2025/05/27 11:00:00",1,V-SA,132,-570.28,-657.23,53.91,"2025/05/27 10:55:07"
D,TRADING,INTERCONNECTORRES,2,"2025/05/27 11:00:00",1,VIC1-NSW1,132,-94.78,155.91,8.06,"2025/05/27 10:55:07"
I,TRADING,PRICE,3,SETTLEMENTDATE,RUNNO,REGIONID,PERIODID,RRP,EEP,INVALIDFLAG,LASTCHANGED,ROP,RAISE6SECRRP,RAISE6SECROP,RAISE60SECRRP,RAISE60SECROP,RAISE5MINRRP,RAISE5MINROP,RAISEREGRRP,RAISEREGROP,LOWER6SECRRP,LOWER6SECROP,LOWER60SECRRP,LOWER60SECROP,LOWER5MINRRP,LOWER5MINROP,LOWERREGRRP,LOWERREGROP,RAISE1SECRRP,RAISE1SECROP,LOWER1SECRRP,LOWER1SECROP,PRICE_STATUS
D,TRADING,PRICE,3,"2025/05/27 11:00:00",1,SA1,132,-17.51,0,0,"2025/05/27 10:55:07",-17.51,0.1,0.1,0.04,0.04,0.09,0.09,9.24,9.24,0.39,0.39,3,3,0.39,0.39,0.93,0.93,0.1,0.1,0.01,0.01,FIRM
D,TRADING,PRICE,3,"2025/05/27 11:00:00",1,NSW1,132,-8.72,0,0,"2025/05/27 10:55:07",-8.72,0.1,0.1,0.04,0.04,0.09,0.09,9.24,9.24,0.39,0.39,3,3,0.39,0.39,0.93,0.93,0.1,0.1,0.01,0.01,FIRM
D,TRADING,PRICE,3,"2025/05/27 11:00:00",1,QLD1,132,-8.31,0,0,"2025/05/27 10:55:07",-8.31,0.1,0.1,0.04,0.04,0.09,0.09,9.24,9.24,0.39,0.39,3,3,0.39,0.39,0.93,0.93,0.1,0.1,0.01,0.01,FIRM
D,TRADING,PRICE,3,"2025/05/27 11:00:00",1,TAS1,132,11.25,0,0,"2025/05/27 10:55:07",11.25,0.38,0.38,0.38,0.38,0.09,0.09,7.4,7.4,0.38,0.38,0.38,0.38,0,0,2.48,2.48,0.1,0.1,0.01,0.01,FIRM
D,TRADING,PRICE,3,"2025/05/27 11:00:00",1,VIC1,132,-19.99,0,0,"2025/05/27 10:55:07",-19.99,0.1,0.1,0.04,0.04,0.09,0.09,9.24,9.24,0.39,0.39,3,3,0.39,0.39,0.93,0.93,0.1,0.1,0.01,0.01,FIRM
C,"END OF REPORT",15
