C,NEMP.WORLD,TRADINGIS,AEMO,PUBLIC,2025/05/27,21:35:10,0000000465154630,TRADINGIS,0000000465154629
I,TRADING,INTERCONNECTORRES,2,SETTLEMENTDATE,RUNNO,INTERCONNECTORID,PERIODID,METEREDMWFLOW,MWFLOW,MWLOSSES,LASTCHANGED
D,TRADING,INTERCONNECTORRES,2,"2025/05/27 21:40:00",1,N-Q-MNSP1,260,0,0,0,"2025/05/27 21:35:03"
D,TRADING,INTERCONNECTORRES,2,"2025/05/27 21:40:00",1,NSW1-QLD1,260,13.9,34.23,1.39,"2025/05/27 21:35:03"
D,TRADING,INTERCONNECTORRES,2,"2025/05/27 21:40:00",1,T-V-MNSP1,260,-463.9,-473.15,25.13,"2025/05/27 21:35:03"
D,TRADING,INTERCONNECTORRES,2,"2025/05/27 21:40:00",1,V-S-MNSP1,260,90,108,6.11,"2025/05/27 21:35:03"
D,TRADING,INTERCONNECTORRES,2,"2025/05/27 21:40:00",1,V-SA,260,566.45,573.73,43.68,"2025/05/27 21:35:03"
D,TRADING,INTERCONNECTORRES,2,"2025/05/27 21:40:00",1,VIC1-NSW1,260,-25.9,13.55,0.18,"2025/05/27 21:35:03"
I,TRADING,PRICE,3,SETTLEMENTDATE,RUNNO,REGIONID,PERIODID,RRP,EEP,INVALIDFLAG,LASTCHANGED,ROP,RAISE6SECRRP,RAISE6SECROP,RAISE60SECRRP,RAISE60SECROP,RAISE5MINRRP,RAISE5MINROP,RAISEREGRRP,RAISEREGROP,LOWER6SECRRP,LOWER6SECROP,LOWER60SECRRP,LOWER60SECROP,LOWER5MINRRP,LOWER5MINROP,LOWERREGRRP,LOWERREGROP,RAISE1SECRRP,RAISE1SECROP,LOWER1SECRRP,LOWER1SECROP,PRICE_STATUS
D,TRADING,PRICE,3,"2025/05/27 21:40:00",1,SA1,260,91.44,0,0,"2025/05/27 21:35:03",91.44,0.15,0.15,0.04,0.04,0.1,0.1,5.99,5.99,0.01,0.01,0.38,0.38,0,0,0,0,0.1,0.1,0,0,FIRM
D,TRADING,PRICE,3,"2025/05/27 21:40:00",1,NSW1,260,76.8,0,0,"2025/05/27 21:35:03",76.8,0.15,0.15,0.04,0.04,0.1,0.1,5.99,5.99,0.01,0.01,0.38,0.38,0,0,0,0,0.1,0.1,0,0,FIRM
D,TRADING,PRICE,3,"2025/05/27 21:40:00",1,QLD1,260,80.21,0,0,"2025/05/27 21:35:03",80.21,0.15,0.15,0.04,0.04,0.1,0.1,5.99,5.99,0.01,0.01,0.38,0.38,0,0,0,0,0.1,0.1,0,0,FIRM
D,TRADING,PRICE,3,"2025/05/27 21:40:00",1,TAS1,260,100.24,0,0,"2025/05/27 21:35:03",100.24,0.38,0.38,0.38,0.38,0.36,0.36,8.4,8.4,0.01,0.01,0.38,0.38,0,0,2.48,2.48,0.1,0.1,0,0,FIRM
D,TRADING,PRICE,3,"2025/05/27 21:40:00",1,VIC1,260,75.64,0,0,"2025/05/27 21:35:03",75.64,0.15,0.15,0.04,0.04,0.1,0.1,5.99,5.99,0.01,0.01,0.38,0.38,0,0,0,0,0.1,0.1,0,0,FIRM
C,"END OF REPORT",15
