C,NEMP.WORLD,TRADINGIS,AEMO,PUBLIC,2025/05/27,23:25:10,0000000465165159,TRADINGIS,0000000465165158
I,TRADING,INTERCONNECTORRES,2,SETTLEMENTDATE,RUNNO,INTERCONNECTORID,PERIODID,METEREDMWFLOW,MWFLOW,MWLOSSES,LASTCHANGED
D,TRADING,INTERCONNECTORRES,2,"2025/05/27 23:30:00",1,N-Q-MNSP1,282,0.3,0,0,"2025/05/27 23:25:03"
D,TRADING,INTERCONNECTORRES,2,"2025/05/27 23:30:00",1,NSW1-QLD1,282,87.5,104.6,2.9,"2025/05/27 23:25:03"
D,TRADING,INTERCONNECTORRES,2,"2025/05/27 23:30:00",1,T-V-MNSP1,282,-467.6,-476.08,25.43,"2025/05/27 23:25:03"
D,TRADING,INTERCONNECTORRES,2,"2025/05/27 23:30:00",1,V-S-MNSP1,282,81,90,3.14,"2025/05/27 23:25:03"
D,TRADING,INTERCONNECTORRES,2,"2025/05/27 23:30:00",1,V-SA,282,560.71,571.42,40.47,"2025/05/27 23:25:03"
D,TRADING,INTERCONNECTORRES,2,"2025/05/27 23:30:00",1,VIC1-NSW1,282,620.37,627.02,47.85,"2025/05/27 23:25:03"
I,TRADING,PRICE,3,SETTLEMENTDATE,RUNNO,REGIONID,PERIODID,RRP,EEP,INVALIDFLAG,LASTCHANGED,ROP,RAISE6SECRRP,RAISE6SECROP,RAISE60SECRRP,RAISE60SECROP,RAISE5MINRRP,RAISE5MINROP,RAISEREGRRP,RAISEREGROP,LOWER6SECRRP,LOWER6SECROP,LOWER60SECRRP,LOWER60SECROP,LOWER5MINRRP,LOWER5MINROP,LOWERREGRRP,LOWERREGROP,RAISE1SECRRP,RAISE1SECROP,LOWER1SECRRP,LOWER1SECROP,PRICE_STATUS
D,TRADING,PRICE,3,"2025/05/27 23:30:00",1,SA1,282,22.89,0,0,"2025/05/27 23:25:03",22.89,0.01,0.01,0.01,0.01,0.01,0.01,0.01,0.01,0.1,0.1,0.39,0.39,0,0,0,0,0.04,0.04,0,0,FIRM
D,TRADING,PRICE,3,"2025/05/27 23:30:00",1,NSW1,282,57.01,0,0,"2025/05/27 23:25:03",57.01,0.01,0.01,0.01,0.01,0.01,0.01,0.01,0.01,0.1,0.1,0.39,0.39,0,0,0,0,0.04,0.04,0,0,FIRM
D,TRADING,PRICE,3,"2025/05/27 23:30:00",1,QLD1,282,59.13,0,0,"2025/05/27 23:25:03",59.13,0.01,0.01,0.01,0.01,0.01,0.01,0.01,0.01,0.1,0.1,0.39,0.39,0,0,0,0,0.04,0.04,0,0,FIRM
D,TRADING,PRICE,3,"2025/05/27 23:30:00",1,TAS1,282,100.24,0,0,"2025/05/27 23:25:03",100.24,0.38,0.38,0.38,0.38,0.38,0.38,8.4,8.4,0.1,0.1,0.38,0.38,0,0,2.48,2.48,0.04,0.04,0,0,FIRM
D,TRADING,PRICE,3,"2025/05/27 23:30:00",1,VIC1,282,20.02,0,0,"2025/05/27 23:25:03",20.02,0.01,0.01,0.01,0.01,0.01,0.01,0.01,0.01,0.1,0.1,0.39,0.39,0,0,0,0,0.04,0.04,0,0,FIRM
C,"END OF REPORT",15
