C,NEMP.WORLD,TRADINGIS,AEMO,PUBLIC,2025/05/26,23:30:16,0000000465015230,TRADINGIS,0000000465015229
I,TRADING,INTERCONNECTORRES,2,SETTLEMENTDATE,RUNNO,INTERCONNECTORID,PERIODID,METEREDMWFLOW,MWFLOW,MWLOSSES,LASTCHANGED
D,TRADING,INTERCONNECTORRES,2,"2025/05/26 23:35:00",1,N-Q-MNSP1,283,10.7,9,0.6,"2025/05/26 23:30:08"
D,TRADING,INTERCONNECTORRES,2,"2025/05/26 23:35:00",1,NSW1-QLD1,283,438.3,492.49,28.97,"2025/05/26 23:30:08"
D,TRADING,INTERCONNECTORRES,2,"2025/05/26 23:35:00",1,T-V-MNSP1,283,-445,-432.06,21.1,"2025/05/26 23:30:08"
D,TRADING,INTERCONNECTORRES,2,"2025/05/26 23:35:00",1,V-S-MNSP1,283,-147,-146.06,36.48,"2025/05/26 23:30:08"
D,TRADING,INTERCONNECTORRES,2,"2025/05/26 23:35:00",1,V-SA,283,-354.17,-360.78,9.5,"2025/05/26 23:30:08"
D,TRADING,INTERCONNECTORRES,2,"2025/05/26 23:35:00",1,VIC1-NSW1,283,1004.88,1091.31,117.34,"2025/05/26 23:30:08"
I,TRADING,PRICE,3,SETTLEMENTDATE,RUNNO,REGIONID,PERIODID,RRP,EEP,INVALIDFLAG,LASTCHANGED,ROP,RAISE6SECRRP,RAISE6SECROP,RAISE60SECRRP,RAISE60SECROP,RAISE5MINRRP,RAISE5MINROP,RAISEREGRRP,RAISEREGROP,LOWER6SECRRP,LOWER6SECROP,LOWER60SECRRP,LOWER60SECROP,LOWER5MINRRP,LOWER5MINROP,LOWERREGRRP,LOWERREGROP,RAISE1SECRRP,RAISE1SECROP,LOWER1SECRRP,LOWER1SECROP,PRICE_STATUS
D,TRADING,PRICE,3,"2025/05/26 23:35:00",1,SA1,283,0,0,0,"2025/05/26 23:30:08",0,0.01,0.01,0.01,0.01,0.04,0.04,9.24,9.24,0.1,0.1,0.38,0.38,0.1,0.1,0.94,0.94,0.17,0.17,0,0,FIRM
D,TRADING,PRICE,3,"2025/05/26 23:35:00",1,NSW1,283,49.61,0,0,"2025/05/26 23:30:08",49.61,0.01,0.01,0.01,0.01,0.04,0.04,9.24,9.24,0.1,0.1,0.38,0.38,0.1,0.1,0.94,0.94,0.17,0.17,0,0,FIRM
D,TRADING,PRICE,3,"2025/05/26 23:35:00",1,QLD1,283,54.76,0,0,"2025/05/26 23:30:08",54.76,0.01,0.01,0.01,0.01,0.04,0.04,9.24,9.24,0.1,0.1,0.38,0.38,0.1,0.1,0.94,0.94,0.17,0.17,0,0,FIRM
D,TRADING,PRICE,3,"2025/05/26 23:35:00",1,TAS1,283,0.74,0,0,"2025/05/26 23:30:08",0.74,0.38,0.38,0.38,0.38,0.04,0.04,8.8,8.8,0.1,0.1,0.38,0.38,0.1,0.1,4.55,4.55,0.17,0.17,0,0,FIRM
D,TRADING,PRICE,3,"2025/05/26 23:35:00",1,VIC1,283,0,0,0,"2025/05/26 23:30:08",0,0.01,0.01,0.01,0.01,0.04,0.04,9.24,9.24,0.1,0.1,0.38,0.38,0.1,0.1,0.94,0.94,0.17,0.17,0,0,FIRM
C,"END OF REPORT",15
