C,NEMP.WORLD,TRADINGIS,AEMO,PUBLIC,2025/05/28,23:00:12,0000000465307135,TRADINGIS,0000000465307134
I,TRADING,INTERCONNECTORRES,2,SETTLEMENTDATE,RUNNO,INTERCONNECTORID,PERIODID,METEREDMWFLOW,MWFLOW,MWLOSSES,LASTCHANGED
D,TRADING,INTERCONNECTORRES,2,"2025/05/28 23:05:00",1,N-Q-MNSP1,277,-16,-17,0.07,"2025/05/28 23:00:03"
D,TRADING,INTERCONNECTORRES,2,"2025/05/28 23:05:00",1,NSW1-QLD1,277,-349.7,-300.8,1.41,"2025/05/28 23:00:03"
D,TRADING,INTERCONNECTORRES,2,"2025/05/28 23:05:00",1,T-V-MNSP1,277,-452.3,-438,21.66,"2025/05/28 23:00:03"
D,TRADING,INTERCONNECTORRES,2,"2025/05/28 23:05:00",1,V-S-MNSP1,277,54,61.39,0.04,"2025/05/28 23:00:03"
D,TRADING,INTERCONNECTORRES,2,"2025/05/28 23:05:00",1,V-SA,277,237.51,272,10.32,"2025/05/28 23:00:03"
D,TRADING,INTERCONNECTORRES,2,"2025/05/28 23:05:00",1,VIC1-NSW1,277,325.71,378.69,21.07,"2025/05/28 23:00:03"
I,TRADING,PRICE,3,SETTLEMENTDATE,RUNNO,REGIONID,PERIODID,RRP,EEP,INVALIDFLAG,LASTCHANGED,ROP,RAISE6SECRRP,RAISE6SECROP,RAISE60SECRRP,RAISE60SECROP,RAISE5MINRRP,RAISE5MINROP,RAISEREGRRP,RAISEREGROP,LOWER6SECRRP,LOWER6SECROP,LOWER60SECRRP,LOWER60SECROP,LOWER5MINRRP,LOWER5MINROP,LOWERREGRRP,LOWERREGROP,RAISE1SECRRP,RAISE1SECROP,LOWER1SECRRP,LOWER1SECROP,PRICE_STATUS
D,TRADING,PRICE,3,"2025/05/28 23:05:00",1,SA1,277,86.29,0,0,"2025/05/28 23:00:03",86.29,0.37,0.37,0.1,0.1,0.1,0.1,9.89,9.89,0.1,0.1,0.38,0.38,0.1,0.1,3.99,3.99,0.37,0.37,0,0,FIRM
D,TRADING,PRICE,3,"2025/05/28 23:05:00",1,NSW1,277,87.82,0,0,"2025/05/28 23:00:03",87.82,0.37,0.37,0.1,0.1,0.1,0.1,9.89,9.89,0.1,0.1,0.38,0.38,0.1,0.1,3.99,3.99,0.37,0.37,0,0,FIRM
D,TRADING,PRICE,3,"2025/05/28 23:05:00",1,QLD1,277,84.99,0,0,"2025/05/28 23:00:03",84.99,0.37,0.37,0.1,0.1,0.1,0.1,9.89,9.89,0.1,0.1,0.38,0.38,0.1,0.1,3.99,3.99,0.37,0.37,0,0,FIRM
D,TRADING,PRICE,3,"2025/05/28 23:05:00",1,TAS1,277,150.24,0,0,"2025/05/28 23:00:03",150.24,0.38,0.38,0.38,0.38,0.36,0.36,8.4,8.4,0,0,0,0,0,0,2.48,2.48,0.37,0.37,0,0,FIRM
D,TRADING,PRICE,3,"2025/05/28 23:05:00",1,VIC1,277,80.74,0,0,"2025/05/28 23:00:03",80.74,0.37,0.37,0.1,0.1,0.1,0.1,9.89,9.89,0.1,0.1,0.38,0.38,0.1,0.1,3.99,3.99,0.37,0.37,0,0,FIRM
C,"END OF REPORT",15
