C,NEMP.WORLD,TRADINGIS,AEMO,PUBLIC,2025/05/28,02:10:10,0000000465181431,TRADINGIS,0000000465181430
I,TRADING,INTERCONNECTORRES,2,SETTLEMENTDATE,RUNNO,INTERCONNECTORID,PERIODID,METEREDMWFLOW,MWFLOW,MWLOSSES,LASTCHANGED
D,TRADING,INTERCONNECTORRES,2,"2025/05/28 02:15:00",1,N-Q-MNSP1,27,-8.3,-9,-0.16,"2025/05/28 02:10:03"
D,TRADING,INTERCONNECTORRES,2,"2025/05/28 02:15:00",1,NSW1-QLD1,27,-41.2,-90.93,0.62,"2025/05/28 02:10:03"
D,TRADING,INTERCONNECTORRES,2,"2025/05/28 02:15:00",1,T-V-MNSP1,27,-438.3,-477.63,25.58,"2025/05/28 02:10:03"
D,TRADING,INTERCONNECTORRES,2,"2025/05/28 02:15:00",1,V-S-MNSP1,27,166,169.32,22.11,"2025/05/28 02:10:03"
D,TRADING,INTERCONNECTORRES,2,"2025/05/28 02:15:00",1,V-SA,27,561.41,569.18,45.91,"2025/05/28 02:10:03"
D,TRADING,INTERCONNECTORRES,2,"2025/05/28 02:15:00",1,VIC1-NSW1,27,734.96,671.6,55.17,"2025/05/28 02:10:03"
I,TRADING,PRICE,3,SETTLEMENTDATE,RUNNO,REGIONID,PERIODID,RRP,EEP,INVALIDFLAG,LASTCHANGED,ROP,RAISE6SECRRP,RAISE6SECROP,RAISE60SECRRP,RAISE60SECROP,RAISE5MINRRP,RAISE5MINROP,RAISEREGRRP,RAISEREGROP,LOWER6SECRRP,LOWER6SECROP,LOWER60SECRRP,LOWER60SECROP,LOWER5MINRRP,LOWER5MINROP,LOWERREGRRP,LOWERREGROP,RAISE1SECRRP,RAISE1SECROP,LOWER1SECRRP,LOWER1SECROP,PRICE_STATUS
D,TRADING,PRICE,3,"2025/05/28 02:15:00",1,SA1,27,91.44,0,0,"2025/05/28 02:10:03",91.44,0.38,0.38,0.36,0.36,0.32,0.32,1,1,0.01,0.01,0.1,0.1,0.1,0.1,1.32,1.32,0.04,0.04,0,0,FIRM
D,TRADING,PRICE,3,"2025/05/28 02:15:00",1,NSW1,27,56.69,0,0,"2025/05/28 02:10:03",56.69,0.38,0.38,0.36,0.36,0.32,0.32,1,1,0.01,0.01,0.1,0.1,0.1,0.1,1.32,1.32,0.04,0.04,0,0,FIRM
D,TRADING,PRICE,3,"2025/05/28 02:15:00",1,QLD1,27,55.73,0,0,"2025/05/28 02:10:03",55.73,0.38,0.38,0.36,0.36,0.32,0.32,1,1,0.01,0.01,0.1,0.1,0.1,0.1,1.32,1.32,0.04,0.04,0,0,FIRM
D,TRADING,PRICE,3,"2025/05/28 02:15:00",1,TAS1,27,35.02,0,0,"2025/05/28 02:10:03",35.02,0.38,0.38,0.38,0.38,0.36,0.36,7.4,7.4,0.01,0.01,0.1,0.1,0,0,2.48,2.48,0.04,0.04,0,0,FIRM
D,TRADING,PRICE,3,"2025/05/28 02:15:00",1,VIC1,27,8.95,0,0,"2025/05/28 02:10:03",8.95,0.38,0.38,0.36,0.36,0.32,0.32,1,1,0.01,0.01,0.1,0.1,0.1,0.1,1.32,1.32,0.04,0.04,0,0,FIRM
C,"END OF REPORT",15
