C,NEMP.WORLD,TRADINGIS,AEMO,PUBLIC,2025/05/28,10:20:14,0000000465229076,TRADINGIS,0000000465229075
I,TRADING,INTERCONNECTORRES,2,SETTLEMENTDATE,RUNNO,INTERCONNECTORID,PERIODID,METEREDMWFLOW,MWFLOW,MWLOSSES,LASTCHANGED
D,TRADING,INTERCONNECTORRES,2,"2025/05/28 10:25:00",1,N-Q-MNSP1,125,97.8,95.96,29.37,"2025/05/28 10:20:07"
D,TRADING,INTERCONNECTORRES,2,"2025/05/28 10:25:00",1,NSW1-QLD1,125,-276.2,-420.43,20.36,"2025/05/28 10:20:07"
D,TRADING,INTERCONNECTORRES,2,"2025/05/28 10:25:00",1,T-V-MNSP1,125,-440.7,-431.73,21.07,"2025/05/28 10:20:07"
D,TRADING,INTERCONNECTORRES,2,"2025/05/28 10:25:00",1,V-S-MNSP1,125,81,94.41,3.82,"2025/05/28 10:20:07"
D,TRADING,INTERCONNECTORRES,2,"2025/05/28 10:25:00",1,V-SA,125,547.54,607.46,39.31,"2025/05/28 10:20:07"
D,TRADING,INTERCONNECTORRES,2,"2025/05/28 10:25:00",1,VIC1-NSW1,125,-247.32,-280.55,-1.55,"2025/05/28 10:20:07"
I,TRADING,PRICE,3,SETTLEMENTDATE,RUNNO,REGIONID,PERIODID,RRP,EEP,INVALIDFLAG,LASTCHANGED,ROP,RAISE6SECRRP,RAISE6SECROP,RAISE60SECRRP,RAISE60SECROP,RAISE5MINRRP,RAISE5MINROP,RAISEREGRRP,RAISEREGROP,LOWER6SECRRP,LOWER6SECROP,LOWER60SECRRP,LOWER60SECROP,LOWER5MINRRP,LOWER5MINROP,LOWERREGRRP,LOWERREGROP,RAISE1SECRRP,RAISE1SECROP,LOWER1SECRRP,LOWER1SECROP,PRICE_STATUS
D,TRADING,PRICE,3,"2025/05/28 10:25:00",1,SA1,125,44.85,0,0,"2025/05/28 10:20:07",44.85,0.23,0.23,0.1,0.1,0.1,0.1,11,11,0,0,0.38,0.38,0.38,0.38,0.93,0.93,0.1,0.1,0,0,FIRM
D,TRADING,PRICE,3,"2025/05/28 10:25:00",1,NSW1,125,-17.01,0,0,"2025/05/28 10:20:07",-17.01,0.23,0.23,0.1,0.1,0.1,0.1,11,11,0,0,0.38,0.38,0.38,0.38,0.93,0.93,0.1,0.1,0,0,FIRM
D,TRADING,PRICE,3,"2025/05/28 10:25:00",1,QLD1,125,-24.23,0,0,"2025/05/28 10:20:07",-24.23,0.23,0.23,0.1,0.1,0.1,0.1,11,11,4.36,4.36,4.89,4.89,0.38,0.38,0.93,0.93,0.1,0.1,0,0,FIRM
D,TRADING,PRICE,3,"2025/05/28 10:25:00",1,TAS1,125,75.12,0,0,"2025/05/28 10:20:07",75.12,0.38,0.38,0.38,0.38,0.1,0.1,6.44,6.44,0,0,0.38,0.38,0.38,0.38,2.48,2.48,0.1,0.1,0,0,FIRM
D,TRADING,PRICE,3,"2025/05/28 10:25:00",1,VIC1,125,38.61,0,0,"2025/05/28 10:20:07",38.61,0.23,0.23,0.1,0.1,0.1,0.1,11,11,0,0,0.38,0.38,0.38,0.38,0.93,0.93,0.1,0.1,0,0,FIRM
C,"END OF REPORT",15
