C,NEMP.WORLD,TRADINGIS,AEMO,PUBLIC,2025/05/27,23:15:10,0000000465164261,TRADINGIS,0000000465164260
I,TRADING,INTERCONNECTORRES,2,SETTLEMENTDATE,RUNNO,INTERCONNECTORID,PERIODID,METEREDMWFLOW,MWFLOW,MWLOSSES,LASTCHANGED
D,TRADING,INTERCONNECTORRES,2,"2025/05/27 23:20:00",1,N-Q-MNSP1,280,-0.2,0,0,"2025/05/27 23:15:03"
D,TRADING,INTERCONNECTORRES,2,"2025/05/27 23:20:00",1,NSW1-QLD1,280,114.3,116.91,3.51,"2025/05/27 23:15:03"
D,TRADING,INTERCONNECTORRES,2,"2025/05/27 23:20:00",1,T-V-MNSP1,280,-464.5,-474.8,25.29,"2025/05/27 23:15:03"
D,TRADING,INTERCONNECTORRES,2,"2025/05/27 23:20:00",1,V-S-MNSP1,280,118,85.87,2.59,"2025/05/27 23:15:03"
D,TRADING,INTERCONNECTORRES,2,"2025/05/27 23:20:00",1,V-SA,280,550.21,565,37.87,"2025/05/27 23:15:03"
D,TRADING,INTERCONNECTORRES,2,"2025/05/27 23:20:00",1,VIC1-NSW1,280,551.4,596.29,44.94,"2025/05/27 23:15:03"
I,TRADING,PRICE,3,SETTLEMENTDATE,RUNNO,REGIONID,PERIODID,RRP,EEP,INVALIDFLAG,LASTCHANGED,ROP,RAISE6SECRRP,RAISE6SECROP,RAISE60SECRRP,RAISE60SECROP,RAISE5MINRRP,RAISE5MINROP,RAISEREGRRP,RAISEREGROP,LOWER6SECRRP,LOWER6SECROP,LOWER60SECRRP,LOWER60SECROP,LOWER5MINRRP,LOWER5MINROP,LOWERREGRRP,LOWERREGROP,RAISE1SECRRP,RAISE1SECROP,LOWER1SECRRP,LOWER1SECROP,PRICE_STATUS
D,TRADING,PRICE,3,"2025/05/27 23:20:00",1,SA1,280,34.97,0,0,"2025/05/27 23:15:03",34.97,0.1,0.1,0.1,0.1,0.1,0.1,1,1,0.1,0.1,0.39,0.39,0.01,0.01,3.49,3.49,0.36,0.36,0,0,FIRM
D,TRADING,PRICE,3,"2025/05/27 23:20:00",1,NSW1,280,57.01,0,0,"2025/05/27 23:15:03",57.01,0.1,0.1,0.1,0.1,0.1,0.1,1,1,0.1,0.1,0.39,0.39,0.01,0.01,3.49,3.49,0.36,0.36,0,0,FIRM
D,TRADING,PRICE,3,"2025/05/27 23:20:00",1,QLD1,280,59.21,0,0,"2025/05/27 23:15:03",59.21,0.1,0.1,0.1,0.1,0.1,0.1,1,1,0.1,0.1,0.39,0.39,0.01,0.01,3.49,3.49,0.36,0.36,0,0,FIRM
D,TRADING,PRICE,3,"2025/05/27 23:20:00",1,TAS1,280,100.24,0,0,"2025/05/27 23:15:03",100.24,0.38,0.38,0.38,0.38,0.38,0.38,8.4,8.4,0.1,0.1,0.38,0.38,0,0,2.48,2.48,0.36,0.36,0,0,FIRM
D,TRADING,PRICE,3,"2025/05/27 23:20:00",1,VIC1,280,30.73,0,0,"2025/05/27 23:15:03",30.73,0.1,0.1,0.1,0.1,0.1,0.1,1,1,0.1,0.1,0.39,0.39,0.01,0.01,3.49,3.49,0.36,0.36,0,0,FIRM
C,"END OF REPORT",15
