C,NEMP.WORLD,TRADINGIS,AEMO,PUBLIC,2025/05/29,08:50:10,0000000465362976,TRADINGIS,0000000465362975
I,TRADING,INTERCONNECTORRES,2,SETTLEMENTDATE,RUNNO,INTERCONNECTORID,PERIODID,METEREDMWFLOW,MWFLOW,MWLOSSES,LASTCHANGED
D,TRADING,INTERCONNECTORRES,2,"2025/05/29 08:55:00",1,N-Q-MNSP1,107,-16.4,-9,-0.16,"2025/05/29 08:50:03"
D,TRADING,INTERCONNECTORRES,2,"2025/05/29 08:55:00",1,NSW1-QLD1,107,-437.1,-323,-0.47,"2025/05/29 08:50:03"
D,TRADING,INTERCONNECTORRES,2,"2025/05/29 08:55:00",1,T-V-MNSP1,107,-186.2,-303.98,10.8,"2025/05/29 08:50:03"
D,TRADING,INTERCONNECTORRES,2,"2025/05/29 08:55:00",1,V-S-MNSP1,107,27,27,-1.11,"2025/05/29 08:50:03"
D,TRADING,INTERCONNECTORRES,2,"2025/05/29 08:55:00",1,V-SA,107,-8.13,0,0,"2025/05/29 08:50:03"
D,TRADING,INTERCONNECTORRES,2,"2025/05/29 08:55:00",1,VIC1-NSW1,107,-147.75,-187.75,-1.35,"2025/05/29 08:50:03"
I,TRADING,PRICE,3,SETTLEMENTDATE,RUNNO,REGIONID,PERIODID,RRP,EEP,INVALIDFLAG,LASTCHANGED,ROP,RAISE6SECRRP,RAISE6SECROP,RAISE60SECRRP,RAISE60SECROP,RAISE5MINRRP,RAISE5MINROP,RAISEREGRRP,RAISEREGROP,LOWER6SECRRP,LOWER6SECROP,LOWER60SECRRP,LOWER60SECROP,LOWER5MINRRP,LOWER5MINROP,LOWERREGRRP,LOWERREGROP,RAISE1SECRRP,RAISE1SECROP,LOWER1SECRRP,LOWER1SECROP,PRICE_STATUS
D,TRADING,PRICE,3,"2025/05/29 08:55:00",1,SA1,107,138.04,0,0,"2025/05/29 08:50:03",138.04,0.38,0.38,0.36,0.36,0.23,0.23,0.23,0.23,0.03,0.03,0.15,0.15,0.07,0.07,3.71,3.71,0.38,0.38,0,0,FIRM
D,TRADING,PRICE,3,"2025/05/29 08:55:00",1,NSW1,107,137.39,0,0,"2025/05/29 08:50:03",137.39,0.38,0.38,0.36,0.36,0.23,0.23,0.23,0.23,0.03,0.03,0.15,0.15,0.07,0.07,3.71,3.71,0.38,0.38,0,0,FIRM
D,TRADING,PRICE,3,"2025/05/29 08:55:00",1,QLD1,107,133.5,0,0,"2025/05/29 08:50:03",133.5,0.38,0.38,0.36,0.36,0.23,0.23,0.23,0.23,0.03,0.03,0.15,0.15,0.07,0.07,3.71,3.71,0.38,0.38,0,0,FIRM
D,TRADING,PRICE,3,"2025/05/29 08:55:00",1,TAS1,107,146.18,0,0,"2025/05/29 08:50:03",146.18,0.38,0.38,0.38,0.38,0.23,0.23,7.54,7.54,0.03,0.03,0.15,0.15,0.07,0.07,3.46,3.46,0.38,0.38,0,0,FIRM
D,TRADING,PRICE,3,"2025/05/29 08:55:00",1,VIC1,107,139,0,0,"2025/05/29 08:50:03",139,0.38,0.38,0.36,0.36,0.23,0.23,0.23,0.23,0.03,0.03,0.15,0.15,0.07,0.07,3.71,3.71,0.38,0.38,0,0,FIRM
C,"END OF REPORT",15
