C,NEMP.WORLD,TRADINGIS,AEMO,PUBLIC,2025/05/26,23:55:10,0000000465017950,TRADINGIS,0000000465017949
I,TRADING,INTERCONNECTORRES,2,SETTLEMENTDATE,RUNNO,INTERCONNECTORID,PERIODID,METEREDMWFLOW,MWFLOW,MWLOSSES,LASTCHANGED
D,TRADING,INTERCONNECTORRES,2,"2025/05/27 00:00:00",1,N-Q-MNSP1,288,7.4,9,0.6,"2025/05/26 23:55:03"
D,TRADING,INTERCONNECTORRES,2,"2025/05/27 00:00:00",1,NSW1-QLD1,288,458.4,478.48,26.56,"2025/05/26 23:55:03"
D,TRADING,INTERCONNECTORRES,2,"2025/05/27 00:00:00",1,T-V-MNSP1,288,-461.5,-455.84,23.38,"2025/05/26 23:55:03"
D,TRADING,INTERCONNECTORRES,2,"2025/05/27 00:00:00",1,V-S-MNSP1,288,-144,-144.82,35.95,"2025/05/26 23:55:03"
D,TRADING,INTERCONNECTORRES,2,"2025/05/27 00:00:00",1,V-SA,288,-356.02,-365.57,8.63,"2025/05/26 23:55:03"
D,TRADING,INTERCONNECTORRES,2,"2025/05/27 00:00:00",1,VIC1-NSW1,288,1113.77,1089.24,115.87,"2025/05/26 23:55:03"
I,TRADING,PRICE,3,SETTLEMENTDATE,RUNNO,REGIONID,PERIODID,RRP,EEP,INVALIDFLAG,LASTCHANGED,ROP,RAISE6SECRRP,RAISE6SECROP,RAISE60SECRRP,RAISE60SECROP,RAISE5MINRRP,RAISE5MINROP,RAISEREGRRP,RAISEREGROP,LOWER6SECRRP,LOWER6SECROP,LOWER60SECRRP,LOWER60SECROP,LOWER5MINRRP,LOWER5MINROP,LOWERREGRRP,LOWERREGROP,RAISE1SECRRP,RAISE1SECROP,LOWER1SECRRP,LOWER1SECROP,PRICE_STATUS
D,TRADING,PRICE,3,"2025/05/27 00:00:00",1,SA1,288,0,0,0,"2025/05/26 23:55:03",0,0.01,0.01,0.01,0.01,0.04,0.04,3.99,3.99,0.1,0.1,0.38,0.38,0.38,0.38,3.65,3.65,0.04,0.04,0,0,FIRM
D,TRADING,PRICE,3,"2025/05/27 00:00:00",1,NSW1,288,46.07,0,0,"2025/05/26 23:55:03",46.07,0.01,0.01,0.01,0.01,0.04,0.04,3.99,3.99,0.1,0.1,0.38,0.38,0.38,0.38,3.65,3.65,0.04,0.04,0,0,FIRM
D,TRADING,PRICE,3,"2025/05/27 00:00:00",1,QLD1,288,50.75,0,0,"2025/05/26 23:55:03",50.75,0.01,0.01,0.01,0.01,0.04,0.04,3.99,3.99,0.1,0.1,0.38,0.38,0.38,0.38,3.65,3.65,0.04,0.04,0,0,FIRM
D,TRADING,PRICE,3,"2025/05/27 00:00:00",1,TAS1,288,11.25,0,0,"2025/05/26 23:55:03",11.25,0.38,0.38,0.38,0.38,0.04,0.04,7.97,7.97,0.1,0.1,0.38,0.38,0,0,1.55,1.55,0.04,0.04,0,0,FIRM
D,TRADING,PRICE,3,"2025/05/27 00:00:00",1,VIC1,288,0,0,0,"2025/05/26 23:55:03",0,0.01,0.01,0.01,0.01,0.04,0.04,3.99,3.99,0.1,0.1,0.38,0.38,0.38,0.38,3.65,3.65,0.04,0.04,0,0,FIRM
C,"END OF REPORT",15
