C,NEMP.WORLD,TRADINGIS,AEMO,PUBLIC,2025/05/28,19:50:11,0000000465288953,TRADINGIS,0000000465288952
I,TRADING,INTERCONNECTORRES,2,SETTLEMENTDATE,RUNNO,INTERCONNECTORID,PERIODID,METEREDMWFLOW,MWFLOW,MWLOSSES,LASTCHANGED
D,TRADING,INTERCONNECTORRES,2,"2025/05/28 19:55:00",1,N-Q-MNSP1,239,-30.1,-33,1.59,"2025/05/28 19:50:03"
D,TRADING,INTERCONNECTORRES,2,"2025/05/28 19:55:00",1,NSW1-QLD1,239,-1038.9,-1002.54,35.32,"2025/05/28 19:50:03"
D,TRADING,INTERCONNECTORRES,2,"2025/05/28 19:55:00",1,T-V-MNSP1,239,76.9,94.91,0.57,"2025/05/28 19:50:03"
D,TRADING,INTERCONNECTORRES,2,"2025/05/28 19:55:00",1,V-S-MNSP1,239,54,54,-0.46,"2025/05/28 19:50:03"
D,TRADING,INTERCONNECTORRES,2,"2025/05/28 19:55:00",1,V-SA,239,198.41,224.14,7.92,"2025/05/28 19:50:03"
D,TRADING,INTERCONNECTORRES,2,"2025/05/28 19:55:00",1,VIC1-NSW1,239,135.67,140.85,1.92,"2025/05/28 19:50:03"
I,TRADING,PRICE,3,SETTLEMENTDATE,RUNNO,REGIONID,PERIODID,RRP,EEP,INVALIDFLAG,LASTCHANGED,ROP,RAISE6SECRRP,RAISE6SECROP,RAISE60SECRRP,RAISE60SECROP,RAISE5MINRRP,RAISE5MINROP,RAISEREGRRP,RAISEREGROP,LOWER6SECRRP,LOWER6SECROP,LOWER60SECRRP,LOWER60SECROP,LOWER5MINRRP,LOWER5MINROP,LOWERREGRRP,LOWERREGROP,RAISE1SECRRP,RAISE1SECROP,LOWER1SECRRP,LOWER1SECROP,PRICE_STATUS
D,TRADING,PRICE,3,"2025/05/28 19:55:00",1,SA1,239,134.11,0,0,"2025/05/28 19:50:03",134.11,0.38,0.38,0.23,0.23,0.24,0.24,9.88,9.88,0.14,0.14,0.39,0.39,0.38,0.38,3.49,3.49,0.81,0.81,0,0,FIRM
D,TRADING,PRICE,3,"2025/05/28 19:55:00",1,NSW1,239,128.89,0,0,"2025/05/28 19:50:03",128.89,0.38,0.38,0.23,0.23,0.24,0.24,9.88,9.88,0.14,0.14,0.39,0.39,0.38,0.38,3.49,3.49,0.81,0.81,0,0,FIRM
D,TRADING,PRICE,3,"2025/05/28 19:55:00",1,QLD1,239,113.83,0,0,"2025/05/28 19:50:03",113.83,0.38,0.38,0.23,0.23,0.24,0.24,9.88,9.88,0.14,0.14,0.39,0.39,0.38,0.38,3.49,3.49,0.81,0.81,0,0,FIRM
D,TRADING,PRICE,3,"2025/05/28 19:55:00",1,TAS1,239,124.99,0,0,"2025/05/28 19:50:03",124.99,0.38,0.38,0.38,0.38,0.36,0.36,9.4,9.4,0.14,0.14,0.38,0.38,0,0,3.48,3.48,0.81,0.81,0,0,FIRM
D,TRADING,PRICE,3,"2025/05/28 19:55:00",1,VIC1,239,126.09,0,0,"2025/05/28 19:50:03",126.09,0.38,0.38,0.23,0.23,0.24,0.24,9.88,9.88,0.14,0.14,0.39,0.39,0.38,0.38,3.49,3.49,0.81,0.81,0,0,FIRM
C,"END OF REPORT",15
