C,NEMP.WORLD,TRADINGIS,AEMO,PUBLIC,2025/05/27,06:15:10,0000000465056828,TRADINGIS,0000000465056827
I,TRADING,INTERCONNECTORRES,2,SETTLEMENTDATE,RUNNO,INTERCONNECTORID,PERIODID,METEREDMWFLOW,MWFLOW,MWLOSSES,LASTCHANGED
D,TRADING,INTERCONNECTORRES,2,"2025/05/27 06:20:00",1,N-Q-MNSP1,76,17.1,17,1.52,"2025/05/27 06:15:03"
D,TRADING,INTERCONNECTORRES,2,"2025/05/27 06:20:00",1,NSW1-QLD1,76,590,601.7,48.09,"2025/05/27 06:15:03"
D,TRADING,INTERCONNECTORRES,2,"2025/05/27 06:20:00",1,T-V-MNSP1,76,-436.5,-438.26,21.68,"2025/05/27 06:15:03"
D,TRADING,INTERCONNECTORRES,2,"2025/05/27 06:20:00",1,V-S-MNSP1,76,-135,-127.79,29.1,"2025/05/27 06:15:03"
D,TRADING,INTERCONNECTORRES,2,"2025/05/27 06:20:00",1,V-SA,76,-256.26,-256.03,6.7,"2025/05/27 06:15:03"
D,TRADING,INTERCONNECTORRES,2,"2025/05/27 06:20:00",1,VIC1-NSW1,76,1105.33,1062.04,119.07,"2025/05/27 06:15:03"
I,TRADING,PRICE,3,SETTLEMENTDATE,RUNNO,REGIONID,PERIODID,RRP,EEP,INVALIDFLAG,LASTCHANGED,ROP,RAISE6SECRRP,RAISE6SECROP,RAISE60SECRRP,RAISE60SECROP,RAISE5MINRRP,RAISE5MINROP,RAISEREGRRP,RAISEREGROP,LOWER6SECRRP,LOWER6SECROP,LOWER60SECRRP,LOWER60SECROP,LOWER5MINRRP,LOWER5MINROP,LOWERREGRRP,LOWERREGROP,RAISE1SECRRP,RAISE1SECROP,LOWER1SECRRP,LOWER1SECROP,PRICE_STATUS
D,TRADING,PRICE,3,"2025/05/27 06:20:00",1,SA1,76,29.3,0,0,"2025/05/27 06:15:03",29.3,0.1,0.1,0.1,0.1,0.1,0.1,1,1,0.01,0.01,0.1,0.1,0.1,0.1,1.2,1.2,0.36,0.36,0,0,FIRM
D,TRADING,PRICE,3,"2025/05/27 06:20:00",1,NSW1,76,66.35,0,0,"2025/05/27 06:15:03",66.35,0.1,0.1,0.1,0.1,0.1,0.1,1,1,0.01,0.01,0.1,0.1,0.1,0.1,1.2,1.2,0.36,0.36,0,0,FIRM
D,TRADING,PRICE,3,"2025/05/27 06:20:00",1,QLD1,76,75.83,0,0,"2025/05/27 06:15:03",75.83,0.1,0.1,0.1,0.1,0.1,0.1,1,1,0.01,0.01,0.1,0.1,0.1,0.1,1.2,1.2,0.36,0.36,0,0,FIRM
D,TRADING,PRICE,3,"2025/05/27 06:20:00",1,TAS1,76,35.24,0,0,"2025/05/27 06:15:03",35.24,0.38,0.38,0.38,0.38,0.1,0.1,8.4,8.4,0.01,0.01,0.1,0.1,0,0,2.48,2.48,0.36,0.36,0,0,FIRM
D,TRADING,PRICE,3,"2025/05/27 06:20:00",1,VIC1,76,31.05,0,0,"2025/05/27 06:15:03",31.05,0.1,0.1,0.1,0.1,0.1,0.1,1,1,0.01,0.01,0.1,0.1,0.1,0.1,1.2,1.2,0.36,0.36,0,0,FIRM
C,"END OF REPORT",15
