C,NEMP.WORLD,TRADINGIS,AEMO,PUBLIC,2025/05/29,10:50:11,0000000465374370,TRADINGIS,0000000465374369
I,TRADING,INTERCONNECTORRES,2,SETTLEMENTDATE,RUNNO,INTERCONNECTORID,PERIODID,METEREDMWFLOW,MWFLOW,MWLOSSES,LASTCHANGED
D,TRADING,INTERCONNECTORRES,2,"2025/05/29 10:55:00",1,N-Q-MNSP1,131,-19.8,-17,0.07,"2025/05/29 10:50:04"
D,TRADING,INTERCONNECTORRES,2,"2025/05/29 10:55:00",1,NSW1-QLD1,131,-437.4,-385.77,7.42,"2025/05/29 10:50:04"
D,TRADING,INTERCONNECTORRES,2,"2025/05/29 10:55:00",1,T-V-MNSP1,131,-451.7,-470.97,24.9,"2025/05/29 10:50:04"
D,TRADING,INTERCONNECTORRES,2,"2025/05/29 10:55:00",1,V-S-MNSP1,131,36,27,-1.11,"2025/05/29 10:50:04"
D,TRADING,INTERCONNECTORRES,2,"2025/05/29 10:55:00",1,V-SA,131,79.46,74.01,-0.67,"2025/05/29 10:50:04"
D,TRADING,INTERCONNECTORRES,2,"2025/05/29 10:55:00",1,VIC1-NSW1,131,98.99,106.67,6.37,"2025/05/29 10:50:04"
I,TRADING,PRICE,3,SETTLEMENTDATE,RUNNO,REGIONID,PERIODID,RRP,EEP,INVALIDFLAG,LASTCHANGED,ROP,RAISE6SECRRP,RAISE6SECROP,RAISE60SECRRP,RAISE60SECROP,RAISE5MINRRP,RAISE5MINROP,RAISEREGRRP,RAISEREGROP,LOWER6SECRRP,LOWER6SECROP,LOWER60SECRRP,LOWER60SECROP,LOWER5MINRRP,LOWER5MINROP,LOWERREGRRP,LOWERREGROP,RAISE1SECRRP,RAISE1SECROP,LOWER1SECRRP,LOWER1SECROP,PRICE_STATUS
D,TRADING,PRICE,3,"2025/05/29 10:55:00",1,SA1,131,79,0,0,"2025/05/29 10:50:04",79,0.37,0.37,0.1,0.1,0.1,0.1,5.99,5.99,0.1,0.1,0.39,0.39,0.01,0.01,0.01,0.01,0.38,0.38,0,0,FIRM
D,TRADING,PRICE,3,"2025/05/29 10:55:00",1,NSW1,131,84.85,0,0,"2025/05/29 10:50:04",84.85,0.37,0.37,0.1,0.1,0.1,0.1,5.99,5.99,0.1,0.1,0.39,0.39,0.01,0.01,0.01,0.01,0.38,0.38,0,0,FIRM
D,TRADING,PRICE,3,"2025/05/29 10:55:00",1,QLD1,131,62.73,0,0,"2025/05/29 10:50:04",62.73,0.37,0.37,0.1,0.1,0.1,0.1,5.99,5.99,9.97,9.97,8.68,8.68,0.01,0.01,0.01,0.01,0.38,0.38,0,0,FIRM
D,TRADING,PRICE,3,"2025/05/29 10:55:00",1,TAS1,131,100.02,0,0,"2025/05/29 10:50:04",100.02,0.38,0.38,0.38,0.38,0.36,0.36,6.54,6.54,0.1,0.1,0.38,0.38,0,0,2.46,2.46,0.38,0.38,0,0,FIRM
D,TRADING,PRICE,3,"2025/05/29 10:55:00",1,VIC1,131,79.01,0,0,"2025/05/29 10:50:04",79.01,0.37,0.37,0.1,0.1,0.1,0.1,5.99,5.99,0.1,0.1,0.39,0.39,0.01,0.01,0.01,0.01,0.38,0.38,0,0,FIRM
C,"END OF REPORT",15
