C,NEMP.WORLD,TRADINGIS,AEMO,PUBLIC,2025/05/29,01:35:10,0000000465322007,TRADINGIS,0000000465322006
I,TRADING,INTERCONNECTORRES,2,SETTLEMENTDATE,RUNNO,INTERCONNECTORID,PERIODID,METEREDMWFLOW,MWFLOW,MWLOSSES,LASTCHANGED
D,TRADING,INTERCONNECTORRES,2,"2025/05/29 01:40:00",1,N-Q-MNSP1,20,-16.8,-17,0.07,"2025/05/29 01:35:03"
D,TRADING,INTERCONNECTORRES,2,"2025/05/29 01:40:00",1,NSW1-QLD1,20,-383.4,-420.65,14.44,"2025/05/29 01:35:03"
D,TRADING,INTERCONNECTORRES,2,"2025/05/29 01:40:00",1,T-V-MNSP1,20,-442,-438,21.66,"2025/05/29 01:35:03"
D,TRADING,INTERCONNECTORRES,2,"2025/05/29 01:40:00",1,V-S-MNSP1,20,63,72,0.95,"2025/05/29 01:35:03"
D,TRADING,INTERCONNECTORRES,2,"2025/05/29 01:40:00",1,V-SA,20,352.95,344.59,18.22,"2025/05/29 01:35:03"
D,TRADING,INTERCONNECTORRES,2,"2025/05/29 01:40:00",1,VIC1-NSW1,20,430.33,448.35,28.57,"2025/05/29 01:35:03"
I,TRADING,PRICE,3,SETTLEMENTDATE,RUNNO,REGIONID,PERIODID,RRP,EEP,INVALIDFLAG,LASTCHANGED,ROP,RAISE6SECRRP,RAISE6SECROP,RAISE60SECRRP,RAISE60SECROP,RAISE5MINRRP,RAISE5MINROP,RAISEREGRRP,RAISEREGROP,LOWER6SECRRP,LOWER6SECROP,LOWER60SECRRP,LOWER60SECROP,LOWER5MINRRP,LOWER5MINROP,LOWERREGRRP,LOWERREGROP,RAISE1SECRRP,RAISE1SECROP,LOWER1SECRRP,LOWER1SECROP,PRICE_STATUS
D,TRADING,PRICE,3,"2025/05/29 01:40:00",1,SA1,20,69.94,0,0,"2025/05/29 01:35:03",69.94,0.23,0.23,0.1,0.1,0.1,0.1,5.99,5.99,0.38,0.38,0.38,0.38,0.2,0.2,0.93,0.93,0.37,0.37,0,0,FIRM
D,TRADING,PRICE,3,"2025/05/29 01:40:00",1,NSW1,20,70.66,0,0,"2025/05/29 01:35:03",70.66,0.23,0.23,0.1,0.1,0.1,0.1,5.99,5.99,0.38,0.38,0.38,0.38,0.2,0.2,0.93,0.93,0.37,0.37,0,0,FIRM
D,TRADING,PRICE,3,"2025/05/29 01:40:00",1,QLD1,20,65.85,0,0,"2025/05/29 01:35:03",65.85,0.23,0.23,0.1,0.1,0.1,0.1,5.99,5.99,0.38,0.38,0.38,0.38,0.2,0.2,0.93,0.93,0.37,0.37,0,0,FIRM
D,TRADING,PRICE,3,"2025/05/29 01:40:00",1,TAS1,20,100.24,0,0,"2025/05/29 01:35:03",100.24,0.38,0.38,0.38,0.38,0.38,0.38,8.4,8.4,0,0,0,0,0,0,2.48,2.48,0.37,0.37,0,0,FIRM
D,TRADING,PRICE,3,"2025/05/29 01:40:00",1,VIC1,20,63.79,0,0,"2025/05/29 01:35:03",63.79,0.23,0.23,0.1,0.1,0.1,0.1,5.99,5.99,0.38,0.38,0.38,0.38,0.2,0.2,0.93,0.93,0.37,0.37,0,0,FIRM
C,"END OF REPORT",15
