C,NEMP.WORLD,TRADINGIS,AEMO,PUBLIC,2025/05/27,15:30:16,0000000465116281,TRADINGIS,0000000465116280
I,TRADING,INTERCONNECTORRES,2,SETTLEMENTDATE,RUNNO,INTERCONNECTORID,PERIODID,METEREDMWFLOW,MWFLOW,MWLOSSES,LASTCHANGED
D,TRADING,INTERCONNECTORRES,2,"2025/05/27 15:35:00",1,N-Q-MNSP1,187,-1.7,0,0,"2025/05/27 15:30:08"
D,TRADING,INTERCONNECTORRES,2,"2025/05/27 15:35:00",1,NSW1-QLD1,187,-40.9,-96.1,-2.89,"2025/05/27 15:30:08"
D,TRADING,INTERCONNECTORRES,2,"2025/05/27 15:35:00",1,T-V-MNSP1,187,-463.3,-478,25.62,"2025/05/27 15:30:08"
D,TRADING,INTERCONNECTORRES,2,"2025/05/27 15:35:00",1,V-S-MNSP1,187,153,151.82,16.62,"2025/05/27 15:30:08"
D,TRADING,INTERCONNECTORRES,2,"2025/05/27 15:35:00",1,V-SA,187,187.57,146.65,-0.43,"2025/05/27 15:30:08"
D,TRADING,INTERCONNECTORRES,2,"2025/05/27 15:35:00",1,VIC1-NSW1,187,-56.06,-94.74,-3.18,"2025/05/27 15:30:08"
I,TRADING,PRICE,3,SETTLEMENTDATE,RUNNO,REGIONID,PERIODID,RRP,EEP,INVALIDFLAG,LASTCHANGED,ROP,RAISE6SECRRP,RAISE6SECROP,RAISE60SECRRP,RAISE60SECROP,RAISE5MINRRP,RAISE5MINROP,RAISEREGRRP,RAISEREGROP,LOWER6SECRRP,LOWER6SECROP,LOWER60SECRRP,LOWER60SECROP,LOWER5MINRRP,LOWER5MINROP,LOWERREGRRP,LOWERREGROP,RAISE1SECRRP,RAISE1SECROP,LOWER1SECRRP,LOWER1SECROP,PRICE_STATUS
D,TRADING,PRICE,3,"2025/05/27 15:35:00",1,SA1,187,-81.2,0,0,"2025/05/27 15:30:08",-81.2,0.1,0.1,0.1,0.1,0.1,0.1,1.49,1.49,0.1,0.1,0.39,0.39,0.38,0.38,3.64,3.64,0.36,0.36,0,0,FIRM
D,TRADING,PRICE,3,"2025/05/27 15:35:00",1,NSW1,187,-20.51,0,0,"2025/05/27 15:30:08",-20.51,0.1,0.1,0.1,0.1,0.1,0.1,1.49,1.49,0.1,0.1,0.39,0.39,0.38,0.38,3.64,3.64,0.36,0.36,0,0,FIRM
D,TRADING,PRICE,3,"2025/05/27 15:35:00",1,QLD1,187,113.83,0,0,"2025/05/27 15:30:08",113.83,0.1,0.1,0.1,0.1,0.1,0.1,1.49,1.49,0.1,0.1,0.38,0.38,0.38,0.38,3.64,3.64,0.36,0.36,0,0,FIRM
D,TRADING,PRICE,3,"2025/05/27 15:35:00",1,TAS1,187,35.24,0,0,"2025/05/27 15:30:08",35.24,0.38,0.38,0.38,0.38,0.36,0.36,7.4,7.4,0.1,0.1,0.38,0.38,0,0,2.48,2.48,0.36,0.36,0,0,FIRM
D,TRADING,PRICE,3,"2025/05/27 15:35:00",1,VIC1,187,8.95,0,0,"2025/05/27 15:30:08",8.95,0.1,0.1,0.1,0.1,0.1,0.1,1.49,1.49,0.1,0.1,0.39,0.39,0.38,0.38,3.64,3.64,0.36,0.36,0,0,FIRM
C,"END OF REPORT",15
