C,NEMP.WORLD,TRADINGIS,AEMO,PUBLIC,2025/05/27,06:30:11,0000000465058178,TRADINGIS,0000000465058177
I,TRADING,INTERCONNECTORRES,2,SETTLEMENTDATE,RUNNO,INTERCONNECTORID,PERIODID,METEREDMWFLOW,MWFLOW,MWLOSSES,LASTCHANGED
D,TRADING,INTERCONNECTORRES,2,"2025/05/27 06:35:00",1,N-Q-MNSP1,79,8.5,9,0.6,"2025/05/27 06:30:04"
D,TRADING,INTERCONNECTORRES,2,"2025/05/27 06:35:00",1,NSW1-QLD1,79,495.7,299.13,16.71,"2025/05/27 06:30:04"
D,TRADING,INTERCONNECTORRES,2,"2025/05/27 06:35:00",1,T-V-MNSP1,79,-450.5,-461.01,23.9,"2025/05/27 06:30:04"
D,TRADING,INTERCONNECTORRES,2,"2025/05/27 06:35:00",1,V-S-MNSP1,79,-149,-104.41,20.85,"2025/05/27 06:30:04"
D,TRADING,INTERCONNECTORRES,2,"2025/05/27 06:35:00",1,V-SA,79,-223.07,-219.15,5.17,"2025/05/27 06:30:04"
D,TRADING,INTERCONNECTORRES,2,"2025/05/27 06:35:00",1,VIC1-NSW1,79,1131.96,1068.93,119.48,"2025/05/27 06:30:04"
I,TRADING,PRICE,3,SETTLEMENTDATE,RUNNO,REGIONID,PERIODID,RRP,EEP,INVALIDFLAG,LASTCHANGED,ROP,RAISE6SECRRP,RAISE6SECROP,RAISE60SECRRP,RAISE60SECROP,RAISE5MINRRP,RAISE5MINROP,RAISEREGRRP,RAISEREGROP,LOWER6SECRRP,LOWER6SECROP,LOWER60SECRRP,LOWER60SECROP,LOWER5MINRRP,LOWER5MINROP,LOWERREGRRP,LOWERREGROP,RAISE1SECRRP,RAISE1SECROP,LOWER1SECRRP,LOWER1SECROP,PRICE_STATUS
D,TRADING,PRICE,3,"2025/05/27 06:35:00",1,SA1,79,44.3,0,0,"2025/05/27 06:30:04",44.3,0.23,0.23,0.1,0.1,0.04,0.04,0.04,0.04,0.01,0.01,0.1,0.1,0.1,0.1,6,6,0.81,0.81,0,0,FIRM
D,TRADING,PRICE,3,"2025/05/27 06:35:00",1,NSW1,79,57.01,0,0,"2025/05/27 06:30:04",57.01,0.23,0.23,0.1,0.1,0.04,0.04,0.04,0.04,0.01,0.01,0.1,0.1,0.1,0.1,6,6,0.81,0.81,0,0,FIRM
D,TRADING,PRICE,3,"2025/05/27 06:35:00",1,QLD1,79,97.73,0,0,"2025/05/27 06:30:04",97.73,0.23,0.23,0.1,0.1,0.04,0.04,0.04,0.04,0.01,0.01,0.1,0.1,0.1,0.1,6,6,0.81,0.81,0,0,FIRM
D,TRADING,PRICE,3,"2025/05/27 06:35:00",1,TAS1,79,75.24,0,0,"2025/05/27 06:30:04",75.24,0.38,0.38,0.38,0.38,0.04,0.04,8.4,8.4,0.01,0.01,0.1,0.1,0,0,3.48,3.48,0.81,0.81,0,0,FIRM
D,TRADING,PRICE,3,"2025/05/27 06:35:00",1,VIC1,79,46.46,0,0,"2025/05/27 06:30:04",46.46,0.23,0.23,0.1,0.1,0.04,0.04,0.04,0.04,0.01,0.01,0.1,0.1,0.1,0.1,6,6,0.81,0.81,0,0,FIRM
C,"END OF REPORT",15
