C,NEMP.WORLD,TRADINGIS,AEMO,PUBLIC,2025/05/29,12:05:11,0000000465382566,TRADINGIS,0000000465382565
I,TRADING,INTERCONNECTORRES,2,SETTLEMENTDATE,RUNNO,INTERCONNECTORID,PERIODID,METEREDMWFLOW,MWFLOW,MWLOSSES,LASTCHANGED
D,TRADING,INTERCONNECTORRES,2,"2025/05/29 12:10:00",1,N-Q-MNSP1,146,-15.5,-25,0.65,"2025/05/29 12:05:03"
D,TRADING,INTERCONNECTORRES,2,"2025/05/29 12:10:00",1,NSW1-QLD1,146,-509,-513.85,21.88,"2025/05/29 12:05:03"
D,TRADING,INTERCONNECTORRES,2,"2025/05/29 12:10:00",1,T-V-MNSP1,146,-470,-460.97,23.9,"2025/05/29 12:05:03"
D,TRADING,INTERCONNECTORRES,2,"2025/05/29 12:10:00",1,V-S-MNSP1,146,9,9,-0.56,"2025/05/29 12:05:03"
D,TRADING,INTERCONNECTORRES,2,"2025/05/29 12:10:00",1,V-SA,146,-79.28,-74.31,2.83,"2025/05/29 12:05:03"
D,TRADING,INTERCONNECTORRES,2,"2025/05/29 12:10:00",1,VIC1-NSW1,146,159.49,153.5,12.65,"2025/05/29 12:05:03"
I,TRADING,PRICE,3,SETTLEMENTDATE,RUNNO,REGIONID,PERIODID,RRP,EEP,INVALIDFLAG,LASTCHANGED,ROP,RAISE6SECRRP,RAISE6SECROP,RAISE60SECRRP,RAISE60SECROP,RAISE5MINRRP,RAISE5MINROP,RAISEREGRRP,RAISEREGROP,LOWER6SECRRP,LOWER6SECROP,LOWER60SECRRP,LOWER60SECROP,LOWER5MINRRP,LOWER5MINROP,LOWERREGRRP,LOWERREGROP,RAISE1SECRRP,RAISE1SECROP,LOWER1SECRRP,LOWER1SECROP,PRICE_STATUS
D,TRADING,PRICE,3,"2025/05/29 12:10:00",1,SA1,146,65.72,0,0,"2025/05/29 12:05:03",65.72,0.23,0.23,0.1,0.1,0.1,0.1,5.99,5.99,0,0,0.04,0.04,0.04,0.04,0.1,0.1,0.37,0.37,0,0,FIRM
D,TRADING,PRICE,3,"2025/05/29 12:10:00",1,NSW1,146,76.06,0,0,"2025/05/29 12:05:03",76.06,0.23,0.23,0.1,0.1,0.1,0.1,5.99,5.99,0,0,0.04,0.04,0.04,0.04,0.1,0.1,0.37,0.37,0,0,FIRM
D,TRADING,PRICE,3,"2025/05/29 12:10:00",1,QLD1,146,54.34,0,0,"2025/05/29 12:05:03",54.34,0.23,0.23,0.1,0.1,0.1,0.1,5.99,5.99,7.89,7.89,7.89,7.89,0.04,0.04,0.1,0.1,0.37,0.37,0,0,FIRM
D,TRADING,PRICE,3,"2025/05/29 12:10:00",1,TAS1,146,101.08,0,0,"2025/05/29 12:05:03",101.08,0.38,0.38,0.38,0.38,0.1,0.1,7.54,7.54,0,0,0.04,0.04,0,0,2.46,2.46,0.37,0.37,0,0,FIRM
D,TRADING,PRICE,3,"2025/05/29 12:10:00",1,VIC1,146,68.91,0,0,"2025/05/29 12:05:03",68.91,0.23,0.23,0.1,0.1,0.1,0.1,5.99,5.99,0,0,0.04,0.04,0.04,0.04,0.1,0.1,0.37,0.37,0,0,FIRM
C,"END OF REPORT",15
