C,NEMP.WORLD,TRADINGIS,AEMO,PUBLIC,2025/05/28,00:25:11,0000000465171047,TRADINGIS,0000000465171046
I,TRADING,INTERCONNECTORRES,2,SETTLEMENTDATE,RUNNO,INTERCONNECTORID,PERIODID,METEREDMWFLOW,MWFLOW,MWLOSSES,LASTCHANGED
D,TRADING,INTERCONNECTORRES,2,"2025/05/28 00:30:00",1,N-Q-MNSP1,6,1.4,0,0,"2025/05/28 00:25:04"
D,TRADING,INTERCONNECTORRES,2,"2025/05/28 00:30:00",1,NSW1-QLD1,6,113.7,109.07,2.05,"2025/05/28 00:25:04"
D,TRADING,INTERCONNECTORRES,2,"2025/05/28 00:30:00",1,T-V-MNSP1,6,-438.9,-466.41,24.44,"2025/05/28 00:25:04"
D,TRADING,INTERCONNECTORRES,2,"2025/05/28 00:30:00",1,V-S-MNSP1,6,152,170.44,22.48,"2025/05/28 00:25:04"
D,TRADING,INTERCONNECTORRES,2,"2025/05/28 00:30:00",1,V-SA,6,585.53,571.9,45.37,"2025/05/28 00:25:04"
D,TRADING,INTERCONNECTORRES,2,"2025/05/28 00:30:00",1,VIC1-NSW1,6,776.94,662.14,49.86,"2025/05/28 00:25:04"
I,TRADING,PRICE,3,SETTLEMENTDATE,RUNNO,REGIONID,PERIODID,RRP,EEP,INVALIDFLAG,LASTCHANGED,ROP,RAISE6SECRRP,RAISE6SECROP,RAISE60SECRRP,RAISE60SECROP,RAISE5MINRRP,RAISE5MINROP,RAISEREGRRP,RAISEREGROP,LOWER6SECRRP,LOWER6SECROP,LOWER60SECRRP,LOWER60SECROP,LOWER5MINRRP,LOWER5MINROP,LOWERREGRRP,LOWERREGROP,RAISE1SECRRP,RAISE1SECROP,LOWER1SECRRP,LOWER1SECROP,PRICE_STATUS
D,TRADING,PRICE,3,"2025/05/28 00:30:00",1,SA1,6,12.2,0,0,"2025/05/28 00:25:04",12.2,0.01,0.01,0.01,0.01,0.01,0.01,0.01,0.01,0.01,0.01,0.38,0.38,0.1,0.1,3.75,3.75,0.04,0.04,0,0,FIRM
D,TRADING,PRICE,3,"2025/05/28 00:30:00",1,NSW1,6,57.01,0,0,"2025/05/28 00:25:04",57.01,0.01,0.01,0.01,0.01,0.01,0.01,0.01,0.01,0.01,0.01,0.38,0.38,0.1,0.1,3.75,3.75,0.04,0.04,0,0,FIRM
D,TRADING,PRICE,3,"2025/05/28 00:30:00",1,QLD1,6,58.58,0,0,"2025/05/28 00:25:04",58.58,0.01,0.01,0.01,0.01,0.01,0.01,0.01,0.01,0.01,0.01,0.38,0.38,0.1,0.1,3.75,3.75,0.04,0.04,0,0,FIRM
D,TRADING,PRICE,3,"2025/05/28 00:30:00",1,TAS1,6,35.02,0,0,"2025/05/28 00:25:04",35.02,0.38,0.38,0.38,0.38,0.36,0.36,7.4,7.4,0.01,0.01,0.38,0.38,0,0,2.48,2.48,0.04,0.04,0,0,FIRM
D,TRADING,PRICE,3,"2025/05/28 00:30:00",1,VIC1,6,8.95,0,0,"2025/05/28 00:25:04",8.95,0.01,0.01,0.01,0.01,0.01,0.01,0.01,0.01,0.01,0.01,0.38,0.38,0.1,0.1,3.75,3.75,0.04,0.04,0,0,FIRM
C,"END OF REPORT",15
