C,NEMP.WORLD,TRADINGIS,AEMO,PUBLIC,2025/05/26,15:50:11,0000000464966925,TRADINGIS,0000000464966924
I,TRADING,INTERCONNECTORRES,2,SETTLEMENTDATE,RUNNO,INTERCONNECTORID,PERIODID,METEREDMWFLOW,MWFLOW,MWLOSSES,LASTCHANGED
D,TRADING,INTERCONNECTORRES,2,"2025/05/26 15:55:00",1,N-Q-MNSP1,191,-1.9,0,0,"2025/05/26 15:50:03"
D,TRADING,INTERCONNECTORRES,2,"2025/05/26 15:55:00",1,NSW1-QLD1,191,-123.1,-41,-1.77,"2025/05/26 15:50:03"
D,TRADING,INTERCONNECTORRES,2,"2025/05/26 15:55:00",1,T-V-MNSP1,191,-402.3,-436.9,21.56,"2025/05/26 15:50:03"
D,TRADING,INTERCONNECTORRES,2,"2025/05/26 15:55:00",1,V-S-MNSP1,191,-86,-123.91,27.64,"2025/05/26 15:50:03"
D,TRADING,INTERCONNECTORRES,2,"2025/05/26 15:55:00",1,V-SA,191,-178.11,-232.51,4.44,"2025/05/26 15:50:03"
D,TRADING,INTERCONNECTORRES,2,"2025/05/26 15:55:00",1,VIC1-NSW1,191,796.59,978.77,106.5,"2025/05/26 15:50:03"
I,TRADING,PRICE,3,SETTLEMENTDATE,RUNNO,REGIONID,PERIODID,RRP,EEP,INVALIDFLAG,LASTCHANGED,ROP,RAISE6SECRRP,RAISE6SECROP,RAISE60SECRRP,RAISE60SECROP,RAISE5MINRRP,RAISE5MINROP,RAISEREGRRP,RAISEREGROP,LOWER6SECRRP,LOWER6SECROP,LOWER60SECRRP,LOWER60SECROP,LOWER5MINRRP,LOWER5MINROP,LOWERREGRRP,LOWERREGROP,RAISE1SECRRP,RAISE1SECROP,LOWER1SECRRP,LOWER1SECROP,PRICE_STATUS
D,TRADING,PRICE,3,"2025/05/26 15:55:00",1,SA1,191,5.32,0,0,"2025/05/26 15:50:03",5.32,0.23,0.23,0.1,0.1,0.1,0.1,12.98,12.98,0.14,0.14,0.38,0.38,0.38,0.38,1.51,1.51,0.37,0.37,0,0,FIRM
D,TRADING,PRICE,3,"2025/05/26 15:55:00",1,NSW1,191,96.83,0,0,"2025/05/26 15:50:03",96.83,0.23,0.23,0.1,0.1,0.1,0.1,12.98,12.98,0.14,0.14,0.38,0.38,0.38,0.38,1.51,1.51,0.37,0.37,0,0,FIRM
D,TRADING,PRICE,3,"2025/05/26 15:55:00",1,QLD1,191,100.83,0,0,"2025/05/26 15:50:03",100.83,0.23,0.23,0.1,0.1,0.1,0.1,12.98,12.98,0.14,0.14,0.38,0.38,0.38,0.38,1.51,1.51,0.37,0.37,0,0,FIRM
D,TRADING,PRICE,3,"2025/05/26 15:55:00",1,TAS1,191,34.28,0,0,"2025/05/26 15:50:03",34.28,0.38,0.38,0.38,0.38,0.36,0.36,7.8,7.8,0.14,0.14,0.38,0.38,0,0,2.55,2.55,0.37,0.37,0,0,FIRM
D,TRADING,PRICE,3,"2025/05/26 15:55:00",1,VIC1,191,8.95,0,0,"2025/05/26 15:50:03",8.95,0.23,0.23,0.1,0.1,0.1,0.1,12.98,12.98,0.14,0.14,0.38,0.38,0.38,0.38,1.51,1.51,0.37,0.37,0,0,FIRM
C,"END OF REPORT",15
