C,NEMP.WORLD,TRADINGIS,AEMO,PUBLIC,2025/05/27,11:25:13,0000000465087324,TRADINGIS,0000000465087323
I,TRADING,INTERCONNECTORRES,2,SETTLEMENTDATE,RUNNO,INTERCONNECTORID,PERIODID,METEREDMWFLOW,MWFLOW,MWLOSSES,LASTCHANGED
D,TRADING,INTERCONNECTORRES,2,"2025/05/27 11:30:00",1,N-Q-MNSP1,138,-127.2,-127.6,39.28,"2025/05/27 11:25:05"
D,TRADING,INTERCONNECTORRES,2,"2025/05/27 11:30:00",1,NSW1-QLD1,138,-333.3,-268.41,7.58,"2025/05/27 11:25:05"
D,TRADING,INTERCONNECTORRES,2,"2025/05/27 11:30:00",1,T-V-MNSP1,138,-365.6,-413.7,19.41,"2025/05/27 11:25:05"
D,TRADING,INTERCONNECTORRES,2,"2025/05/27 11:30:00",1,V-S-MNSP1,138,-80,-69.23,10.89,"2025/05/27 11:25:05"
D,TRADING,INTERCONNECTORRES,2,"2025/05/27 11:30:00",1,V-SA,138,-524.11,-520.21,38.88,"2025/05/27 11:25:05"
D,TRADING,INTERCONNECTORRES,2,"2025/05/27 11:30:00",1,VIC1-NSW1,138,-320.19,-360.66,-5.98,"2025/05/27 11:25:05"
I,TRADING,PRICE,3,SETTLEMENTDATE,RUNNO,REGIONID,PERIODID,RRP,EEP,INVALIDFLAG,LASTCHANGED,ROP,RAISE6SECRRP,RAISE6SECROP,RAISE60SECRRP,RAISE60SECROP,RAISE5MINRRP,RAISE5MINROP,RAISEREGRRP,RAISEREGROP,LOWER6SECRRP,LOWER6SECROP,LOWER60SECRRP,LOWER60SECROP,LOWER5MINRRP,LOWER5MINROP,LOWERREGRRP,LOWERREGROP,RAISE1SECRRP,RAISE1SECROP,LOWER1SECRRP,LOWER1SECROP,PRICE_STATUS
D,TRADING,PRICE,3,"2025/05/27 11:30:00",1,SA1,138,-19.55,0,0,"2025/05/27 11:25:05",-19.55,0.01,0.01,0.01,0.01,0.01,0.01,7.85,7.85,0.38,0.38,0.86,0.86,0.1,0.1,0.1,0.1,0.04,0.04,0,0,FIRM
D,TRADING,PRICE,3,"2025/05/27 11:30:00",1,NSW1,138,-16.37,0,0,"2025/05/27 11:25:05",-16.37,0.01,0.01,0.01,0.01,0.01,0.01,7.85,7.85,0.38,0.38,0.86,0.86,0.1,0.1,0.1,0.1,0.04,0.04,0,0,FIRM
D,TRADING,PRICE,3,"2025/05/27 11:30:00",1,QLD1,138,-18,0,0,"2025/05/27 11:25:05",-18,0.01,0.01,0.01,0.01,0.01,0.01,7.85,7.85,1.93,1.93,1.83,1.83,0.1,0.1,0.1,0.1,0.04,0.04,0,0,FIRM
D,TRADING,PRICE,3,"2025/05/27 11:30:00",1,TAS1,138,-20.72,0,0,"2025/05/27 11:25:05",-20.72,0.38,0.38,0.38,0.38,0.01,0.01,7.4,7.4,0.38,0.38,0.86,0.86,0.1,0.1,3.48,3.48,0.04,0.04,0,0,FIRM
D,TRADING,PRICE,3,"2025/05/27 11:30:00",1,VIC1,138,-20,0,0,"2025/05/27 11:25:05",-20,0.01,0.01,0.01,0.01,0.01,0.01,7.85,7.85,0.38,0.38,0.86,0.86,0.1,0.1,0.1,0.1,0.04,0.04,0,0,FIRM
C,"END OF REPORT",15
