C,NEMP.WORLD,TRADINGIS,AEMO,PUBLIC,2025/05/29,19:40:12,0000000465431623,TRADINGIS,0000000465431622
I,TRADING,INTERCONNECTORRES,2,SETTLEMENTDATE,RUNNO,INTERCONNECTORID,PERIODID,METEREDMWFLOW,MWFLOW,MWLOSSES,LASTCHANGED
D,TRADING,INTERCONNECTORRES,2,"2025/05/29 19:45:00",1,N-Q-MNSP1,237,-8.7,-9,-0.16,"2025/05/29 19:40:04"
D,TRADING,INTERCONNECTORRES,2,"2025/05/29 19:45:00",1,NSW1-QLD1,237,-121.1,-389.01,-9.71,"2025/05/29 19:40:04"
D,TRADING,INTERCONNECTORRES,2,"2025/05/29 19:45:00",1,T-V-MNSP1,237,141,99.09,0.64,"2025/05/29 19:40:04"
D,TRADING,INTERCONNECTORRES,2,"2025/05/29 19:45:00",1,V-S-MNSP1,237,54,43.05,-0.92,"2025/05/29 19:40:04"
D,TRADING,INTERCONNECTORRES,2,"2025/05/29 19:45:00",1,V-SA,237,90.51,85,1.35,"2025/05/29 19:40:04"
D,TRADING,INTERCONNECTORRES,2,"2025/05/29 19:45:00",1,VIC1-NSW1,237,264.83,87.5,1.05,"2025/05/29 19:40:04"
I,TRADING,PRICE,3,SETTLEMENTDATE,RUNNO,REGIONID,PERIODID,RRP,EEP,INVALIDFLAG,LASTCHANGED,ROP,RAISE6SECRRP,RAISE6SECROP,RAISE60SECRRP,RAISE60SECROP,RAISE5MINRRP,RAISE5MINROP,RAISEREGRRP,RAISEREGROP,LOWER6SECRRP,LOWER6SECROP,LOWER60SECRRP,LOWER60SECROP,LOWER5MINRRP,LOWER5MINROP,LOWERREGRRP,LOWERREGROP,RAISE1SECRRP,RAISE1SECROP,LOWER1SECRRP,LOWER1SECROP,PRICE_STATUS
D,TRADING,PRICE,3,"2025/05/29 19:45:00",1,SA1,237,138,0,0,"2025/05/29 19:40:04",138,0.37,0.37,0.1,0.1,0.15,0.15,5.99,5.99,0.38,0.38,0.45,0.45,0.39,0.39,3.7,3.7,0.04,0.04,0,0,FIRM
D,TRADING,PRICE,3,"2025/05/29 19:45:00",1,NSW1,237,280.24,0,0,"2025/05/29 19:40:04",280.24,0.37,0.37,0.1,0.1,0.15,0.15,5.99,5.99,0.38,0.38,0.45,0.45,0.39,0.39,3.7,3.7,0.04,0.04,0,0,FIRM
D,TRADING,PRICE,3,"2025/05/29 19:45:00",1,QLD1,237,278.21,0,0,"2025/05/29 19:40:04",278.21,0.37,0.37,0.1,0.1,0.15,0.15,5.99,5.99,0.38,0.38,0.45,0.45,0.39,0.39,3.7,3.7,0.04,0.04,0,0,FIRM
D,TRADING,PRICE,3,"2025/05/29 19:45:00",1,TAS1,237,133.6,0,0,"2025/05/29 19:40:04",133.6,0.38,0.38,0.38,0.38,0.15,0.15,7.54,7.54,0.38,0.38,0.38,0.38,0,0,2.46,2.46,0.04,0.04,0,0,FIRM
D,TRADING,PRICE,3,"2025/05/29 19:45:00",1,VIC1,237,134.74,0,0,"2025/05/29 19:40:04",134.74,0.37,0.37,0.1,0.1,0.15,0.15,5.99,5.99,0.38,0.38,0.45,0.45,0.39,0.39,3.7,3.7,0.04,0.04,0,0,FIRM
C,"END OF REPORT",15
