C,NEMP.WORLD,TRADINGIS,AEMO,PUBLIC,2025/05/27,16:50:10,0000000465125045,TRADINGIS,0000000465125044
I,TRADING,INTERCONNECTORRES,2,SETTLEMENTDATE,RUNNO,INTERCONNECTORID,PERIODID,METEREDMWFLOW,MWFLOW,MWLOSSES,LASTCHANGED
D,TRADING,INTERCONNECTORRES,2,"2025/05/27 16:55:00",1,N-Q-MNSP1,203,15.9,11.36,0.87,"2025/05/27 16:50:03"
D,TRADING,INTERCONNECTORRES,2,"2025/05/27 16:55:00",1,NSW1-QLD1,203,170.4,255,22.32,"2025/05/27 16:50:03"
D,TRADING,INTERCONNECTORRES,2,"2025/05/27 16:55:00",1,T-V-MNSP1,203,-430.4,-478,25.62,"2025/05/27 16:50:03"
D,TRADING,INTERCONNECTORRES,2,"2025/05/27 16:55:00",1,V-S-MNSP1,203,167,167.73,21.59,"2025/05/27 16:50:03"
D,TRADING,INTERCONNECTORRES,2,"2025/05/27 16:55:00",1,V-SA,203,71.5,-49.53,1,"2025/05/27 16:50:03"
D,TRADING,INTERCONNECTORRES,2,"2025/05/27 16:55:00",1,VIC1-NSW1,203,125.04,44.92,1.23,"2025/05/27 16:50:03"
I,TRADING,PRICE,3,SETTLEMENTDATE,RUNNO,REGIONID,PERIODID,RRP,EEP,INVALIDFLAG,LASTCHANGED,ROP,RAISE6SECRRP,RAISE6SECROP,RAISE60SECRRP,RAISE60SECROP,RAISE5MINRRP,RAISE5MINROP,RAISEREGRRP,RAISEREGROP,LOWER6SECRRP,LOWER6SECROP,LOWER60SECRRP,LOWER60SECROP,LOWER5MINRRP,LOWER5MINROP,LOWERREGRRP,LOWERREGROP,RAISE1SECRRP,RAISE1SECROP,LOWER1SECRRP,LOWER1SECROP,PRICE_STATUS
D,TRADING,PRICE,3,"2025/05/27 16:55:00",1,SA1,203,-8.5,0,0,"2025/05/27 16:50:03",-8.5,0.38,0.38,0.38,0.38,0.38,0.38,12,12,0.1,0.1,0.39,0.39,0.39,0.39,3.7,3.7,0.38,0.38,0,0,FIRM
D,TRADING,PRICE,3,"2025/05/27 16:55:00",1,NSW1,203,75.55,0,0,"2025/05/27 16:50:03",75.55,0.38,0.38,0.38,0.38,0.38,0.38,12,12,0.1,0.1,0.39,0.39,0.39,0.39,3.7,3.7,0.38,0.38,0,0,FIRM
D,TRADING,PRICE,3,"2025/05/27 16:55:00",1,QLD1,203,84.45,0,0,"2025/05/27 16:50:03",84.45,0.38,0.38,0.38,0.38,0.38,0.38,12,12,0.1,0.1,0.39,0.39,0.39,0.39,3.7,3.7,0.38,0.38,0,0,FIRM
D,TRADING,PRICE,3,"2025/05/27 16:55:00",1,TAS1,203,100.18,0,0,"2025/05/27 16:50:03",100.18,0.38,0.38,0.38,0.38,0.38,0.38,7.4,7.4,0.1,0.1,0.38,0.38,0,0,2.48,2.48,0.38,0.38,0,0,FIRM
D,TRADING,PRICE,3,"2025/05/27 16:55:00",1,VIC1,203,73.47,0,0,"2025/05/27 16:50:03",73.47,0.38,0.38,0.38,0.38,0.38,0.38,12,12,0.1,0.1,0.39,0.39,0.39,0.39,3.7,3.7,0.38,0.38,0,0,FIRM
C,"END OF REPORT",15
