C,NEMP.WORLD,TRADINGIS,AEMO,PUBLIC,2025/05/29,09:10:11,0000000465365057,TRADINGIS,0000000465365056
I,TRADING,INTERCONNECTORRES,2,SETTLEMENTDATE,RUNNO,INTERCONNECTORID,PERIODID,METEREDMWFLOW,MWFLOW,MWLOSSES,LASTCHANGED
D,TRADING,INTERCONNECTORRES,2,"2025/05/29 09:15:00",1,N-Q-MNSP1,111,-9.8,-17,0.07,"2025/05/29 09:10:04"
D,TRADING,INTERCONNECTORRES,2,"2025/05/29 09:15:00",1,NSW1-QLD1,111,-311.5,-314,1,"2025/05/29 09:10:04"
D,TRADING,INTERCONNECTORRES,2,"2025/05/29 09:15:00",1,T-V-MNSP1,111,-51.2,-251.2,7.55,"2025/05/29 09:10:04"
D,TRADING,INTERCONNECTORRES,2,"2025/05/29 09:15:00",1,V-S-MNSP1,111,36,36,-1.09,"2025/05/29 09:10:04"
D,TRADING,INTERCONNECTORRES,2,"2025/05/29 09:15:00",1,V-SA,111,121.04,100.27,0.18,"2025/05/29 09:10:04"
D,TRADING,INTERCONNECTORRES,2,"2025/05/29 09:15:00",1,VIC1-NSW1,111,-176.44,-304.93,-1.02,"2025/05/29 09:10:04"
I,TRADING,PRICE,3,SETTLEMENTDATE,RUNNO,REGIONID,PERIODID,RRP,EEP,INVALIDFLAG,LASTCHANGED,ROP,RAISE6SECRRP,RAISE6SECROP,RAISE60SECRRP,RAISE60SECROP,RAISE5MINRRP,RAISE5MINROP,RAISEREGRRP,RAISEREGROP,LOWER6SECRRP,LOWER6SECROP,LOWER60SECRRP,LOWER60SECROP,LOWER5MINRRP,LOWER5MINROP,LOWERREGRRP,LOWERREGROP,RAISE1SECRRP,RAISE1SECROP,LOWER1SECRRP,LOWER1SECROP,PRICE_STATUS
D,TRADING,PRICE,3,"2025/05/29 09:15:00",1,SA1,111,142.61,0,0,"2025/05/29 09:10:04",142.61,0.38,0.38,0.36,0.36,0.15,0.15,10.98,10.98,0.01,0.01,0.1,0.1,0.01,0.01,3.78,3.78,0.38,0.38,0,0,FIRM
D,TRADING,PRICE,3,"2025/05/29 09:15:00",1,NSW1,111,138,0,0,"2025/05/29 09:10:04",138,0.38,0.38,0.36,0.36,0.15,0.15,10.98,10.98,0.01,0.01,0.1,0.1,0.01,0.01,3.78,3.78,0.38,0.38,0,0,FIRM
D,TRADING,PRICE,3,"2025/05/29 09:15:00",1,QLD1,111,133.92,0,0,"2025/05/29 09:10:04",133.92,0.38,0.38,0.36,0.36,0.15,0.15,10.98,10.98,0.01,0.01,0.1,0.1,0.01,0.01,3.78,3.78,0.38,0.38,0,0,FIRM
D,TRADING,PRICE,3,"2025/05/29 09:15:00",1,TAS1,111,150.16,0,0,"2025/05/29 09:10:04",150.16,0.38,0.38,0.38,0.38,0.36,0.36,6.58,6.58,0.46,0.46,0.38,0.38,0.38,0.38,2.46,2.46,0,0,0,0,FIRM
D,TRADING,PRICE,3,"2025/05/29 09:15:00",1,VIC1,111,140.95,0,0,"2025/05/29 09:10:04",140.95,0.38,0.38,0.36,0.36,0.15,0.15,10.98,10.98,0.01,0.01,0.1,0.1,0.01,0.01,3.78,3.78,0.38,0.38,0,0,FIRM
C,"END OF REPORT",15
